population_kind,frontend_join_key,record_id,narrative_unit_id,legacy_map_id,location_id,source_name,source_file,title,year,lat,lng,state,source_url,source_stated_place_text,location_role,coordinate_precision,geocode_confidence,review_status,notes
canonical_frontend_public_map_row,"record_coord:853:-28.863204,153.082310",853,,,,Australian Yowie Research,/Users/jarlgiovanni/Desktop/bigfoot_research/public/data/frontend-data.json,1825 - Richmond River Herald 06-03-1825,1825,-28.8632035,153.0823096,NSW,https://www.yowiehunters.com.au/media-clips/2254-1825-richmond-river-herald-06-03-1825,"Richmond River, NSW",reported_place,locality,medium,verified_gazetteer_point,frontend map_points row
canonical_frontend_public_map_row,"record_coord:637:-33.869844,151.208285",637,,,,Australian Yowie Research,/Users/jarlgiovanni/Desktop/bigfoot_research/public/data/frontend-data.json,1843 - Sydney Morning Herald,1843,-33.8698439,151.2082848,NSW,https://www.yowiehunters.com.au/historical-articles/1894-1843-sydney-morning-herald,"Sydney, NSW",reported_place,locality,medium,verified_gazetteer_point,frontend map_points row
canonical_frontend_public_map_row,"record_coord:638:-33.869844,151.208285",638,,,,Australian Yowie Research,/Users/jarlgiovanni/Desktop/bigfoot_research/public/data/frontend-data.json,1843 - Sydney Morning Herald 2,1843,-33.8698439,151.2082848,NSW,https://www.yowiehunters.com.au/historical-articles/1933-1843-sydney-morning-herald-2,"Sydney, NSW",reported_place,locality,medium,verified_gazetteer_point,frontend map_points row
canonical_frontend_public_map_row,"record_coord:640:-38.149325,144.359824",640,,,,Australian Yowie Research,/Users/jarlgiovanni/Desktop/bigfoot_research/public/data/frontend-data.json,1847 - Geelong Advertiser,1847,-38.1493248,144.3598241,VIC,https://www.yowiehunters.com.au/historical-articles/1645-geelong-advertiser-1847,"Geelong, VIC",reported_place,locality,medium,verified_gazetteer_point,frontend map_points row
canonical_frontend_public_map_row,"record_coord:641:-33.869844,151.208285",641,,,,Australian Yowie Research,/Users/jarlgiovanni/Desktop/bigfoot_research/public/data/frontend-data.json,1847 - Sydney Morning Herald Article,1847,-33.8698439,151.2082848,NSW,https://www.yowiehunters.com.au/historical-articles/1488-sydney-morning-herald-article-1847,"Sydney, NSW",reported_place,locality,medium,verified_gazetteer_point,frontend map_points row
canonical_frontend_public_map_row,"record_coord:44:-38.507178,145.188810",44,,,,Australian Yowie Research,/Users/jarlgiovanni/Desktop/bigfoot_research/public/data/frontend-data.json,"Phillip Island, Victoria 1849",1849,-38.507178,145.1888103,VIC,https://www.yowiehunters.com.au/victoria/1259-phillip-island-vic-1849,"Phillip Island, VIC",reported_place,locality,high,verified_gazetteer_point,frontend map_points row
canonical_frontend_public_map_row,"record_coord:2116:-31.931984,115.919054",2116,,,,Internet Archive,/Users/jarlgiovanni/Desktop/bigfoot_research/public/data/frontend-data.json,"spirit in How did the Natives of Australia become Acquainted with the Demigods and Daemonia, and with the Superstitions of the Ancient Races?",1854,-31.9319845,115.9190544,WA,https://archive.org/download/jstor-3014132/3014132_djvu.txt,"Swan River, WA",narrative_setting,named_feature,high,verified_gazetteer_point,frontend map_points row
canonical_frontend_public_map_row,"record_coord:855:-37.814245,144.963173",855,,,,Australian Yowie Research,/Users/jarlgiovanni/Desktop/bigfoot_research/public/data/frontend-data.json,1861 - The Argus Yowie Article,1861,-37.8142454,144.9631732,VIC,https://www.yowiehunters.com.au/media-clips/1774-1861-the-argus-yowie-article,"Melbourne, VIC",reported_place,locality,medium,verified_gazetteer_point,frontend map_points row
canonical_frontend_public_map_row,"record_coord:1760:-27.239782,153.253999",1760,,,,Internet Archive,/Users/jarlgiovanni/Desktop/bigfoot_research/public/data/frontend-data.json,"spirit in Queensland, Australia",1861,-27.2397819,153.2539994,QLD,https://archive.org/download/queenslandaustr00langgoog/queenslandaustr00langgoog_djvu.txt,"Moreton Bay, QLD",narrative_setting,named_feature,high,verified_gazetteer_point,frontend map_points row
canonical_frontend_public_map_row,"record_coord:1768:-27.239782,153.253999",1768,,,,Internet Archive,/Users/jarlgiovanni/Desktop/bigfoot_research/public/data/frontend-data.json,"supernatural in Queensland, Australia",1861,-27.2397819,153.2539994,QLD,https://archive.org/download/queenslandaustr00langgoog/queenslandaustr00langgoog_djvu.txt,"Moreton Bay, QLD",narrative_setting,named_feature,high,verified_gazetteer_point,frontend map_points row
canonical_frontend_public_map_row,"record_coord:1769:-27.239782,153.253999",1769,,,,Internet Archive,/Users/jarlgiovanni/Desktop/bigfoot_research/public/data/frontend-data.json,"devil in Queensland, Australia",1861,-27.2397819,153.2539994,QLD,https://archive.org/download/queenslandaustr00langgoog/queenslandaustr00langgoog_djvu.txt,"Moreton Bay, QLD",narrative_setting,named_feature,high,verified_gazetteer_point,frontend map_points row
canonical_frontend_public_map_row,"record_coord:1778:-27.239782,153.253999",1778,,,,Internet Archive,/Users/jarlgiovanni/Desktop/bigfoot_research/public/data/frontend-data.json,"giant in Queensland, Australia",1861,-27.2397819,153.2539994,QLD,https://archive.org/download/queenslandaustr00langgoog/queenslandaustr00langgoog_djvu.txt,"Moreton Bay, QLD",narrative_setting,named_feature,high,verified_gazetteer_point,frontend map_points row
canonical_frontend_public_map_row,"record_coord:3720:-27.239782,153.253999",3720,,,,Internet Archive,/Users/jarlgiovanni/Desktop/bigfoot_research/public/data/frontend-data.json,"spirits in Queensland, Australia",1861,-27.2397819,153.2539994,QLD,https://archive.org/download/queenslandaustr00langgoog/queenslandaustr00langgoog_djvu.txt,"Moreton Bay, QLD",narrative_setting,named_feature,high,verified_gazetteer_point,frontend map_points row
canonical_frontend_public_map_row,"record_coord:3724:-27.239782,153.253999",3724,,,,Internet Archive,/Users/jarlgiovanni/Desktop/bigfoot_research/public/data/frontend-data.json,"spirit in Queensland, Australia",1861,-27.2397819,153.2539994,QLD,https://archive.org/download/queenslandaustr00langgoog/queenslandaustr00langgoog_djvu.txt,"Moreton Bay, QLD",narrative_setting,named_feature,high,verified_gazetteer_point,frontend map_points row
canonical_frontend_public_map_row,"record_coord:643:-31.440308,148.909384",643,,,,Australian Yowie Research,/Users/jarlgiovanni/Desktop/bigfoot_research/public/data/frontend-data.json,"1866 - Peter Harris Diary, Toowareenah NSW",1866,-31.4403083,148.9093839,NSW,https://www.yowiehunters.com.au/historical-articles/1874-1866-peter-harris-diary-toowareenah-nsw,"Tooraweenah, NSW",reported_place,locality,high,verified_gazetteer_point,frontend map_points row
canonical_frontend_public_map_row,"record_coord:644:-33.869844,151.208285",644,,,,Australian Yowie Research,/Users/jarlgiovanni/Desktop/bigfoot_research/public/data/frontend-data.json,1866 - Sydney Morning Herald,1866,-33.8698439,151.2082848,NSW,https://www.yowiehunters.com.au/historical-articles/1931-1866-sydney-morning-herald,"Sydney, NSW",reported_place,locality,medium,verified_gazetteer_point,frontend map_points row
canonical_frontend_public_map_row,"record_coord:84:-35.438891,149.795555",84,,,,Australian Yowie Research,/Users/jarlgiovanni/Desktop/bigfoot_research/public/data/frontend-data.json,"Braidwood, New South Wales 1870",1870,-35.4388907,149.7955552,NSW,https://www.yowiehunters.com.au/new-south-wales/1361-braidwood-new-south-wales-1870,"Braidwood, NSW",reported_place,town,high,verified_gazetteer_point,frontend map_points row
canonical_frontend_public_map_row,"record_coord:646:-35.438891,149.795555",646,,,,Australian Yowie Research,/Users/jarlgiovanni/Desktop/bigfoot_research/public/data/frontend-data.json,1870 - The Naturalist Article,1870,-35.4388907,149.7955552,NSW,https://www.yowiehunters.com.au/historical-articles/1588-the-naturalist-article-1870,"Braidwood, NSW",reported_place,town,high,verified_gazetteer_point,frontend map_points row
canonical_frontend_public_map_row,"record_coord:604:-31.070149,152.778228",604,,,,Australian Yowie Research,/Users/jarlgiovanni/Desktop/bigfoot_research/public/data/frontend-data.json,"Warneton, New South Wales 1871",1871,-31.0701491,152.7782276,NSW,https://www.yowiehunters.com.au/new-south-wales/1460-waneton-new-south-wales-1871,"Warneton/Belgrave, NSW",reported_place,locality,high,verified_gazetteer_point,frontend map_points row
canonical_frontend_public_map_row,"record_coord:647:-20.233068,148.582567",647,,,,Australian Yowie Research,/Users/jarlgiovanni/Desktop/bigfoot_research/public/data/frontend-data.json,1871 - Darling Downa Gazette,1871,-20.2330678,148.5825667,QLD,https://www.yowiehunters.com.au/historical-articles/1640-darling-downa-gazette-1871,"Dryander National Park, QLD",reported_place,named_feature,high,verified_gazetteer_point,frontend map_points row
canonical_frontend_public_map_row,"record_coord:648:-34.461450,150.790409",648,,,,Australian Yowie Research,/Users/jarlgiovanni/Desktop/bigfoot_research/public/data/frontend-data.json,1871 - Illawarra Mercury Article,1871,-34.4614504,150.790409,NSW,https://www.yowiehunters.com.au/historical-articles/1481-illawarra-mercury-article-1871,"Illawarra, NSW",reported_place,locality,medium,verified_gazetteer_point,frontend map_points row
canonical_frontend_public_map_row,"record_coord:649:-34.523056,150.732778",649,,,,Australian Yowie Research,/Users/jarlgiovanni/Desktop/bigfoot_research/public/data/frontend-data.json,1871 - Illustrated Australian News,1871,-34.5230556,150.7327778,NSW,https://www.yowiehunters.com.au/historical-articles/1644-illustrated-australian-news-1871,"Avondale, Illawarra, NSW",reported_place,locality,high,verified_gazetteer_point,frontend map_points row
canonical_frontend_public_map_row,"record_coord:650:-35.352452,149.233763",650,,,,Australian Yowie Research,/Users/jarlgiovanni/Desktop/bigfoot_research/public/data/frontend-data.json,"1871 - Queanbeyan Age, Jingera Sighted",1871,-35.3524518,149.2337634,NSW,https://www.yowiehunters.com.au/historical-articles/1930-1871-queanbeyan-age-jingera-sighted,"Queanbeyan, NSW",reported_place,locality,medium,verified_gazetteer_point,frontend map_points row
canonical_frontend_public_map_row,"record_coord:652:-33.869844,151.208285",652,,,,Australian Yowie Research,/Users/jarlgiovanni/Desktop/bigfoot_research/public/data/frontend-data.json,"1871 (1) - Empire, Sydney",1871,-33.8698439,151.2082848,NSW,https://www.yowiehunters.com.au/historical-articles/1643-empire-sydney-1871-1,"Sydney, NSW",reported_place,locality,medium,verified_gazetteer_point,frontend map_points row
canonical_frontend_public_map_row,"record_coord:653:-33.869844,151.208285",653,,,,Australian Yowie Research,/Users/jarlgiovanni/Desktop/bigfoot_research/public/data/frontend-data.json,"1871 (2) - Empire, Sydney",1871,-33.8698439,151.2082848,NSW,https://www.yowiehunters.com.au/historical-articles/1642-empire-sydney-1871-2,"Sydney, NSW",reported_place,locality,medium,verified_gazetteer_point,frontend map_points row
canonical_frontend_public_map_row,"record_coord:654:-34.461450,150.790409",654,,,,Australian Yowie Research,/Users/jarlgiovanni/Desktop/bigfoot_research/public/data/frontend-data.json,1871 (2) - Illawarra Mercury Article,1871,-34.4614504,150.790409,NSW,https://www.yowiehunters.com.au/historical-articles/1482-illawarra-mercury-article-1871-2,"Illawarra, NSW",reported_place,locality,medium,verified_gazetteer_point,frontend map_points row
canonical_frontend_public_map_row,"record_coord:655:-33.869844,151.208285",655,,,,Australian Yowie Research,/Users/jarlgiovanni/Desktop/bigfoot_research/public/data/frontend-data.json,"1871 (3) - Empire, Sydney",1871,-33.8698439,151.2082848,NSW,https://www.yowiehunters.com.au/historical-articles/1641-empire-sydney-1871-3,"Sydney, NSW",reported_place,locality,medium,verified_gazetteer_point,frontend map_points row
canonical_frontend_public_map_row,"record_coord:856:-33.869844,151.208285",856,,,,Australian Yowie Research,/Users/jarlgiovanni/Desktop/bigfoot_research/public/data/frontend-data.json,1871 - Sydney Herald Yowie Article,1871,-33.8698439,151.2082848,NSW,https://www.yowiehunters.com.au/media-clips/1719-1871-sydney-herald-yowie-article,"Sydney, NSW",reported_place,locality,medium,verified_gazetteer_point,frontend map_points row
canonical_frontend_public_map_row,"record_coord:1022:-35.990747,149.106443",1022,,,,Australian Yowie Research,/Users/jarlgiovanni/Desktop/bigfoot_research/public/data/frontend-data.json,1871 - Manaro Mercury Article,1871,-35.9907471,149.1064432,NSW,https://www.yowiehunters.com.au/historical-articles/1484-manaro-mercury-article-1871,"Monaro, NSW",reported_place,locality,medium,verified_gazetteer_point,frontend map_points row
canonical_frontend_public_map_row,"record_coord:656:-36.911318,149.238937",656,,,,Australian Yowie Research,/Users/jarlgiovanni/Desktop/bigfoot_research/public/data/frontend-data.json,1872 - Monaro Mercury,1872,-36.9113175,149.2389375,NSW,https://www.yowiehunters.com.au/historical-articles/1650-monaro-mercury-1872,Bombala,source_visible_place_hint,locality,medium,verified_gazetteer_point,frontend map_points row
canonical_frontend_public_map_row,"record_coord:657:-35.438891,149.795555",657,,,,Australian Yowie Research,/Users/jarlgiovanni/Desktop/bigfoot_research/public/data/frontend-data.json,1874 - Cooma Express,1874,-35.4388907,149.7955552,NSW,https://www.yowiehunters.com.au/historical-articles/1651-cooma-express-1874,Braidwood,source_visible_place_hint,locality,medium,verified_gazetteer_point,frontend map_points row
canonical_frontend_public_map_row,"record_coord:857:-32.881800,149.617900",857,,,,Australian Yowie Research,/Users/jarlgiovanni/Desktop/bigfoot_research/public/data/frontend-data.json,1874 - Pyramul Hairyman Article,1874,-32.8818,149.6179,NSW,https://www.yowiehunters.com.au/media-clips/1779-1874-pyramul-hairyman-article,"Pyramul, NSW",reported_place,locality,medium,verified_gazetteer_point,frontend map_points row
canonical_frontend_public_map_row,"record_coord:3952:-43.153135,147.869400",3952,,,,Project Gutenberg,/Users/jarlgiovanni/Desktop/bigfoot_research/public/data/frontend-data.json,ghosts in For the Term of His Natural Life,1874,-43.1531346,147.8694003,TAS,https://www.gutenberg.org/ebooks/3424.txt.utf-8,"Port Arthur Historic Site, TAS",narrative_setting,exact_site,B,verified_gazetteer_point,frontend map_points row
canonical_frontend_public_map_row,"record_coord:3953:-43.153135,147.869400",3953,,,,Project Gutenberg,/Users/jarlgiovanni/Desktop/bigfoot_research/public/data/frontend-data.json,ghosts in For the Term of His Natural Life,1874,-43.1531346,147.8694003,TAS,https://www.gutenberg.org/ebooks/3424.txt.utf-8,"Port Arthur Historic Site, TAS",narrative_setting,exact_site,B,verified_gazetteer_point,frontend map_points row
canonical_frontend_public_map_row,"record_coord:3954:-43.153135,147.869400",3954,,,,Project Gutenberg,/Users/jarlgiovanni/Desktop/bigfoot_research/public/data/frontend-data.json,apparition in For the Term of His Natural Life,1874,-43.1531346,147.8694003,TAS,https://www.gutenberg.org/ebooks/3424.txt.utf-8,"Port Arthur Historic Site, TAS",narrative_setting,exact_site,B,verified_gazetteer_point,frontend map_points row
canonical_frontend_public_map_row,"record_coord:2076:-32.919295,151.779535",2076,,,,Internet Archive,/Users/jarlgiovanni/Desktop/bigfoot_research/public/data/frontend-data.json,"spirits in Kámilarói, and Other Australian Languages",1875,-32.9192953,151.7795348,NSW,https://archive.org/download/kmilariother00ridlrich/kmilariother00ridlrich_djvu.txt,"Newcastle, NSW",narrative_setting,town,high,verified_gazetteer_point,frontend map_points row
canonical_frontend_public_map_row,"record_coord:2077:-27.239782,153.253999",2077,,,,Internet Archive,/Users/jarlgiovanni/Desktop/bigfoot_research/public/data/frontend-data.json,"ghost in Kámilarói, and Other Australian Languages",1875,-27.2397819,153.2539994,QLD,https://archive.org/download/kmilariother00ridlrich/kmilariother00ridlrich_djvu.txt,"Moreton Bay, QLD",narrative_setting,named_feature,high,verified_gazetteer_point,frontend map_points row
canonical_frontend_public_map_row,"record_coord:2078:-27.239782,153.253999",2078,,,,Internet Archive,/Users/jarlgiovanni/Desktop/bigfoot_research/public/data/frontend-data.json,"ghost in Kámilarói, and Other Australian Languages",1875,-27.2397819,153.2539994,QLD,https://archive.org/download/kmilariother00ridlrich/kmilariother00ridlrich_djvu.txt,"Moreton Bay, QLD",narrative_setting,named_feature,high,verified_gazetteer_point,frontend map_points row
canonical_frontend_public_map_row,"record_coord:2080:-34.427808,150.893054",2080,,,,Internet Archive,/Users/jarlgiovanni/Desktop/bigfoot_research/public/data/frontend-data.json,"spirit in Kámilarói, and Other Australian Languages",1875,-34.4278083,150.893054,NSW,https://archive.org/download/kmilariother00ridlrich/kmilariother00ridlrich_djvu.txt,"Wollongong, NSW",narrative_setting,town,high,verified_gazetteer_point,frontend map_points row
canonical_frontend_public_map_row,"record_coord:3919:-27.239782,153.253999",3919,,,,Internet Archive,/Users/jarlgiovanni/Desktop/bigfoot_research/public/data/frontend-data.json,"spirit in Kamilaroi, and other Australian languages",1875,-27.2397819,153.2539994,QLD,https://archive.org/download/kmilariother00ridlrich/kmilariother00ridlrich_djvu.txt,"Moreton Bay, QLD",narrative_setting,named_feature,high,verified_gazetteer_point,frontend map_points row
canonical_frontend_public_map_row,"record_coord:3920:-27.239782,153.253999",3920,,,,Internet Archive,/Users/jarlgiovanni/Desktop/bigfoot_research/public/data/frontend-data.json,"spirit in Kamilaroi, and other Australian languages",1875,-27.2397819,153.2539994,QLD,https://archive.org/download/kmilariother00ridlrich/kmilariother00ridlrich_djvu.txt,"Moreton Bay, QLD",narrative_setting,named_feature,high,verified_gazetteer_point,frontend map_points row
canonical_frontend_public_map_row,"record_coord:3923:-34.427808,150.893054",3923,,,,Internet Archive,/Users/jarlgiovanni/Desktop/bigfoot_research/public/data/frontend-data.json,"spirit in Kamilaroi, and other Australian languages",1875,-34.4278083,150.893054,NSW,https://archive.org/download/kmilariother00ridlrich/kmilariother00ridlrich_djvu.txt,"Wollongong, NSW",narrative_setting,town,high,verified_gazetteer_point,frontend map_points row
canonical_frontend_public_map_row,"record_coord:3924:-32.919295,151.779535",3924,,,,Internet Archive,/Users/jarlgiovanni/Desktop/bigfoot_research/public/data/frontend-data.json,"spirits in Kamilaroi, and other Australian languages",1875,-32.9192953,151.7795348,NSW,https://archive.org/download/kmilariother00ridlrich/kmilariother00ridlrich_djvu.txt,"Newcastle, NSW",narrative_setting,town,high,verified_gazetteer_point,frontend map_points row
canonical_frontend_public_map_row,"record_coord:630:-33.974735,148.949724",630,,,,Australian Yowie Research,/Users/jarlgiovanni/Desktop/bigfoot_research/public/data/frontend-data.json,"Wyangala Dam, New South Wales 1876",1876,-33.9747352,148.9497239,NSW,https://www.yowiehunters.com.au/new-south-wales/1474-wyangala-dam-new-south-wales-1876,"Wyangala Dam, NSW",reported_place,locality,high,verified_gazetteer_point,frontend map_points row
canonical_frontend_public_map_row,"record_coord:658:-33.848333,148.884444",658,,,,Australian Yowie Research,/Users/jarlgiovanni/Desktop/bigfoot_research/public/data/frontend-data.json,"1876 - Portland Guardian, Victoria",1876,-33.8483333,148.8844444,NSW,https://www.yowiehunters.com.au/historical-articles/1632-portland-guardian-victoria-1876,"Milburn Creek, NSW",reported_place,named_feature,high,verified_gazetteer_point,frontend map_points row
canonical_frontend_public_map_row,"record_coord:858:-34.461450,150.790409",858,,,,Australian Yowie Research,/Users/jarlgiovanni/Desktop/bigfoot_research/public/data/frontend-data.json,1876 - Illawarra Mercury Yowie Article,1876,-34.4614504,150.790409,NSW,https://www.yowiehunters.com.au/media-clips/2164-1876-illawarra-mercury-yowie-article,"Illawarra, NSW",reported_place,locality,medium,verified_gazetteer_point,frontend map_points row
canonical_frontend_public_map_row,"record_coord:1023:-33.869844,151.208285",1023,,,,Australian Yowie Research,/Users/jarlgiovanni/Desktop/bigfoot_research/public/data/frontend-data.json,"1876 - Freemans Journal, Walla Walla",1876,-33.8698439,151.2082848,NSW,https://www.yowiehunters.com.au/historical-articles/1634-freemans-journal-walla-walla-1876,"Sydney, NSW",reported_place,locality,medium,verified_gazetteer_point,frontend map_points row
canonical_frontend_public_map_row,"record_coord:1024:-33.869844,151.208285",1024,,,,Australian Yowie Research,/Users/jarlgiovanni/Desktop/bigfoot_research/public/data/frontend-data.json,1876 - Town and Country Article,1876,-33.8698439,151.2082848,NSW,https://www.yowiehunters.com.au/historical-articles/1627-town-and-country-article-nov-1876,"Sydney, NSW",reported_place,locality,medium,verified_gazetteer_point,frontend map_points row
canonical_frontend_public_map_row,"record_coord:660:-32.731668,151.551112",660,,,,Australian Yowie Research,/Users/jarlgiovanni/Desktop/bigfoot_research/public/data/frontend-data.json,1877 - Maitland Mercury,1877,-32.7316683,151.5511123,NSW,https://www.yowiehunters.com.au/historical-articles/1646-maitland-mercury-1877,"Maitland, NSW",reported_place,locality,medium,verified_gazetteer_point,frontend map_points row
canonical_frontend_public_map_row,"record_coord:661:-33.869844,151.208285",661,,,,Australian Yowie Research,/Users/jarlgiovanni/Desktop/bigfoot_research/public/data/frontend-data.json,1877 - Sydney Morning Herald Article,1877,-33.8698439,151.2082848,NSW,https://www.yowiehunters.com.au/historical-articles/1556-sydney-morning-herald-1877,"Sydney, NSW",reported_place,locality,medium,verified_gazetteer_point,frontend map_points row
canonical_frontend_public_map_row,"record_coord:859:-33.869844,151.208285",859,,,,Australian Yowie Research,/Users/jarlgiovanni/Desktop/bigfoot_research/public/data/frontend-data.json,1877 - Sydney Morning Herald Yowie Article,1877,-33.8698439,151.2082848,NSW,https://www.yowiehunters.com.au/media-clips/1701-1877-sydney-morning-herald-yowie-article,"Sydney, NSW",reported_place,locality,medium,verified_gazetteer_point,frontend map_points row
canonical_frontend_public_map_row,"record_coord:662:-32.881800,149.617900",662,,,,Australian Yowie Research,/Users/jarlgiovanni/Desktop/bigfoot_research/public/data/frontend-data.json,"1878 - Freemans Journal Article, Pyramul",1878,-32.8818,149.6179,NSW,https://www.yowiehunters.com.au/historical-articles/1558-the-freemans-journal-article-1878,"Pyramul, NSW",reported_place,locality,medium,verified_gazetteer_point,frontend map_points row
canonical_frontend_public_map_row,"record_coord:663:-28.807761,153.279188",663,,,,Australian Yowie Research,/Users/jarlgiovanni/Desktop/bigfoot_research/public/data/frontend-data.json,1878 - Lismore Star Article,1878,-28.8077608,153.2791883,NSW,https://www.yowiehunters.com.au/historical-articles/1512-star-magazine-article-1878,"Lismore, NSW",reported_place,locality,medium,verified_gazetteer_point,frontend map_points row
canonical_frontend_public_map_row,"record_coord:664:-32.602355,151.113289",664,,,,Australian Yowie Research,/Users/jarlgiovanni/Desktop/bigfoot_research/public/data/frontend-data.json,"1878 - Singleton Argus, Yowie Sighted",1878,-32.602355,151.1132887,NSW,https://www.yowiehunters.com.au/historical-articles/1929-1878-singleton-argus-yowie-sighted,"Singleton, NSW",reported_place,locality,medium,verified_gazetteer_point,frontend map_points row
canonical_frontend_public_map_row,"record_coord:860:-32.881800,149.617900",860,,,,Australian Yowie Research,/Users/jarlgiovanni/Desktop/bigfoot_research/public/data/frontend-data.json,1878 - Freemans Journal Pyramul Hairyman,1878,-32.8818,149.6179,NSW,https://www.yowiehunters.com.au/media-clips/1717-1878-freemans-journal-pyramul-hairyman,"Pyramul, NSW",reported_place,locality,medium,verified_gazetteer_point,frontend map_points row
canonical_frontend_public_map_row,"record_coord:861:-28.807761,153.279188",861,,,,Australian Yowie Research,/Users/jarlgiovanni/Desktop/bigfoot_research/public/data/frontend-data.json,1878 - Northern Star Lismore Yowie Article,1878,-28.8077608,153.2791883,NSW,https://www.yowiehunters.com.au/media-clips/1721-1878-northern-star-lismore-yowie-article,"Lismore, NSW",reported_place,locality,medium,verified_gazetteer_point,frontend map_points row
canonical_frontend_public_map_row,"record_coord:1694:-37.830139,140.784263",1694,,,,Internet Archive,/Users/jarlgiovanni/Desktop/bigfoot_research/public/data/frontend-data.json,"supernatural in The aborigines of Victoria, volume 2",1878,-37.8301386,140.7842627,SA,https://archive.org/download/aboriginesofvict02smyt/aboriginesofvict02smyt_djvu.txt,"Mount Gambier, SA",narrative_setting,town,high,verified_gazetteer_point,frontend map_points row
canonical_frontend_public_map_row,"record_coord:1695:-37.830139,140.784263",1695,,,,Internet Archive,/Users/jarlgiovanni/Desktop/bigfoot_research/public/data/frontend-data.json,"supernatural in The aborigines of Victoria, volume 2",1878,-37.8301386,140.7842627,SA,https://archive.org/download/aboriginesofvict02smyt/aboriginesofvict02smyt_djvu.txt,"Mount Gambier, SA",narrative_setting,town,high,verified_gazetteer_point,frontend map_points row
canonical_frontend_public_map_row,"record_coord:1750:-34.752387,149.719801",1750,,,,Internet Archive,/Users/jarlgiovanni/Desktop/bigfoot_research/public/data/frontend-data.json,"ghost in The aborigines of Victoria, volume 1",1878,-34.7523871,149.7198009,NSW,https://archive.org/download/aboriginesofvict01smyt/aboriginesofvict01smyt_djvu.txt,"Goulburn, NSW",narrative_setting,town,high,verified_gazetteer_point,frontend map_points row
canonical_frontend_public_map_row,"record_coord:3437:-34.721190,135.859222",3437,,,,Internet Archive,/Users/jarlgiovanni/Desktop/bigfoot_research/public/data/frontend-data.json,"spirits in The Aborigines of Victoria, volume 1",1878,-34.7211905,135.8592218,SA,https://archive.org/download/aboriginesofvict01smyt/aboriginesofvict01smyt_hocr_searchtext.txt.gz,"Port Lincoln, SA",narrative_setting,town,high,verified_gazetteer_point,frontend map_points row
canonical_frontend_public_map_row,"record_coord:3467:-34.752387,149.719801",3467,,,,Internet Archive,/Users/jarlgiovanni/Desktop/bigfoot_research/public/data/frontend-data.json,"spirit in The Aborigines of Victoria, volume 1",1878,-34.7523871,149.7198009,NSW,https://archive.org/download/aboriginesofvict01smyt/aboriginesofvict01smyt_hocr_searchtext.txt.gz,"Goulburn, NSW",narrative_setting,town,high,verified_gazetteer_point,frontend map_points row
canonical_frontend_public_map_row,"record_coord:3476:-34.752387,149.719801",3476,,,,Internet Archive,/Users/jarlgiovanni/Desktop/bigfoot_research/public/data/frontend-data.json,"ghosts in The Aborigines of Victoria, volume 1",1878,-34.7523871,149.7198009,NSW,https://archive.org/download/aboriginesofvict01smyt/aboriginesofvict01smyt_hocr_searchtext.txt.gz,"Goulburn, NSW",narrative_setting,town,high,verified_gazetteer_point,frontend map_points row
canonical_frontend_public_map_row,"record_coord:3525:-31.931984,115.919054",3525,,,,Internet Archive,/Users/jarlgiovanni/Desktop/bigfoot_research/public/data/frontend-data.json,"spirit in The Aborigines of Victoria, volume 2",1878,-31.9319845,115.9190544,WA,https://archive.org/download/aboriginesofvict02smyt/aboriginesofvict02smyt_djvu.txt,"Swan River, WA",narrative_setting,named_feature,high,verified_gazetteer_point,frontend map_points row
canonical_frontend_public_map_row,"record_coord:3529:-31.931984,115.919054",3529,,,,Internet Archive,/Users/jarlgiovanni/Desktop/bigfoot_research/public/data/frontend-data.json,"spirit in The Aborigines of Victoria, volume 2",1878,-31.9319845,115.9190544,WA,https://archive.org/download/aboriginesofvict02smyt/aboriginesofvict02smyt_djvu.txt,"Swan River, WA",narrative_setting,named_feature,high,verified_gazetteer_point,frontend map_points row
canonical_frontend_public_map_row,"record_coord:3532:-31.931984,115.919054",3532,,,,Internet Archive,/Users/jarlgiovanni/Desktop/bigfoot_research/public/data/frontend-data.json,"spirit in The Aborigines of Victoria, volume 2",1878,-31.9319845,115.9190544,WA,https://archive.org/download/aboriginesofvict02smyt/aboriginesofvict02smyt_djvu.txt,"Swan River, WA",narrative_setting,named_feature,high,verified_gazetteer_point,frontend map_points row
canonical_frontend_public_map_row,"record_coord:3533:-31.931984,115.919054",3533,,,,Internet Archive,/Users/jarlgiovanni/Desktop/bigfoot_research/public/data/frontend-data.json,"spirit in The Aborigines of Victoria, volume 2",1878,-31.9319845,115.9190544,WA,https://archive.org/download/aboriginesofvict02smyt/aboriginesofvict02smyt_djvu.txt,"Swan River, WA",narrative_setting,named_feature,high,verified_gazetteer_point,frontend map_points row
canonical_frontend_public_map_row,"record_coord:3961:-35.091666,149.420844",3961,,,,Internet Archive,/Users/jarlgiovanni/Desktop/bigfoot_research/public/data/frontend-data.json,"devil in The Aborigines of Victoria, volume 1",1878,-35.0916656,149.4208438,NSW,https://archive.org/download/aboriginesofvict01smyt/aboriginesofvict01smyt_djvu.txt,"Lake George, NSW",narrative_setting,locality,B,verified_gazetteer_point,frontend map_points row
canonical_frontend_public_map_row,"record_coord:666:-37.874483,146.911179",666,,,,Australian Yowie Research,/Users/jarlgiovanni/Desktop/bigfoot_research/public/data/frontend-data.json,"1880 - Gippsland Times, 7ft Yowie",1880,-37.8744827,146.9111788,VIC,https://www.yowiehunters.com.au/historical-articles/1927-1880-gippsland-times-7ft-yowie,"Gippsland, VIC",reported_place,locality,medium,verified_gazetteer_point,frontend map_points row
canonical_frontend_public_map_row,"record_coord:667:-37.814245,144.963173",667,,,,Australian Yowie Research,/Users/jarlgiovanni/Desktop/bigfoot_research/public/data/frontend-data.json,1880 - Melbourne Argus,1880,-37.8142454,144.9631732,VIC,https://www.yowiehunters.com.au/historical-articles/1844-1880-melbourne-argus,"Melbourne, VIC",reported_place,locality,medium,verified_gazetteer_point,frontend map_points row
canonical_frontend_public_map_row,"record_coord:668:-34.443040,137.698797",668,,,,Australian Yowie Research,/Users/jarlgiovanni/Desktop/bigfoot_research/public/data/frontend-data.json,1880 - Southland Times (NZ),1880,-34.44304,137.6987969,SA,https://www.yowiehunters.com.au/historical-articles/1654-southland-times-nz-1880,"Yorke Peninsula, SA",reported_place,named_feature,high,verified_gazetteer_point,frontend map_points row
canonical_frontend_public_map_row,"record_coord:669:-33.869844,151.208285",669,,,,Australian Yowie Research,/Users/jarlgiovanni/Desktop/bigfoot_research/public/data/frontend-data.json,1880 - Sydney Morning Herald,1880,-33.8698439,151.2082848,NSW,https://www.yowiehunters.com.au/historical-articles/1625-sydney-morning-herald-july-1880,"Sydney, NSW",reported_place,locality,medium,verified_gazetteer_point,frontend map_points row
canonical_frontend_public_map_row,"record_coord:671:-27.492342,153.041873",671,,,,Australian Yowie Research,/Users/jarlgiovanni/Desktop/bigfoot_research/public/data/frontend-data.json,1880's - Arthur Bicknell ' Wood Devil ' Story,1880,-27.4923416,153.041873,QLD,https://www.yowiehunters.com.au/historical-articles/2288-1880s-arthur-bicknell-wood-devil-story,"'s, QLD",reported_place,locality,medium,verified_gazetteer_point,frontend map_points row
canonical_frontend_public_map_row,"record_coord:1611:-38.104648,144.779855",1611,,,,Internet Archive,/Users/jarlgiovanni/Desktop/bigfoot_research/public/data/frontend-data.json,supernatural in Kamilaroi and Kurnai,1880,-38.1046482,144.7798547,VIC,https://archive.org/download/kamilaroikurnaig00fiso/kamilaroikurnaig00fiso_djvu.txt,"Port Phillip, VIC",narrative_setting,named_feature,high,verified_gazetteer_point,frontend map_points row
canonical_frontend_public_map_row,"record_coord:3560:-37.830139,140.784263",3560,,,,Internet Archive,/Users/jarlgiovanni/Desktop/bigfoot_research/public/data/frontend-data.json,spirit in The Booandik Tribe of South Australian Aborigines,1880,-37.8301386,140.7842627,SA,https://archive.org/download/booandiktribeso00smitgoog/booandiktribeso00smitgoog_djvu.txt,"Mount Gambier, SA",narrative_setting,town,high,verified_gazetteer_point,frontend map_points row
canonical_frontend_public_map_row,"record_coord:3570:-37.830139,140.784263",3570,,,,Internet Archive,/Users/jarlgiovanni/Desktop/bigfoot_research/public/data/frontend-data.json,spirit in The Booandik Tribe of South Australian Aborigines,1880,-37.8301386,140.7842627,SA,https://archive.org/download/booandiktribeso00smitgoog/booandiktribeso00smitgoog_djvu.txt,"Mount Gambier, SA",narrative_setting,town,high,verified_gazetteer_point,frontend map_points row
canonical_frontend_public_map_row,"record_coord:3226:-38.104648,144.779855",3226,,,,Internet Archive,/Users/jarlgiovanni/Desktop/bigfoot_research/public/data/frontend-data.json,"spirits in Australian Aborigines: the languages and customs of several tribes of aborigines in the western district of Victoria, Australia",1881,-38.1046482,144.7798547,VIC,https://archive.org/download/australianaborig81daws/australianaborig81daws_djvu.txt,"Port Phillip, VIC",narrative_setting,named_feature,high,verified_gazetteer_point,frontend map_points row
canonical_frontend_public_map_row,"record_coord:673:-32.436191,152.529931",673,,,,Australian Yowie Research,/Users/jarlgiovanni/Desktop/bigfoot_research/public/data/frontend-data.json,1882 - Colac Herald,1882,-32.4361913,152.5299305,NSW,https://www.yowiehunters.com.au/historical-articles/1952-1882-colac-herald,"Seal Rocks, NSW",reported_place,locality,high,verified_gazetteer_point,frontend map_points row
canonical_frontend_public_map_row,"record_coord:674:-34.461450,150.790409",674,,,,Australian Yowie Research,/Users/jarlgiovanni/Desktop/bigfoot_research/public/data/frontend-data.json,"1882 - Illawarra Mercury, Australian Gorilla",1882,-34.4614504,150.790409,NSW,https://www.yowiehunters.com.au/historical-articles/1924-1882-illawarra-mercury-australian-gorilla,"Illawarra, NSW",reported_place,locality,medium,verified_gazetteer_point,frontend map_points row
canonical_frontend_public_map_row,"record_coord:862:-34.315606,115.160586",862,,,,Australian Yowie Research,/Users/jarlgiovanni/Desktop/bigfoot_research/public/data/frontend-data.json,1882 - The West Australian Yowie Article,1882,-34.3156059,115.1605864,WA,https://www.yowiehunters.com.au/media-clips/2170-1882-the-west-australian-yowie-article,Augusta,source_visible_place_hint,locality,medium,verified_gazetteer_point,frontend map_points row
canonical_frontend_public_map_row,"record_coord:678:-34.461450,150.790409",678,,,,Australian Yowie Research,/Users/jarlgiovanni/Desktop/bigfoot_research/public/data/frontend-data.json,1883 - Illawarra Mercury Article,1883,-34.4614504,150.790409,NSW,https://www.yowiehunters.com.au/historical-articles/1483-illawarra-mercury-article-1883,"Illawarra, NSW",reported_place,locality,medium,verified_gazetteer_point,frontend map_points row
canonical_frontend_public_map_row,"record_coord:2546:-37.814245,144.963173",2546,,,,Project Gutenberg,/Users/jarlgiovanni/Desktop/bigfoot_research/public/data/frontend-data.json,ghosts in Old Melbourne Memories,1884,-37.8142454,144.9631732,VIC,https://www.gutenberg.org/ebooks/53784.txt.utf-8,"Melbourne, VIC",narrative_setting,locality,B,verified_gazetteer_point,frontend map_points row
canonical_frontend_public_map_row,"record_coord:2547:-37.814245,144.963173",2547,,,,Project Gutenberg,/Users/jarlgiovanni/Desktop/bigfoot_research/public/data/frontend-data.json,haunted in Old Melbourne Memories,1884,-37.8142454,144.9631732,VIC,https://www.gutenberg.org/ebooks/53784.txt.utf-8,"Melbourne, VIC",narrative_setting,locality,B,verified_gazetteer_point,frontend map_points row
canonical_frontend_public_map_row,"record_coord:2548:-37.814245,144.963173",2548,,,,Project Gutenberg,/Users/jarlgiovanni/Desktop/bigfoot_research/public/data/frontend-data.json,haunted in Old Melbourne Memories,1884,-37.8142454,144.9631732,VIC,https://www.gutenberg.org/ebooks/53784.txt.utf-8,"Melbourne, VIC",narrative_setting,locality,B,verified_gazetteer_point,frontend map_points row
canonical_frontend_public_map_row,"record_coord:2549:-37.814245,144.963173",2549,,,,Project Gutenberg,/Users/jarlgiovanni/Desktop/bigfoot_research/public/data/frontend-data.json,haunted in Old Melbourne Memories,1884,-37.8142454,144.9631732,VIC,https://www.gutenberg.org/ebooks/53784.txt.utf-8,"Melbourne, VIC",narrative_setting,locality,B,verified_gazetteer_point,frontend map_points row
canonical_frontend_public_map_row,"record_coord:2550:-37.814245,144.963173",2550,,,,Project Gutenberg,/Users/jarlgiovanni/Desktop/bigfoot_research/public/data/frontend-data.json,spirit in Old Melbourne Memories,1884,-37.8142454,144.9631732,VIC,https://www.gutenberg.org/ebooks/53784.txt.utf-8,"Melbourne, VIC",narrative_setting,locality,B,verified_gazetteer_point,frontend map_points row
canonical_frontend_public_map_row,"record_coord:2551:-37.814245,144.963173",2551,,,,Project Gutenberg,/Users/jarlgiovanni/Desktop/bigfoot_research/public/data/frontend-data.json,devil in Old Melbourne Memories,1884,-37.8142454,144.9631732,VIC,https://www.gutenberg.org/ebooks/53784.txt.utf-8,"Melbourne, VIC",narrative_setting,locality,B,verified_gazetteer_point,frontend map_points row
canonical_frontend_public_map_row,"record_coord:2552:-37.814245,144.963173",2552,,,,Project Gutenberg,/Users/jarlgiovanni/Desktop/bigfoot_research/public/data/frontend-data.json,devil in Old Melbourne Memories,1884,-37.8142454,144.9631732,VIC,https://www.gutenberg.org/ebooks/53784.txt.utf-8,"Melbourne, VIC",narrative_setting,locality,B,verified_gazetteer_point,frontend map_points row
canonical_frontend_public_map_row,"record_coord:2553:-37.814245,144.963173",2553,,,,Project Gutenberg,/Users/jarlgiovanni/Desktop/bigfoot_research/public/data/frontend-data.json,devil in Old Melbourne Memories,1884,-37.8142454,144.9631732,VIC,https://www.gutenberg.org/ebooks/53784.txt.utf-8,"Melbourne, VIC",narrative_setting,locality,B,verified_gazetteer_point,frontend map_points row
canonical_frontend_public_map_row,"record_coord:2554:-37.814245,144.963173",2554,,,,Project Gutenberg,/Users/jarlgiovanni/Desktop/bigfoot_research/public/data/frontend-data.json,devil in Old Melbourne Memories,1884,-37.8142454,144.9631732,VIC,https://www.gutenberg.org/ebooks/53784.txt.utf-8,"Melbourne, VIC",narrative_setting,locality,B,verified_gazetteer_point,frontend map_points row
canonical_frontend_public_map_row,"record_coord:2555:-37.814245,144.963173",2555,,,,Project Gutenberg,/Users/jarlgiovanni/Desktop/bigfoot_research/public/data/frontend-data.json,giant in Old Melbourne Memories,1884,-37.8142454,144.9631732,VIC,https://www.gutenberg.org/ebooks/53784.txt.utf-8,"Melbourne, VIC",narrative_setting,locality,B,verified_gazetteer_point,frontend map_points row
canonical_frontend_public_map_row,"record_coord:2556:-37.814245,144.963173",2556,,,,Project Gutenberg,/Users/jarlgiovanni/Desktop/bigfoot_research/public/data/frontend-data.json,giant in Old Melbourne Memories,1884,-37.8142454,144.9631732,VIC,https://www.gutenberg.org/ebooks/53784.txt.utf-8,"Melbourne, VIC",narrative_setting,locality,B,verified_gazetteer_point,frontend map_points row
canonical_frontend_public_map_row,"record_coord:2557:-37.814245,144.963173",2557,,,,Project Gutenberg,/Users/jarlgiovanni/Desktop/bigfoot_research/public/data/frontend-data.json,giant in Old Melbourne Memories,1884,-37.8142454,144.9631732,VIC,https://www.gutenberg.org/ebooks/53784.txt.utf-8,"Melbourne, VIC",narrative_setting,locality,B,verified_gazetteer_point,frontend map_points row
canonical_frontend_public_map_row,"record_coord:2558:-37.814245,144.963173",2558,,,,Project Gutenberg,/Users/jarlgiovanni/Desktop/bigfoot_research/public/data/frontend-data.json,giant in Old Melbourne Memories,1884,-37.8142454,144.9631732,VIC,https://www.gutenberg.org/ebooks/53784.txt.utf-8,"Melbourne, VIC",narrative_setting,locality,B,verified_gazetteer_point,frontend map_points row
canonical_frontend_public_map_row,"record_coord:3691:-31.955897,115.860578",3691,,,,Internet Archive,/Users/jarlgiovanni/Desktop/bigfoot_research/public/data/frontend-data.json,spirit in Diary of ten years eventful life of an early settler in Western Australia,1884,-31.9558967,115.8605784,WA,https://archive.org/download/diaryoftenyearse00mooriala/diaryoftenyearse00mooriala_djvu.txt,"Perth, WA",narrative_setting,town,high,verified_gazetteer_point,frontend map_points row
canonical_frontend_public_map_row,"record_coord:3697:-32.053409,115.758617",3697,,,,Internet Archive,/Users/jarlgiovanni/Desktop/bigfoot_research/public/data/frontend-data.json,spirits in Diary of ten years eventful life of an early settler in Western Australia,1884,-32.0534086,115.7586172,WA,https://archive.org/download/diaryoftenyearse00mooriala/diaryoftenyearse00mooriala_djvu.txt,"Fremantle, WA",narrative_setting,town,high,verified_gazetteer_point,frontend map_points row
canonical_frontend_public_map_row,"record_coord:3709:-31.955897,115.860578",3709,,,,Internet Archive,/Users/jarlgiovanni/Desktop/bigfoot_research/public/data/frontend-data.json,spirit in Diary of ten years eventful life of an early settler in Western Australia,1884,-31.9558967,115.8605784,WA,https://archive.org/download/diaryoftenyearse00mooriala/diaryoftenyearse00mooriala_djvu.txt,"Perth, WA",narrative_setting,town,high,verified_gazetteer_point,frontend map_points row
canonical_frontend_public_map_row,"record_coord:3712:-31.931984,115.919054",3712,,,,Internet Archive,/Users/jarlgiovanni/Desktop/bigfoot_research/public/data/frontend-data.json,spirit in Diary of ten years eventful life of an early settler in Western Australia,1884,-31.9319845,115.9190544,WA,https://archive.org/download/diaryoftenyearse00mooriala/diaryoftenyearse00mooriala_djvu.txt,"Swan River, WA",narrative_setting,named_feature,high,verified_gazetteer_point,frontend map_points row
canonical_frontend_public_map_row,"record_coord:1030:-33.869844,151.208285",1030,,,,Australian Yowie Research,/Users/jarlgiovanni/Desktop/bigfoot_research/public/data/frontend-data.json,1885 - Australian Town and Country Yowie Article,1885,-33.8698439,151.2082848,NSW,https://www.yowiehunters.com.au/media-clips/2155-1885-australian-town-and-country-yowie-article,"Sydney, NSW",reported_place,locality,medium,verified_gazetteer_point,frontend map_points row
canonical_frontend_public_map_row,"record_coord:679:-27.468962,153.023501",679,,,,Australian Yowie Research,/Users/jarlgiovanni/Desktop/bigfoot_research/public/data/frontend-data.json,1886 - Brisbane Courier,1886,-27.4689623,153.0235009,QLD,https://www.yowiehunters.com.au/historical-articles/1557-brisbane-courier-1886,"Brisbane, QLD",reported_place,locality,medium,verified_gazetteer_point,frontend map_points row
canonical_frontend_public_map_row,"record_coord:680:-35.352452,149.233763",680,,,,Australian Yowie Research,/Users/jarlgiovanni/Desktop/bigfoot_research/public/data/frontend-data.json,1886 - Queanbeyan Age,1886,-35.3524518,149.2337634,NSW,https://www.yowiehunters.com.au/historical-articles/1635-queanbeyan-age-1886,"Queanbeyan, NSW",reported_place,locality,medium,verified_gazetteer_point,frontend map_points row
canonical_frontend_public_map_row,"record_coord:1880:-34.752387,149.719801",1880,,,,Internet Archive,/Users/jarlgiovanni/Desktop/bigfoot_research/public/data/frontend-data.json,"ghost in The Australian Race, volume 1",1886,-34.7523871,149.7198009,NSW,https://archive.org/download/australianracei01currgoog/australianracei01currgoog_djvu.txt,"Goulburn, NSW",narrative_setting,town,high,verified_gazetteer_point,frontend map_points row
canonical_frontend_public_map_row,"record_coord:1886:-31.955897,115.860578",1886,,,,Internet Archive,/Users/jarlgiovanni/Desktop/bigfoot_research/public/data/frontend-data.json,"spirit in The Australian Race, volume 1",1886,-31.9558967,115.8605784,WA,https://archive.org/download/australianracei01currgoog/australianracei01currgoog_djvu.txt,"Perth, WA",narrative_setting,town,high,verified_gazetteer_point,frontend map_points row
canonical_frontend_public_map_row,"record_coord:1893:-28.480364,137.297905",1893,,,,Internet Archive,/Users/jarlgiovanni/Desktop/bigfoot_research/public/data/frontend-data.json,"spirit in The Australian Race, volume 1",1886,-28.4803638,137.2979051,SA,https://archive.org/download/australianracei01currgoog/australianracei01currgoog_djvu.txt,"Lake Eyre, SA",narrative_setting,named_feature,high,verified_gazetteer_point,frontend map_points row
canonical_frontend_public_map_row,"record_coord:1978:-34.721190,135.859222",1978,,,,Internet Archive,/Users/jarlgiovanni/Desktop/bigfoot_research/public/data/frontend-data.json,"ghosts in The Australian Race, volume 2",1886,-34.7211905,135.8592218,SA,https://archive.org/download/australianracei00currgoog/australianracei00currgoog_djvu.txt,"Port Lincoln, SA",narrative_setting,town,high,verified_gazetteer_point,frontend map_points row
canonical_frontend_public_map_row,"record_coord:2797:-37.814245,144.963173",2797,,,,Project Gutenberg,/Users/jarlgiovanni/Desktop/bigfoot_research/public/data/frontend-data.json,ghost in The Mystery of a Hansom Cab,1886,-37.8142454,144.9631732,VIC,https://www.gutenberg.org/ebooks/4223.txt.utf-8,"Melbourne, VIC",narrative_setting,locality,B,verified_gazetteer_point,frontend map_points row
canonical_frontend_public_map_row,"record_coord:2798:-37.814245,144.963173",2798,,,,Project Gutenberg,/Users/jarlgiovanni/Desktop/bigfoot_research/public/data/frontend-data.json,ghost in The Mystery of a Hansom Cab,1886,-37.8142454,144.9631732,VIC,https://www.gutenberg.org/ebooks/4223.txt.utf-8,"Melbourne, VIC",narrative_setting,locality,B,verified_gazetteer_point,frontend map_points row
canonical_frontend_public_map_row,"record_coord:2799:-37.814245,144.963173",2799,,,,Project Gutenberg,/Users/jarlgiovanni/Desktop/bigfoot_research/public/data/frontend-data.json,ghost in The Mystery of a Hansom Cab,1886,-37.8142454,144.9631732,VIC,https://www.gutenberg.org/ebooks/4223.txt.utf-8,"Melbourne, VIC",narrative_setting,locality,B,verified_gazetteer_point,frontend map_points row
canonical_frontend_public_map_row,"record_coord:2800:-37.814245,144.963173",2800,,,,Project Gutenberg,/Users/jarlgiovanni/Desktop/bigfoot_research/public/data/frontend-data.json,ghost in The Mystery of a Hansom Cab,1886,-37.8142454,144.9631732,VIC,https://www.gutenberg.org/ebooks/4223.txt.utf-8,"Melbourne, VIC",narrative_setting,locality,B,verified_gazetteer_point,frontend map_points row
canonical_frontend_public_map_row,"record_coord:2801:-37.814245,144.963173",2801,,,,Project Gutenberg,/Users/jarlgiovanni/Desktop/bigfoot_research/public/data/frontend-data.json,ghosts in The Mystery of a Hansom Cab,1886,-37.8142454,144.9631732,VIC,https://www.gutenberg.org/ebooks/4223.txt.utf-8,"Melbourne, VIC",narrative_setting,locality,B,verified_gazetteer_point,frontend map_points row
canonical_frontend_public_map_row,"record_coord:2802:-37.814245,144.963173",2802,,,,Project Gutenberg,/Users/jarlgiovanni/Desktop/bigfoot_research/public/data/frontend-data.json,haunted in The Mystery of a Hansom Cab,1886,-37.8142454,144.9631732,VIC,https://www.gutenberg.org/ebooks/4223.txt.utf-8,"Melbourne, VIC",narrative_setting,locality,B,verified_gazetteer_point,frontend map_points row
canonical_frontend_public_map_row,"record_coord:2805:-37.814245,144.963173",2805,,,,Project Gutenberg,/Users/jarlgiovanni/Desktop/bigfoot_research/public/data/frontend-data.json,spirits in The Mystery of a Hansom Cab,1886,-37.8142454,144.9631732,VIC,https://www.gutenberg.org/ebooks/4223.txt.utf-8,"Melbourne, VIC",narrative_setting,locality,B,verified_gazetteer_point,frontend map_points row
canonical_frontend_public_map_row,"record_coord:2806:-37.814245,144.963173",2806,,,,Project Gutenberg,/Users/jarlgiovanni/Desktop/bigfoot_research/public/data/frontend-data.json,spirit in The Mystery of a Hansom Cab,1886,-37.8142454,144.9631732,VIC,https://www.gutenberg.org/ebooks/4223.txt.utf-8,"Melbourne, VIC",narrative_setting,locality,B,verified_gazetteer_point,frontend map_points row
canonical_frontend_public_map_row,"record_coord:2810:-37.814245,144.963173",2810,,,,Project Gutenberg,/Users/jarlgiovanni/Desktop/bigfoot_research/public/data/frontend-data.json,witch in The Mystery of a Hansom Cab,1886,-37.8142454,144.9631732,VIC,https://www.gutenberg.org/ebooks/4223.txt.utf-8,"Melbourne, VIC",narrative_setting,locality,B,verified_gazetteer_point,frontend map_points row
canonical_frontend_public_map_row,"record_coord:2811:-37.814245,144.963173",2811,,,,Project Gutenberg,/Users/jarlgiovanni/Desktop/bigfoot_research/public/data/frontend-data.json,witch in The Mystery of a Hansom Cab,1886,-37.8142454,144.9631732,VIC,https://www.gutenberg.org/ebooks/4223.txt.utf-8,"Melbourne, VIC",narrative_setting,locality,B,verified_gazetteer_point,frontend map_points row
canonical_frontend_public_map_row,"record_coord:1976:-34.066700,150.816700",1976,,,,Internet Archive,/Users/jarlgiovanni/Desktop/bigfoot_research/public/data/frontend-data.json,Fisher's Ghost in Fisher's Ghost,1887,-34.0667,150.8167,NSW,https://archive.org/download/australianstorie00suttiala/australianstorie00suttiala_djvu.txt,"Campbelltown, NSW",apparition_location,town,B,verified_gazetteer_point,frontend map_points row
canonical_frontend_public_map_row,"record_coord:1176:-37.810997,144.972658",1176,,,,Marriner Group,/Users/jarlgiovanni/Desktop/bigfoot_research/public/data/frontend-data.json,Princess Theatre History - Federici,1888,-37.810997,144.972658,VIC,https://marrinergroup.com.au/princess-theatre-history,"Princess Theatre, Melbourne, Victoria",apparition_location,exact_site,B,verified_gazetteer_point,frontend map_points row
canonical_frontend_public_map_row,"record_coord:2956:-37.562301,143.860565",2956,,,,Project Gutenberg,/Users/jarlgiovanni/Desktop/bigfoot_research/public/data/frontend-data.json,ghost in Madame Midas,1888,-37.5623013,143.8605645,VIC,https://www.gutenberg.org/ebooks/4946.txt.utf-8,"Ballarat, VIC",narrative_setting,town,B,verified_gazetteer_point,frontend map_points row
canonical_frontend_public_map_row,"record_coord:2960:-37.562301,143.860565",2960,,,,Project Gutenberg,/Users/jarlgiovanni/Desktop/bigfoot_research/public/data/frontend-data.json,spirit in Madame Midas,1888,-37.5623013,143.8605645,VIC,https://www.gutenberg.org/ebooks/4946.txt.utf-8,"Ballarat, VIC",narrative_setting,town,B,verified_gazetteer_point,frontend map_points row
canonical_frontend_public_map_row,"record_coord:682:-34.481663,150.417787",682,,,,Australian Yowie Research,/Users/jarlgiovanni/Desktop/bigfoot_research/public/data/frontend-data.json,"1889 - Bowral Free Press, Australian Gorilla",1889,-34.4816626,150.4177868,NSW,https://www.yowiehunters.com.au/historical-articles/1923-1889-bowral-free-press-australian-gorilla,"Bowral, NSW",reported_place,locality,medium,verified_gazetteer_point,frontend map_points row
canonical_frontend_public_map_row,"record_coord:1025:-34.695820,150.795912",1025,,,,Australian Yowie Research,/Users/jarlgiovanni/Desktop/bigfoot_research/public/data/frontend-data.json,1889 - Kiama Independent,1889,-34.6958202,150.7959123,NSW,https://www.yowiehunters.com.au/historical-articles/1636-kiama-independent-1889,"Kiama, NSW",reported_place,locality,medium,verified_gazetteer_point,frontend map_points row
canonical_frontend_public_map_row,"record_coord:1797:-27.239782,153.253999",1797,,,,Internet Archive,/Users/jarlgiovanni/Desktop/bigfoot_research/public/data/frontend-data.json,devil in Among cannibals,1889,-27.2397819,153.2539994,QLD,https://archive.org/download/amongcannibalsac1889lumh/amongcannibalsac1889lumh_djvu.txt,"Moreton Bay, QLD",narrative_setting,named_feature,high,verified_gazetteer_point,frontend map_points row
canonical_frontend_public_map_row,"record_coord:1807:-27.239782,153.253999",1807,,,,Internet Archive,/Users/jarlgiovanni/Desktop/bigfoot_research/public/data/frontend-data.json,giant in Among cannibals,1889,-27.2397819,153.2539994,QLD,https://archive.org/download/amongcannibalsac1889lumh/amongcannibalsac1889lumh_djvu.txt,"Moreton Bay, QLD",narrative_setting,named_feature,high,verified_gazetteer_point,frontend map_points row
canonical_frontend_public_map_row,"record_coord:3955:-18.248431,145.611208",3955,,,,Internet Archive,/Users/jarlgiovanni/Desktop/bigfoot_research/public/data/frontend-data.json,spirits in Among Cannibals,1889,-18.2484306,145.6112083,QLD,https://archive.org/download/amongcannibalsac1889lumh/amongcannibalsac1889lumh_djvu.txt,"Herbert River, QLD",narrative_setting,locality,B,verified_gazetteer_point,frontend map_points row
canonical_frontend_public_map_row,"record_coord:3956:-18.248431,145.611208",3956,,,,Internet Archive,/Users/jarlgiovanni/Desktop/bigfoot_research/public/data/frontend-data.json,devil in Among Cannibals,1889,-18.2484306,145.6112083,QLD,https://archive.org/download/amongcannibalsac1889lumh/amongcannibalsac1889lumh_djvu.txt,"Herbert River, QLD",narrative_setting,locality,B,verified_gazetteer_point,frontend map_points row
canonical_frontend_public_map_row,"record_coord:3957:-18.248431,145.611208",3957,,,,Internet Archive,/Users/jarlgiovanni/Desktop/bigfoot_research/public/data/frontend-data.json,devil in Among Cannibals,1889,-18.2484306,145.6112083,QLD,https://archive.org/download/amongcannibalsac1889lumh/amongcannibalsac1889lumh_djvu.txt,"Herbert River, QLD",narrative_setting,locality,B,verified_gazetteer_point,frontend map_points row
canonical_frontend_public_map_row,"record_coord:3958:-18.248431,145.611208",3958,,,,Internet Archive,/Users/jarlgiovanni/Desktop/bigfoot_research/public/data/frontend-data.json,devil in Among Cannibals,1889,-18.2484306,145.6112083,QLD,https://archive.org/download/amongcannibalsac1889lumh/amongcannibalsac1889lumh_djvu.txt,"Herbert River, QLD",narrative_setting,locality,B,verified_gazetteer_point,frontend map_points row
canonical_frontend_public_map_row,"record_coord:3959:-18.248431,145.611208",3959,,,,Internet Archive,/Users/jarlgiovanni/Desktop/bigfoot_research/public/data/frontend-data.json,devil in Among Cannibals,1889,-18.2484306,145.6112083,QLD,https://archive.org/download/amongcannibalsac1889lumh/amongcannibalsac1889lumh_djvu.txt,"Herbert River, QLD",narrative_setting,locality,B,verified_gazetteer_point,frontend map_points row
canonical_frontend_public_map_row,"record_coord:3960:-18.248431,145.611208",3960,,,,Internet Archive,/Users/jarlgiovanni/Desktop/bigfoot_research/public/data/frontend-data.json,wizard in Among Cannibals,1889,-18.2484306,145.6112083,QLD,https://archive.org/download/amongcannibalsac1889lumh/amongcannibalsac1889lumh_djvu.txt,"Herbert River, QLD",narrative_setting,locality,B,verified_gazetteer_point,frontend map_points row
canonical_frontend_public_map_row,"record_coord:684:-33.980258,150.100491",684,,,,Australian Yowie Research,/Users/jarlgiovanni/Desktop/bigfoot_research/public/data/frontend-data.json,1891 - Bathurst Times Article,1891,-33.9802583,150.1004909,NSW,https://www.yowiehunters.com.au/historical-articles/1546-bathurst-times-1891,"Kanangra Falls, NSW",reported_place,named_feature,high,verified_gazetteer_point,frontend map_points row
canonical_frontend_public_map_row,"record_coord:685:-32.731668,151.551112",685,,,,Australian Yowie Research,/Users/jarlgiovanni/Desktop/bigfoot_research/public/data/frontend-data.json,1892 - Maitland Mercury,1892,-32.7316683,151.5511123,NSW,https://www.yowiehunters.com.au/historical-articles/1652-maitland-mercury-1892,"Maitland, NSW",reported_place,locality,medium,verified_gazetteer_point,frontend map_points row
canonical_frontend_public_map_row,"record_coord:863:-33.869844,151.208285",863,,,,Australian Yowie Research,/Users/jarlgiovanni/Desktop/bigfoot_research/public/data/frontend-data.json,1892 - Sydney Mail Yowie Article,1892,-33.8698439,151.2082848,NSW,https://www.yowiehunters.com.au/media-clips/2169-1892-sydney-mail-yowie-article,"Sydney, NSW",reported_place,locality,medium,verified_gazetteer_point,frontend map_points row
canonical_frontend_public_map_row,"record_coord:2024:-32.919295,151.779535",2024,,,,Internet Archive,/Users/jarlgiovanni/Desktop/bigfoot_research/public/data/frontend-data.json,evil spirit in Notes on the Aborigines of New South Wales,1892,-32.9192953,151.7795348,NSW,https://archive.org/download/notesonaborigine00hill/notesonaborigine00hill_djvu.txt,"Newcastle, NSW",narrative_setting,town,high,verified_gazetteer_point,frontend map_points row
canonical_frontend_public_map_row,"record_coord:2028:-32.919295,151.779535",2028,,,,Internet Archive,/Users/jarlgiovanni/Desktop/bigfoot_research/public/data/frontend-data.json,Boonbolong in Notes on the Aborigines of New South Wales,1892,-32.9192953,151.7795348,NSW,https://archive.org/download/notesonaborigine00hill/notesonaborigine00hill_djvu.txt,"Newcastle, NSW",narrative_setting,town,high,verified_gazetteer_point,frontend map_points row
canonical_frontend_public_map_row,"record_coord:686:-34.752387,149.719801",686,,,,Australian Yowie Research,/Users/jarlgiovanni/Desktop/bigfoot_research/public/data/frontend-data.json,1893 - Goulburn Penny Post Article,1893,-34.7523871,149.7198009,NSW,https://www.yowiehunters.com.au/historical-articles/1490-goulburn-penny-post-article-1893,"Goulburn, NSW",reported_place,town,medium,verified_gazetteer_point,frontend map_points row
canonical_frontend_public_map_row,"record_coord:687:-34.752387,149.719801",687,,,,Australian Yowie Research,/Users/jarlgiovanni/Desktop/bigfoot_research/public/data/frontend-data.json,1893 (2) - Goulburn Penny Post Article,1893,-34.7523871,149.7198009,NSW,https://www.yowiehunters.com.au/historical-articles/1491-goulburn-penny-post-article-1893-2,"Goulburn, NSW",reported_place,town,medium,verified_gazetteer_point,frontend map_points row
canonical_frontend_public_map_row,"record_coord:688:-35.352452,149.233763",688,,,,Australian Yowie Research,/Users/jarlgiovanni/Desktop/bigfoot_research/public/data/frontend-data.json,1894 - Queanbeyan Observer Article,1894,-35.3524518,149.2337634,NSW,https://www.yowiehunters.com.au/historical-articles/1492-queenbeyan-observer-article-1894,"Queanbeyan, NSW",reported_place,locality,medium,verified_gazetteer_point,frontend map_points row
canonical_frontend_public_map_row,"record_coord:864:-35.352452,149.233763",864,,,,Australian Yowie Research,/Users/jarlgiovanni/Desktop/bigfoot_research/public/data/frontend-data.json,1894 - Queanbeyan Observer Yowie Article,1894,-35.3524518,149.2337634,NSW,https://www.yowiehunters.com.au/media-clips/1724-1894-queanbeyan-observer-1894,"Queanbeyan, NSW",reported_place,locality,medium,verified_gazetteer_point,frontend map_points row
canonical_frontend_public_map_row,"record_coord:865:-34.481663,150.417787",865,,,,Australian Yowie Research,/Users/jarlgiovanni/Desktop/bigfoot_research/public/data/frontend-data.json,1895 - Bowral Free Press Yowie Article,1895,-34.4816626,150.4177868,NSW,https://www.yowiehunters.com.au/media-clips/2159-1895-bowral-free-press-yowie-article,"Bowral, NSW",reported_place,locality,medium,verified_gazetteer_point,frontend map_points row
canonical_frontend_public_map_row,"record_coord:3963:-29.996031,145.294039",3963,,,,Project Gutenberg,/Users/jarlgiovanni/Desktop/bigfoot_research/public/data/frontend-data.json,ghost in While the Billy Boils,1896,-29.9960307,145.2940392,NSW,https://www.gutenberg.org/ebooks/7144.txt.utf-8,"Bourke, NSW",narrative_setting,locality,B,verified_gazetteer_point,frontend map_points row
canonical_frontend_public_map_row,"record_coord:1491:-33.609741,150.405224",1491,,,,Project Gutenberg,/Users/jarlgiovanni/Desktop/bigfoot_research/public/data/frontend-data.json,ghost in Australian fairy tales,1897,-33.609741,150.4052237,NSW,https://www.gutenberg.org/files/68225/68225-0.txt,"Blue Mountains, NSW",narrative_setting,named_feature,high,verified_gazetteer_point,frontend map_points row
canonical_frontend_public_map_row,"record_coord:1494:-33.609741,150.405224",1494,,,,Project Gutenberg,/Users/jarlgiovanni/Desktop/bigfoot_research/public/data/frontend-data.json,ghost in Australian fairy tales,1897,-33.609741,150.4052237,NSW,https://www.gutenberg.org/files/68225/68225-0.txt,"Blue Mountains, NSW",narrative_setting,named_feature,high,verified_gazetteer_point,frontend map_points row
canonical_frontend_public_map_row,"record_coord:2366:-33.609741,150.405224",2366,,,,Project Gutenberg,/Users/jarlgiovanni/Desktop/bigfoot_research/public/data/frontend-data.json,giants in Australian fairy tales,1897,-33.609741,150.4052237,NSW,https://www.gutenberg.org/files/68225/68225-0.txt,"Blue Mountains, NSW",narrative_setting,named_feature,high,verified_gazetteer_point,frontend map_points row
canonical_frontend_public_map_row,"record_coord:2368:-33.609741,150.405224",2368,,,,Project Gutenberg,/Users/jarlgiovanni/Desktop/bigfoot_research/public/data/frontend-data.json,ghosts in Australian fairy tales,1897,-33.609741,150.4052237,NSW,https://www.gutenberg.org/files/68225/68225-0.txt,"Blue Mountains, NSW",narrative_setting,named_feature,high,verified_gazetteer_point,frontend map_points row
canonical_frontend_public_map_row,"record_coord:3951:-33.609741,150.405224",3951,,,,Project Gutenberg,/Users/jarlgiovanni/Desktop/bigfoot_research/public/data/frontend-data.json,ghosts in Australian Fairy Tales,1897,-33.609741,150.4052237,NSW,https://www.gutenberg.org/files/68225/68225-0.txt,"Blue Mountains, NSW",narrative_setting,named_feature,B,verified_gazetteer_point,frontend map_points row
canonical_frontend_public_map_row,"record_coord:2437:-36.759018,144.282672",2437,,,,Project Gutenberg Australia,/Users/jarlgiovanni/Desktop/bigfoot_research/public/data/frontend-data.json,ghosts in Below And On Top and Other Stories,1898,-36.7590183,144.2826718,VIC,https://gutenberg.net.au/ebooks05/0501011.txt,"Bendigo, VIC",narrative_setting,town,high,verified_gazetteer_point,frontend map_points row
canonical_frontend_public_map_row,"record_coord:1582:-34.461450,150.790409",1582,,,,Internet Archive,/Users/jarlgiovanni/Desktop/bigfoot_research/public/data/frontend-data.json,Baiame in Eaglehawk and Crow,1899,-34.4614504,150.790409,NSW,https://archive.org/download/eaglehawkcrowstu00math/eaglehawkcrowstu00math_djvu.txt,"Illawarra, NSW",narrative_setting,locality,high,verified_gazetteer_point,frontend map_points row
canonical_frontend_public_map_row,"record_coord:1722:-42.882509,147.328123",1722,,,,Internet Archive,/Users/jarlgiovanni/Desktop/bigfoot_research/public/data/frontend-data.json,witch in The Aborigines of Tasmania,1899,-42.8825088,147.3281233,TAS,https://archive.org/download/aboriginestasma00tylogoog/aboriginestasma00tylogoog_djvu.txt,"Hobart, TAS",narrative_setting,town,high,verified_gazetteer_point,frontend map_points row
canonical_frontend_public_map_row,"record_coord:1724:-42.882509,147.328123",1724,,,,Internet Archive,/Users/jarlgiovanni/Desktop/bigfoot_research/public/data/frontend-data.json,giant in The Aborigines of Tasmania,1899,-42.8825088,147.3281233,TAS,https://archive.org/download/aboriginestasma00tylogoog/aboriginestasma00tylogoog_djvu.txt,"Hobart, TAS",narrative_setting,town,high,verified_gazetteer_point,frontend map_points row
canonical_frontend_public_map_row,"record_coord:3902:-41.434081,147.137350",3902,,,,Internet Archive,/Users/jarlgiovanni/Desktop/bigfoot_research/public/data/frontend-data.json,spirits in The Aborigines of Tasmania,1899,-41.4340813,147.1373496,TAS,https://archive.org/download/aboriginestasma00tylogoog/aboriginestasma00tylogoog_djvu.txt,"Launceston, TAS",narrative_setting,town,high,verified_gazetteer_point,frontend map_points row
canonical_frontend_public_map_row,"record_coord:2559:-36.759018,144.282672",2559,,,,Project Gutenberg,/Users/jarlgiovanni/Desktop/bigfoot_research/public/data/frontend-data.json,ghost in In Bad Company,1901,-36.7590183,144.2826718,VIC,https://www.gutenberg.org/ebooks/51314.txt.utf-8,"Bendigo, VIC",narrative_setting,town,high,verified_gazetteer_point,frontend map_points row
canonical_frontend_public_map_row,"record_coord:348:-28.648333,153.617778",348,,,,Australian Yowie Research,/Users/jarlgiovanni/Desktop/bigfoot_research/public/data/frontend-data.json,"Byron Bay, New South Wales 1902",1902,-28.6483333,153.6177778,NSW,https://www.yowiehunters.com.au/new-south-wales/1366-byron-bay-new-south-wales-1902,"Byron Bay, NSW",reported_place,locality,high,verified_gazetteer_point,frontend map_points row
canonical_frontend_public_map_row,"record_coord:866:-33.609741,150.405224",866,,,,Australian Yowie Research,/Users/jarlgiovanni/Desktop/bigfoot_research/public/data/frontend-data.json,1902 - Blue Mountains Yowie Article,1902,-33.609741,150.4052237,NSW,https://www.yowiehunters.com.au/media-clips/2158-1902-blue-mountains-yowie-article,"Blue Mountains, NSW",reported_place,named_feature,medium,verified_gazetteer_point,frontend map_points row
canonical_frontend_public_map_row,"record_coord:691:-33.751195,150.694171",691,,,,Australian Yowie Research,/Users/jarlgiovanni/Desktop/bigfoot_research/public/data/frontend-data.json,"1903 - Nepean Times, Penrith",1903,-33.7511954,150.6941711,NSW,https://www.yowiehunters.com.au/historical-articles/1631-nepean-times-penrith-1903,"Penrith, NSW",reported_place,locality,medium,verified_gazetteer_point,frontend map_points row
canonical_frontend_public_map_row,"record_coord:692:-35.352452,149.233763",692,,,,Australian Yowie Research,/Users/jarlgiovanni/Desktop/bigfoot_research/public/data/frontend-data.json,1903 - Queanbeyan Age,1903,-35.3524518,149.2337634,NSW,https://www.yowiehunters.com.au/historical-articles/1637-queanbeyan-age-1903,"Queanbeyan, NSW",reported_place,locality,medium,verified_gazetteer_point,frontend map_points row
canonical_frontend_public_map_row,"record_coord:694:-35.352452,149.233763",694,,,,Australian Yowie Research,/Users/jarlgiovanni/Desktop/bigfoot_research/public/data/frontend-data.json,1903 (1) - Queanbeyan Observer Article,1903,-35.3524518,149.2337634,NSW,https://www.yowiehunters.com.au/historical-articles/1493-quuenbeyan-observer-article-1903,"Queanbeyan, NSW",reported_place,locality,medium,verified_gazetteer_point,frontend map_points row
canonical_frontend_public_map_row,"record_coord:695:-35.352452,149.233763",695,,,,Australian Yowie Research,/Users/jarlgiovanni/Desktop/bigfoot_research/public/data/frontend-data.json,1903 (2) - Queanbeyan Observer Article,1903,-35.3524518,149.2337634,NSW,https://www.yowiehunters.com.au/historical-articles/1494-queanbeyan-observer-article-1903-2,"Queanbeyan, NSW",reported_place,locality,medium,verified_gazetteer_point,frontend map_points row
canonical_frontend_public_map_row,"record_coord:696:-35.352452,149.233763",696,,,,Australian Yowie Research,/Users/jarlgiovanni/Desktop/bigfoot_research/public/data/frontend-data.json,1903 (3) - Queanbeyan Obsever Article,1903,-35.3524518,149.2337634,NSW,https://www.yowiehunters.com.au/historical-articles/1495-queanbeyan-obsever-article-1903-3,"Queanbeyan, NSW",reported_place,locality,medium,verified_gazetteer_point,frontend map_points row
canonical_frontend_public_map_row,"record_coord:867:-37.814245,144.963173",867,,,,Australian Yowie Research,/Users/jarlgiovanni/Desktop/bigfoot_research/public/data/frontend-data.json,1903 - Delegate Argus Yowie Article,1903,-37.8142454,144.9631732,VIC,https://www.yowiehunters.com.au/media-clips/2161-1903-delegate-argus-yowie-article,"Melbourne, VIC",reported_place,locality,medium,verified_gazetteer_point,frontend map_points row
canonical_frontend_public_map_row,"record_coord:868:-35.352452,149.233763",868,,,,Australian Yowie Research,/Users/jarlgiovanni/Desktop/bigfoot_research/public/data/frontend-data.json,1903 - Queanbeyan Observer Yowie Article 07-08-1903,1903,-35.3524518,149.2337634,NSW,https://www.yowiehunters.com.au/media-clips/2240-1903-queanbeyan-observer-yowie-article-07-08-1903,"Queanbeyan, NSW",reported_place,locality,medium,verified_gazetteer_point,frontend map_points row
canonical_frontend_public_map_row,"record_coord:3289:-28.480364,137.297905",3289,,,,Internet Archive,/Users/jarlgiovanni/Desktop/bigfoot_research/public/data/frontend-data.json,spirit in The Northern Tribes of Central Australia,1904,-28.4803638,137.2979051,SA,https://archive.org/download/northerntribesof00spen/northerntribesof00spen_djvu.txt,"Lake Eyre, SA",narrative_setting,named_feature,high,verified_gazetteer_point,frontend map_points row
canonical_frontend_public_map_row,"record_coord:697:-28.862911,153.048374",697,,,,Australian Yowie Research,/Users/jarlgiovanni/Desktop/bigfoot_research/public/data/frontend-data.json,1905 - Casino and Kyogle Advertiser Yowie Article,1905,-28.8629114,153.0483736,NSW,https://www.yowiehunters.com.au/historical-articles/2015-1905-casino-and-kyogle-advertiser-yowie-article,"Casino, NSW",reported_place,locality,medium,verified_gazetteer_point,frontend map_points row
canonical_frontend_public_map_row,"record_coord:869:-33.092382,148.863861",869,,,,Australian Yowie Research,/Users/jarlgiovanni/Desktop/bigfoot_research/public/data/frontend-data.json,1905 - Molong Express Yowie Article,1905,-33.0923817,148.8638613,NSW,https://www.yowiehunters.com.au/media-clips/2149-1905-molong-express-yowie-article,"Molong, NSW",reported_place,locality,medium,verified_gazetteer_point,frontend map_points row
canonical_frontend_public_map_row,"record_coord:870:-32.231702,147.952852",870,,,,Australian Yowie Research,/Users/jarlgiovanni/Desktop/bigfoot_research/public/data/frontend-data.json,1905 - Narromine News Yowie Article,1905,-32.2317016,147.9528517,NSW,https://www.yowiehunters.com.au/media-clips/2165-1905-narromine-news-yowie-article,"Narromine, NSW",reported_place,locality,medium,verified_gazetteer_point,frontend map_points row
canonical_frontend_public_map_row,"record_coord:1026:-23.052892,145.820943",1026,,,,Australian Yowie Research,/Users/jarlgiovanni/Desktop/bigfoot_research/public/data/frontend-data.json,1905 - Western Champion,1905,-23.052892,145.8209434,QLD,https://www.yowiehunters.com.au/historical-articles/1638-western-champion-1905,"Barcaldine, QLD",reported_place,locality,medium,verified_gazetteer_point,frontend map_points row
canonical_frontend_public_map_row,"record_coord:698:-32.602355,151.113289",698,,,,Australian Yowie Research,/Users/jarlgiovanni/Desktop/bigfoot_research/public/data/frontend-data.json,1906 - Singleton Argus,1906,-32.602355,151.1132887,NSW,https://www.yowiehunters.com.au/historical-articles/1639-singleton-argus-1906,"Singleton, NSW",reported_place,locality,medium,verified_gazetteer_point,frontend map_points row
canonical_frontend_public_map_row,"record_coord:871:-36.678098,149.840828",871,,,,Australian Yowie Research,/Users/jarlgiovanni/Desktop/bigfoot_research/public/data/frontend-data.json,1906 - Bega Budget Yowie Article,1906,-36.6780983,149.8408283,NSW,https://www.yowiehunters.com.au/media-clips/2156-1906-bega-budget-yowie-article,"Bega, NSW",reported_place,locality,medium,verified_gazetteer_point,frontend map_points row
canonical_frontend_public_map_row,"record_coord:872:-33.588830,151.169857",872,,,,Australian Yowie Research,/Users/jarlgiovanni/Desktop/bigfoot_research/public/data/frontend-data.json,1906 - Cowan NSW Yowie Article,1906,-33.5888297,151.1698568,NSW,https://www.yowiehunters.com.au/media-clips/2009-1906-cowan-nsw-yowie-article,"Cowan, NSW",reported_place,locality,medium,verified_gazetteer_point,frontend map_points row
canonical_frontend_public_map_row,"record_coord:873:-37.874483,146.911179",873,,,,Australian Yowie Research,/Users/jarlgiovanni/Desktop/bigfoot_research/public/data/frontend-data.json,1906 - Gippsland Times Yowie Article,1906,-37.8744827,146.9111788,VIC,https://www.yowiehunters.com.au/media-clips/2162-1906-gippsland-times-yowie-article,"Gippsland, VIC",reported_place,locality,medium,verified_gazetteer_point,frontend map_points row
canonical_frontend_public_map_row,"record_coord:874:-28.838430,152.281317",874,,,,Australian Yowie Research,/Users/jarlgiovanni/Desktop/bigfoot_research/public/data/frontend-data.json,1906 - Tenterfield Courrier Yowie Article,1906,-28.83843,152.2813166,NSW,https://www.yowiehunters.com.au/media-clips/2153-1906-tenterfield-courrier-yowie-article,"Tenterfield, NSW",reported_place,locality,medium,verified_gazetteer_point,frontend map_points row
canonical_frontend_public_map_row,"record_coord:700:-33.609741,150.405224",700,,,,Australian Yowie Research,/Users/jarlgiovanni/Desktop/bigfoot_research/public/data/frontend-data.json,1907 - The Hairyman by Henry Lawson,1907,-33.609741,150.4052237,NSW,https://www.yowiehunters.com.au/historical-articles/2017-1907-the-hairyman-by-henry-lawson,"Blue Mountains, NSW",reported_place,named_feature,high,verified_gazetteer_point,frontend map_points row
canonical_frontend_public_map_row,"record_coord:3074:-34.721190,135.859222",3074,,,,Internet Archive,/Users/jarlgiovanni/Desktop/bigfoot_research/public/data/frontend-data.json,spirit in Notes on the Aborigines of New South Wales,1907,-34.7211905,135.8592218,SA,https://archive.org/download/notesonaborigine00math/notesonaborigine00math_djvu.txt,"Port Lincoln, SA",narrative_setting,town,high,verified_gazetteer_point,frontend map_points row
canonical_frontend_public_map_row,"record_coord:701:-27.468962,153.023501",701,,,,Australian Yowie Research,/Users/jarlgiovanni/Desktop/bigfoot_research/public/data/frontend-data.json,1909 - Brisbane Workers Newspaper,1909,-27.4689623,153.0235009,QLD,https://www.yowiehunters.com.au/historical-articles/1626-brisbane-workers-newspaper-1909,"Brisbane, QLD",reported_place,locality,medium,verified_gazetteer_point,frontend map_points row
canonical_frontend_public_map_row,"record_coord:875:-24.865325,152.351678",875,,,,Australian Yowie Research,/Users/jarlgiovanni/Desktop/bigfoot_research/public/data/frontend-data.json,1909 - Bundaberg Mail & Burnett Advtertiser Yowie Article 10-09-1909,1909,-24.8653253,152.3516785,QLD,https://www.yowiehunters.com.au/media-clips/2052-1909-bundaberg-mail-burnett-advtertiser-yowie-article,"Bundaberg, QLD",reported_place,locality,medium,verified_gazetteer_point,frontend map_points row
canonical_frontend_public_map_row,"record_coord:876:-28.863204,153.082310",876,,,,Australian Yowie Research,/Users/jarlgiovanni/Desktop/bigfoot_research/public/data/frontend-data.json,1909 - Richmond River Herald Yowie Article,1909,-28.8632035,153.0823096,NSW,https://www.yowiehunters.com.au/media-clips/2167-1909-richmond-river-herald-yowie-article,"Richmond River, NSW",reported_place,locality,medium,verified_gazetteer_point,frontend map_points row
canonical_frontend_public_map_row,"record_coord:1077:-32.817500,149.375278",1077,,,,Australian Yowie Research,/Users/jarlgiovanni/Desktop/bigfoot_research/public/data/frontend-data.json,1909 - Northern Districts Advertiser 28-06-1909,1909,-32.8175,149.3752778,NSW,https://www.yowiehunters.com.au/media-clips/2241-1909-northern-districts-advertiser-28-06-1909,Hargraves,source_visible_place_hint,locality,medium,verified_gazetteer_point,frontend map_points row
canonical_frontend_public_map_row,"record_coord:2995:-37.814245,144.963173",2995,,,,Project Gutenberg,/Users/jarlgiovanni/Desktop/bigfoot_research/public/data/frontend-data.json,ghosts in The Getting of Wisdom,1910,-37.8142454,144.9631732,VIC,https://www.gutenberg.org/ebooks/3728.txt.utf-8,"Melbourne, VIC",narrative_setting,locality,B,verified_gazetteer_point,frontend map_points row
canonical_frontend_public_map_row,"record_coord:2996:-37.814245,144.963173",2996,,,,Project Gutenberg,/Users/jarlgiovanni/Desktop/bigfoot_research/public/data/frontend-data.json,ghosts in The Getting of Wisdom,1910,-37.8142454,144.9631732,VIC,https://www.gutenberg.org/ebooks/3728.txt.utf-8,"Melbourne, VIC",narrative_setting,locality,B,verified_gazetteer_point,frontend map_points row
canonical_frontend_public_map_row,"record_coord:2997:-37.814245,144.963173",2997,,,,Project Gutenberg,/Users/jarlgiovanni/Desktop/bigfoot_research/public/data/frontend-data.json,ghost in The Getting of Wisdom,1910,-37.8142454,144.9631732,VIC,https://www.gutenberg.org/ebooks/3728.txt.utf-8,"Melbourne, VIC",narrative_setting,locality,B,verified_gazetteer_point,frontend map_points row
canonical_frontend_public_map_row,"record_coord:3003:-37.814245,144.963173",3003,,,,Project Gutenberg,/Users/jarlgiovanni/Desktop/bigfoot_research/public/data/frontend-data.json,ghosts in The Getting of Wisdom,1910,-37.8142454,144.9631732,VIC,https://www.gutenberg.org/ebooks/3728.txt.utf-8,"Melbourne, VIC",narrative_setting,locality,B,verified_gazetteer_point,frontend map_points row
canonical_frontend_public_map_row,"record_coord:308:-36.911318,149.238937",308,,,,Australian Yowie Research,/Users/jarlgiovanni/Desktop/bigfoot_research/public/data/frontend-data.json,"Bombala, New South Wales 1912",1912,-36.9113175,149.2389375,NSW,https://www.yowiehunters.com.au/new-south-wales/1358-bombala-new-south-wales-1912,"Bombala, NSW",reported_place,locality,high,verified_gazetteer_point,frontend map_points row
canonical_frontend_public_map_row,"record_coord:703:-34.752387,149.719801",703,,,,Australian Yowie Research,/Users/jarlgiovanni/Desktop/bigfoot_research/public/data/frontend-data.json,1912 - Goulburn Penny Post Article,1912,-34.7523871,149.7198009,NSW,https://www.yowiehunters.com.au/historical-articles/1498-goulburn-penny-post-article-1912,"Goulburn, NSW",reported_place,town,medium,verified_gazetteer_point,frontend map_points row
canonical_frontend_public_map_row,"record_coord:704:-35.352452,149.233763",704,,,,Australian Yowie Research,/Users/jarlgiovanni/Desktop/bigfoot_research/public/data/frontend-data.json,1912 - Queanbeyan Age Article,1912,-35.3524518,149.2337634,NSW,https://www.yowiehunters.com.au/historical-articles/1500-queanbeyan-age-article-1912,"Queanbeyan, NSW",reported_place,locality,medium,verified_gazetteer_point,frontend map_points row
canonical_frontend_public_map_row,"record_coord:705:-33.869844,151.208285",705,,,,Australian Yowie Research,/Users/jarlgiovanni/Desktop/bigfoot_research/public/data/frontend-data.json,1912 - Sydney Morning Herald,1912,-33.8698439,151.2082848,NSW,https://www.yowiehunters.com.au/historical-articles/1529-sydney-morning-herald-1912,"Sydney, NSW",reported_place,locality,medium,verified_gazetteer_point,frontend map_points row
canonical_frontend_public_map_row,"record_coord:706:-33.869844,151.208285",706,,,,Australian Yowie Research,/Users/jarlgiovanni/Desktop/bigfoot_research/public/data/frontend-data.json,1912 - Sydney Morning Herald Article,1912,-33.8698439,151.2082848,NSW,https://www.yowiehunters.com.au/historical-articles/1497-sydney-morning-herald-article-1912,"Sydney, NSW",reported_place,locality,medium,verified_gazetteer_point,frontend map_points row
canonical_frontend_public_map_row,"record_coord:708:-33.869844,151.208285",708,,,,Australian Yowie Research,/Users/jarlgiovanni/Desktop/bigfoot_research/public/data/frontend-data.json,1912 (2) - Sydney Sun Article,1912,-33.8698439,151.2082848,NSW,https://www.yowiehunters.com.au/historical-articles/1501-sydney-sun-article-1912-2,"Sydney, NSW",reported_place,locality,medium,verified_gazetteer_point,frontend map_points row
canonical_frontend_public_map_row,"record_coord:877:-34.928181,138.599931",877,,,,Australian Yowie Research,/Users/jarlgiovanni/Desktop/bigfoot_research/public/data/frontend-data.json,1912 - Adelaide Chronicle Yowie Article,1912,-34.9281805,138.5999312,SA,https://www.yowiehunters.com.au/media-clips/2014-1912-adelaide-chronicle-yowie-article,"Adelaide, SA",reported_place,locality,medium,verified_gazetteer_point,frontend map_points row
canonical_frontend_public_map_row,"record_coord:881:-33.869844,151.208285",881,,,,Australian Yowie Research,/Users/jarlgiovanni/Desktop/bigfoot_research/public/data/frontend-data.json,1912 - Sydney Morning Heald Yowie Article,1912,-33.8698439,151.2082848,NSW,https://www.yowiehunters.com.au/media-clips/1853-1912-sydney-morning-heald,"Sydney, NSW",reported_place,locality,medium,verified_gazetteer_point,frontend map_points row
canonical_frontend_public_map_row,"record_coord:882:-36.678098,149.840828",882,,,,Australian Yowie Research,/Users/jarlgiovanni/Desktop/bigfoot_research/public/data/frontend-data.json,1912- Bega Budget Yowie Article,1912,-36.6780983,149.8408283,NSW,https://www.yowiehunters.com.au/media-clips/1852-1912-bega-budget,"Bega, NSW",reported_place,locality,medium,verified_gazetteer_point,frontend map_points row
canonical_frontend_public_map_row,"record_coord:1031:-27.468962,153.023501",1031,,,,Australian Yowie Research,/Users/jarlgiovanni/Desktop/bigfoot_research/public/data/frontend-data.json,1912 - Sunday Mail Yowie Article,1912,-27.4689623,153.0235009,QLD,https://www.yowiehunters.com.au/media-clips/1775-1912-sunday-mail-yowie-article,"Brisbane, QLD",reported_place,locality,medium,verified_gazetteer_point,frontend map_points row
canonical_frontend_public_map_row,"record_coord:3059:-28.480364,137.297905",3059,,,,Internet Archive,/Users/jarlgiovanni/Desktop/bigfoot_research/public/data/frontend-data.json,"spirits in Across Australia, volume 1",1912,-28.4803638,137.2979051,SA,https://archive.org/download/acrossaustralia01spenuoft/acrossaustralia01spenuoft_djvu.txt,"Lake Eyre, SA",narrative_setting,named_feature,high,verified_gazetteer_point,frontend map_points row
canonical_frontend_public_map_row,"record_coord:3060:-28.480364,137.297905",3060,,,,Internet Archive,/Users/jarlgiovanni/Desktop/bigfoot_research/public/data/frontend-data.json,"spirits in Across Australia, volume 1",1912,-28.4803638,137.2979051,SA,https://archive.org/download/acrossaustralia01spenuoft/acrossaustralia01spenuoft_djvu.txt,"Lake Eyre, SA",narrative_setting,named_feature,high,verified_gazetteer_point,frontend map_points row
canonical_frontend_public_map_row,"record_coord:3061:-28.480364,137.297905",3061,,,,Internet Archive,/Users/jarlgiovanni/Desktop/bigfoot_research/public/data/frontend-data.json,"spirit in Across Australia, volume 1",1912,-28.4803638,137.2979051,SA,https://archive.org/download/acrossaustralia01spenuoft/acrossaustralia01spenuoft_djvu.txt,"Lake Eyre, SA",narrative_setting,named_feature,high,verified_gazetteer_point,frontend map_points row
canonical_frontend_public_map_row,"record_coord:3070:-28.480364,137.297905",3070,,,,Internet Archive,/Users/jarlgiovanni/Desktop/bigfoot_research/public/data/frontend-data.json,"magic man in Across Australia, volume 1",1912,-28.4803638,137.2979051,SA,https://archive.org/download/acrossaustralia01spenuoft/acrossaustralia01spenuoft_djvu.txt,"Lake Eyre, SA",narrative_setting,named_feature,high,verified_gazetteer_point,frontend map_points row
canonical_frontend_public_map_row,"record_coord:3095:-23.698388,133.881289",3095,,,,Internet Archive,/Users/jarlgiovanni/Desktop/bigfoot_research/public/data/frontend-data.json,"spirits in Across Australia, volume 2",1912,-23.6983884,133.8812885,NT,https://archive.org/download/acrossaustralia02spen/acrossaustralia02spen_djvu.txt,"Alice Springs, NT",narrative_setting,town,high,verified_gazetteer_point,frontend map_points row
canonical_frontend_public_map_row,"record_coord:3142:-24.921405,133.683874",3142,,,,Internet Archive,/Users/jarlgiovanni/Desktop/bigfoot_research/public/data/frontend-data.json,"spirits in Across Australia, volume 2",1912,-24.9214046,133.6838744,NT,https://archive.org/download/acrossaustralia02spen/acrossaustralia02spen_djvu.txt,"Finke River, NT",narrative_setting,named_feature,high,verified_gazetteer_point,frontend map_points row
canonical_frontend_public_map_row,"record_coord:3149:-24.921405,133.683874",3149,,,,Internet Archive,/Users/jarlgiovanni/Desktop/bigfoot_research/public/data/frontend-data.json,"devil in Across Australia, volume 2",1912,-24.9214046,133.6838744,NT,https://archive.org/download/acrossaustralia02spen/acrossaustralia02spen_djvu.txt,"Finke River, NT",narrative_setting,named_feature,high,verified_gazetteer_point,frontend map_points row
canonical_frontend_public_map_row,"record_coord:3153:-23.698388,133.881289",3153,,,,Internet Archive,/Users/jarlgiovanni/Desktop/bigfoot_research/public/data/frontend-data.json,"medicine man in Across Australia, volume 2",1912,-23.6983884,133.8812885,NT,https://archive.org/download/acrossaustralia02spen/acrossaustralia02spen_djvu.txt,"Alice Springs, NT",narrative_setting,town,high,verified_gazetteer_point,frontend map_points row
canonical_frontend_public_map_row,"record_coord:3155:-23.698388,133.881289",3155,,,,Internet Archive,/Users/jarlgiovanni/Desktop/bigfoot_research/public/data/frontend-data.json,"medicine man in Across Australia, volume 2",1912,-23.6983884,133.8812885,NT,https://archive.org/download/acrossaustralia02spen/acrossaustralia02spen_djvu.txt,"Alice Springs, NT",narrative_setting,town,high,verified_gazetteer_point,frontend map_points row
canonical_frontend_public_map_row,"record_coord:3163:-24.921405,133.683874",3163,,,,Internet Archive,/Users/jarlgiovanni/Desktop/bigfoot_research/public/data/frontend-data.json,"medicine man in Across Australia, volume 2",1912,-24.9214046,133.6838744,NT,https://archive.org/download/acrossaustralia02spen/acrossaustralia02spen_djvu.txt,"Finke River, NT",narrative_setting,named_feature,high,verified_gazetteer_point,frontend map_points row
canonical_frontend_public_map_row,"record_coord:883:-36.911318,149.238937",883,,,,Australian Yowie Research,/Users/jarlgiovanni/Desktop/bigfoot_research/public/data/frontend-data.json,1913 - Bombala Times Yowie Article,1913,-36.9113175,149.2389375,NSW,https://www.yowiehunters.com.au/media-clips/2144-1913-bombala-times-yowie-article,"Bombala, NSW",reported_place,locality,medium,verified_gazetteer_point,frontend map_points row
canonical_frontend_public_map_row,"record_coord:884:-32.731668,151.551112",884,,,,Australian Yowie Research,/Users/jarlgiovanni/Desktop/bigfoot_research/public/data/frontend-data.json,1913 - Maitland Daily Mercury Yowie Article,1913,-32.7316683,151.5511123,NSW,https://www.yowiehunters.com.au/media-clips/2011-1913-maitland-daily-mercury-yowie-article,"Maitland, NSW",reported_place,locality,medium,verified_gazetteer_point,frontend map_points row
canonical_frontend_public_map_row,"record_coord:3818:-33.416648,149.580373",3818,,,,Internet Archive,/Users/jarlgiovanni/Desktop/bigfoot_research/public/data/frontend-data.json,spirit in Native Tribes of the Northern Territory of Australia,1914,-33.4166482,149.5803725,NSW,https://archive.org/download/cu31924028623076/cu31924028623076_djvu.txt,"Bathurst, NSW",narrative_setting,town,high,verified_gazetteer_point,frontend map_points row
canonical_frontend_public_map_row,"record_coord:3824:-14.687340,134.376527",3824,,,,Internet Archive,/Users/jarlgiovanni/Desktop/bigfoot_research/public/data/frontend-data.json,spirits in Native Tribes of the Northern Territory of Australia,1914,-14.6873399,134.3765274,NT,https://archive.org/download/cu31924028623076/cu31924028623076_djvu.txt,"Roper River, NT",narrative_setting,named_feature,high,verified_gazetteer_point,frontend map_points row
canonical_frontend_public_map_row,"record_coord:3825:-14.687340,134.376527",3825,,,,Internet Archive,/Users/jarlgiovanni/Desktop/bigfoot_research/public/data/frontend-data.json,spirits in Native Tribes of the Northern Territory of Australia,1914,-14.6873399,134.3765274,NT,https://archive.org/download/cu31924028623076/cu31924028623076_djvu.txt,"Roper River, NT",narrative_setting,named_feature,high,verified_gazetteer_point,frontend map_points row
canonical_frontend_public_map_row,"record_coord:3962:-37.562301,143.860565",3962,,,,Project Gutenberg,/Users/jarlgiovanni/Desktop/bigfoot_research/public/data/frontend-data.json,ghost in Australia Felix,1917,-37.5623013,143.8605645,VIC,https://www.gutenberg.org/ebooks/3832.txt.utf-8,"Ballarat, VIC",narrative_setting,town,B,verified_gazetteer_point,frontend map_points row
canonical_frontend_public_map_row,"record_coord:85:-33.677064,149.621506",85,,,,Australian Yowie Research,/Users/jarlgiovanni/Desktop/bigfoot_research/public/data/frontend-data.json,"Charlton, New South Wales 1923",1923,-33.6770642,149.6215064,NSW,https://www.yowiehunters.com.au/new-south-wales/1369-charlton-new-south-wales-1923,"Charlton, NSW",reported_place,locality,high,verified_gazetteer_point,frontend map_points row
canonical_frontend_public_map_row,"record_coord:1414:-37.833300,145.350000",1414,,,,Project Gutenberg Australia,/Users/jarlgiovanni/Desktop/bigfoot_research/public/data/frontend-data.json,little woman in Tales of the Dandenongs First Series,1925,-37.8333,145.35,VIC,https://gutenberg.net.au/ebooks21/2100371h.html,"Dandenong Ranges, VIC",narrative_setting,named_feature,B,verified_gazetteer_point,frontend map_points row
canonical_frontend_public_map_row,"record_coord:1457:-37.833300,145.350000",1457,,,,Project Gutenberg Australia,/Users/jarlgiovanni/Desktop/bigfoot_research/public/data/frontend-data.json,fairy in Tales of the Dandenongs Second Series,1925,-37.8333,145.35,VIC,https://gutenberg.net.au/ebooks21/2100341h.html,"Dandenong Ranges, VIC",narrative_setting,named_feature,B,verified_gazetteer_point,frontend map_points row
canonical_frontend_public_map_row,"record_coord:1458:-37.833300,145.350000",1458,,,,Project Gutenberg Australia,/Users/jarlgiovanni/Desktop/bigfoot_research/public/data/frontend-data.json,spirit in Tales of the Dandenongs Third Series,1925,-37.8333,145.35,VIC,https://gutenberg.net.au/ebooks21/2100481h.html,"Dandenong Ranges, VIC",narrative_setting,named_feature,B,verified_gazetteer_point,frontend map_points row
canonical_frontend_public_map_row,"record_coord:1459:-37.833300,145.350000",1459,,,,Project Gutenberg Australia,/Users/jarlgiovanni/Desktop/bigfoot_research/public/data/frontend-data.json,spirit in Tales of the Dandenongs Third Series,1925,-37.8333,145.35,VIC,https://gutenberg.net.au/ebooks21/2100481h.html,"Dandenong Ranges, VIC",narrative_setting,named_feature,B,verified_gazetteer_point,frontend map_points row
canonical_frontend_public_map_row,"record_coord:1460:-37.833300,145.350000",1460,,,,Project Gutenberg Australia,/Users/jarlgiovanni/Desktop/bigfoot_research/public/data/frontend-data.json,witch in Tales of the Dandenongs Third Series,1925,-37.8333,145.35,VIC,https://gutenberg.net.au/ebooks21/2100481h.html,"Dandenong Ranges, VIC",narrative_setting,named_feature,B,verified_gazetteer_point,frontend map_points row
canonical_frontend_public_map_row,"record_coord:1461:-37.833300,145.350000",1461,,,,Project Gutenberg Australia,/Users/jarlgiovanni/Desktop/bigfoot_research/public/data/frontend-data.json,witch in Tales of the Dandenongs Third Series,1925,-37.8333,145.35,VIC,https://gutenberg.net.au/ebooks21/2100481h.html,"Dandenong Ranges, VIC",narrative_setting,named_feature,B,verified_gazetteer_point,frontend map_points row
canonical_frontend_public_map_row,"record_coord:1462:-37.833300,145.350000",1462,,,,Project Gutenberg Australia,/Users/jarlgiovanni/Desktop/bigfoot_research/public/data/frontend-data.json,witch in Tales of the Dandenongs Third Series,1925,-37.8333,145.35,VIC,https://gutenberg.net.au/ebooks21/2100481h.html,"Dandenong Ranges, VIC",narrative_setting,named_feature,B,verified_gazetteer_point,frontend map_points row
canonical_frontend_public_map_row,"record_coord:1463:-37.833300,145.350000",1463,,,,Project Gutenberg Australia,/Users/jarlgiovanni/Desktop/bigfoot_research/public/data/frontend-data.json,witch in Tales of the Dandenongs Third Series,1925,-37.8333,145.35,VIC,https://gutenberg.net.au/ebooks21/2100481h.html,"Dandenong Ranges, VIC",narrative_setting,named_feature,B,verified_gazetteer_point,frontend map_points row
canonical_frontend_public_map_row,"record_coord:1464:-37.833300,145.350000",1464,,,,Project Gutenberg Australia,/Users/jarlgiovanni/Desktop/bigfoot_research/public/data/frontend-data.json,spirit in Tales of the Dandenongs Third Series,1925,-37.8333,145.35,VIC,https://gutenberg.net.au/ebooks21/2100481h.html,"Dandenong Ranges, VIC",narrative_setting,named_feature,B,verified_gazetteer_point,frontend map_points row
canonical_frontend_public_map_row,"record_coord:1465:-37.833300,145.350000",1465,,,,Project Gutenberg Australia,/Users/jarlgiovanni/Desktop/bigfoot_research/public/data/frontend-data.json,spirit in Tales of the Dandenongs Third Series,1925,-37.8333,145.35,VIC,https://gutenberg.net.au/ebooks21/2100481h.html,"Dandenong Ranges, VIC",narrative_setting,named_feature,B,verified_gazetteer_point,frontend map_points row
canonical_frontend_public_map_row,"record_coord:1466:-37.833300,145.350000",1466,,,,Project Gutenberg Australia,/Users/jarlgiovanni/Desktop/bigfoot_research/public/data/frontend-data.json,giant in Tales of the Dandenongs Fourth Series,1925,-37.8333,145.35,VIC,https://gutenberg.net.au/ebooks21/2100381h.html,"Dandenong Ranges, VIC",narrative_setting,named_feature,B,verified_gazetteer_point,frontend map_points row
canonical_frontend_public_map_row,"record_coord:1467:-37.833300,145.350000",1467,,,,Project Gutenberg Australia,/Users/jarlgiovanni/Desktop/bigfoot_research/public/data/frontend-data.json,ghost in Tales of the Dandenongs Fourth Series,1925,-37.8333,145.35,VIC,https://gutenberg.net.au/ebooks21/2100381h.html,"Dandenong Ranges, VIC",narrative_setting,named_feature,B,verified_gazetteer_point,frontend map_points row
canonical_frontend_public_map_row,"record_coord:1468:-37.833300,145.350000",1468,,,,Project Gutenberg Australia,/Users/jarlgiovanni/Desktop/bigfoot_research/public/data/frontend-data.json,little woman in Tales of the Dandenongs Fourth Series,1925,-37.8333,145.35,VIC,https://gutenberg.net.au/ebooks21/2100381h.html,"Dandenong Ranges, VIC",narrative_setting,named_feature,B,verified_gazetteer_point,frontend map_points row
canonical_frontend_public_map_row,"record_coord:1469:-37.833300,145.350000",1469,,,,Project Gutenberg Australia,/Users/jarlgiovanni/Desktop/bigfoot_research/public/data/frontend-data.json,little woman in Tales of the Dandenongs Fourth Series,1925,-37.8333,145.35,VIC,https://gutenberg.net.au/ebooks21/2100381h.html,"Dandenong Ranges, VIC",narrative_setting,named_feature,B,verified_gazetteer_point,frontend map_points row
canonical_frontend_public_map_row,"record_coord:1470:-37.833300,145.350000",1470,,,,Project Gutenberg Australia,/Users/jarlgiovanni/Desktop/bigfoot_research/public/data/frontend-data.json,little woman in Tales of the Dandenongs Fourth Series,1925,-37.8333,145.35,VIC,https://gutenberg.net.au/ebooks21/2100381h.html,"Dandenong Ranges, VIC",narrative_setting,named_feature,B,verified_gazetteer_point,frontend map_points row
canonical_frontend_public_map_row,"record_coord:2333:-37.833300,145.350000",2333,,,,Project Gutenberg Australia,/Users/jarlgiovanni/Desktop/bigfoot_research/public/data/frontend-data.json,fairy in Tales of the Dandenongs First Series,1925,-37.8333,145.35,VIC,https://gutenberg.net.au/ebooks21/2100371h.html,"Dandenong Ranges, VIC",narrative_setting,named_feature,B,verified_gazetteer_point,frontend map_points row
canonical_frontend_public_map_row,"record_coord:2334:-37.833300,145.350000",2334,,,,Project Gutenberg Australia,/Users/jarlgiovanni/Desktop/bigfoot_research/public/data/frontend-data.json,giant in Tales of the Dandenongs First Series,1925,-37.8333,145.35,VIC,https://gutenberg.net.au/ebooks21/2100371h.html,"Dandenong Ranges, VIC",narrative_setting,named_feature,B,verified_gazetteer_point,frontend map_points row
canonical_frontend_public_map_row,"record_coord:2335:-37.833300,145.350000",2335,,,,Project Gutenberg Australia,/Users/jarlgiovanni/Desktop/bigfoot_research/public/data/frontend-data.json,giant in Tales of the Dandenongs First Series,1925,-37.8333,145.35,VIC,https://gutenberg.net.au/ebooks21/2100371h.html,"Dandenong Ranges, VIC",narrative_setting,named_feature,B,verified_gazetteer_point,frontend map_points row
canonical_frontend_public_map_row,"record_coord:2336:-37.833300,145.350000",2336,,,,Project Gutenberg Australia,/Users/jarlgiovanni/Desktop/bigfoot_research/public/data/frontend-data.json,spirit in Tales of the Dandenongs First Series,1925,-37.8333,145.35,VIC,https://gutenberg.net.au/ebooks21/2100371h.html,"Dandenong Ranges, VIC",narrative_setting,named_feature,B,verified_gazetteer_point,frontend map_points row
canonical_frontend_public_map_row,"record_coord:2337:-37.833300,145.350000",2337,,,,Project Gutenberg Australia,/Users/jarlgiovanni/Desktop/bigfoot_research/public/data/frontend-data.json,giant in Tales of the Dandenongs First Series,1925,-37.8333,145.35,VIC,https://gutenberg.net.au/ebooks21/2100371h.html,"Dandenong Ranges, VIC",narrative_setting,named_feature,B,verified_gazetteer_point,frontend map_points row
canonical_frontend_public_map_row,"record_coord:2338:-37.833300,145.350000",2338,,,,Project Gutenberg Australia,/Users/jarlgiovanni/Desktop/bigfoot_research/public/data/frontend-data.json,spirit in Tales of the Dandenongs First Series,1925,-37.8333,145.35,VIC,https://gutenberg.net.au/ebooks21/2100371h.html,"Dandenong Ranges, VIC",narrative_setting,named_feature,B,verified_gazetteer_point,frontend map_points row
canonical_frontend_public_map_row,"record_coord:2339:-37.833300,145.350000",2339,,,,Project Gutenberg Australia,/Users/jarlgiovanni/Desktop/bigfoot_research/public/data/frontend-data.json,devil in Tales of the Dandenongs Third Series,1925,-37.8333,145.35,VIC,https://gutenberg.net.au/ebooks21/2100481h.html,"Dandenong Ranges, VIC",narrative_setting,named_feature,B,verified_gazetteer_point,frontend map_points row
canonical_frontend_public_map_row,"record_coord:2340:-37.833300,145.350000",2340,,,,Project Gutenberg Australia,/Users/jarlgiovanni/Desktop/bigfoot_research/public/data/frontend-data.json,devil in Tales of the Dandenongs Third Series,1925,-37.8333,145.35,VIC,https://gutenberg.net.au/ebooks21/2100481h.html,"Dandenong Ranges, VIC",narrative_setting,named_feature,B,verified_gazetteer_point,frontend map_points row
canonical_frontend_public_map_row,"record_coord:2341:-37.833300,145.350000",2341,,,,Project Gutenberg Australia,/Users/jarlgiovanni/Desktop/bigfoot_research/public/data/frontend-data.json,devil in Tales of the Dandenongs Third Series,1925,-37.8333,145.35,VIC,https://gutenberg.net.au/ebooks21/2100481h.html,"Dandenong Ranges, VIC",narrative_setting,named_feature,B,verified_gazetteer_point,frontend map_points row
canonical_frontend_public_map_row,"record_coord:2342:-37.833300,145.350000",2342,,,,Project Gutenberg Australia,/Users/jarlgiovanni/Desktop/bigfoot_research/public/data/frontend-data.json,spirit in Tales of the Dandenongs Fourth Series,1925,-37.8333,145.35,VIC,https://gutenberg.net.au/ebooks21/2100381h.html,"Dandenong Ranges, VIC",narrative_setting,named_feature,B,verified_gazetteer_point,frontend map_points row
canonical_frontend_public_map_row,"record_coord:2343:-37.833300,145.350000",2343,,,,Project Gutenberg Australia,/Users/jarlgiovanni/Desktop/bigfoot_research/public/data/frontend-data.json,spirit in Tales of the Dandenongs Fourth Series,1925,-37.8333,145.35,VIC,https://gutenberg.net.au/ebooks21/2100381h.html,"Dandenong Ranges, VIC",narrative_setting,named_feature,B,verified_gazetteer_point,frontend map_points row
canonical_frontend_public_map_row,"record_coord:710:-35.309296,149.006302",710,,,,Australian Yowie Research,/Users/jarlgiovanni/Desktop/bigfoot_research/public/data/frontend-data.json,"1927 - Brindabella Article, John Gale",1927,-35.3092958,149.0063023,ACT,https://www.yowiehunters.com.au/historical-articles/1496-john-gale-brindabella-article-1927,"Brindabella, ACT",reported_place,locality,medium,verified_gazetteer_point,frontend map_points row
canonical_frontend_public_map_row,"record_coord:711:-35.297591,149.101268",711,,,,Australian Yowie Research,/Users/jarlgiovanni/Desktop/bigfoot_research/public/data/frontend-data.json,"1927 - History of ACT Legends, John Gale",1927,-35.2975906,149.1012676,ACT,https://www.yowiehunters.com.au/historical-articles/1655-history-of-act-legends-john-gale-1927,"Canberra, ACT",legend_associated_place,town,high,verified_gazetteer_point,frontend map_points row
canonical_frontend_public_map_row,"record_coord:885:-35.297591,149.101268",885,,,,Australian Yowie Research,/Users/jarlgiovanni/Desktop/bigfoot_research/public/data/frontend-data.json,1927 - Canberra History & Legends by J. Gale,1927,-35.2975906,149.1012676,ACT,https://www.yowiehunters.com.au/media-clips/1716-1927-canberra-history-legends-by-j-gale,"Canberra, ACT",reported_place,town,medium,verified_gazetteer_point,frontend map_points row
canonical_frontend_public_map_row,"record_coord:886:-35.309296,149.006302",886,,,,Australian Yowie Research,/Users/jarlgiovanni/Desktop/bigfoot_research/public/data/frontend-data.json,1927 - History and Legends of the A.C.T. by John Gale,1927,-35.3092958,149.0063023,ACT,https://www.yowiehunters.com.au/media-clips/2163-1927-history-and-legends-of-the-a-c-t-by-john-gale,Brindabella,source_visible_place_hint,locality,medium,verified_gazetteer_point,frontend map_points row
canonical_frontend_public_map_row,"record_coord:4416:-35.368056,148.658222",4416,,,,Australian Yowie Research / AYR Yowie Reports Map,/Users/jarlgiovanni/Desktop/bigfoot_research/public/data/frontend-data.json,Reports from newspapers: 1927 - Canberra History and Legends by J. Gale,1927,-35.368056,148.658222,NSW,https://www.yowiehunters.com.au/media-clips/1716-1927-canberra-history-legends-by-j-gale,"J. Gale, NSW",source_visible_place,locality,stage_only_public_report_marker,verified_place,frontend map_points row
canonical_frontend_public_map_row,"record_coord:4417:-35.156461,148.585336",4417,,,,Australian Yowie Research / AYR Yowie Reports Map,/Users/jarlgiovanni/Desktop/bigfoot_research/public/data/frontend-data.json,Reports from newspapers: 1927 - History and Legends of the A.C.T. by John Gale,1927,-35.156461,148.585336,NSW,https://www.yowiehunters.com.au/media-clips/2163-1927-history-and-legends-of-the-a-c-t-by-john-gale,"John Gale, NSW",source_visible_place,locality,stage_only_public_report_marker,verified_place,frontend map_points row
canonical_frontend_public_map_row,"record_coord:712:-27.468962,153.023501",712,,,,Australian Yowie Research,/Users/jarlgiovanni/Desktop/bigfoot_research/public/data/frontend-data.json,1928 - Brisbane Courier,1928,-27.4689623,153.0235009,QLD,https://www.yowiehunters.com.au/historical-articles/1633-brisbane-courier-queensland-1928,"Brisbane, QLD",reported_place,locality,medium,verified_gazetteer_point,frontend map_points row
canonical_frontend_public_map_row,"record_coord:382:-31.190000,152.976111",382,,,,Australian Yowie Research,/Users/jarlgiovanni/Desktop/bigfoot_research/public/data/frontend-data.json,"Crescent Head, New South Wales 1930",1930,-31.19,152.9761111,NSW,https://www.yowiehunters.com.au/new-south-wales/1686-crescent-head-new-south-wales-1930,"Crescent Head, NSW",reported_place,locality,high,verified_gazetteer_point,frontend map_points row
canonical_frontend_public_map_row,"record_coord:4261:-31.190000,152.976111",4261,,,,Australian Yowie Research / AYR Yowie Reports Map,/Users/jarlgiovanni/Desktop/bigfoot_research/public/data/frontend-data.json,"YouTube reports, interviews: Yowie Sighting (Audio Report #49) at Crescent Head, New South Wales (1930)",1930,-31.19,152.9761111,NSW,https://www.youtube.com/watch?v=r3_nE8Rk4F4,"Crescent Head, NSW",source_visible_place,locality,stage_only_public_report_marker,verified_gazetteer_point,frontend map_points row
canonical_frontend_public_map_row,"record_coord:4262:-28.733177,151.964900",4262,,,,Australian Yowie Research / AYR Yowie Reports Map,/Users/jarlgiovanni/Desktop/bigfoot_research/public/data/frontend-data.json,"YouTube reports, interviews: Yowie Sightings (Audio Report #48) around Stanthorpe in the 1930s",1930,-28.733177,151.9649,QLD,https://www.youtube.com/watch?v=1AxyMBWGACU,"Stanthorpe in the 1930s, QLD",source_visible_place,locality,stage_only_public_report_marker,verified_place,frontend map_points row
canonical_frontend_public_map_row,"record_coord:149:-20.071409,146.270982",149,,,,Australian Yowie Research,/Users/jarlgiovanni/Desktop/bigfoot_research/public/data/frontend-data.json,"Charters Towers, Queensland 1932",1932,-20.0714089,146.2709824,QLD,https://www.yowiehunters.com.au/queensland/1280-charters-towers-qld-1932,"Charters Towers, QLD",reported_place,locality,high,verified_gazetteer_point,frontend map_points row
canonical_frontend_public_map_row,"record_coord:4418:-36.313056,146.839167",4418,,,,Australian Yowie Research / AYR Yowie Reports Map,/Users/jarlgiovanni/Desktop/bigfoot_research/public/data/frontend-data.json,Reports from newspapers: 1932 - Northern Territory Times Yowie Article,1932,-36.313056,146.839167,NT,https://www.yowiehunters.com.au/media-clips/2166-1932-northern-territory-times-yowie-article,"1932 - Northern Territory Times Yowie Article, NT",source_visible_place,locality,stage_only_public_report_marker,verified_place,frontend map_points row
canonical_frontend_public_map_row,"record_coord:457:-28.655995,151.933827",457,,,,Australian Yowie Research,/Users/jarlgiovanni/Desktop/bigfoot_research/public/data/frontend-data.json,"Stanthorpe, Queensland 1934",1934,-28.6559947,151.9338265,QLD,https://www.yowiehunters.com.au/queensland/1334-stanthorpe-qld-1934,"Stanthorpe, QLD",reported_place,locality,high,verified_gazetteer_point,frontend map_points row
canonical_frontend_public_map_row,"record_coord:713:-28.655995,151.933827",713,,,,Australian Yowie Research,/Users/jarlgiovanni/Desktop/bigfoot_research/public/data/frontend-data.json,"1932 - Stanthorpe, Queensland",1934,-28.6559947,151.9338265,QLD,https://www.yowiehunters.com.au/historical-articles/1527-stanthorpe-queensland-1932,"Stanthorpe, QLD",reported_place,locality,high,verified_gazetteer_point,frontend map_points row
canonical_frontend_public_map_row,"record_coord:714:-16.920666,145.772185",714,,,,Australian Yowie Research,/Users/jarlgiovanni/Desktop/bigfoot_research/public/data/frontend-data.json,1934 - The Cairns Post,1934,-16.9206657,145.7721854,QLD,https://www.yowiehunters.com.au/historical-articles/2263-1934-the-cairns-post,"Cairns, QLD",reported_place,locality,medium,verified_gazetteer_point,frontend map_points row
canonical_frontend_public_map_row,"record_coord:514:-28.807761,153.279188",514,,,,Australian Yowie Research,/Users/jarlgiovanni/Desktop/bigfoot_research/public/data/frontend-data.json,"Lismore, New South wales 1935",1935,-28.8077608,153.2791883,NSW,https://www.yowiehunters.com.au/new-south-wales/1411-lismore-new-south-wales-1935,"Lismore, NSW",reported_place,locality,high,verified_gazetteer_point,frontend map_points row
canonical_frontend_public_map_row,"record_coord:824:-33.869844,151.208285",824,,,,Australian Yowie Research,/Users/jarlgiovanni/Desktop/bigfoot_research/public/data/frontend-data.json,1935 - Sydney Morning Herald,1935,-33.8698439,151.2082848,NSW,https://www.yowiehunters.com.au/historical-articles/1504-sydney-morning-herald-1935,"Sydney, NSW",reported_place,locality,medium,verified_gazetteer_point,frontend map_points row
canonical_frontend_public_map_row,"record_coord:4421:-28.833667,153.283333",4421,,,,Australian Yowie Research / AYR Yowie Reports Map,/Users/jarlgiovanni/Desktop/bigfoot_research/public/data/frontend-data.json,Reports from newspapers: 1970s - Northern Star Re:1935 Lismore Yowie Sighting,1935,-28.833667,153.283333,QLD,https://www.yowiehunters.com.au/media-clips/1692-northern-star-regarding-1935-lismore-yowie-sighting,"1970s - Northern Star Re:1935 Lismore Yowie Sighting, QLD",source_visible_place,locality,stage_only_public_report_marker,verified_place,frontend map_points row
canonical_frontend_public_map_row,"record_coord:4601:-31.380008,152.827288",4601,,,,Australian Yowie Research / AYR Yowie Reports Map,/Users/jarlgiovanni/Desktop/bigfoot_research/public/data/frontend-data.json,"Witness sketches: Maria River, New Souith Wales (1935)",1935,-31.380008,152.827288,NSW,https://www.yowiehunters.com.au/witness-sketches,"Maria River, New Souith Wales, NSW",source_visible_place,locality,stage_only_public_report_marker,verified_place,frontend map_points row
canonical_frontend_public_map_row,"record_coord:4409:-35.516667,148.150000",4409,,,,Australian Yowie Research / AYR Yowie Reports Map,/Users/jarlgiovanni/Desktop/bigfoot_research/public/data/frontend-data.json,Videos: 1936 Apparition of Yowie or Pareidolia,1936,-35.516667,148.15,NSW,https://www.youtube.com/watch?v=6D5R4WF9HjI,"1936 Apparition of Yowie or Pareidolia, NSW",source_visible_place,locality,stage_only_public_report_marker,verified_place,frontend map_points row
canonical_frontend_public_map_row,"record_coord:405:-26.676420,151.985174",405,,,,Australian Yowie Research,/Users/jarlgiovanni/Desktop/bigfoot_research/public/data/frontend-data.json,"Nanango, Queensland 1938",1938,-26.6764195,151.9851744,QLD,https://www.yowiehunters.com.au/queensland/1315-nanango-qld-1938,"Nanango, QLD",reported_place,town,high,verified_gazetteer_point,frontend map_points row
canonical_frontend_public_map_row,"record_coord:825:-26.676420,151.985174",825,,,,Australian Yowie Research,/Users/jarlgiovanni/Desktop/bigfoot_research/public/data/frontend-data.json,"1938 - Nanango, Yowie Report",1938,-26.6764195,151.9851744,QLD,https://www.yowiehunters.com.au/historical-articles/1528-nanango-queensland-1938,"Nanango, QLD",reported_place,town,high,verified_gazetteer_point,frontend map_points row
canonical_frontend_public_map_row,"record_coord:4263:-26.676420,151.985174",4263,,,,Australian Yowie Research / AYR Yowie Reports Map,/Users/jarlgiovanni/Desktop/bigfoot_research/public/data/frontend-data.json,"YouTube reports, interviews: Yowie Sighting (Audio Report #20) near Nanango, Queensland (1938-39)",1938,-26.6764195,151.9851744,QLD,https://www.youtube.com/watch?v=Vjs5J28XCiI,"Nanango, QLD",source_visible_place,town,stage_only_public_report_marker,verified_gazetteer_point,frontend map_points row
canonical_frontend_public_map_row,"record_coord:150:-25.551440,152.334675",150,,,,Australian Yowie Research,/Users/jarlgiovanni/Desktop/bigfoot_research/public/data/frontend-data.json,"Aramara, Queensland 1950",1950,-25.5514395,152.3346752,QLD,https://www.yowiehunters.com.au/queensland/1267-aramara-qld-1950,"North Aramara, QLD",reported_place,locality,high,verified_gazetteer_point,frontend map_points row
canonical_frontend_public_map_row,"record_coord:256:-38.185510,146.247703",256,,,,Australian Yowie Research,/Users/jarlgiovanni/Desktop/bigfoot_research/public/data/frontend-data.json,"Moe, Victoria 1950",1950,-38.1855104,146.2477028,VIC,https://www.yowiehunters.com.au/victoria/1254-moe-vic-1950,"North of Moe, VIC",reported_place,locality,high,verified_gazetteer_point,frontend map_points row
canonical_frontend_public_map_row,"record_coord:4264:-25.611300,152.321300",4264,,,,Australian Yowie Research / AYR Yowie Reports Map,/Users/jarlgiovanni/Desktop/bigfoot_research/public/data/frontend-data.json,"Written reports: Yowie Sighting at Aramara, Queensland 1950",1950,-25.6113,152.3213,QLD,https://www.yowiehunters.com.au/queensland/1267-aramara-qld-1950,"Aramara, QLD",source_visible_place,locality,stage_only_public_report_marker,verified_place,frontend map_points row
canonical_frontend_public_map_row,"record_coord:4332:-38.177049,146.261989",4332,,,,Australian Yowie Research / AYR Yowie Reports Map,/Users/jarlgiovanni/Desktop/bigfoot_research/public/data/frontend-data.json,"Written reports: Yowie Sighting at Moe, Victoria 1950",1950,-38.177049,146.2619888,VIC,https://www.yowiehunters.com.au/victoria/1254-moe-vic-1950,"Moe, VIC",source_visible_place,locality,stage_only_public_report_marker,verified_gazetteer_point,frontend map_points row
canonical_frontend_public_map_row,"record_coord:634:-34.312916,148.295502",634,,,,Australian Yowie Research,/Users/jarlgiovanni/Desktop/bigfoot_research/public/data/frontend-data.json,"Young, New South Wales 1955",1955,-34.3129164,148.2955025,NSW,https://www.yowiehunters.com.au/new-south-wales/1866-young-new-south-wales-1955,"Young, NSW",reported_place,locality,high,verified_gazetteer_point,frontend map_points row
canonical_frontend_public_map_row,"record_coord:4265:-34.312916,148.295502",4265,,,,Australian Yowie Research / AYR Yowie Reports Map,/Users/jarlgiovanni/Desktop/bigfoot_research/public/data/frontend-data.json,"YouTube reports, interviews: Yowie Sighting (Audio Report #98) near Young, New South Wales (1955)",1955,-34.3129164,148.2955025,NSW,https://www.youtube.com/watch?v=qpbYt4LkcV4,"Young, NSW",source_visible_place,locality,stage_only_public_report_marker,verified_gazetteer_point,frontend map_points row
canonical_frontend_public_map_row,"record_coord:543:-30.906800,152.676200",543,,,,Australian Yowie Research,/Users/jarlgiovanni/Desktop/bigfoot_research/public/data/frontend-data.json,"Mungay Creek, New South Wales 1960",1960,-30.9068,152.6762,NSW,https://www.yowiehunters.com.au/new-south-wales/1427-mungay-creek-new-south-wales-1960,"Mungay Creek, NSW",reported_place,locality,high,verified_gazetteer_point,frontend map_points row
canonical_frontend_public_map_row,"record_coord:4669:-34.066700,150.816700",4669,,,,Internet Archive Advanced Search,/Users/jarlgiovanni/Desktop/bigfoot_research/public/data/frontend-data.json,FISHER'S GHOST,1960,-34.0667,150.8167,NSW,https://archive.org/details/ccc_fishersghost,"Campbelltown, NSW",source_visible_place,town,B,verified_gazetteer_point,frontend map_points row
canonical_frontend_public_map_row,"record_coord:4670:-34.066700,150.816700",4670,,,,Internet Archive Advanced Search,/Users/jarlgiovanni/Desktop/bigfoot_research/public/data/frontend-data.json,FISHER'S GHOST,1960,-34.0667,150.8167,NSW,https://archive.org/details/FISHERSGHOST,"Campbelltown, NSW",source_visible_place,town,B,verified_gazetteer_point,frontend map_points row
canonical_frontend_public_map_row,"record_coord:4671:-34.066700,150.816700",4671,,,,Internet Archive Advanced Search,/Users/jarlgiovanni/Desktop/bigfoot_research/public/data/frontend-data.json,"FISHER'S GHOST MURDER SITE, CAMPBELLTOWN, NSW, 1826",1960,-34.0667,150.8167,NSW,https://archive.org/details/site-of-fisher-s-murder,"Campbelltown, NSW",source_visible_place,town,B,verified_gazetteer_point,frontend map_points row
canonical_frontend_public_map_row,"record_coord:4672:-34.066700,150.816700",4672,,,,Internet Archive Advanced Search,/Users/jarlgiovanni/Desktop/bigfoot_research/public/data/frontend-data.json,"FISHER'S GHOST:-(THE ORIGINAL, COMPLETE MANUSCRIPT, LOCATED IN CAMPBELLTOWN CITY LIBRARY, NSW).",1960,-34.0667,150.8167,NSW,https://archive.org/details/TheGhostOfFrederickFisher_154,"Campbelltown, NSW",source_visible_place,town,B,verified_gazetteer_point,frontend map_points row
canonical_frontend_public_map_row,"record_coord:4673:-34.066700,150.816700",4673,,,,Internet Archive Advanced Search,/Users/jarlgiovanni/Desktop/bigfoot_research/public/data/frontend-data.json,IMG 4860 ( 1) FISHER' S GHOST BRIDGE,1960,-34.0667,150.8167,NSW,https://archive.org/details/img-4860-1-fisher-s-ghost-bridge,"Campbelltown, NSW",source_visible_place,town,B,verified_gazetteer_point,frontend map_points row
canonical_frontend_public_map_row,"record_coord:4674:-34.066700,150.816700",4674,,,,Internet Archive Advanced Search,/Users/jarlgiovanni/Desktop/bigfoot_research/public/data/frontend-data.json,FISHER'S GHOST MURDER SITE,1960,-34.0667,150.8167,NSW,https://archive.org/details/site-of-fisher-s-murder_202311,"Campbelltown, NSW",source_visible_place,town,B,verified_gazetteer_point,frontend map_points row
canonical_frontend_public_map_row,"record_coord:86:-31.081533,152.611800",86,,,,Australian Yowie Research,/Users/jarlgiovanni/Desktop/bigfoot_research/public/data/frontend-data.json,"Dungay Creek, New South Wales 1962",1962,-31.0815329,152.6117998,NSW,https://www.yowiehunters.com.au/new-south-wales/1669-dungay-new-south-wales-1963,"Dungay Creek, NSW",reported_place,locality,high,verified_gazetteer_point,frontend map_points row
canonical_frontend_public_map_row,"record_coord:400:-31.081533,152.611800",400,,,,Australian Yowie Research,/Users/jarlgiovanni/Desktop/bigfoot_research/public/data/frontend-data.json,"Dungay Creek, New South Wales 1962",1962,-31.0815329,152.6117998,NSW,https://www.yowiehunters.com.au/new-south-wales/2080-dungay-creek-new-south-wales-1962,"Dungay Creek, NSW",reported_place,locality,high,verified_gazetteer_point,frontend map_points row
canonical_frontend_public_map_row,"record_coord:402:-31.081533,152.611800",402,,,,Australian Yowie Research,/Users/jarlgiovanni/Desktop/bigfoot_research/public/data/frontend-data.json,"Dungay Creek, New South Wales 1962",1962,-31.0815329,152.6117998,NSW,https://www.yowiehunters.com.au/new-south-wales/2081-dungay-creek-new-south-wales-1963,"Dungay Creek, NSW",reported_place,locality,high,verified_gazetteer_point,frontend map_points row
canonical_frontend_public_map_row,"record_coord:827:-31.081533,152.611800",827,,,,Australian Yowie Research,/Users/jarlgiovanni/Desktop/bigfoot_research/public/data/frontend-data.json,"1962 - Macleay Argus, Dungay Creek Yowie Article",1962,-31.0815329,152.6117998,NSW,https://www.yowiehunters.com.au/historical-articles/1426-mungay-creek-new-south-wales-1950,"Dungay Creek, NSW",reported_place,locality,high,verified_gazetteer_point,frontend map_points row
canonical_frontend_public_map_row,"record_coord:888:-33.869844,151.208285",888,,,,Australian Yowie Research,/Users/jarlgiovanni/Desktop/bigfoot_research/public/data/frontend-data.json,1964 - Sydney Herald Yowie Article,1964,-33.8698439,151.2082848,NSW,https://www.yowiehunters.com.au/media-clips/2160-1964-sydney-herald-yowie-article,"Sydney, NSW",reported_place,locality,medium,verified_gazetteer_point,frontend map_points row
canonical_frontend_public_map_row,"record_coord:4419:-34.850000,149.950000",4419,,,,Australian Yowie Research / AYR Yowie Reports Map,/Users/jarlgiovanni/Desktop/bigfoot_research/public/data/frontend-data.json,Reports from newspapers: 1964 - Sydney Herald Yowie Article,1964,-34.85,149.95,NSW,https://www.yowiehunters.com.au/media-clips/2160-1964-sydney-herald-yowie-article,"1964 - Sydney Herald Yowie Article, NSW",source_visible_place,locality,stage_only_public_report_marker,verified_place,frontend map_points row
canonical_frontend_public_map_row,"record_coord:465:-26.392006,153.039183",465,,,,Australian Yowie Research,/Users/jarlgiovanni/Desktop/bigfoot_research/public/data/frontend-data.json,"Tewantin, Queensland 1965",1965,-26.3920057,153.0391832,QLD,https://www.yowiehunters.com.au/queensland/1341-twantin-qld-1965,"Tewantin, QLD",reported_place,locality,high,verified_gazetteer_point,frontend map_points row
canonical_frontend_public_map_row,"record_coord:509:-27.271950,146.087159",509,,,,Australian Yowie Research,/Users/jarlgiovanni/Desktop/bigfoot_research/public/data/frontend-data.json,"Wyandra, Queensland 1965",1965,-27.27195,146.0871592,QLD,https://www.yowiehunters.com.au/queensland/1343-wyandra-qld-1965,"Wyandra, QLD",reported_place,locality,high,verified_gazetteer_point,frontend map_points row
canonical_frontend_public_map_row,"record_coord:889:-33.869844,151.208285",889,,,,Australian Yowie Research,/Users/jarlgiovanni/Desktop/bigfoot_research/public/data/frontend-data.json,1965 - Sydney Sun Yowie Article,1965,-33.8698439,151.2082848,NSW,https://www.yowiehunters.com.au/media-clips/1747-1965-sydney-sun-yowie-article,"Sydney, NSW",reported_place,locality,medium,verified_gazetteer_point,frontend map_points row
canonical_frontend_public_map_row,"record_coord:4420:-27.246300,145.978300",4420,,,,Australian Yowie Research / AYR Yowie Reports Map,/Users/jarlgiovanni/Desktop/bigfoot_research/public/data/frontend-data.json,Reports from newspapers: 1965 - Sydney Sun Yowie Article,1965,-27.2463,145.9783,QLD,https://www.yowiehunters.com.au/media-clips/1747-1965-sydney-sun-yowie-article,"1965 - Sydney Sun Yowie Article, QLD",source_visible_place,locality,stage_only_public_report_marker,verified_place,frontend map_points row
canonical_frontend_public_map_row,"record_coord:556:-31.913209,152.566612",556,,,,Australian Yowie Research,/Users/jarlgiovanni/Desktop/bigfoot_research/public/data/frontend-data.json,"Oxley Island, New South Wales 1967",1967,-31.9132089,152.5666119,NSW,https://www.yowiehunters.com.au/new-south-wales/1436-oxley-island-new-south-wales-1967,"Oxley Island, NSW",reported_place,locality,high,verified_gazetteer_point,frontend map_points row
canonical_frontend_public_map_row,"record_coord:87:-33.488055,151.327493",87,,,,Australian Yowie Research,/Users/jarlgiovanni/Desktop/bigfoot_research/public/data/frontend-data.json,"Woy Woy, New South Wales 1968",1968,-33.4880548,151.3274925,NSW,https://www.yowiehunters.com.au/new-south-wales/1832-woy-woy-new-south-wales-1968,"Woy Woy, NSW",reported_place,locality,high,verified_gazetteer_point,frontend map_points row
canonical_frontend_public_map_row,"record_coord:482:-30.905646,152.522802",482,,,,Australian Yowie Research,/Users/jarlgiovanni/Desktop/bigfoot_research/public/data/frontend-data.json,"Kempsey, New South Wales 1968",1968,-30.9056457,152.5228021,NSW,https://www.yowiehunters.com.au/new-south-wales/1404-kempsey-new-south-wales-1968,"Kempsey, NSW",reported_place,town,high,verified_gazetteer_point,frontend map_points row
canonical_frontend_public_map_row,"record_coord:227:-28.681667,153.517778",227,,,,Australian Yowie Research,/Users/jarlgiovanni/Desktop/bigfoot_research/public/data/frontend-data.json,"Bangalow, New South Wales 1969",1969,-28.6816667,153.5177778,NSW,https://www.yowiehunters.com.au/new-south-wales/1346-bangalow-new-south-wales-1969,"Bangalow, NSW",reported_place,locality,high,verified_gazetteer_point,frontend map_points row
canonical_frontend_public_map_row,"record_coord:45:-37.890497,145.317607",45,,,,Australian Yowie Research,/Users/jarlgiovanni/Desktop/bigfoot_research/public/data/frontend-data.json,"Sherbrooke Forest, Victoria 1970",1970,-37.8904969,145.3176068,VIC,https://www.yowiehunters.com.au/victoria/2174-sherbrooke-forest-victoria-1970,"Sherbrooke Forest, VIC",reported_place,locality,high,verified_gazetteer_point,frontend map_points row
canonical_frontend_public_map_row,"record_coord:251:-33.416648,149.580373",251,,,,Australian Yowie Research,/Users/jarlgiovanni/Desktop/bigfoot_research/public/data/frontend-data.json,"Bathurst, New South Wales 1970",1970,-33.4166482,149.5803725,NSW,https://www.yowiehunters.com.au/new-south-wales/1670-bathurst-new-south-wales-1970,"Bathurst, NSW",reported_place,town,high,verified_gazetteer_point,frontend map_points row
canonical_frontend_public_map_row,"record_coord:525:-35.783022,150.142608",525,,,,Australian Yowie Research,/Users/jarlgiovanni/Desktop/bigfoot_research/public/data/frontend-data.json,"Mogo, New South Wales 1977",1970,-35.7830222,150.1426078,NSW,https://www.yowiehunters.com.au/new-south-wales/1416-mogo-new-south-wales,"Mogo, NSW",reported_place,locality,high,verified_gazetteer_point,frontend map_points row
canonical_frontend_public_map_row,"record_coord:890:-27.468962,153.023501",890,,,,Australian Yowie Research,/Users/jarlgiovanni/Desktop/bigfoot_research/public/data/frontend-data.json,1970 - Courier Mail Yowie Article,1970,-27.4689623,153.0235009,QLD,https://www.yowiehunters.com.au/media-clips/2242-1970-courier-mail-yowie-article,"Brisbane, QLD",reported_place,locality,medium,verified_gazetteer_point,frontend map_points row
canonical_frontend_public_map_row,"record_coord:891:-28.807761,153.279188",891,,,,Australian Yowie Research,/Users/jarlgiovanni/Desktop/bigfoot_research/public/data/frontend-data.json,1970's - Northern Star Re:1935 Lismore Yowie Sighting,1970,-28.8077608,153.2791883,NSW,https://www.yowiehunters.com.au/media-clips/1692-northern-star-regarding-1935-lismore-yowie-sighting,"Lismore, NSW",reported_place,locality,medium,verified_gazetteer_point,frontend map_points row
canonical_frontend_public_map_row,"record_coord:4266:-37.890497,145.317607",4266,,,,Australian Yowie Research / AYR Yowie Reports Map,/Users/jarlgiovanni/Desktop/bigfoot_research/public/data/frontend-data.json,"YouTube reports, interviews: Yowie Sighting (Audio Report #160) in Sherbrooke Forest, Victoria (1970)",1970,-37.8904969,145.3176068,VIC,https://www.youtube.com/watch?v=cG7pzLwlGiE,"Sherbrooke Forest, VIC",source_visible_place,locality,stage_only_public_report_marker,verified_gazetteer_point,frontend map_points row
canonical_frontend_public_map_row,"record_coord:531:-30.202899,150.145114",531,,,,Australian Yowie Research,/Users/jarlgiovanni/Desktop/bigfoot_research/public/data/frontend-data.json,"Mount Lindesay, New South Wales 1972",1972,-30.2028986,150.1451144,NSW,https://www.yowiehunters.com.au/new-south-wales/2043-mount-lindesay-new-south-wales-1972,"Mt. Lindesay, NSW",reported_place,locality,high,verified_gazetteer_point,frontend map_points row
canonical_frontend_public_map_row,"record_coord:4267:-28.342851,152.670412",4267,,,,Australian Yowie Research / AYR Yowie Reports Map,/Users/jarlgiovanni/Desktop/bigfoot_research/public/data/frontend-data.json,"YouTube reports, interviews: Yowie Sighting (Audio Report #133) at Mount Lindesay, New South Wales (Dec 1972)",1972,-28.342851,152.670412,NSW,https://www.youtube.com/watch?v=6Xjpk2e3ehI,"Mount Lindesay, NSW",source_visible_place,locality,stage_only_public_report_marker,verified_place,frontend map_points row
canonical_frontend_public_map_row,"record_coord:4335:-28.342851,152.670412",4335,,,,Australian Yowie Research / AYR Yowie Reports Map,/Users/jarlgiovanni/Desktop/bigfoot_research/public/data/frontend-data.json,"Written reports: Yowie Sighting at Mount Lindesay, New South Wales 1972",1972,-28.342851,152.670412,NSW,https://www.yowiehunters.com.au/new-south-wales/2043-mount-lindesay-new-south-wales-1972,"Mount Lindesay, NSW",source_visible_place,locality,stage_only_public_report_marker,verified_place,frontend map_points row
canonical_frontend_public_map_row,"record_coord:88:-33.267546,149.293653",88,,,,Australian Yowie Research,/Users/jarlgiovanni/Desktop/bigfoot_research/public/data/frontend-data.json,"Middle Brother Mountain, New South Wales 1973",1973,-33.2675463,149.2936532,NSW,https://www.yowiehunters.com.au/new-south-wales/1942-little-brother-mountain-new-south-wales-1973,"Middle Brother Mountain, NSW",reported_place,locality,high,verified_gazetteer_point,frontend map_points row
canonical_frontend_public_map_row,"record_coord:151:-20.314865,143.041056",151,,,,Australian Yowie Research,/Users/jarlgiovanni/Desktop/bigfoot_research/public/data/frontend-data.json,"Burleigh, Queensland 1973",1973,-20.314865,143.0410557,QLD,https://www.yowiehunters.com.au/queensland/2051-burleigh-queensland-1973,"Burleigh, QLD",reported_place,locality,high,verified_gazetteer_point,frontend map_points row
canonical_frontend_public_map_row,"record_coord:275:-28.763164,153.348012",275,,,,Australian Yowie Research,/Users/jarlgiovanni/Desktop/bigfoot_research/public/data/frontend-data.json,"Bexhill, New South Wales 1973",1973,-28.7631637,153.3480115,NSW,https://www.yowiehunters.com.au/new-south-wales/1825-bexhill-new-south-wales-1973,"Bexhill, NSW",reported_place,locality,high,verified_gazetteer_point,frontend map_points row
canonical_frontend_public_map_row,"record_coord:524:-34.031667,150.851111",524,,,,Australian Yowie Research,/Users/jarlgiovanni/Desktop/bigfoot_research/public/data/frontend-data.json,"Minto, New South Wales 1973",1973,-34.0316667,150.8511111,NSW,https://www.yowiehunters.com.au/new-south-wales/1415-monto-new-south-wales-1973,"Minto, NSW",reported_place,locality,high,verified_gazetteer_point,frontend map_points row
canonical_frontend_public_map_row,"record_coord:1032:-33.869844,151.208285",1032,,,,Australian Yowie Research,/Users/jarlgiovanni/Desktop/bigfoot_research/public/data/frontend-data.json,1973 - Daily Telegraph Yowie Article,1973,-33.8698439,151.2082848,NSW,https://www.yowiehunters.com.au/media-clips/1757-1973-daily-telegraph-yowie-article,"Sydney, NSW",reported_place,locality,medium,verified_gazetteer_point,frontend map_points row
canonical_frontend_public_map_row,"record_coord:1033:-33.869844,151.208285",1033,,,,Australian Yowie Research,/Users/jarlgiovanni/Desktop/bigfoot_research/public/data/frontend-data.json,1973 - Daily Telegraph Yowie Article 2,1973,-33.8698439,151.2082848,NSW,https://www.yowiehunters.com.au/media-clips/1758-1973-daily-telegraph-yowie-article-2,"Sydney, NSW",reported_place,locality,medium,verified_gazetteer_point,frontend map_points row
canonical_frontend_public_map_row,"record_coord:4268:-28.763164,153.348012",4268,,,,Australian Yowie Research / AYR Yowie Reports Map,/Users/jarlgiovanni/Desktop/bigfoot_research/public/data/frontend-data.json,"YouTube reports, interviews: Yowie Sighting (Audio Report #68) at Bexhill, New South Wales (1973)",1973,-28.7631637,153.3480115,NSW,https://www.youtube.com/watch?v=6iG71pJcr_I,"Bexhill, NSW",source_visible_place,locality,stage_only_public_report_marker,verified_gazetteer_point,frontend map_points row
canonical_frontend_public_map_row,"record_coord:4269:-31.692977,152.695401",4269,,,,Australian Yowie Research / AYR Yowie Reports Map,/Users/jarlgiovanni/Desktop/bigfoot_research/public/data/frontend-data.json,"YouTube reports, interviews: Yowie Sighting (Audio Report #111) at Middle Brother N.P., New South Wales (1973)",1973,-31.692977,152.695401,NSW,https://www.youtube.com/watch?v=yA_yTaljIqk,"Middle Brother N.P, NSW",source_visible_place,locality,stage_only_public_report_marker,verified_place,frontend map_points row
canonical_frontend_public_map_row,"record_coord:4422:-34.029389,150.857833",4422,,,,Australian Yowie Research / AYR Yowie Reports Map,/Users/jarlgiovanni/Desktop/bigfoot_research/public/data/frontend-data.json,Reports from newspapers: 1973 - Daily Telegraph Yowie Article,1973,-34.029389,150.857833,NSW,https://www.yowiehunters.com.au/media-clips/1757-1973-daily-telegraph-yowie-article,"1973 - Daily Telegraph Yowie Article, NSW",source_visible_place,locality,stage_only_public_report_marker,verified_place,frontend map_points row
canonical_frontend_public_map_row,"record_coord:4423:-34.022389,150.847833",4423,,,,Australian Yowie Research / AYR Yowie Reports Map,/Users/jarlgiovanni/Desktop/bigfoot_research/public/data/frontend-data.json,Reports from newspapers: 1973 - Daily Telegraph Yowie Article 2,1973,-34.022389,150.847833,NSW,https://www.yowiehunters.com.au/media-clips/1758-1973-daily-telegraph-yowie-article-2,"1973 - Daily Telegraph Yowie Article 2, NSW",source_visible_place,locality,stage_only_public_report_marker,verified_place,frontend map_points row
canonical_frontend_public_map_row,"record_coord:354:-28.862911,153.048374",354,,,,Australian Yowie Research,/Users/jarlgiovanni/Desktop/bigfoot_research/public/data/frontend-data.json,"Casino, New South Wales 1974",1974,-28.8629114,153.0483736,NSW,https://www.yowiehunters.com.au/new-south-wales/1884-casino-new-south-wales-1974,"Casino, NSW",reported_place,locality,high,verified_gazetteer_point,frontend map_points row
canonical_frontend_public_map_row,"record_coord:430:-29.681677,152.933636",430,,,,Australian Yowie Research,/Users/jarlgiovanni/Desktop/bigfoot_research/public/data/frontend-data.json,"Grafton, New South Wales 1974",1974,-29.6816773,152.9336357,NSW,https://www.yowiehunters.com.au/new-south-wales/1392-grafton-new-south-wales-1974,Grafton,source_visible_place_hint,locality,medium,verified_gazetteer_point,frontend map_points row
canonical_frontend_public_map_row,"record_coord:4587:-28.897618,152.990119",4587,,,,Australian Yowie Research / AYR Yowie Reports Map,/Users/jarlgiovanni/Desktop/bigfoot_research/public/data/frontend-data.json,"Witness sketches: Between Casino and Whiporie, New South Wales (1974)",1974,-28.897618,152.990119,NSW,https://www.yowiehunters.com.au/witness-sketches,"Casino and Whiporie, NSW",source_visible_place,locality,stage_only_public_report_marker,verified_place,frontend map_points row
canonical_frontend_public_map_row,"record_coord:89:-33.713759,150.312163",89,,,,Australian Yowie Research,/Users/jarlgiovanni/Desktop/bigfoot_research/public/data/frontend-data.json,"Katoomba, New South Wales 1975",1975,-33.713759,150.3121633,NSW,https://www.yowiehunters.com.au/new-south-wales/1808-katoomba-new-south-wales-1975,"Katoomba, NSW",reported_place,locality,high,verified_gazetteer_point,frontend map_points row
canonical_frontend_public_map_row,"record_coord:296:-30.698400,152.556040",296,,,,Australian Yowie Research,/Users/jarlgiovanni/Desktop/bigfoot_research/public/data/frontend-data.json,"Blue Knob, New South Wales 1975",1975,-30.6984,152.55604,NSW,https://www.yowiehunters.com.au/new-south-wales/2301-blue-knob-new-south-wales-1975,"Blue Knob, NSW",reported_place,locality,high,verified_gazetteer_point,frontend map_points row
canonical_frontend_public_map_row,"record_coord:4413:-34.738601,149.762048",4413,,,,Australian Yowie Research / AYR Yowie Reports Map,/Users/jarlgiovanni/Desktop/bigfoot_research/public/data/frontend-data.json,Videos: Lake George Yowie Sighting NSW 1975,1975,-34.738601,149.762048,NSW,https://www.youtube.com/watch?v=XVGTFPyQtKk,Lake George Yowie Sighting NSW,source_visible_place,locality,stage_only_public_report_marker,verified_place,frontend map_points row
canonical_frontend_public_map_row,"record_coord:374:-36.235678,149.126178",374,,,,Australian Yowie Research,/Users/jarlgiovanni/Desktop/bigfoot_research/public/data/frontend-data.json,"Cooma, New South Wales 1976",1976,-36.2356785,149.1261779,NSW,https://www.yowiehunters.com.au/new-south-wales/1374-cooma-new-south-wales-1976,"Cooma, NSW",reported_place,locality,high,verified_gazetteer_point,frontend map_points row
canonical_frontend_public_map_row,"record_coord:504:-35.091666,149.420844",504,,,,Australian Yowie Research,/Users/jarlgiovanni/Desktop/bigfoot_research/public/data/frontend-data.json,"Lake George, New South Wales 1976",1976,-35.0916656,149.4208438,NSW,https://www.yowiehunters.com.au/new-south-wales/1855-lake-george-new-south-wales-1976,"Lake George, NSW",reported_place,locality,high,verified_gazetteer_point,frontend map_points row
canonical_frontend_public_map_row,"record_coord:560:-30.351605,148.888802",560,,,,Australian Yowie Research,/Users/jarlgiovanni/Desktop/bigfoot_research/public/data/frontend-data.json,"Pilliga, New South Wales 1976",1976,-30.351605,148.8888022,NSW,https://www.yowiehunters.com.au/new-south-wales/1919-pilliga-new-south-wales-1976,"Pilliga, NSW",reported_place,locality,high,verified_gazetteer_point,frontend map_points row
canonical_frontend_public_map_row,"record_coord:621:-28.391345,152.612021",621,,,,Australian Yowie Research,/Users/jarlgiovanni/Desktop/bigfoot_research/public/data/frontend-data.json,"Woodenbong, New South Wales 1976",1976,-28.3913455,152.6120214,NSW,https://www.yowiehunters.com.au/new-south-wales/1470-woodenbong-new-south-wales-1980,"Woodenbong, NSW",reported_place,locality,high,verified_gazetteer_point,frontend map_points row
canonical_frontend_public_map_row,"record_coord:828:-30.905646,152.522802",828,,,,Australian Yowie Research,/Users/jarlgiovanni/Desktop/bigfoot_research/public/data/frontend-data.json,1976 - Macleay Argus Yowie Article,1976,-30.9056457,152.5228021,NSW,https://www.yowiehunters.com.au/historical-articles/2062-1976-macleay-argus-yowie-article,"Kempsey, NSW",reported_place,town,high,verified_gazetteer_point,frontend map_points row
canonical_frontend_public_map_row,"record_coord:892:-30.906402,152.590455",892,,,,Australian Yowie Research,/Users/jarlgiovanni/Desktop/bigfoot_research/public/data/frontend-data.json,1976 - Macleay Argus Yowie Article,1976,-30.9064024,152.590455,NSW,https://www.yowiehunters.com.au/media-clips/1771-1976-macleay-argus-yowie-article,"Macleay, NSW",reported_place,locality,medium,verified_gazetteer_point,frontend map_points row
canonical_frontend_public_map_row,"record_coord:893:-33.869844,151.208285",893,,,,Australian Yowie Research,/Users/jarlgiovanni/Desktop/bigfoot_research/public/data/frontend-data.json,1976 - Sydney Sun Yowie Article,1976,-33.8698439,151.2082848,NSW,https://www.yowiehunters.com.au/media-clips/1714-1976-sydney-sun-yowie-article,"Sydney, NSW",reported_place,locality,medium,verified_gazetteer_point,frontend map_points row
canonical_frontend_public_map_row,"record_coord:894:-35.297591,149.101268",894,,,,Australian Yowie Research,/Users/jarlgiovanni/Desktop/bigfoot_research/public/data/frontend-data.json,1976 - Telegraph Canberra area Yowie Article,1976,-35.2975906,149.1012676,ACT,https://www.yowiehunters.com.au/media-clips/1725-1976-telegraph-canberra-area-yowie-article,"Canberra, ACT",reported_place,town,medium,verified_gazetteer_point,frontend map_points row
canonical_frontend_public_map_row,"record_coord:1034:-33.869844,151.208285",1034,,,,Australian Yowie Research,/Users/jarlgiovanni/Desktop/bigfoot_research/public/data/frontend-data.json,1976 - Sun Herald Yowie Article,1976,-33.8698439,151.2082848,NSW,https://www.yowiehunters.com.au/media-clips/1760-1976-sun-herald-yowie-article,"Sydney, NSW",reported_place,locality,medium,verified_gazetteer_point,frontend map_points row
canonical_frontend_public_map_row,"record_coord:4424:-30.863601,152.256302",4424,,,,Australian Yowie Research / AYR Yowie Reports Map,/Users/jarlgiovanni/Desktop/bigfoot_research/public/data/frontend-data.json,Reports from newspapers: 1976 - Macleay Argus Yowie Article,1976,-30.863601,152.256302,NSW,https://www.yowiehunters.com.au/media-clips/1771-1976-macleay-argus-yowie-article,"1976 - Macleay Argus Yowie Article, NSW",source_visible_place,locality,stage_only_public_report_marker,verified_place,frontend map_points row
canonical_frontend_public_map_row,"record_coord:4425:-36.225000,149.125833",4425,,,,Australian Yowie Research / AYR Yowie Reports Map,/Users/jarlgiovanni/Desktop/bigfoot_research/public/data/frontend-data.json,Reports from newspapers: 1976 - Sydney Sun Yowie Article,1976,-36.225,149.125833,NSW,https://www.yowiehunters.com.au/media-clips/1714-1976-sydney-sun-yowie-article,"1976 - Sydney Sun Yowie Article, NSW",source_visible_place,locality,stage_only_public_report_marker,verified_place,frontend map_points row
canonical_frontend_public_map_row,"record_coord:90:-35.707218,150.178289",90,,,,Australian Yowie Research,/Users/jarlgiovanni/Desktop/bigfoot_research/public/data/frontend-data.json,"Bateman's Bay, New South Wales 1977",1977,-35.7072183,150.178289,NSW,https://www.yowiehunters.com.au/new-south-wales/1349-batemans-bay-new-south-wales-1977,"Batemans Bay, NSW",reported_place,locality,high,verified_gazetteer_point,frontend map_points row
canonical_frontend_public_map_row,"record_coord:91:-35.581924,148.302998",91,,,,Australian Yowie Research,/Users/jarlgiovanni/Desktop/bigfoot_research/public/data/frontend-data.json,"Talingbo, New South Wales 1977",1977,-35.5819244,148.3029977,NSW,https://www.yowiehunters.com.au/new-south-wales/1449-talingbo-new-south-wales,"Talingbo, NSW",reported_place,locality,high,verified_gazetteer_point,frontend map_points row
canonical_frontend_public_map_row,"record_coord:443:-28.185749,153.271559",443,,,,Australian Yowie Research,/Users/jarlgiovanni/Desktop/bigfoot_research/public/data/frontend-data.json,"Springbrook, Queensland 1977",1977,-28.185749,153.2715593,QLD,https://www.yowiehunters.com.au/queensland/1325-springbrook-qld-1977,"Springbrook, QLD",reported_place,locality,high,verified_gazetteer_point,frontend map_points row
canonical_frontend_public_map_row,"record_coord:474:-32.292523,151.883746",474,,,,Australian Yowie Research,/Users/jarlgiovanni/Desktop/bigfoot_research/public/data/frontend-data.json,"Karuah River, New South Wales 1977",1977,-32.2925234,151.8837462,NSW,https://www.yowiehunters.com.au/new-south-wales/1572-karuah-river-new-south-wales-1977,"Karuah River, NSW",reported_place,locality,high,verified_gazetteer_point,frontend map_points row
canonical_frontend_public_map_row,"record_coord:557:-31.913209,152.566612",557,,,,Australian Yowie Research,/Users/jarlgiovanni/Desktop/bigfoot_research/public/data/frontend-data.json,"Oxley Island, New South Wales 1977",1977,-31.9132089,152.5666119,NSW,https://www.yowiehunters.com.au/new-south-wales/1437-oxley-island-new-south-wales-1977,"Oxley Island, NSW",reported_place,locality,high,verified_gazetteer_point,frontend map_points row
canonical_frontend_public_map_row,"record_coord:558:-36.928848,149.875284",558,,,,Australian Yowie Research,/Users/jarlgiovanni/Desktop/bigfoot_research/public/data/frontend-data.json,"Pambula, New South Wales 1977",1977,-36.928848,149.8752844,NSW,https://www.yowiehunters.com.au/new-south-wales/1438-pambula-new-south-wales-1977,"Pambula, NSW",reported_place,locality,high,verified_gazetteer_point,frontend map_points row
canonical_frontend_public_map_row,"record_coord:593:-30.220033,152.871397",593,,,,Australian Yowie Research,/Users/jarlgiovanni/Desktop/bigfoot_research/public/data/frontend-data.json,"Timsvale, New South Wales 1977",1977,-30.2200329,152.8713966,NSW,https://www.yowiehunters.com.au/new-south-wales/1453-timsvale-new-sout-wales-1977,"Timsvale, NSW",reported_place,locality,high,verified_gazetteer_point,frontend map_points row
canonical_frontend_public_map_row,"record_coord:622:-28.391345,152.612021",622,,,,Australian Yowie Research,/Users/jarlgiovanni/Desktop/bigfoot_research/public/data/frontend-data.json,"Woodenbong, New South Wales 1977",1977,-28.3913455,152.6120214,NSW,https://www.yowiehunters.com.au/new-south-wales/1515-woodenbong-new-south-wales-1977,"Woodenbong, NSW",reported_place,locality,high,verified_gazetteer_point,frontend map_points row
canonical_frontend_public_map_row,"record_coord:895:-28.002373,153.414599",895,,,,Australian Yowie Research,/Users/jarlgiovanni/Desktop/bigfoot_research/public/data/frontend-data.json,1977 - Gold Coast Bulletin Yowie Article,1977,-28.0023731,153.4145987,QLD,https://www.yowiehunters.com.au/media-clips/1727-1977-gold-coast-bulletin,"Gold Coast, QLD",reported_place,locality,medium,verified_gazetteer_point,frontend map_points row
canonical_frontend_public_map_row,"record_coord:896:-28.002373,153.414599",896,,,,Australian Yowie Research,/Users/jarlgiovanni/Desktop/bigfoot_research/public/data/frontend-data.json,1977 - Gold Coast Bulletin Yowie Article 2,1977,-28.0023731,153.4145987,QLD,https://www.yowiehunters.com.au/media-clips/1745-1977-gold-coast-bulletin-yowie-article-2,"Gold Coast, QLD",reported_place,locality,medium,verified_gazetteer_point,frontend map_points row
canonical_frontend_public_map_row,"record_coord:897:-28.807761,153.279188",897,,,,Australian Yowie Research,/Users/jarlgiovanni/Desktop/bigfoot_research/public/data/frontend-data.json,1977 - Lismore Northern Star Yowie Article,1977,-28.8077608,153.2791883,NSW,https://www.yowiehunters.com.au/media-clips/1773-1977-lismore-northern-star-yowie-article,"Lismore, NSW",reported_place,locality,medium,verified_gazetteer_point,frontend map_points row
canonical_frontend_public_map_row,"record_coord:898:-28.807761,153.279188",898,,,,Australian Yowie Research,/Users/jarlgiovanni/Desktop/bigfoot_research/public/data/frontend-data.json,1977 - Lismore Nothern Star Yowie Article,1977,-28.8077608,153.2791883,NSW,https://www.yowiehunters.com.au/media-clips/1761-1976-lismore-nothern-star-yowie-article,"Lismore, NSW",reported_place,locality,medium,verified_gazetteer_point,frontend map_points row
canonical_frontend_public_map_row,"record_coord:899:-35.581924,148.302998",899,,,,Australian Yowie Research,/Users/jarlgiovanni/Desktop/bigfoot_research/public/data/frontend-data.json,1977 - Tambarumba Times Yowie Article,1977,-35.5819244,148.3029977,NSW,https://www.yowiehunters.com.au/media-clips/1749-1977-tambarumba-times-yowie-article,Talbingo,source_visible_place_hint,locality,medium,verified_gazetteer_point,frontend map_points row
canonical_frontend_public_map_row,"record_coord:900:-28.185749,153.271559",900,,,,Australian Yowie Research,/Users/jarlgiovanni/Desktop/bigfoot_research/public/data/frontend-data.json,1977 - Unknown Origin. Re: Springbrook,1977,-28.185749,153.2715593,QLD,https://www.yowiehunters.com.au/media-clips/1746-1977-unknown-origin-re-springbrook,"Springbrook, QLD",reported_place,locality,medium,verified_gazetteer_point,frontend map_points row
canonical_frontend_public_map_row,"record_coord:1035:-31.851719,152.100456",1035,,,,Australian Yowie Research,/Users/jarlgiovanni/Desktop/bigfoot_research/public/data/frontend-data.json,1977 - Manning River Times Yowie (Betty Gee),1977,-31.8517188,152.1004561,NSW,https://www.yowiehunters.com.au/media-clips/1706-1977-manning-river-times-yowie-betty-gee,"Manning River, NSW",reported_place,locality,medium,verified_gazetteer_point,frontend map_points row
canonical_frontend_public_map_row,"record_coord:1036:-31.190000,152.976111",1036,,,,Australian Yowie Research,/Users/jarlgiovanni/Desktop/bigfoot_research/public/data/frontend-data.json,1977 - Melba Cullen's 1930 Encounter at Crescent Head,1977,-31.19,152.9761111,NSW,https://www.yowiehunters.com.au/media-clips/1691-1977-report-pertaining-to-melba-cullen-crescent-head-1930,"Crescent Head, NSW",reported_place,locality,medium,verified_gazetteer_point,frontend map_points row
canonical_frontend_public_map_row,"record_coord:4270:-27.401700,152.805900",4270,,,,Australian Yowie Research / AYR Yowie Reports Map,/Users/jarlgiovanni/Desktop/bigfoot_research/public/data/frontend-data.json,"Written reports: Yowie Sighting at Enoggera Creek, Queensland 1977",1977,-27.4017,152.8059,QLD,https://www.yowiehunters.com.au/queensland/1286-enoggera-creek-qld-1977,"Enoggera Creek, QLD",source_visible_place,locality,stage_only_public_report_marker,verified_place,frontend map_points row
canonical_frontend_public_map_row,"record_coord:4324:-35.708056,150.172444",4324,,,,Australian Yowie Research / AYR Yowie Reports Map,/Users/jarlgiovanni/Desktop/bigfoot_research/public/data/frontend-data.json,"Written reports: Yowie Sighting at Bateman s Bay, New South Wales 1977",1977,-35.708056,150.172444,NSW,https://www.yowiehunters.com.au/new-south-wales/1349-batemans-bay-new-south-wales-1977,"Bateman s Bay, NSW",source_visible_place,locality,stage_only_public_report_marker,verified_place,frontend map_points row
canonical_frontend_public_map_row,"record_coord:4426:-28.130000,153.279167",4426,,,,Australian Yowie Research / AYR Yowie Reports Map,/Users/jarlgiovanni/Desktop/bigfoot_research/public/data/frontend-data.json,Reports from newspapers: 1977 - Gold Coast Bulletin Yowie Article,1977,-28.13,153.279167,QLD,https://www.yowiehunters.com.au/media-clips/1727-1977-gold-coast-bulletin,"1977 - Gold Coast Bulletin Yowie Article, QLD",source_visible_place,locality,stage_only_public_report_marker,verified_place,frontend map_points row
canonical_frontend_public_map_row,"record_coord:4427:-28.135000,153.274167",4427,,,,Australian Yowie Research / AYR Yowie Reports Map,/Users/jarlgiovanni/Desktop/bigfoot_research/public/data/frontend-data.json,Reports from newspapers: 1977 - Gold Coast Bulletin Yowie Article 2,1977,-28.135,153.274167,QLD,https://www.yowiehunters.com.au/media-clips/1745-1977-gold-coast-bulletin-yowie-article-2,"1977 - Gold Coast Bulletin Yowie Article 2, QLD",source_visible_place,locality,stage_only_public_report_marker,verified_place,frontend map_points row
canonical_frontend_public_map_row,"record_coord:4428:-28.373333,152.580000",4428,,,,Australian Yowie Research / AYR Yowie Reports Map,/Users/jarlgiovanni/Desktop/bigfoot_research/public/data/frontend-data.json,Reports from newspapers: 1977 - Lismore Northern Star Yowie Article,1977,-28.373333,152.58,QLD,https://www.yowiehunters.com.au/media-clips/1773-1977-lismore-northern-star-yowie-article,"1977 - Lismore Northern Star Yowie Article, QLD",source_visible_place,locality,stage_only_public_report_marker,verified_place,frontend map_points row
canonical_frontend_public_map_row,"record_coord:4429:-31.898500,152.584600",4429,,,,Australian Yowie Research / AYR Yowie Reports Map,/Users/jarlgiovanni/Desktop/bigfoot_research/public/data/frontend-data.json,Reports from newspapers: 1977 - Manning River Times Yowie (Betty Gee),1977,-31.8985,152.5846,NSW,https://www.yowiehunters.com.au/media-clips/1706-1977-manning-river-times-yowie-betty-gee,"1977 - Manning River Times Yowie (Betty Gee), NSW",source_visible_place,locality,stage_only_public_report_marker,verified_place,frontend map_points row
canonical_frontend_public_map_row,"record_coord:4430:-35.566667,148.300000",4430,,,,Australian Yowie Research / AYR Yowie Reports Map,/Users/jarlgiovanni/Desktop/bigfoot_research/public/data/frontend-data.json,Reports from newspapers: 1977 - Tambarumba Times Yowie Article,1977,-35.566667,148.3,NSW,https://www.yowiehunters.com.au/media-clips/1749-1977-tambarumba-times-yowie-article,"1977 - Tambarumba Times Yowie Article, NSW",source_visible_place,locality,stage_only_public_report_marker,verified_place,frontend map_points row
canonical_frontend_public_map_row,"record_coord:4431:-28.183333,153.283333",4431,,,,Australian Yowie Research / AYR Yowie Reports Map,/Users/jarlgiovanni/Desktop/bigfoot_research/public/data/frontend-data.json,Reports from newspapers: 1977 - Unknown Origin. Re: Springbrook,1977,-28.183333,153.283333,QLD,https://www.yowiehunters.com.au/media-clips/1746-1977-unknown-origin-re-springbrook,"1977 - Unknown Origin. Re: Springbrook, QLD",source_visible_place,locality,stage_only_public_report_marker,verified_place,frontend map_points row
canonical_frontend_public_map_row,"record_coord:92:-35.783022,150.142608",92,,,,Australian Yowie Research,/Users/jarlgiovanni/Desktop/bigfoot_research/public/data/frontend-data.json,"Mogo, New South Wales 1978",1978,-35.7830222,150.1426078,NSW,https://www.yowiehunters.com.au/new-south-wales/2141-mogo-new-south-wales-1978,"Mogo, NSW",reported_place,locality,high,verified_gazetteer_point,frontend map_points row
canonical_frontend_public_map_row,"record_coord:152:-28.038587,153.141913",152,,,,Australian Yowie Research,/Users/jarlgiovanni/Desktop/bigfoot_research/public/data/frontend-data.json,"Canungra, Queensland 1978",1978,-28.0385865,153.1419128,QLD,https://www.yowiehunters.com.au/queensland/1284-cunungra-qld-1978,"Canungra, QLD",reported_place,locality,high,verified_gazetteer_point,frontend map_points row
canonical_frontend_public_map_row,"record_coord:153:-27.989657,153.336594",153,,,,Australian Yowie Research,/Users/jarlgiovanni/Desktop/bigfoot_research/public/data/frontend-data.json,"Nerang, Queensland 1978",1978,-27.9896566,153.3365942,QLD,https://www.yowiehunters.com.au/queensland/2054-nerang-queensland-1978,"Nerang, QLD",reported_place,locality,high,verified_gazetteer_point,frontend map_points row
canonical_frontend_public_map_row,"record_coord:265:-37.576581,143.958235",265,,,,Australian Yowie Research,/Users/jarlgiovanni/Desktop/bigfoot_research/public/data/frontend-data.json,"Mount Warrenheip, Victoria 1978",1978,-37.5765814,143.9582352,VIC,https://www.yowiehunters.com.au/victoria/2180-mount-warrenheip-victoria-1978,"Mount Warrenheip, VIC",reported_place,locality,high,verified_gazetteer_point,frontend map_points row
canonical_frontend_public_map_row,"record_coord:288:-27.953410,153.247946",288,,,,Australian Yowie Research,/Users/jarlgiovanni/Desktop/bigfoot_research/public/data/frontend-data.json,"Coomera, Queensland 1978",1978,-27.9534104,153.247946,QLD,https://www.yowiehunters.com.au/queensland/1281-coomera-qld-1978,"Coomera Valley, QLD",reported_place,locality,high,verified_gazetteer_point,frontend map_points row
canonical_frontend_public_map_row,"record_coord:307:-28.136965,153.479928",307,,,,Australian Yowie Research,/Users/jarlgiovanni/Desktop/bigfoot_research/public/data/frontend-data.json,"Currumbin, Queensland 1978",1978,-28.1369655,153.4799277,QLD,https://www.yowiehunters.com.au/queensland/2050-currumbin-queensland-1978,"Currumbin, QLD",reported_place,locality,high,verified_gazetteer_point,frontend map_points row
canonical_frontend_public_map_row,"record_coord:445:-28.185749,153.271559",445,,,,Australian Yowie Research,/Users/jarlgiovanni/Desktop/bigfoot_research/public/data/frontend-data.json,"Springbrook, Queensland 1978",1978,-28.185749,153.2715593,QLD,https://www.yowiehunters.com.au/queensland/1326-springbrook-qld-1978,"Springbrook, QLD",reported_place,locality,high,verified_gazetteer_point,frontend map_points row
canonical_frontend_public_map_row,"record_coord:447:-28.185749,153.271559",447,,,,Australian Yowie Research,/Users/jarlgiovanni/Desktop/bigfoot_research/public/data/frontend-data.json,"Springbrook, Queensland 1978",1978,-28.185749,153.2715593,QLD,https://www.yowiehunters.com.au/queensland/1327-springbrook-qld-1978-sp-22191,"Springbrook, QLD",reported_place,locality,high,verified_gazetteer_point,frontend map_points row
canonical_frontend_public_map_row,"record_coord:462:-29.581665,152.551107",462,,,,Australian Yowie Research,/Users/jarlgiovanni/Desktop/bigfoot_research/public/data/frontend-data.json,"Jackadgery, New South Wales 1978",1978,-29.5816646,152.5511068,NSW,https://www.yowiehunters.com.au/new-south-wales/1401-jackadgery-new-south-wales-1978,"Jackadgery, NSW",reported_place,locality,high,verified_gazetteer_point,frontend map_points row
canonical_frontend_public_map_row,"record_coord:540:-32.598070,149.588638",540,,,,Australian Yowie Research,/Users/jarlgiovanni/Desktop/bigfoot_research/public/data/frontend-data.json,"Mudgee - Ulan, New South Wales 1978",1978,-32.5980702,149.5886383,NSW,https://www.yowiehunters.com.au/new-south-wales/2122-mudgee-ulan-new-south-wales-1978,"Mudgee, NSW",reported_place,locality,high,verified_gazetteer_point,frontend map_points row
canonical_frontend_public_map_row,"record_coord:547:-36.219015,150.131724",547,,,,Australian Yowie Research,/Users/jarlgiovanni/Desktop/bigfoot_research/public/data/frontend-data.json,"Narooma, New South Wales 1978",1978,-36.2190152,150.1317243,NSW,https://www.yowiehunters.com.au/new-south-wales/1428-narooma-new-south-wales-1978,"Narooma, NSW",reported_place,locality,high,verified_gazetteer_point,frontend map_points row
canonical_frontend_public_map_row,"record_coord:561:-30.351605,148.888802",561,,,,Australian Yowie Research,/Users/jarlgiovanni/Desktop/bigfoot_research/public/data/frontend-data.json,"Pilliga, New South Wales 1978",1978,-30.351605,148.8888022,NSW,https://www.yowiehunters.com.au/new-south-wales/1441-pilliga-new-south-wales-1978,"Pilliga, NSW",reported_place,locality,high,verified_gazetteer_point,frontend map_points row
canonical_frontend_public_map_row,"record_coord:598:-28.178664,153.536999",598,,,,Australian Yowie Research,/Users/jarlgiovanni/Desktop/bigfoot_research/public/data/frontend-data.json,"Tweed Heads, New South Wales 1978",1978,-28.1786639,153.5369986,NSW,https://www.yowiehunters.com.au/new-south-wales/1454-tweed-heads-new-south-wales-1978,"Tweed Heads, NSW",reported_place,locality,high,verified_gazetteer_point,frontend map_points row
canonical_frontend_public_map_row,"record_coord:831:-28.224594,153.465947",831,,,,Australian Yowie Research,/Users/jarlgiovanni/Desktop/bigfoot_research/public/data/frontend-data.json,"1978 - Bilambil Yowie Article, Daily News",1978,-28.2245935,153.4659475,NSW,https://www.yowiehunters.com.au/historical-articles/1606-bilambil-yowie-article-daily-news-1978,Bilambil,source_visible_place_hint,locality,medium,verified_gazetteer_point,frontend map_points row
canonical_frontend_public_map_row,"record_coord:901:-35.297591,149.101268",901,,,,Australian Yowie Research,/Users/jarlgiovanni/Desktop/bigfoot_research/public/data/frontend-data.json,1978 - Canberra Times,1978,-35.2975906,149.1012676,ACT,https://www.yowiehunters.com.au/media-clips/1908-1978-canberra-times,"Canberra, ACT",reported_place,town,medium,verified_gazetteer_point,frontend map_points row
canonical_frontend_public_map_row,"record_coord:902:-28.002373,153.414599",902,,,,Australian Yowie Research,/Users/jarlgiovanni/Desktop/bigfoot_research/public/data/frontend-data.json,1978 - Gold Coast Bulletin (Nerang) 25-08-1978,1978,-28.0023731,153.4145987,QLD,https://www.yowiehunters.com.au/media-clips/2053-1978-gold-coast-bulletin-nerang,"Gold Coast, QLD",reported_place,locality,medium,verified_gazetteer_point,frontend map_points row
canonical_frontend_public_map_row,"record_coord:903:-28.002373,153.414599",903,,,,Australian Yowie Research,/Users/jarlgiovanni/Desktop/bigfoot_research/public/data/frontend-data.json,1978 - Gold Coast Bulletin Yowie Article,1978,-28.0023731,153.4145987,QLD,https://www.yowiehunters.com.au/media-clips/1729-1978-gold-coast-bulletin-yowie-article,"Gold Coast, QLD",reported_place,locality,medium,verified_gazetteer_point,frontend map_points row
canonical_frontend_public_map_row,"record_coord:904:-28.002373,153.414599",904,,,,Australian Yowie Research,/Users/jarlgiovanni/Desktop/bigfoot_research/public/data/frontend-data.json,1978 - Gold Coast Bulletin Yowie Article,1978,-28.0023731,153.4145987,QLD,https://www.yowiehunters.com.au/media-clips/1754-1968-gold-coast-bulletin-yowie-article,"Gold Coast, QLD",reported_place,locality,medium,verified_gazetteer_point,frontend map_points row
canonical_frontend_public_map_row,"record_coord:905:-28.002373,153.414599",905,,,,Australian Yowie Research,/Users/jarlgiovanni/Desktop/bigfoot_research/public/data/frontend-data.json,1978 - Gold Coast Bulletin Yowie Article,1978,-28.0023731,153.4145987,QLD,https://www.yowiehunters.com.au/media-clips/2083-1978-gold-coast-bulletin-yowie-article-2,"Gold Coast, QLD",reported_place,locality,medium,verified_gazetteer_point,frontend map_points row
canonical_frontend_public_map_row,"record_coord:906:-35.909813,150.082000",906,,,,Australian Yowie Research,/Users/jarlgiovanni/Desktop/bigfoot_research/public/data/frontend-data.json,1978 - Moruya Examiner Yowie Article,1978,-35.9098127,150.0820002,NSW,https://www.yowiehunters.com.au/media-clips/2150-1978-moruya-examiner-yowie-article,"Moruya, NSW",reported_place,locality,medium,verified_gazetteer_point,frontend map_points row
canonical_frontend_public_map_row,"record_coord:1080:-28.224594,153.465947",1080,,,,Australian Yowie Research,/Users/jarlgiovanni/Desktop/bigfoot_research/public/data/frontend-data.json,1978 - Daily News Yowie Article,1978,-28.2245935,153.4659475,NSW,https://www.yowiehunters.com.au/media-clips/1778-1978-daily-news-yowie-article,Bilambil,source_visible_place_hint,locality,medium,verified_gazetteer_point,frontend map_points row
canonical_frontend_public_map_row,"record_coord:4271:-27.872200,153.314700",4271,,,,Australian Yowie Research / AYR Yowie Reports Map,/Users/jarlgiovanni/Desktop/bigfoot_research/public/data/frontend-data.json,"Written reports: Yowie Sighting at Coomera, Queensland 1978",1978,-27.8722,153.3147,QLD,https://www.yowiehunters.com.au/queensland/1281-coomera-qld-1978,"Coomera, QLD",source_visible_place,locality,stage_only_public_report_marker,verified_place,frontend map_points row
canonical_frontend_public_map_row,"record_coord:4272:-32.531910,149.654590",4272,,,,Australian Yowie Research / AYR Yowie Reports Map,/Users/jarlgiovanni/Desktop/bigfoot_research/public/data/frontend-data.json,"YouTube reports, interviews: Yowie Sighting (Audio Report #144) between Mudgee and Ulan, New South Wales (Oct 1978)",1978,-32.53191,149.65459,NSW,https://www.youtube.com/watch?v=N84zGqXLoIA,"Mudgee and Ulan, NSW",source_visible_place,locality,stage_only_public_report_marker,verified_place,frontend map_points row
canonical_frontend_public_map_row,"record_coord:4322:-35.586820,150.183446",4322,,,,Australian Yowie Research / AYR Yowie Reports Map,/Users/jarlgiovanni/Desktop/bigfoot_research/public/data/frontend-data.json,"Written reports: Yowie Sighting at Barclays Island, New South Wales 1978",1978,-35.58682,150.183446,NSW,https://www.yowiehunters.com.au/new-south-wales/1347-barclays-island-new-south-wales-1978,"Barclays Island, NSW",source_visible_place,locality,stage_only_public_report_marker,verified_place,frontend map_points row
canonical_frontend_public_map_row,"record_coord:4340:-32.434967,149.687027",4340,,,,Australian Yowie Research / AYR Yowie Reports Map,/Users/jarlgiovanni/Desktop/bigfoot_research/public/data/frontend-data.json,"Written reports: Yowie Sighting at Mudgee - Ulan, New South Wales 1978",1978,-32.434967,149.687027,NSW,https://www.yowiehunters.com.au/new-south-wales/2122-mudgee-ulan-new-south-wales-1978,"Mudgee - Ulan, NSW",source_visible_place,locality,stage_only_public_report_marker,verified_place,frontend map_points row
canonical_frontend_public_map_row,"record_coord:4407:-37.588372,143.984435",4407,,,,Australian Yowie Research / AYR Yowie Reports Map,/Users/jarlgiovanni/Desktop/bigfoot_research/public/data/frontend-data.json,"YouTube reports, interviews: Yowie / Bigfoot Sighting (Audio Report #170) at Warrenheip, Victoria (April-May 1978)",1978,-37.588372,143.984435,VIC,https://www.youtube.com/watch?v=YiGUbpKCqhw,"Warrenheip, VIC",source_visible_place,locality,stage_only_public_report_marker,verified_place,frontend map_points row
canonical_frontend_public_map_row,"record_coord:4432:-35.463429,148.941223",4432,,,,Australian Yowie Research / AYR Yowie Reports Map,/Users/jarlgiovanni/Desktop/bigfoot_research/public/data/frontend-data.json,Reports from newspapers: 1978 - Canberra Times,1978,-35.463429,148.941223,ACT,https://www.yowiehunters.com.au/media-clips/1908-1978-canberra-times,"1978 - Canberra Times, ACT",source_visible_place,locality,stage_only_public_report_marker,verified_place,frontend map_points row
canonical_frontend_public_map_row,"record_coord:4433:-28.233333,153.466667",4433,,,,Australian Yowie Research / AYR Yowie Reports Map,/Users/jarlgiovanni/Desktop/bigfoot_research/public/data/frontend-data.json,Reports from newspapers: 1978 - Daily News Yowie Article,1978,-28.233333,153.466667,QLD,https://www.yowiehunters.com.au/media-clips/1778-1978-daily-news-yowie-article,"1978 - Daily News Yowie Article, QLD",source_visible_place,locality,stage_only_public_report_marker,verified_place,frontend map_points row
canonical_frontend_public_map_row,"record_coord:4434:-27.990200,153.335800",4434,,,,Australian Yowie Research / AYR Yowie Reports Map,/Users/jarlgiovanni/Desktop/bigfoot_research/public/data/frontend-data.json,Reports from newspapers: 1978 - Gold Coast Bulletin (Nerang) 25-08-1978,1978,-27.9902,153.3358,QLD,https://www.yowiehunters.com.au/media-clips/2053-1978-gold-coast-bulletin-nerang,"1978 - Gold Coast Bulletin (Nerang) 25-08-1978, QLD",source_visible_place,locality,stage_only_public_report_marker,verified_place,frontend map_points row
canonical_frontend_public_map_row,"record_coord:4435:-28.183333,153.293333",4435,,,,Australian Yowie Research / AYR Yowie Reports Map,/Users/jarlgiovanni/Desktop/bigfoot_research/public/data/frontend-data.json,Reports from newspapers: 1978 - Gold Coast Bulletin Yowie Article,1978,-28.183333,153.293333,QLD,https://www.yowiehunters.com.au/media-clips/1729-1978-gold-coast-bulletin-yowie-article,"1978 - Gold Coast Bulletin Yowie Article, QLD",source_visible_place,locality,stage_only_public_report_marker,verified_place,frontend map_points row
canonical_frontend_public_map_row,"record_coord:4436:-28.183333,153.293333",4436,,,,Australian Yowie Research / AYR Yowie Reports Map,/Users/jarlgiovanni/Desktop/bigfoot_research/public/data/frontend-data.json,Reports from newspapers: 1978 - Gold Coast Bulletin Yowie Article,1978,-28.183333,153.293333,QLD,https://www.yowiehunters.com.au/media-clips/2083-1978-gold-coast-bulletin-yowie-article-2,"1978 - Gold Coast Bulletin Yowie Article, QLD",source_visible_place,locality,stage_only_public_report_marker,verified_place,frontend map_points row
canonical_frontend_public_map_row,"record_coord:4437:-36.200000,150.133333",4437,,,,Australian Yowie Research / AYR Yowie Reports Map,/Users/jarlgiovanni/Desktop/bigfoot_research/public/data/frontend-data.json,Reports from newspapers: 1978 - Moruya Examiner Yowie Article,1978,-36.2,150.133333,NSW,https://www.yowiehunters.com.au/media-clips/2150-1978-moruya-examiner-yowie-article,"1978 - Moruya Examiner Yowie Article, NSW",source_visible_place,locality,stage_only_public_report_marker,verified_place,frontend map_points row
canonical_frontend_public_map_row,"record_coord:4597:-28.191720,153.262970",4597,,,,Australian Yowie Research / AYR Yowie Reports Map,/Users/jarlgiovanni/Desktop/bigfoot_research/public/data/frontend-data.json,"Witness sketches: Springbrook, Queensland (1978)",1978,-28.19172,153.26297,QLD,https://www.yowiehunters.com.au/witness-sketches,"Springbrook, Queensland, QLD",source_visible_place,locality,stage_only_public_report_marker,verified_place,frontend map_points row
canonical_frontend_public_map_row,"record_coord:4603:-27.988907,153.334872",4603,,,,Australian Yowie Research / AYR Yowie Reports Map,/Users/jarlgiovanni/Desktop/bigfoot_research/public/data/frontend-data.json,"Witness sketches: Nerang, Queensland (1978)",1978,-27.988907,153.334872,QLD,https://www.yowiehunters.com.au/witness-sketches,"Nerang, Queensland, QLD",source_visible_place,locality,stage_only_public_report_marker,verified_place,frontend map_points row
canonical_frontend_public_map_row,"record_coord:4605:-31.251387,149.287709",4605,,,,Australian Yowie Research / AYR Yowie Reports Map,/Users/jarlgiovanni/Desktop/bigfoot_research/public/data/frontend-data.json,"Witness sketches: Coonabarabran, New South Wales (1978)",1978,-31.251387,149.287709,NSW,https://www.yowiehunters.com.au/witness-sketches,"Coonabarabran, New South Wales, NSW",source_visible_place,locality,stage_only_public_report_marker,verified_place,frontend map_points row
canonical_frontend_public_map_row,"record_coord:31:-12.435412,130.837832",31,,,,Australian Yowie Research,/Users/jarlgiovanni/Desktop/bigfoot_research/public/data/frontend-data.json,"Darwin (Fannie Bay), Northern Territory 1979",1979,-12.4354118,130.8378317,NT,https://www.yowiehunters.com.au/northern-territory/2138-darwin-fannie-bay-northern-territory-1979,"Darwin – Fannie Bay, NT",reported_place,locality,high,verified_gazetteer_point,frontend map_points row
canonical_frontend_public_map_row,"record_coord:93:-35.707218,150.178289",93,,,,Australian Yowie Research,/Users/jarlgiovanni/Desktop/bigfoot_research/public/data/frontend-data.json,"Bateman's Bay, New South Wales 1979",1979,-35.7072183,150.178289,NSW,https://www.yowiehunters.com.au/new-south-wales/1350-batemans-bay-new-south-wales-1979,"Batemans Bay, NSW",reported_place,locality,high,verified_gazetteer_point,frontend map_points row
canonical_frontend_public_map_row,"record_coord:94:-33.728020,150.374063",94,,,,Australian Yowie Research,/Users/jarlgiovanni/Desktop/bigfoot_research/public/data/frontend-data.json,"Wentworth Falls, New South Wales 1979",1979,-33.72802,150.3740633,NSW,https://www.yowiehunters.com.au/new-south-wales/1468-wentworth-falls-new-south-wales-1979,"Wentworth Falls, NSW",reported_place,locality,high,verified_gazetteer_point,frontend map_points row
canonical_frontend_public_map_row,"record_coord:154:-20.071409,146.270982",154,,,,Australian Yowie Research,/Users/jarlgiovanni/Desktop/bigfoot_research/public/data/frontend-data.json,"Charters Towers, Queensland 1979 (2)",1979,-20.0714089,146.2709824,QLD,https://www.yowiehunters.com.au/queensland/1279-charters-towers-qld-1979-2,"Charters Towers, QLD",reported_place,locality,high,verified_gazetteer_point,frontend map_points row
canonical_frontend_public_map_row,"record_coord:155:-20.728990,139.493152",155,,,,Australian Yowie Research,/Users/jarlgiovanni/Desktop/bigfoot_research/public/data/frontend-data.json,"Mt. Isa, Queensland 1979",1979,-20.7289898,139.4931522,QLD,https://www.yowiehunters.com.au/queensland/1918-mt-isa-queensland-1979,"Mt. Isa, QLD",reported_place,locality,high,verified_gazetteer_point,frontend map_points row
canonical_frontend_public_map_row,"record_coord:273:-20.071409,146.270982",273,,,,Australian Yowie Research,/Users/jarlgiovanni/Desktop/bigfoot_research/public/data/frontend-data.json,"Charters Towers, Queensland 1979 (1)",1979,-20.0714089,146.2709824,QLD,https://www.yowiehunters.com.au/queensland/1278-charters-towers-qld-1979,"Charters Towers, QLD",reported_place,locality,high,verified_gazetteer_point,frontend map_points row
canonical_frontend_public_map_row,"record_coord:317:-27.441911,152.982679",317,,,,Australian Yowie Research,/Users/jarlgiovanni/Desktop/bigfoot_research/public/data/frontend-data.json,"Enoggera Creek, Queensland 1977",1979,-27.4419106,152.9826794,QLD,https://www.yowiehunters.com.au/queensland/1286-enoggera-creek-qld-1977,"Enogerra Creek, QLD",reported_place,locality,high,verified_gazetteer_point,frontend map_points row
canonical_frontend_public_map_row,"record_coord:353:-26.080292,152.247365",353,,,,Australian Yowie Research,/Users/jarlgiovanni/Desktop/bigfoot_research/public/data/frontend-data.json,"Kilkivan, Queensland 1979",1979,-26.080292,152.2473652,QLD,https://www.yowiehunters.com.au/queensland/1301-kilkivan-qld-1979,"Kilkivan, QLD",reported_place,locality,high,verified_gazetteer_point,frontend map_points row
canonical_frontend_public_map_row,"record_coord:389:-27.485032,152.958911",389,,,,Australian Yowie Research,/Users/jarlgiovanni/Desktop/bigfoot_research/public/data/frontend-data.json,"Mt. Cootha, Queensland 1979",1979,-27.4850319,152.9589108,QLD,https://www.yowiehunters.com.au/queensland/2076-mt-cootha-queensland-1979,"Mount Cootha, QLD",reported_place,locality,high,verified_gazetteer_point,frontend map_points row
canonical_frontend_public_map_row,"record_coord:427:-28.115533,153.458394",427,,,,Australian Yowie Research,/Users/jarlgiovanni/Desktop/bigfoot_research/public/data/frontend-data.json,"Palm Beach, Queensland 1979",1979,-28.1155325,153.4583936,QLD,https://www.yowiehunters.com.au/queensland/2179-palm-beach-queensland-1979,"Palm Beach, QLD",reported_place,locality,high,verified_gazetteer_point,frontend map_points row
canonical_frontend_public_map_row,"record_coord:502:-33.298100,146.373459",502,,,,Australian Yowie Research,/Users/jarlgiovanni/Desktop/bigfoot_research/public/data/frontend-data.json,"Lake Cargelligo, New South Wales 1979",1979,-33.2981001,146.3734587,NSW,https://www.yowiehunters.com.au/new-south-wales/1406-lake-cargelligo-new-south-wales-1979,"Lake Cargelligo, NSW",reported_place,locality,high,verified_gazetteer_point,frontend map_points row
canonical_frontend_public_map_row,"record_coord:548:-32.231702,147.952852",548,,,,Australian Yowie Research,/Users/jarlgiovanni/Desktop/bigfoot_research/public/data/frontend-data.json,"Narromine, New South Wales 1979",1979,-32.2317016,147.9528517,NSW,https://www.yowiehunters.com.au/new-south-wales/1429-narromine-new-south-wales-1979,"Narromine, NSW",reported_place,locality,high,verified_gazetteer_point,frontend map_points row
canonical_frontend_public_map_row,"record_coord:562:-30.351605,148.888802",562,,,,Australian Yowie Research,/Users/jarlgiovanni/Desktop/bigfoot_research/public/data/frontend-data.json,"Pilliga, New South Wales 1979",1979,-30.351605,148.8888022,NSW,https://www.yowiehunters.com.au/new-south-wales/1440-pilliga-new-south-wales-1979,"Pilliga, NSW",reported_place,locality,high,verified_gazetteer_point,frontend map_points row
canonical_frontend_public_map_row,"record_coord:563:-30.351605,148.888802",563,,,,Australian Yowie Research,/Users/jarlgiovanni/Desktop/bigfoot_research/public/data/frontend-data.json,"Pilliga, New South Wales 1979",1979,-30.351605,148.8888022,NSW,https://www.yowiehunters.com.au/new-south-wales/1442-pilliga-new-south-wales-1979-sp-19667,"Pilliga, NSW",reported_place,locality,high,verified_gazetteer_point,frontend map_points row
canonical_frontend_public_map_row,"record_coord:632:-35.648333,148.467778",632,,,,Australian Yowie Research,/Users/jarlgiovanni/Desktop/bigfoot_research/public/data/frontend-data.json,"Yarrangobilly, New South Wales 1979",1979,-35.6483333,148.4677778,NSW,https://www.yowiehunters.com.au/new-south-wales/1475-yarrangobilly-new-south-wales-1979,"Yarrangobilly, NSW",reported_place,locality,high,verified_gazetteer_point,frontend map_points row
canonical_frontend_public_map_row,"record_coord:832:-26.080292,152.247365",832,,,,Australian Yowie Research,/Users/jarlgiovanni/Desktop/bigfoot_research/public/data/frontend-data.json,1979 - Kilkivan Yowie Article,1979,-26.080292,152.2473652,QLD,https://www.yowiehunters.com.au/historical-articles/1605-kilkivan-yowie-article-1979,Kilkivan,source_visible_place_hint,locality,medium,verified_gazetteer_point,frontend map_points row
canonical_frontend_public_map_row,"record_coord:907:-33.728020,150.374063",907,,,,Australian Yowie Research,/Users/jarlgiovanni/Desktop/bigfoot_research/public/data/frontend-data.json,1979 - Daily Telegraph Yowie Article,1979,-33.72802,150.3740633,NSW,https://www.yowiehunters.com.au/media-clips/2157-1979-daily-telegraph-yowie-article,Wentworth Falls,source_visible_place_hint,locality,medium,verified_gazetteer_point,frontend map_points row
canonical_frontend_public_map_row,"record_coord:908:-28.002373,153.414599",908,,,,Australian Yowie Research,/Users/jarlgiovanni/Desktop/bigfoot_research/public/data/frontend-data.json,1979 - Gold Coast Bulletin Yowie Article,1979,-28.0023731,153.4145987,QLD,https://www.yowiehunters.com.au/media-clips/2146-1979-gold-coast-bulletin-yowie-article,"Gold Coast, QLD",reported_place,locality,medium,verified_gazetteer_point,frontend map_points row
canonical_frontend_public_map_row,"record_coord:909:-26.244173,151.936075",909,,,,Australian Yowie Research,/Users/jarlgiovanni/Desktop/bigfoot_research/public/data/frontend-data.json,1979 - Murgon Yowie Newspaper Article,1979,-26.2441735,151.936075,QLD,https://www.yowiehunters.com.au/media-clips/1735-1979-murgon-yowie-newspaper-article,"Murgon, QLD",reported_place,locality,medium,verified_gazetteer_point,frontend map_points row
canonical_frontend_public_map_row,"record_coord:910:-31.272808,149.273323",910,,,,Australian Yowie Research,/Users/jarlgiovanni/Desktop/bigfoot_research/public/data/frontend-data.json,1979 - Pilliga/Coonabarabran Yowie Article,1979,-31.2728076,149.2733225,NSW,https://www.yowiehunters.com.au/media-clips/1699-1979-pilliga-coonabarabran-yowie-article,"Coonabarabran, NSW",reported_place,locality,medium,verified_gazetteer_point,frontend map_points row
canonical_frontend_public_map_row,"record_coord:912:-19.256939,146.823954",912,,,,Australian Yowie Research,/Users/jarlgiovanni/Desktop/bigfoot_research/public/data/frontend-data.json,1979 - Townsville Daily Bulletin Yowie Article,1979,-19.2569391,146.8239537,QLD,https://www.yowiehunters.com.au/media-clips/1733-1979-townsville-daily-bulletin-yowie-article,"Townsville, QLD",reported_place,locality,medium,verified_gazetteer_point,frontend map_points row
canonical_frontend_public_map_row,"record_coord:913:-31.272808,149.273323",913,,,,Australian Yowie Research,/Users/jarlgiovanni/Desktop/bigfoot_research/public/data/frontend-data.json,1979 - Townsville Daily Bulletin Yowie Article 2,1979,-31.2728076,149.2733225,NSW,https://www.yowiehunters.com.au/media-clips/1755-1979-townsville-daily-bulletin-yowie-article-2,Coonabarabran,source_visible_place_hint,locality,medium,verified_gazetteer_point,frontend map_points row
canonical_frontend_public_map_row,"record_coord:1037:-35.707218,150.178289",1037,,,,Australian Yowie Research,/Users/jarlgiovanni/Desktop/bigfoot_research/public/data/frontend-data.json,1979 - Bay Post Yowie Article,1979,-35.7072183,150.178289,NSW,https://www.yowiehunters.com.au/media-clips/1753-1979-bay-post-yowie-article,"Batemans Bay, NSW",reported_place,locality,medium,verified_gazetteer_point,frontend map_points row
canonical_frontend_public_map_row,"record_coord:1038:-20.071409,146.270982",1038,,,,Australian Yowie Research,/Users/jarlgiovanni/Desktop/bigfoot_research/public/data/frontend-data.json,1979 - Northern Miner Yowie Article,1979,-20.0714089,146.2709824,QLD,https://www.yowiehunters.com.au/media-clips/1732-1979-northern-miner-yowie-article,"Charters Towers, QLD",reported_place,locality,medium,verified_gazetteer_point,frontend map_points row
canonical_frontend_public_map_row,"record_coord:4273:-21.328357,139.227093",4273,,,,Australian Yowie Research / AYR Yowie Reports Map,/Users/jarlgiovanni/Desktop/bigfoot_research/public/data/frontend-data.json,"YouTube reports, interviews: Yowie Sighting (Audio Report #100) near Mt Isa, Queensland (1979)",1979,-21.328357,139.227093,QLD,https://www.youtube.com/watch?v=b6UOyC4B_Rs,"Mt Isa, QLD",source_visible_place,locality,stage_only_public_report_marker,verified_place,frontend map_points row
canonical_frontend_public_map_row,"record_coord:4274:-27.480600,152.954100",4274,,,,Australian Yowie Research / AYR Yowie Reports Map,/Users/jarlgiovanni/Desktop/bigfoot_research/public/data/frontend-data.json,"Written reports: Yowie Sighting at Mt. Cootha, Queensland 1979",1979,-27.4806,152.9541,QLD,https://www.yowiehunters.com.au/queensland/2076-mt-cootha-queensland-1979,"Mt. Cootha, QLD",source_visible_place,locality,stage_only_public_report_marker,verified_place,frontend map_points row
canonical_frontend_public_map_row,"record_coord:4325:-35.708056,150.172444",4325,,,,Australian Yowie Research / AYR Yowie Reports Map,/Users/jarlgiovanni/Desktop/bigfoot_research/public/data/frontend-data.json,"Written reports: Yowie Sighting at Bateman s Bay, New South Wales 1979",1979,-35.708056,150.172444,NSW,https://www.yowiehunters.com.au/new-south-wales/1350-batemans-bay-new-south-wales-1979,"Bateman s Bay, NSW",source_visible_place,locality,stage_only_public_report_marker,verified_place,frontend map_points row
canonical_frontend_public_map_row,"record_coord:4408:-28.115533,153.458394",4408,,,,Australian Yowie Research / AYR Yowie Reports Map,/Users/jarlgiovanni/Desktop/bigfoot_research/public/data/frontend-data.json,"YouTube reports, interviews: Yowie Sighting (Audio Report #165) at Palm Beach, Queensland (1979)",1979,-28.1155325,153.4583936,QLD,https://www.youtube.com/watch?v=VlkKCS-bva4,"Palm Beach, QLD",source_visible_place,locality,stage_only_public_report_marker,verified_gazetteer_point,frontend map_points row
canonical_frontend_public_map_row,"record_coord:4438:-35.705933,150.247977",4438,,,,Australian Yowie Research / AYR Yowie Reports Map,/Users/jarlgiovanni/Desktop/bigfoot_research/public/data/frontend-data.json,Reports from newspapers: 1979 - Bay Post Yowie Article,1979,-35.705933,150.247977,NSW,https://www.yowiehunters.com.au/media-clips/1753-1979-bay-post-yowie-article,"1979 - Bay Post Yowie Article, NSW",source_visible_place,locality,stage_only_public_report_marker,verified_place,frontend map_points row
canonical_frontend_public_map_row,"record_coord:4439:-33.826389,151.078056",4439,,,,Australian Yowie Research / AYR Yowie Reports Map,/Users/jarlgiovanni/Desktop/bigfoot_research/public/data/frontend-data.json,Reports from newspapers: 1979 - Daily Telegraph Yowie Article,1979,-33.826389,151.078056,NSW,https://www.yowiehunters.com.au/media-clips/2157-1979-daily-telegraph-yowie-article,"1979 - Daily Telegraph Yowie Article, NSW",source_visible_place,locality,stage_only_public_report_marker,verified_place,frontend map_points row
canonical_frontend_public_map_row,"record_coord:4440:-27.895500,153.399400",4440,,,,Australian Yowie Research / AYR Yowie Reports Map,/Users/jarlgiovanni/Desktop/bigfoot_research/public/data/frontend-data.json,Reports from newspapers: 1979 - Gold Coast Bulletin Yowie Article,1979,-27.8955,153.3994,QLD,https://www.yowiehunters.com.au/media-clips/2146-1979-gold-coast-bulletin-yowie-article,"1979 - Gold Coast Bulletin Yowie Article, QLD",source_visible_place,locality,stage_only_public_report_marker,verified_place,frontend map_points row
canonical_frontend_public_map_row,"record_coord:4441:-26.233333,151.950000",4441,,,,Australian Yowie Research / AYR Yowie Reports Map,/Users/jarlgiovanni/Desktop/bigfoot_research/public/data/frontend-data.json,Reports from newspapers: 1979 - Murgon Yowie Newspaper Article,1979,-26.233333,151.95,QLD,https://www.yowiehunters.com.au/media-clips/1735-1979-murgon-yowie-newspaper-article,"1979 - Murgon Yowie Newspaper Article, QLD",source_visible_place,locality,stage_only_public_report_marker,verified_place,frontend map_points row
canonical_frontend_public_map_row,"record_coord:4442:-20.086773,146.259449",4442,,,,Australian Yowie Research / AYR Yowie Reports Map,/Users/jarlgiovanni/Desktop/bigfoot_research/public/data/frontend-data.json,Reports from newspapers: 1979 - Northern Miner Yowie Article,1979,-20.086773,146.259449,QLD,https://www.yowiehunters.com.au/media-clips/1732-1979-northern-miner-yowie-article,"1979 - Northern Miner Yowie Article, QLD",source_visible_place,locality,stage_only_public_report_marker,verified_place,frontend map_points row
canonical_frontend_public_map_row,"record_coord:4443:-29.565029,153.114131",4443,,,,Australian Yowie Research / AYR Yowie Reports Map,/Users/jarlgiovanni/Desktop/bigfoot_research/public/data/frontend-data.json,Reports from newspapers: 1979 - People Magazine Yowie Article - Liz James,1979,-29.565029,153.114131,NSW,https://www.yowiehunters.com.au/media-clips/1696-1979-people-magazine-yowie-article,"1979 - People Magazine Yowie Article - Liz James, NSW",source_visible_place,locality,stage_only_public_report_marker,verified_place,frontend map_points row
canonical_frontend_public_map_row,"record_coord:4444:-30.867216,149.454487",4444,,,,Australian Yowie Research / AYR Yowie Reports Map,/Users/jarlgiovanni/Desktop/bigfoot_research/public/data/frontend-data.json,Reports from newspapers: 1979 - Pilliga/Coonabarabran Yowie Article,1979,-30.867216,149.454487,NSW,https://www.yowiehunters.com.au/media-clips/1699-1979-pilliga-coonabarabran-yowie-article,"1979 - Pilliga/Coonabarabran Yowie Article, NSW",source_visible_place,locality,stage_only_public_report_marker,verified_place,frontend map_points row
canonical_frontend_public_map_row,"record_coord:4445:-26.163807,152.170355",4445,,,,Australian Yowie Research / AYR Yowie Reports Map,/Users/jarlgiovanni/Desktop/bigfoot_research/public/data/frontend-data.json,Reports from newspapers: 1979 - The Cronicle QLD Yowie Article,1979,-26.163807,152.170355,QLD,https://www.yowiehunters.com.au/media-clips/1720-1979-the-cronicle-qld-yowie-article,1979 - The Cronicle QLD Yowie Article,source_visible_place,locality,stage_only_public_report_marker,verified_place,frontend map_points row
canonical_frontend_public_map_row,"record_coord:4446:-20.100000,146.266667",4446,,,,Australian Yowie Research / AYR Yowie Reports Map,/Users/jarlgiovanni/Desktop/bigfoot_research/public/data/frontend-data.json,Reports from newspapers: 1979 - Townsville Daily Bulletin Yowie Article,1979,-20.1,146.266667,QLD,https://www.yowiehunters.com.au/media-clips/1733-1979-townsville-daily-bulletin-yowie-article,"1979 - Townsville Daily Bulletin Yowie Article, QLD",source_visible_place,locality,stage_only_public_report_marker,verified_place,frontend map_points row
canonical_frontend_public_map_row,"record_coord:46:-38.339977,143.585854",46,,,,Australian Yowie Research,/Users/jarlgiovanni/Desktop/bigfoot_research/public/data/frontend-data.json,"Colac, Victoria 1980",1980,-38.3399766,143.5858537,VIC,https://www.yowiehunters.com.au/victoria/1593-colac-victoria-1980,"Colac, VIC",reported_place,locality,high,verified_gazetteer_point,frontend map_points row
canonical_frontend_public_map_row,"record_coord:95:-30.298600,153.109412",95,,,,Australian Yowie Research,/Users/jarlgiovanni/Desktop/bigfoot_research/public/data/frontend-data.json,"Coffs Harbour, New South Wales 1980",1980,-30.2985996,153.1094116,NSW,https://www.yowiehunters.com.au/new-south-wales/1371-coffs-harbour-new-south-wales-1980,"Coffs Harbour, NSW",reported_place,locality,high,verified_gazetteer_point,frontend map_points row
canonical_frontend_public_map_row,"record_coord:96:-28.415278,153.330556",96,,,,Australian Yowie Research,/Users/jarlgiovanni/Desktop/bigfoot_research/public/data/frontend-data.json,"Wee Jasper & Uki, New South Wales 1980",1980,-28.4152778,153.3305556,NSW,https://www.yowiehunters.com.au/new-south-wales/1466-wee-jasper-new-south-wales-1980,Uki,source_visible_place_hint,locality,medium,verified_gazetteer_point,frontend map_points row
canonical_frontend_public_map_row,"record_coord:156:-26.941717,152.561157",156,,,,Australian Yowie Research,/Users/jarlgiovanni/Desktop/bigfoot_research/public/data/frontend-data.json,"Kilcoy, Queensland 1980",1980,-26.9417175,152.561157,QLD,https://www.yowiehunters.com.au/queensland/1299-kilcoy-qld-1980,"Kilcoy, QLD",reported_place,town,high,verified_gazetteer_point,frontend map_points row
canonical_frontend_public_map_row,"record_coord:157:-28.185749,153.271559",157,,,,Australian Yowie Research,/Users/jarlgiovanni/Desktop/bigfoot_research/public/data/frontend-data.json,"Springbrook, Queensland 1980",1980,-28.185749,153.2715593,QLD,https://www.yowiehunters.com.au/queensland/1328-springbrook-qld-1980,"Springbrook, QLD",reported_place,locality,high,verified_gazetteer_point,frontend map_points row
canonical_frontend_public_map_row,"record_coord:221:-29.325730,151.094537",221,,,,Australian Yowie Research,/Users/jarlgiovanni/Desktop/bigfoot_research/public/data/frontend-data.json,"Ashford, New South Wales 1980",1980,-29.3257299,151.0945365,NSW,https://www.yowiehunters.com.au/new-south-wales/2032-ashford-new-south-wales-1980,"Ashford, NSW",reported_place,locality,high,verified_gazetteer_point,frontend map_points row
canonical_frontend_public_map_row,"record_coord:234:-26.857309,152.960414",234,,,,Australian Yowie Research,/Users/jarlgiovanni/Desktop/bigfoot_research/public/data/frontend-data.json,"Beerwah, Queensland 1980",1980,-26.8573095,152.9604137,QLD,https://www.yowiehunters.com.au/queensland/1270-benewah-qld-1980,"Beerwah, QLD",reported_place,locality,high,verified_gazetteer_point,frontend map_points row
canonical_frontend_public_map_row,"record_coord:245:-29.219396,152.604153",245,,,,Australian Yowie Research,/Users/jarlgiovanni/Desktop/bigfoot_research/public/data/frontend-data.json,"Baryulgil, New South Wales 1980",1980,-29.2193959,152.6041527,NSW,https://www.yowiehunters.com.au/new-south-wales/1843-baryulgil-new-south-wales-1980,"Baryulgil, NSW",reported_place,locality,high,verified_gazetteer_point,frontend map_points row
canonical_frontend_public_map_row,"record_coord:262:-37.269461,146.400869",262,,,,Australian Yowie Research,/Users/jarlgiovanni/Desktop/bigfoot_research/public/data/frontend-data.json,"Mount Buller, Victoria 1980's",1980,-37.2694615,146.4008688,VIC,https://www.yowiehunters.com.au/victoria/2275-mount-buller-victoria-1980s,"Mount. Buller area, VIC",reported_place,locality,high,verified_gazetteer_point,frontend map_points row
canonical_frontend_public_map_row,"record_coord:362:-35.553685,149.950155",362,,,,Australian Yowie Research,/Users/jarlgiovanni/Desktop/bigfoot_research/public/data/frontend-data.json,"Clyde Mountain, New South Wales 1980",1980,-35.5536851,149.9501548,NSW,https://www.yowiehunters.com.au/new-south-wales/1370-clyde-mountain-new-south-wales-1980,"Clyde Mountain, NSW",reported_place,locality,high,verified_gazetteer_point,frontend map_points row
canonical_frontend_public_map_row,"record_coord:364:-30.298600,153.109412",364,,,,Australian Yowie Research,/Users/jarlgiovanni/Desktop/bigfoot_research/public/data/frontend-data.json,"Coffs Harbour, New South Wales 1980",1980,-30.2985996,153.1094116,NSW,https://www.yowiehunters.com.au/new-south-wales/1372-coffs-harbour-new-south-wales-1980-sp-24339,"Coffs Harbour, NSW",reported_place,locality,high,verified_gazetteer_point,frontend map_points row
canonical_frontend_public_map_row,"record_coord:395:-27.968404,153.196779",395,,,,Australian Yowie Research,/Users/jarlgiovanni/Desktop/bigfoot_research/public/data/frontend-data.json,"Mt. Tamborine, Queensland 1980",1980,-27.9684035,153.1967792,QLD,https://www.yowiehunters.com.au/queensland/1311-mt-tamborine-qld-1980,"Mt Tamborine, QLD",reported_place,locality,high,verified_gazetteer_point,frontend map_points row
canonical_frontend_public_map_row,"record_coord:441:-27.638501,153.128713",441,,,,Australian Yowie Research,/Users/jarlgiovanni/Desktop/bigfoot_research/public/data/frontend-data.json,"Slacks Creek, Queensland 1980",1980,-27.638501,153.1287129,QLD,https://www.yowiehunters.com.au/queensland/1950-slacks-creek-queensland-1980,"Slacks Creek, QLD",reported_place,locality,high,verified_gazetteer_point,frontend map_points row
canonical_frontend_public_map_row,"record_coord:485:-31.455788,152.734664",485,,,,Australian Yowie Research,/Users/jarlgiovanni/Desktop/bigfoot_research/public/data/frontend-data.json,"Wauchope, New South Wales 1980",1980,-31.4557879,152.734664,NSW,https://www.yowiehunters.com.au/queensland/2245-wauchope-new-south-wales-1980,"Wauchope, NSW",reported_place,locality,high,verified_gazetteer_point,frontend map_points row
canonical_frontend_public_map_row,"record_coord:486:-35.875431,148.495754",486,,,,Australian Yowie Research,/Users/jarlgiovanni/Desktop/bigfoot_research/public/data/frontend-data.json,"Kiandra, New South Wales 1980",1980,-35.8754308,148.4957535,NSW,https://www.yowiehunters.com.au/new-south-wales/1405-kiandra-new-south-wales-1980,"Kiandra, NSW",reported_place,locality,high,verified_gazetteer_point,frontend map_points row
canonical_frontend_public_map_row,"record_coord:490:-30.248333,153.134444",490,,,,Australian Yowie Research,/Users/jarlgiovanni/Desktop/bigfoot_research/public/data/frontend-data.json,"Korora Basin, New South Wales 1980",1980,-30.2483333,153.1344444,NSW,https://www.yowiehunters.com.au/new-south-wales/1473-woolgoolga-new-south-wales-1980,"Korora Basin, NSW",reported_place,locality,high,verified_gazetteer_point,frontend map_points row
canonical_frontend_public_map_row,"record_coord:501:-27.902463,153.109573",501,,,,Australian Yowie Research,/Users/jarlgiovanni/Desktop/bigfoot_research/public/data/frontend-data.json,"Wongawallen, Queensland 1980",1980,-27.9024629,153.1095731,QLD,https://www.yowiehunters.com.au/queensland/2066-wongawallen-queensland-1980,Tamborine,source_visible_place_hint,locality,medium,verified_gazetteer_point,frontend map_points row
canonical_frontend_public_map_row,"record_coord:594:-29.311298,151.696747",594,,,,Australian Yowie Research,/Users/jarlgiovanni/Desktop/bigfoot_research/public/data/frontend-data.json,"Torrington, New South Wales 1980",1980,-29.3112985,151.6967475,NSW,https://www.yowiehunters.com.au/new-south-wales/1673-torringtom-new-south-wales-1980,"Torrington, NSW",reported_place,locality,high,verified_gazetteer_point,frontend map_points row
canonical_frontend_public_map_row,"record_coord:914:-35.297591,149.101268",914,,,,Australian Yowie Research,/Users/jarlgiovanni/Desktop/bigfoot_research/public/data/frontend-data.json,1980 - Canberra Times Yowie Article,1980,-35.2975906,149.1012676,ACT,https://www.yowiehunters.com.au/media-clips/1728-1980-canberra-times-yowie-article,"Canberra, ACT",reported_place,town,medium,verified_gazetteer_point,frontend map_points row
canonical_frontend_public_map_row,"record_coord:915:-30.906402,152.590455",915,,,,Australian Yowie Research,/Users/jarlgiovanni/Desktop/bigfoot_research/public/data/frontend-data.json,1980's? - Macleay Argus Yowie Report,1980,-30.9064024,152.590455,NSW,https://www.yowiehunters.com.au/media-clips/1705-1980-s-macleay-argus-yowie-report,"Macleay, NSW",reported_place,locality,medium,verified_gazetteer_point,frontend map_points row
canonical_frontend_public_map_row,"record_coord:1082:-26.907184,152.614462",1082,,,,Australian Yowie Research,/Users/jarlgiovanni/Desktop/bigfoot_research/public/data/frontend-data.json,1980 - People Magazine Yowie Article,1980,-26.9071836,152.6144617,QLD,https://www.yowiehunters.com.au/media-clips/2151-1980-people-magazine-yowie-article,"Sandy Creek, Kilcoy, QLD",reported_place,named_feature,high,verified_gazetteer_point,frontend map_points row
canonical_frontend_public_map_row,"record_coord:1083:-31.455788,152.734664",1083,,,,Australian Yowie Research,/Users/jarlgiovanni/Desktop/bigfoot_research/public/data/frontend-data.json,1980 - Track Magazine Yowie Article,1980,-31.4557879,152.734664,NSW,https://www.yowiehunters.com.au/media-clips/2244-1980-track-magazine-yowie-article,Wauchope,source_visible_place_hint,locality,medium,verified_gazetteer_point,frontend map_points row
canonical_frontend_public_map_row,"record_coord:4275:-27.888610,153.235785",4275,,,,Australian Yowie Research / AYR Yowie Reports Map,/Users/jarlgiovanni/Desktop/bigfoot_research/public/data/frontend-data.json,"Written reports: Yowie Sighting at Wongawallen, Queensland 1980",1980,-27.8886104,153.235785,QLD,https://www.yowiehunters.com.au/queensland/2066-wongawallen-queensland-1980,"Wongawallen, QLD",source_visible_place,locality,stage_only_public_report_marker,verified_gazetteer_point,frontend map_points row
canonical_frontend_public_map_row,"record_coord:4318:-35.100000,148.663667",4318,,,,Australian Yowie Research / AYR Yowie Reports Map,/Users/jarlgiovanni/Desktop/bigfoot_research/public/data/frontend-data.json,"Written reports: Yowie Sighting at Wee Jasper and Uki, New South Wales 1980",1980,-35.1,148.663667,NSW,https://www.yowiehunters.com.au/new-south-wales/1466-wee-jasper-new-south-wales-1980,"Wee Jasper and Uki, NSW",source_visible_place,locality,stage_only_public_report_marker,verified_place,frontend map_points row
canonical_frontend_public_map_row,"record_coord:4447:-30.333333,153.083333",4447,,,,Australian Yowie Research / AYR Yowie Reports Map,/Users/jarlgiovanni/Desktop/bigfoot_research/public/data/frontend-data.json,Reports from newspapers: 1980 - Canberra Times Yowie Article,1980,-30.333333,153.083333,NSW,https://www.yowiehunters.com.au/media-clips/1728-1980-canberra-times-yowie-article,"1980 - Canberra Times Yowie Article, NSW",source_visible_place,locality,stage_only_public_report_marker,verified_place,frontend map_points row
canonical_frontend_public_map_row,"record_coord:4448:-26.943056,152.563889",4448,,,,Australian Yowie Research / AYR Yowie Reports Map,/Users/jarlgiovanni/Desktop/bigfoot_research/public/data/frontend-data.json,Reports from newspapers: 1980 - People Magazine Yowie Article,1980,-26.943056,152.563889,QLD,https://www.yowiehunters.com.au/media-clips/2151-1980-people-magazine-yowie-article,"1980 - People Magazine Yowie Article, QLD",source_visible_place,locality,stage_only_public_report_marker,verified_place,frontend map_points row
canonical_frontend_public_map_row,"record_coord:4449:-28.680000,153.324667",4449,,,,Australian Yowie Research / AYR Yowie Reports Map,/Users/jarlgiovanni/Desktop/bigfoot_research/public/data/frontend-data.json,Reports from newspapers: 1980s - (early) Yowie Articles - Unknown Source,1980,-28.68,153.324667,QLD,https://www.yowiehunters.com.au/media-clips/1693-early-80-s-yowie-article-unknown-source,"1980s - (early) Yowie Articles - Unknown Source, QLD",source_visible_place,locality,stage_only_public_report_marker,verified_place,frontend map_points row
canonical_frontend_public_map_row,"record_coord:4450:-31.107954,152.801667",4450,,,,Australian Yowie Research / AYR Yowie Reports Map,/Users/jarlgiovanni/Desktop/bigfoot_research/public/data/frontend-data.json,Reports from newspapers: 1980s - Macleay Argus Yowie Article,1980,-31.107954,152.801667,NSW,https://www.yowiehunters.com.au/media-clips/1713-1980s-macleay-argus-yowie-article,"1980s - Macleay Argus Yowie Article, NSW",source_visible_place,locality,stage_only_public_report_marker,verified_place,frontend map_points row
canonical_frontend_public_map_row,"record_coord:4451:-28.283333,153.366667",4451,,,,Australian Yowie Research / AYR Yowie Reports Map,/Users/jarlgiovanni/Desktop/bigfoot_research/public/data/frontend-data.json,Reports from newspapers: 1980s - Macleay Argus Yowie Report,1980,-28.283333,153.366667,QLD,https://www.yowiehunters.com.au/media-clips/1705-1980-s-macleay-argus-yowie-report,"1980s - Macleay Argus Yowie Report, QLD",source_visible_place,locality,stage_only_public_report_marker,verified_place,frontend map_points row
canonical_frontend_public_map_row,"record_coord:4616:-35.100000,148.663667",4616,,,,Australian Yowie Research state report indexes,/Users/jarlgiovanni/Desktop/bigfoot_research/public/data/frontend-data.json,"AYR report index: Wee Jasper & Uki, New South Wales 1980",1980,-35.1,148.663667,NSW,https://www.yowiehunters.com.au/new-south-wales/1466-wee-jasper-new-south-wales-1980,"Wee Jasper & Uki, NSW",source_visible_place,locality,stage_only_public_report_index_link,verified_place,frontend map_points row
canonical_frontend_public_map_row,"record_coord:158:-28.049851,152.394573",158,,,,Australian Yowie Research,/Users/jarlgiovanni/Desktop/bigfoot_research/public/data/frontend-data.json,"Cunninghams Gap, Queensland 1981",1981,-28.0498514,152.3945729,QLD,https://www.yowiehunters.com.au/queensland/2055-cuninghams-gap-queensland-1981,"Cunninghams Gap, QLD",reported_place,locality,high,verified_gazetteer_point,frontend map_points row
canonical_frontend_public_map_row,"record_coord:376:-36.235678,149.126178",376,,,,Australian Yowie Research,/Users/jarlgiovanni/Desktop/bigfoot_research/public/data/frontend-data.json,"Cooma, New South Wales 1981",1981,-36.2356785,149.1261779,NSW,https://www.yowiehunters.com.au/new-south-wales/1990-cooma-new-south-wales-1981,"Cooma, NSW",reported_place,locality,high,verified_gazetteer_point,frontend map_points row
canonical_frontend_public_map_row,"record_coord:404:-28.684031,153.315409",404,,,,Australian Yowie Research,/Users/jarlgiovanni/Desktop/bigfoot_research/public/data/frontend-data.json,"Dunoon, New South Wales 1981",1981,-28.6840311,153.3154089,NSW,https://www.yowiehunters.com.au/new-south-wales/1380-dunoon-new-south-wales-1981,Dunoon,source_visible_place_hint,locality,medium,verified_gazetteer_point,frontend map_points row
canonical_frontend_public_map_row,"record_coord:916:-35.297591,149.101268",916,,,,Australian Yowie Research,/Users/jarlgiovanni/Desktop/bigfoot_research/public/data/frontend-data.json,1981 - Canberra Times Yowie Article,1981,-35.2975906,149.1012676,ACT,https://www.yowiehunters.com.au/media-clips/1904-1981-canberra-times-yowie-article,"Canberra, ACT",reported_place,town,medium,verified_gazetteer_point,frontend map_points row
canonical_frontend_public_map_row,"record_coord:917:-28.807761,153.279188",917,,,,Australian Yowie Research,/Users/jarlgiovanni/Desktop/bigfoot_research/public/data/frontend-data.json,1981 - Lismore Northern Star Yowie Article,1981,-28.8077608,153.2791883,NSW,https://www.yowiehunters.com.au/media-clips/1756-1981-lismore-northern-star-yowie-article,"Lismore, NSW",reported_place,locality,medium,verified_gazetteer_point,frontend map_points row
canonical_frontend_public_map_row,"record_coord:918:-28.807761,153.279188",918,,,,Australian Yowie Research,/Users/jarlgiovanni/Desktop/bigfoot_research/public/data/frontend-data.json,1981 - Lismore Northern Star Yowie Article,1981,-28.8077608,153.2791883,NSW,https://www.yowiehunters.com.au/media-clips/2147-1981-lismore-northern-star-yowie-article-2,"Lismore, NSW",reported_place,locality,medium,verified_gazetteer_point,frontend map_points row
canonical_frontend_public_map_row,"record_coord:919:-28.807761,153.279188",919,,,,Australian Yowie Research,/Users/jarlgiovanni/Desktop/bigfoot_research/public/data/frontend-data.json,1981 - Lismore Northern Star Yowie Article,1981,-28.8077608,153.2791883,NSW,https://www.yowiehunters.com.au/media-clips/2148-1981-lismore-northern-star-yowie-article-3,"Lismore, NSW",reported_place,locality,medium,verified_gazetteer_point,frontend map_points row
canonical_frontend_public_map_row,"record_coord:4452:-34.816667,148.900000",4452,,,,Australian Yowie Research / AYR Yowie Reports Map,/Users/jarlgiovanni/Desktop/bigfoot_research/public/data/frontend-data.json,Reports from newspapers: 1981 - Canberra Times Yowie Article,1981,-34.816667,148.9,NSW,https://www.yowiehunters.com.au/media-clips/1904-1981-canberra-times-yowie-article,"1981 - Canberra Times Yowie Article, NSW",source_visible_place,locality,stage_only_public_report_marker,verified_place,frontend map_points row
canonical_frontend_public_map_row,"record_coord:4453:-28.685333,153.321667",4453,,,,Australian Yowie Research / AYR Yowie Reports Map,/Users/jarlgiovanni/Desktop/bigfoot_research/public/data/frontend-data.json,Reports from newspapers: 1981 - Lismore Northern Star Yowie Article,1981,-28.685333,153.321667,QLD,https://www.yowiehunters.com.au/media-clips/2147-1981-lismore-northern-star-yowie-article-2,"1981 - Lismore Northern Star Yowie Article, QLD",source_visible_place,locality,stage_only_public_report_marker,verified_place,frontend map_points row
canonical_frontend_public_map_row,"record_coord:4454:-28.685333,153.321667",4454,,,,Australian Yowie Research / AYR Yowie Reports Map,/Users/jarlgiovanni/Desktop/bigfoot_research/public/data/frontend-data.json,Reports from newspapers: 1981 - Lismore Northern Star Yowie Article,1981,-28.685333,153.321667,QLD,https://www.yowiehunters.com.au/media-clips/2148-1981-lismore-northern-star-yowie-article-3,"1981 - Lismore Northern Star Yowie Article, QLD",source_visible_place,locality,stage_only_public_report_marker,verified_place,frontend map_points row
canonical_frontend_public_map_row,"record_coord:4594:-36.235170,149.124080",4594,,,,Australian Yowie Research / AYR Yowie Reports Map,/Users/jarlgiovanni/Desktop/bigfoot_research/public/data/frontend-data.json,"Witness sketches: Cooma, New South Wales (1981)",1981,-36.23517,149.12408,NSW,https://www.yowiehunters.com.au/witness-sketches,"Cooma, New South Wales, NSW",source_visible_place,locality,stage_only_public_report_marker,verified_place,frontend map_points row
canonical_frontend_public_map_row,"record_coord:48:-38.099731,145.280726",48,,,,Australian Yowie Research,/Users/jarlgiovanni/Desktop/bigfoot_research/public/data/frontend-data.json,"Cranbourne, Victoria 1982",1982,-38.0997308,145.2807256,VIC,https://www.yowiehunters.com.au/victoria/1244-cranbourne-vic-1982,"Cranbourne, VIC",reported_place,locality,high,verified_gazetteer_point,frontend map_points row
canonical_frontend_public_map_row,"record_coord:97:-33.128500,149.242900",97,,,,Australian Yowie Research,/Users/jarlgiovanni/Desktop/bigfoot_research/public/data/frontend-data.json,"Ophir, New South Wales 1982",1982,-33.1285,149.2429,NSW,https://www.yowiehunters.com.au/new-south-wales/1435-ophir-new-south-wales-1982,"Ophir, NSW",reported_place,locality,high,verified_gazetteer_point,frontend map_points row
canonical_frontend_public_map_row,"record_coord:159:-28.036074,153.339128",159,,,,Australian Yowie Research,/Users/jarlgiovanni/Desktop/bigfoot_research/public/data/frontend-data.json,"Worongary, Queensland 1982",1982,-28.0360735,153.339128,QLD,https://www.yowiehunters.com.au/queensland/2075-worongary-queensland-1982,"Worongary, QLD",reported_place,locality,high,verified_gazetteer_point,frontend map_points row
canonical_frontend_public_map_row,"record_coord:228:-27.130359,153.052004",228,,,,Australian Yowie Research,/Users/jarlgiovanni/Desktop/bigfoot_research/public/data/frontend-data.json,"Beachmere, Queensland 1982",1982,-27.1303586,153.0520041,QLD,https://www.yowiehunters.com.au/queensland/1809-beachmere-queensland-1982,"Beachmere, QLD",reported_place,locality,high,verified_gazetteer_point,frontend map_points row
canonical_frontend_public_map_row,"record_coord:250:-37.887001,145.475186",250,,,,Australian Yowie Research,/Users/jarlgiovanni/Desktop/bigfoot_research/public/data/frontend-data.json,"Macclesfield, Victoria 1982",1982,-37.887001,145.475186,VIC,https://www.yowiehunters.com.au/victoria/1252-macclesfield-vic-1982,"Macclesfield, VIC",reported_place,locality,high,verified_gazetteer_point,frontend map_points row
canonical_frontend_public_map_row,"record_coord:318:-33.573561,150.625644",318,,,,Australian Yowie Research,/Users/jarlgiovanni/Desktop/bigfoot_research/public/data/frontend-data.json,"Bowen Mountain, New South Wales 1982",1982,-33.5735614,150.6256438,NSW,https://www.yowiehunters.com.au/new-south-wales/1360-bowen-mountain-new-south-wales-1982,"Bowen Mountain, NSW",reported_place,locality,high,verified_gazetteer_point,frontend map_points row
canonical_frontend_public_map_row,"record_coord:332:-31.965000,141.451111",332,,,,Australian Yowie Research,/Users/jarlgiovanni/Desktop/bigfoot_research/public/data/frontend-data.json,"Broken Hill, New South Wales 1982",1982,-31.965,141.4511111,NSW,https://www.yowiehunters.com.au/new-south-wales/1817-broken-hill-new-south-wales-1982,"Broken Hill, NSW",reported_place,locality,high,verified_gazetteer_point,frontend map_points row
canonical_frontend_public_map_row,"record_coord:449:-28.185749,153.271559",449,,,,Australian Yowie Research,/Users/jarlgiovanni/Desktop/bigfoot_research/public/data/frontend-data.json,"Springbrook, Queensland 1982",1982,-28.185749,153.2715593,QLD,https://www.yowiehunters.com.au/queensland/1329-springbrook-qld-1982,"Springbrook, QLD",reported_place,locality,high,verified_gazetteer_point,frontend map_points row
canonical_frontend_public_map_row,"record_coord:481:-17.942923,145.928582",481,,,,Australian Yowie Research,/Users/jarlgiovanni/Desktop/bigfoot_research/public/data/frontend-data.json,"Tully, Queensland 1985",1982,-17.9429225,145.9285816,QLD,https://www.yowiehunters.com.au/queensland/1598-tully-queensland-1985,"Tully, QLD",reported_place,locality,high,verified_gazetteer_point,frontend map_points row
canonical_frontend_public_map_row,"record_coord:566:-30.351605,148.888802",566,,,,Australian Yowie Research,/Users/jarlgiovanni/Desktop/bigfoot_research/public/data/frontend-data.json,"Pilliga, New South Wales 2010",1982,-30.351605,148.8888022,NSW,https://www.yowiehunters.com.au/new-south-wales/1444-pilliga-new-south-wales-2010,"Pilliga, NSW",reported_place,locality,high,verified_gazetteer_point,frontend map_points row
canonical_frontend_public_map_row,"record_coord:584:-33.384282,149.888402",584,,,,Australian Yowie Research,/Users/jarlgiovanni/Desktop/bigfoot_research/public/data/frontend-data.json,"Sunny Corner, New South Wales 1982",1982,-33.3842823,149.8884022,NSW,https://www.yowiehunters.com.au/new-south-wales/1936-sunny-corner-new-south-wales-1982,"Sunny Corner, NSW",reported_place,locality,high,verified_gazetteer_point,frontend map_points row
canonical_frontend_public_map_row,"record_coord:602:-29.788266,148.238987",602,,,,Australian Yowie Research,/Users/jarlgiovanni/Desktop/bigfoot_research/public/data/frontend-data.json,"Walgett, New South Wales 1982",1982,-29.7882659,148.2389866,NSW,https://www.yowiehunters.com.au/new-south-wales/1458-walget-new-south-wales-1982,"Walgett, NSW",reported_place,locality,high,verified_gazetteer_point,frontend map_points row
canonical_frontend_public_map_row,"record_coord:633:-35.648333,148.467778",633,,,,Australian Yowie Research,/Users/jarlgiovanni/Desktop/bigfoot_research/public/data/frontend-data.json,"Yarrangobilly, New South Wales 1982",1982,-35.6483333,148.4677778,NSW,https://www.yowiehunters.com.au/new-south-wales/1476-yarrangobilly-new-south-wales-1982,"Yarrangobilly, NSW",reported_place,locality,high,verified_gazetteer_point,frontend map_points row
canonical_frontend_public_map_row,"record_coord:4276:-33.384282,149.888402",4276,,,,Australian Yowie Research / AYR Yowie Reports Map,/Users/jarlgiovanni/Desktop/bigfoot_research/public/data/frontend-data.json,"YouTube reports, interviews: Yowie Sighting (Audio Report #108) at Sunny Corner, New South Wales (1982)",1982,-33.3842823,149.8884022,NSW,https://www.youtube.com/watch?v=-4OS9_7uSXo,"Sunny Corner, NSW",source_visible_place,locality,stage_only_public_report_marker,verified_gazetteer_point,frontend map_points row
canonical_frontend_public_map_row,"record_coord:4591:-32.822541,147.976136",4591,,,,Australian Yowie Research / AYR Yowie Reports Map,/Users/jarlgiovanni/Desktop/bigfoot_research/public/data/frontend-data.json,"Witness sketches: Near Parkes, New South Wales (1982)",1982,-32.8225409,147.9761363,NSW,https://www.yowiehunters.com.au/witness-sketches,"Parkes, NSW",source_visible_place,town,stage_only_public_report_marker,verified_gazetteer_point,frontend map_points row
canonical_frontend_public_map_row,"record_coord:14:-32.003808,116.102207",14,,,,Australian Yowie Research,/Users/jarlgiovanni/Desktop/bigfoot_research/public/data/frontend-data.json,"Kalamundra, Western Australia 1983",1983,-32.0038075,116.1022069,WA,https://www.yowiehunters.com.au/western-australia/1135-kalamundra-1983,"Kalamundra, WA",reported_place,locality,high,verified_gazetteer_point,frontend map_points row
canonical_frontend_public_map_row,"record_coord:53:-38.099731,145.280726",53,,,,Australian Yowie Research,/Users/jarlgiovanni/Desktop/bigfoot_research/public/data/frontend-data.json,"Cranbourne, Victoria 1987",1983,-38.0997308,145.2807256,VIC,https://www.yowiehunters.com.au/victoria/1245-cranbourne-vic-1987,"Cranbourne/Hallam, VIC",reported_place,locality,high,verified_gazetteer_point,frontend map_points row
canonical_frontend_public_map_row,"record_coord:98:-29.117409,153.431210",98,,,,Australian Yowie Research,/Users/jarlgiovanni/Desktop/bigfoot_research/public/data/frontend-data.json,"Evans Head, New South Wales 1983",1983,-29.1174093,153.4312097,NSW,https://www.yowiehunters.com.au/new-south-wales/1383-evans-head-new-south-wales-1983,"Evans Head, NSW",reported_place,locality,high,verified_gazetteer_point,frontend map_points row
canonical_frontend_public_map_row,"record_coord:321:-25.246720,153.146804",321,,,,Australian Yowie Research,/Users/jarlgiovanni/Desktop/bigfoot_research/public/data/frontend-data.json,"Fraser Island, Queensland 1983",1983,-25.24672,153.1468044,QLD,https://www.yowiehunters.com.au/queensland/1864-fraser-island-queensland-1983,"Fraser Island, QLD",reported_place,locality,high,verified_gazetteer_point,frontend map_points row
canonical_frontend_public_map_row,"record_coord:352:-35.297591,149.101268",352,,,,Australian Yowie Research,/Users/jarlgiovanni/Desktop/bigfoot_research/public/data/frontend-data.json,"Canberra, A.C.T. 1983",1983,-35.2975906,149.1012676,ACT,https://www.yowiehunters.com.au/new-south-wales/1367-canberra-act-1983,"Forestry 1 hour from Canberra, ACT",reported_place,locality,high,verified_gazetteer_point,frontend map_points row
canonical_frontend_public_map_row,"record_coord:533:-34.442184,150.806713",533,,,,Australian Yowie Research,/Users/jarlgiovanni/Desktop/bigfoot_research/public/data/frontend-data.json,"Mt. Kembla, New South Wales 1983",1983,-34.4421839,150.8067132,NSW,https://www.yowiehunters.com.au/new-south-wales/1419-mt-kembla-new-south-wales-1983,"Mt Kembla, NSW",reported_place,locality,high,verified_gazetteer_point,frontend map_points row
canonical_frontend_public_map_row,"record_coord:552:-33.845593,149.832616",552,,,,Australian Yowie Research,/Users/jarlgiovanni/Desktop/bigfoot_research/public/data/frontend-data.json,"Oberon, New South Wales 1983",1983,-33.8455931,149.8326162,NSW,https://www.yowiehunters.com.au/new-south-wales/1432-oberon-new-south-wales-1983,"Oberon, NSW",reported_place,locality,high,verified_gazetteer_point,frontend map_points row
canonical_frontend_public_map_row,"record_coord:920:-28.655995,151.933827",920,,,,Australian Yowie Research,/Users/jarlgiovanni/Desktop/bigfoot_research/public/data/frontend-data.json,1983 - Border Post Yowie Article,1983,-28.6559947,151.9338265,QLD,https://www.yowiehunters.com.au/media-clips/2145-1983-border-post-yowie-article,Stanthorpe,source_visible_place_hint,locality,medium,verified_gazetteer_point,frontend map_points row
canonical_frontend_public_map_row,"record_coord:1085:-32.003808,116.102207",1085,,,,Australian Yowie Research,/Users/jarlgiovanni/Desktop/bigfoot_research/public/data/frontend-data.json,1983 - The Pinkney Report Yowie Article,1983,-32.0038075,116.1022069,WA,https://www.yowiehunters.com.au/media-clips/1750-1983-the-pinkney-report-yowie-article,Kalamunda,source_visible_place_hint,locality,medium,verified_gazetteer_point,frontend map_points row
canonical_frontend_public_map_row,"record_coord:4277:-31.946253,116.046943",4277,,,,Australian Yowie Research / AYR Yowie Reports Map,/Users/jarlgiovanni/Desktop/bigfoot_research/public/data/frontend-data.json,"YouTube reports, interviews: Yowie Sighting (Audio Report #66) at Kalamunda - Western Australia (1983)",1983,-31.946253,116.046943,WA,https://www.youtube.com/watch?v=oRLoaLMgYRUr,"Kalamunda - Western Australia, WA",source_visible_place,locality,stage_only_public_report_marker,verified_place,frontend map_points row
canonical_frontend_public_map_row,"record_coord:4278:-34.442140,150.795680",4278,,,,Australian Yowie Research / AYR Yowie Reports Map,/Users/jarlgiovanni/Desktop/bigfoot_research/public/data/frontend-data.json,"YouTube reports, interviews: Yowie Sighting (Audio Report #140) at Mount Kembla, New South Wales (Nov 1983)",1983,-34.44214,150.79568,NSW,https://www.youtube.com/watch?v=9QOQM5BaI3o,"Mount Kembla, NSW",source_visible_place,locality,stage_only_public_report_marker,verified_place,frontend map_points row
canonical_frontend_public_map_row,"record_coord:4298:-35.293056,149.126944",4298,,,,Australian Yowie Research / AYR Yowie Reports Map,/Users/jarlgiovanni/Desktop/bigfoot_research/public/data/frontend-data.json,"Written reports: Yowie Sighting at Canberra, A.C.T. 1983",1983,-35.293056,149.126944,NSW,https://www.yowiehunters.com.au/new-south-wales/1367-canberra-act-1983,"Canberra, NSW",source_visible_place,locality,stage_only_public_report_marker,verified_place,frontend map_points row
canonical_frontend_public_map_row,"record_coord:4455:-28.654700,151.900000",4455,,,,Australian Yowie Research / AYR Yowie Reports Map,/Users/jarlgiovanni/Desktop/bigfoot_research/public/data/frontend-data.json,Reports from newspapers: 1983 - Border Post Yowie Article,1983,-28.6547,151.9,QLD,https://www.yowiehunters.com.au/media-clips/2145-1983-border-post-yowie-article,"1983 - Border Post Yowie Article, QLD",source_visible_place,locality,stage_only_public_report_marker,verified_place,frontend map_points row
canonical_frontend_public_map_row,"record_coord:4456:-31.974000,116.058000",4456,,,,Australian Yowie Research / AYR Yowie Reports Map,/Users/jarlgiovanni/Desktop/bigfoot_research/public/data/frontend-data.json,Reports from newspapers: 1983 - The Pinkney Report Yowie Article,1983,-31.974,116.058,WA,https://www.yowiehunters.com.au/media-clips/1750-1983-the-pinkney-report-yowie-article,"1983 - The Pinkney Report Yowie Article, WA",source_visible_place,locality,stage_only_public_report_marker,verified_place,frontend map_points row
canonical_frontend_public_map_row,"record_coord:4558:-34.768773,150.168423",4558,,,,Australian Yowie Research / AYR Yowie Reports Map,/Users/jarlgiovanni/Desktop/bigfoot_research/public/data/frontend-data.json,"Photographs of footprints and handprints : Bungonia â€“ Bundanoon, New South Wales (1983)",1983,-34.768773,150.168423,NSW,https://www.yowiehunters.com.au/footprints,"Photographs of footprints and handprints : Bungonia â€“ Bundanoon, New South Wales, NSW",source_visible_place,locality,stage_only_public_report_marker,verified_place,frontend map_points row
canonical_frontend_public_map_row,"record_coord:49:-37.835268,145.944321",49,,,,Australian Yowie Research,/Users/jarlgiovanni/Desktop/bigfoot_research/public/data/frontend-data.json,"Noojee, Victoria 1984",1984,-37.8352675,145.9443211,VIC,https://www.yowiehunters.com.au/victoria/1257-noojee-vic-1984,"Noojee, VIC",reported_place,locality,high,verified_gazetteer_point,frontend map_points row
canonical_frontend_public_map_row,"record_coord:50:-37.489869,145.511770",50,,,,Australian Yowie Research,/Users/jarlgiovanni/Desktop/bigfoot_research/public/data/frontend-data.json,"Toolangi, Victoria 1984",1984,-37.4898686,145.5117704,VIC,https://www.yowiehunters.com.au/victoria/1680-toolangi-victoria-1984,"Toolangi State Forest, VIC",reported_place,locality,high,verified_gazetteer_point,frontend map_points row
canonical_frontend_public_map_row,"record_coord:99:-33.547928,151.226018",99,,,,Australian Yowie Research,/Users/jarlgiovanni/Desktop/bigfoot_research/public/data/frontend-data.json,"Brooklyn, New South Wales 1984",1984,-33.5479285,151.2260175,NSW,https://www.yowiehunters.com.au/new-south-wales/1394-hawkesburry-river-new-south-wales-1984,"Brooklyn, NSW",reported_place,locality,high,verified_gazetteer_point,frontend map_points row
canonical_frontend_public_map_row,"record_coord:160:-28.185749,153.271559",160,,,,Australian Yowie Research,/Users/jarlgiovanni/Desktop/bigfoot_research/public/data/frontend-data.json,"Springbrook, Queensland 1984",1984,-28.185749,153.2715593,QLD,https://www.yowiehunters.com.au/queensland/1330-springbrook-qld-1984,"Springbrook, QLD",reported_place,locality,high,verified_gazetteer_point,frontend map_points row
canonical_frontend_public_map_row,"record_coord:254:-33.416648,149.580373",254,,,,Australian Yowie Research,/Users/jarlgiovanni/Desktop/bigfoot_research/public/data/frontend-data.json,"Bathurst, New South Wales 1984",1984,-33.4166482,149.5803725,NSW,https://www.yowiehunters.com.au/new-south-wales/1353-bathurst-new-south-wales-1984,"Bathurst, NSW",reported_place,town,high,verified_gazetteer_point,frontend map_points row
canonical_frontend_public_map_row,"record_coord:261:-24.994350,148.333790",261,,,,Australian Yowie Research,/Users/jarlgiovanni/Desktop/bigfoot_research/public/data/frontend-data.json,"Canarvon Gorge, Queensland 1984",1984,-24.99435,148.3337905,QLD,https://www.yowiehunters.com.au/queensland/1275-canarvon-gorge-qld-1984,"Canarvon Gorge / Yellowbank, QLD",reported_place,locality,high,verified_gazetteer_point,frontend map_points row
canonical_frontend_public_map_row,"record_coord:271:-37.835268,145.944321",271,,,,Australian Yowie Research,/Users/jarlgiovanni/Desktop/bigfoot_research/public/data/frontend-data.json,"Noojee, Victoria 1984",1984,-37.8352675,145.9443211,VIC,https://www.yowiehunters.com.au/victoria/1621-noojee-victoria-1984,"Noojee, VIC",reported_place,locality,high,verified_gazetteer_point,frontend map_points row
canonical_frontend_public_map_row,"record_coord:299:-33.609741,150.405224",299,,,,Australian Yowie Research,/Users/jarlgiovanni/Desktop/bigfoot_research/public/data/frontend-data.json,"Blue Mountains, New South Wales 1984",1984,-33.609741,150.4052237,NSW,https://www.yowiehunters.com.au/new-south-wales/1562-blue-mountains-new-south-wales-1984,"Blue Mountains, NSW",reported_place,named_feature,high,verified_gazetteer_point,frontend map_points row
canonical_frontend_public_map_row,"record_coord:342:-34.656217,150.299707",342,,,,Australian Yowie Research,/Users/jarlgiovanni/Desktop/bigfoot_research/public/data/frontend-data.json,"Bundanoon, New South Wales 1984",1984,-34.6562168,150.2997071,NSW,https://www.yowiehunters.com.au/new-south-wales/1365-bundanoon-new-south-wales-1984,"Bundanoon, NSW",reported_place,locality,high,verified_gazetteer_point,frontend map_points row
canonical_frontend_public_map_row,"record_coord:344:-30.169755,151.073944",344,,,,Australian Yowie Research,/Users/jarlgiovanni/Desktop/bigfoot_research/public/data/frontend-data.json,"Bundarra, New South Wales 1984",1984,-30.1697551,151.0739435,NSW,https://www.yowiehunters.com.au/new-south-wales/1836-bundarra-new-south-wales-1984,"Bundarra, NSW",reported_place,locality,high,verified_gazetteer_point,frontend map_points row
canonical_frontend_public_map_row,"record_coord:479:-28.148821,153.490402",479,,,,Australian Yowie Research,/Users/jarlgiovanni/Desktop/bigfoot_research/public/data/frontend-data.json,"Tugun, Queensland 1984",1984,-28.148821,153.4904018,QLD,https://www.yowiehunters.com.au/queensland/2048-tugun-queensland-1984,"Tugun, QLD",reported_place,locality,high,verified_gazetteer_point,frontend map_points row
canonical_frontend_public_map_row,"record_coord:499:-27.888610,153.235785",499,,,,Australian Yowie Research,/Users/jarlgiovanni/Desktop/bigfoot_research/public/data/frontend-data.json,"Wongawallan, Queensland 1984",1984,-27.8886104,153.235785,QLD,https://www.yowiehunters.com.au/queensland/1550-wongawallan-queensland-1984-sp-28881,"Wongawallan, QLD",reported_place,locality,high,verified_gazetteer_point,frontend map_points row
canonical_frontend_public_map_row,"record_coord:574:-34.112200,151.026727",574,,,,Australian Yowie Research,/Users/jarlgiovanni/Desktop/bigfoot_research/public/data/frontend-data.json,"Royal National Park, New South Wales 1984",1984,-34.1121995,151.0267269,NSW,https://www.yowiehunters.com.au/new-south-wales/1828-royal-national-park-new-south-wales-1984,"Royal National Park, NSW",reported_place,locality,high,verified_gazetteer_point,frontend map_points row
canonical_frontend_public_map_row,"record_coord:4279:-24.994350,148.333790",4279,,,,Australian Yowie Research / AYR Yowie Reports Map,/Users/jarlgiovanni/Desktop/bigfoot_research/public/data/frontend-data.json,"Written reports: Yowie Sighting at Canarvon Gorge, Queensland 1984",1984,-24.99435,148.3337905,QLD,https://www.yowiehunters.com.au/queensland/1275-canarvon-gorge-qld-1984,"Canarvon Gorge, QLD",source_visible_place,locality,stage_only_public_report_marker,verified_gazetteer_point,frontend map_points row
canonical_frontend_public_map_row,"record_coord:4312:-37.533333,145.466667",4312,,,,Australian Yowie Research / AYR Yowie Reports Map,/Users/jarlgiovanni/Desktop/bigfoot_research/public/data/frontend-data.json,"Written reports: Yowie Sighting at Toolangi, Victoria 1984",1984,-37.533333,145.466667,VIC,https://www.yowiehunters.com.au/victoria/1680-toolangi-victoria-1984,"Toolangi, VIC",source_visible_place,locality,stage_only_public_report_marker,verified_place,frontend map_points row
canonical_frontend_public_map_row,"record_coord:47:-37.450214,145.258423",47,,,,Australian Yowie Research,/Users/jarlgiovanni/Desktop/bigfoot_research/public/data/frontend-data.json,"Kinglake West & Eden Park, Victoria late 1980's",1985,-37.450214,145.258423,VIC,https://www.yowiehunters.com.au/victoria/2284-kinglake-west-eden-park-victoria-late-1980s,"Kinglake West and Eden Park, VIC",reported_place,locality,high,verified_gazetteer_point,frontend map_points row
canonical_frontend_public_map_row,"record_coord:51:-37.920836,145.468821",51,,,,Australian Yowie Research,/Users/jarlgiovanni/Desktop/bigfoot_research/public/data/frontend-data.json,"Avonsleigh, Victoria 1985",1985,-37.9208356,145.4688212,VIC,https://www.yowiehunters.com.au/victoria/1954-avonsleigh-victoria-1985,"Avonsleigh, VIC",reported_place,locality,high,verified_gazetteer_point,frontend map_points row
canonical_frontend_public_map_row,"record_coord:52:-38.409647,146.898786",52,,,,Australian Yowie Research,/Users/jarlgiovanni/Desktop/bigfoot_research/public/data/frontend-data.json,"Darriman, Victoria 1985",1985,-38.4096475,146.8987864,VIC,https://www.yowiehunters.com.au/victoria/1246-darriman-vic-1985,Darriman,source_visible_place,locality,medium,verified_gazetteer_point,frontend map_points row
canonical_frontend_public_map_row,"record_coord:100:-33.384282,149.888402",100,,,,Australian Yowie Research,/Users/jarlgiovanni/Desktop/bigfoot_research/public/data/frontend-data.json,"Sunny Corner, New South Wales 1985",1985,-33.3842823,149.8884022,NSW,https://www.yowiehunters.com.au/new-south-wales/1910-sunny-corner-new-south-wales-1985,"Sunny Corner, NSW",reported_place,locality,high,verified_gazetteer_point,frontend map_points row
canonical_frontend_public_map_row,"record_coord:161:-26.179181,152.732961",161,,,,Australian Yowie Research,/Users/jarlgiovanni/Desktop/bigfoot_research/public/data/frontend-data.json,"Gympie (East), Queensland 1985",1985,-26.1791812,152.7329612,QLD,https://www.yowiehunters.com.au/queensland/1862-gympie-east-queensland-1985,"Gympie East, QLD",reported_place,locality,high,verified_gazetteer_point,frontend map_points row
canonical_frontend_public_map_row,"record_coord:162:-28.036074,153.339128",162,,,,Australian Yowie Research,/Users/jarlgiovanni/Desktop/bigfoot_research/public/data/frontend-data.json,"Worongary, Queensland 1985",1985,-28.0360735,153.339128,QLD,https://www.yowiehunters.com.au/queensland/2185-worongary-queensland-1985,"Worongary, QLD",reported_place,locality,high,verified_gazetteer_point,frontend map_points row
canonical_frontend_public_map_row,"record_coord:216:-28.061915,153.278130",216,,,,Australian Yowie Research,/Users/jarlgiovanni/Desktop/bigfoot_research/public/data/frontend-data.json,"Advancetown, Queensland 1985",1985,-28.061915,153.27813,QLD,https://www.yowiehunters.com.au/queensland/1968-advancetown-queensland-1985,"Advancetown, QLD",reported_place,locality,high,verified_gazetteer_point,frontend map_points row
canonical_frontend_public_map_row,"record_coord:217:-36.889754,147.801619",217,,,,Australian Yowie Research,/Users/jarlgiovanni/Desktop/bigfoot_research/public/data/frontend-data.json,"Benambra, Victoria 1985",1985,-36.889754,147.8016192,VIC,https://www.yowiehunters.com.au/victoria/1974-benambra-victoria-1985,"Benambra, VIC",reported_place,locality,high,verified_gazetteer_point,frontend map_points row
canonical_frontend_public_map_row,"record_coord:420:-30.051204,152.978719",420,,,,Australian Yowie Research,/Users/jarlgiovanni/Desktop/bigfoot_research/public/data/frontend-data.json,"Glenreagh, New South Wales 1985",1985,-30.0512038,152.9787186,NSW,https://www.yowiehunters.com.au/new-south-wales/2116-glenreagh-new-south-wales-1985,"Glenreagh, NSW",reported_place,locality,high,verified_gazetteer_point,frontend map_points row
canonical_frontend_public_map_row,"record_coord:459:-28.655995,151.933827",459,,,,Australian Yowie Research,/Users/jarlgiovanni/Desktop/bigfoot_research/public/data/frontend-data.json,"Stanthorpe, Queensland 1985",1985,-28.6559947,151.9338265,QLD,https://www.yowiehunters.com.au/queensland/2285-stanthorpe-queensland-1985,"Stanthorpe, QLD",reported_place,locality,high,verified_gazetteer_point,frontend map_points row
canonical_frontend_public_map_row,"record_coord:595:-29.311298,151.696747",595,,,,Australian Yowie Research,/Users/jarlgiovanni/Desktop/bigfoot_research/public/data/frontend-data.json,"Torrington, New South Wales 1985",1985,-29.3112985,151.6967475,NSW,https://www.yowiehunters.com.au/new-south-wales/1940-torrington-new-south-wales-1985,"Torrington, NSW",reported_place,locality,high,verified_gazetteer_point,frontend map_points row
canonical_frontend_public_map_row,"record_coord:626:-35.018794,150.659721",626,,,,Australian Yowie Research,/Users/jarlgiovanni/Desktop/bigfoot_research/public/data/frontend-data.json,"Woollamia, New South Wales 1985",1985,-35.018794,150.6597209,NSW,https://www.yowiehunters.com.au/new-south-wales/2061-woollamia-new-south-wales-1985,"Woollamia, NSW",reported_place,locality,high,verified_gazetteer_point,frontend map_points row
canonical_frontend_public_map_row,"record_coord:4280:-31.355007,115.609902",4280,,,,Australian Yowie Research / AYR Yowie Reports Map,/Users/jarlgiovanni/Desktop/bigfoot_research/public/data/frontend-data.json,"Written reports: Yowie Sighting near Moore River, WA (Jan 1985)",1985,-31.355007,115.609902,WA,https://www.yowiehunters.com.au/western-australia/1098-moore-river-1985,"Moore River, WA",source_visible_place,locality,stage_only_public_report_marker,verified_place,frontend map_points row
canonical_frontend_public_map_row,"record_coord:4281:-29.311298,151.696747",4281,,,,Australian Yowie Research / AYR Yowie Reports Map,/Users/jarlgiovanni/Desktop/bigfoot_research/public/data/frontend-data.json,"YouTube reports, interviews: Yowie Sighting (Audio Report #143) at Torrington, New South Wales (1985)",1985,-29.3112985,151.6967475,NSW,https://www.youtube.com/watch?v=UerZwSFYRqA,"Torrington, NSW",source_visible_place,locality,stage_only_public_report_marker,verified_gazetteer_point,frontend map_points row
canonical_frontend_public_map_row,"record_coord:4282:-33.384282,149.888402",4282,,,,Australian Yowie Research / AYR Yowie Reports Map,/Users/jarlgiovanni/Desktop/bigfoot_research/public/data/frontend-data.json,"YouTube reports, interviews: Yowie Sighting (Audio Report #72) at Sunny Corner, New South Wales (1985)",1985,-33.3842823,149.8884022,NSW,https://www.youtube.com/watch?v=B61rHyOVYf4,"Sunny Corner, NSW",source_visible_place,locality,stage_only_public_report_marker,verified_gazetteer_point,frontend map_points row
canonical_frontend_public_map_row,"record_coord:4600:-35.013792,150.641612",4600,,,,Australian Yowie Research / AYR Yowie Reports Map,/Users/jarlgiovanni/Desktop/bigfoot_research/public/data/frontend-data.json,"Witness sketches: Woolamia, New South Wales (1985)",1985,-35.013792,150.641612,NSW,https://www.yowiehunters.com.au/witness-sketches,"Woolamia, New South Wales, NSW",source_visible_place,locality,stage_only_public_report_marker,verified_place,frontend map_points row
canonical_frontend_public_map_row,"record_coord:4602:-17.932640,145.922770",4602,,,,Australian Yowie Research / AYR Yowie Reports Map,/Users/jarlgiovanni/Desktop/bigfoot_research/public/data/frontend-data.json,"Witness sketches: Tully, Queensland (1985)",1985,-17.93264,145.92277,QLD,https://www.yowiehunters.com.au/witness-sketches,"Tully, Queensland, QLD",source_visible_place,locality,stage_only_public_report_marker,verified_place,frontend map_points row
canonical_frontend_public_map_row,"record_coord:163:-28.218449,152.460335",163,,,,Australian Yowie Research,/Users/jarlgiovanni/Desktop/bigfoot_research/public/data/frontend-data.json,"Mt. Superbus, Queensland 1986",1986,-28.2184485,152.4603351,QLD,https://www.yowiehunters.com.au/queensland/1310-mt-superus-qld-1986,"Mt Superbus, QLD",reported_place,locality,high,verified_gazetteer_point,frontend map_points row
canonical_frontend_public_map_row,"record_coord:222:-17.266711,145.476892",222,,,,Australian Yowie Research,/Users/jarlgiovanni/Desktop/bigfoot_research/public/data/frontend-data.json,"Atherton, Queensland 1986",1986,-17.2667108,145.4768923,QLD,https://www.yowiehunters.com.au/queensland/2199-atherton-queensland-1986,"Atherton, QLD",reported_place,locality,high,verified_gazetteer_point,frontend map_points row
canonical_frontend_public_map_row,"record_coord:241:-36.892317,147.063870",241,,,,Australian Yowie Research,/Users/jarlgiovanni/Desktop/bigfoot_research/public/data/frontend-data.json,"Harrietville, Victoria 1986",1986,-36.8923168,147.0638695,VIC,https://www.yowiehunters.com.au/victoria/1250-harietville-vic-1986,"Harietville, VIC",reported_place,locality,high,verified_gazetteer_point,frontend map_points row
canonical_frontend_public_map_row,"record_coord:267:-28.038587,153.141913",267,,,,Australian Yowie Research,/Users/jarlgiovanni/Desktop/bigfoot_research/public/data/frontend-data.json,"Canungra, Queensland 1986",1986,-28.0385865,153.1419128,QLD,https://www.yowiehunters.com.au/queensland/1871-canungra-queensland-1986,"Canungra, QLD",reported_place,locality,high,verified_gazetteer_point,frontend map_points row
canonical_frontend_public_map_row,"record_coord:426:-33.415000,151.351111",426,,,,Australian Yowie Research,/Users/jarlgiovanni/Desktop/bigfoot_research/public/data/frontend-data.json,"Gosford, New South Wales 1986",1986,-33.415,151.3511111,NSW,https://www.yowiehunters.com.au/new-south-wales/1684-gosford-new-south-wales-1986,"North Gosford, NSW",reported_place,locality,high,verified_gazetteer_point,frontend map_points row
canonical_frontend_public_map_row,"record_coord:431:-27.651318,152.847946",431,,,,Australian Yowie Research,/Users/jarlgiovanni/Desktop/bigfoot_research/public/data/frontend-data.json,"Redbank Plains, Queensland 1986",1986,-27.6513182,152.8479458,QLD,https://www.yowiehunters.com.au/queensland/1578-redbank-plains-queensland-1986,"Redbank Plains, QLD",reported_place,locality,high,verified_gazetteer_point,frontend map_points row
canonical_frontend_public_map_row,"record_coord:534:-34.442184,150.806713",534,,,,Australian Yowie Research,/Users/jarlgiovanni/Desktop/bigfoot_research/public/data/frontend-data.json,"Mt. Kembla, New South Wales 1986",1986,-34.4421839,150.8067132,NSW,https://www.yowiehunters.com.au/new-south-wales/1420-mt-kembla-new-south-wales-1986,"Mt Kembla, NSW",reported_place,locality,high,verified_gazetteer_point,frontend map_points row
canonical_frontend_public_map_row,"record_coord:4283:-34.442184,150.806713",4283,,,,Australian Yowie Research / AYR Yowie Reports Map,/Users/jarlgiovanni/Desktop/bigfoot_research/public/data/frontend-data.json,"YouTube reports, interviews: Yowie Sighting (Audio Report #138) at Mt Kembla, New South Wales (1986)",1986,-34.4421839,150.8067132,NSW,https://www.youtube.com/watch?v=EaJQ_LgyrCM,"Mt Kembla, NSW",source_visible_place,locality,stage_only_public_report_marker,verified_gazetteer_point,frontend map_points row
canonical_frontend_public_map_row,"record_coord:4309:-33.423586,151.341732",4309,,,,Australian Yowie Research / AYR Yowie Reports Map,/Users/jarlgiovanni/Desktop/bigfoot_research/public/data/frontend-data.json,"Written reports: Yowie Sighting at Gosford, New South Wales 1986",1986,-33.423586,151.341732,NSW,https://www.yowiehunters.com.au/new-south-wales/1684-gosford-new-south-wales-1986,"Gosford, NSW",source_visible_place,locality,stage_only_public_report_marker,verified_place,frontend map_points row
canonical_frontend_public_map_row,"record_coord:4313:-36.892317,147.063870",4313,,,,Australian Yowie Research / AYR Yowie Reports Map,/Users/jarlgiovanni/Desktop/bigfoot_research/public/data/frontend-data.json,"Written reports: Yowie Sighting at Harrietville, Victoria 1986",1986,-36.8923168,147.0638695,VIC,https://www.yowiehunters.com.au/victoria/1250-harietville-vic-1986,"Harrietville, VIC",source_visible_place,locality,stage_only_public_report_marker,verified_gazetteer_point,frontend map_points row
canonical_frontend_public_map_row,"record_coord:4555:-31.921164,151.526978",4555,,,,Australian Yowie Research / AYR Yowie Reports Map,/Users/jarlgiovanni/Desktop/bigfoot_research/public/data/frontend-data.json,"Photographs of footprints and handprints : Barrington Tops, New South Wales (1986)",1986,-31.921164,151.526978,NSW,https://www.yowiehunters.com.au/footprints,"Photographs of footprints and handprints : Barrington Tops, New South Wales, NSW",source_visible_place,locality,stage_only_public_report_marker,verified_place,frontend map_points row
canonical_frontend_public_map_row,"record_coord:32:-23.126721,133.834888",32,,,,Australian Yowie Research,/Users/jarlgiovanni/Desktop/bigfoot_research/public/data/frontend-data.json,"Yambah Station, Northern Territory 1987",1987,-23.126721,133.8348877,NT,https://www.yowiehunters.com.au/northern-territory/271-yambah-station-1987,Yambah Station,source_visible_place_hint,locality,medium,verified_gazetteer_point,frontend map_points row
canonical_frontend_public_map_row,"record_coord:40:-42.304062,147.376327",40,,,,Australian Yowie Research,/Users/jarlgiovanni/Desktop/bigfoot_research/public/data/frontend-data.json,"Lake Dulverton, Tasmania 1987 (1)",1987,-42.3040616,147.3763267,TAS,https://www.yowiehunters.com.au/tasmania/273-lake-dulverton-jan-1987,"Lake Dulverton, TAS",reported_place,locality,high,verified_gazetteer_point,frontend map_points row
canonical_frontend_public_map_row,"record_coord:41:-41.434081,147.137350",41,,,,Australian Yowie Research,/Users/jarlgiovanni/Desktop/bigfoot_research/public/data/frontend-data.json,"Lake Dulverton, Tasmania 1987 (2)",1987,-41.4340813,147.1373496,TAS,https://www.yowiehunters.com.au/tasmania/1240-lake-dulverton-tas-1987-2,"Launceston, TAS",reported_place,town,high,verified_gazetteer_point,frontend map_points row
canonical_frontend_public_map_row,"record_coord:54:-38.068538,145.230749",54,,,,Australian Yowie Research,/Users/jarlgiovanni/Desktop/bigfoot_research/public/data/frontend-data.json,"Lyndhurst, Victoria 1987",1987,-38.0685384,145.2307493,VIC,https://www.yowiehunters.com.au/victoria/1251-lyndhurst-vic-1987,"Lyndhurst, VIC",reported_place,locality,high,verified_gazetteer_point,frontend map_points row
canonical_frontend_public_map_row,"record_coord:101:-28.394444,153.067222",101,,,,Australian Yowie Research,/Users/jarlgiovanni/Desktop/bigfoot_research/public/data/frontend-data.json,"Border Ranges and Blue Knob, New South Wales 1987 & 2015",1987,-28.3944444,153.0672222,NSW,https://www.yowiehunters.com.au/new-south-wales/2283-border-ranges-and-blue-knob-new-south-wales-1987-2015,"Border Ranges, NSW",reported_place,locality,high,verified_gazetteer_point,frontend map_points row
canonical_frontend_public_map_row,"record_coord:229:-35.973112,145.847471",229,,,,Australian Yowie Research,/Users/jarlgiovanni/Desktop/bigfoot_research/public/data/frontend-data.json,"Dufty's Beach - Murray River, Victoria 1987",1987,-35.9731123,145.8474714,VIC,https://www.yowiehunters.com.au/victoria/2184-dufty-s-beach-murray-river-victoria-1987,"Dufty’s Beach, VIC",reported_place,locality,high,verified_gazetteer_point,frontend map_points row
canonical_frontend_public_map_row,"record_coord:410:-34.065013,151.013823",410,,,,Australian Yowie Research,/Users/jarlgiovanni/Desktop/bigfoot_research/public/data/frontend-data.json,"Engadine, New South Wales 1987",1987,-34.0650134,151.0138225,NSW,https://www.yowiehunters.com.au/new-south-wales/1382-engadine-new-south-wales-1987,"Engadine, NSW",reported_place,locality,high,verified_gazetteer_point,frontend map_points row
canonical_frontend_public_map_row,"record_coord:484:-37.148196,149.855528",484,,,,Australian Yowie Research,/Users/jarlgiovanni/Desktop/bigfoot_research/public/data/frontend-data.json,"Kiah, New South Wales 1987",1987,-37.1481965,149.8555282,NSW,https://www.yowiehunters.com.au/new-south-wales/2287-eden-new-south-wales-1987,"Kiah, NSW",reported_place,locality,high,verified_gazetteer_point,frontend map_points row
canonical_frontend_public_map_row,"record_coord:613:-35.110571,148.675919",613,,,,Australian Yowie Research,/Users/jarlgiovanni/Desktop/bigfoot_research/public/data/frontend-data.json,"Wee Jasper, New South Wales 1987",1987,-35.1105708,148.6759186,NSW,https://www.yowiehunters.com.au/new-south-wales/1467-wee-jasper-new-south-wales-1987,"Wee Jasper, NSW",reported_place,locality,high,verified_gazetteer_point,frontend map_points row
canonical_frontend_public_map_row,"record_coord:620:-34.308462,149.968830",620,,,,Australian Yowie Research,/Users/jarlgiovanni/Desktop/bigfoot_research/public/data/frontend-data.json,"Wombeyan Caves, New South Wales 1987",1987,-34.3084619,149.9688296,NSW,https://www.yowiehunters.com.au/new-south-wales/2195-wombeyan-caves-new-south-wales-1987,"Wombeyan Caves, NSW",reported_place,locality,high,verified_gazetteer_point,frontend map_points row
canonical_frontend_public_map_row,"record_coord:834:-23.126721,133.834888",834,,,,Australian Yowie Research,/Users/jarlgiovanni/Desktop/bigfoot_research/public/data/frontend-data.json,1987 - Yambah Station Yowie Article,1987,-23.126721,133.8348877,NT,https://www.yowiehunters.com.au/historical-articles/1608-yambah-station-yowie-article-1987,Yambah Station,source_visible_place_hint,locality,medium,verified_gazetteer_point,frontend map_points row
canonical_frontend_public_map_row,"record_coord:921:-41.434081,147.137350",921,,,,Australian Yowie Research,/Users/jarlgiovanni/Desktop/bigfoot_research/public/data/frontend-data.json,1987 - Launceston Examiner 1987-01-06,1987,-41.4340813,147.1373496,TAS,https://www.yowiehunters.com.au/media-clips/2237-1987-unknown-source-15-03-1987,"Launceston, TAS",reported_place,town,medium,verified_gazetteer_point,frontend map_points row
canonical_frontend_public_map_row,"record_coord:922:-31.955897,115.860578",922,,,,Australian Yowie Research,/Users/jarlgiovanni/Desktop/bigfoot_research/public/data/frontend-data.json,1987 - News Perth Ape Monster,1987,-31.9558967,115.8605784,WA,https://www.yowiehunters.com.au/media-clips/1711-1987-news-perth-ape-monster,"Perth, WA",reported_place,town,medium,verified_gazetteer_point,frontend map_points row
canonical_frontend_public_map_row,"record_coord:923:-23.126721,133.834888",923,,,,Australian Yowie Research,/Users/jarlgiovanni/Desktop/bigfoot_research/public/data/frontend-data.json,1987 - NT News Yowie Article,1987,-23.126721,133.8348877,NT,https://www.yowiehunters.com.au/media-clips/1752-1987-nt-news-yowie-article,Yambah Station,source_visible_place_hint,locality,medium,verified_gazetteer_point,frontend map_points row
canonical_frontend_public_map_row,"record_coord:924:-42.304062,147.376327",924,,,,Australian Yowie Research,/Users/jarlgiovanni/Desktop/bigfoot_research/public/data/frontend-data.json,1987 - People Magazine Yowie Report,1987,-42.3040616,147.3763267,TAS,https://www.yowiehunters.com.au/media-clips/1769-1987-people-magazine-yowie-report,Lake Dulverton,source_visible_place_hint,locality,medium,verified_gazetteer_point,frontend map_points row
canonical_frontend_public_map_row,"record_coord:925:-23.126721,133.834888",925,,,,Australian Yowie Research,/Users/jarlgiovanni/Desktop/bigfoot_research/public/data/frontend-data.json,1987 - Sunday Press Yowie Article,1987,-23.126721,133.8348877,NT,https://www.yowiehunters.com.au/media-clips/1765-1987-sunday-press-yowie-article,Yambah Station,source_visible_place_hint,locality,medium,verified_gazetteer_point,frontend map_points row
canonical_frontend_public_map_row,"record_coord:926:-34.024801,151.045408",926,,,,Australian Yowie Research,/Users/jarlgiovanni/Desktop/bigfoot_research/public/data/frontend-data.json,1987 - Sydney Mirror Woronora Yowie Article,1987,-34.0248014,151.0454079,NSW,https://www.yowiehunters.com.au/media-clips/1697-1987-sydney-mirror-woronora-yowie,"Woronora, NSW",reported_place,locality,medium,verified_gazetteer_point,frontend map_points row
canonical_frontend_public_map_row,"record_coord:927:-34.024801,151.045408",927,,,,Australian Yowie Research,/Users/jarlgiovanni/Desktop/bigfoot_research/public/data/frontend-data.json,1987 - Sydney Morning Herald. Woronora Yowie Article,1987,-34.0248014,151.0454079,NSW,https://www.yowiehunters.com.au/media-clips/1694-1987-july-sydney-morning-herald-woronora-yowie-article,"Woronora, NSW",reported_place,locality,medium,verified_gazetteer_point,frontend map_points row
canonical_frontend_public_map_row,"record_coord:928:-33.869844,151.208285",928,,,,Australian Yowie Research,/Users/jarlgiovanni/Desktop/bigfoot_research/public/data/frontend-data.json,1987 - Sydney Sun Yowie Article,1987,-33.8698439,151.2082848,NSW,https://www.yowiehunters.com.au/media-clips/2152-1987-sydney-sun-yowie-article,"Sydney, NSW",reported_place,locality,medium,verified_gazetteer_point,frontend map_points row
canonical_frontend_public_map_row,"record_coord:4303:-38.099731,145.280726",4303,,,,Australian Yowie Research / AYR Yowie Reports Map,/Users/jarlgiovanni/Desktop/bigfoot_research/public/data/frontend-data.json,"Written reports: Yowie Sighting at Cranbourne, Victoria 1987",1987,-38.0997308,145.2807256,VIC,https://www.yowiehunters.com.au/victoria/1245-cranbourne-vic-1987,"Cranbourne, VIC",source_visible_place,locality,stage_only_public_report_marker,verified_gazetteer_point,frontend map_points row
canonical_frontend_public_map_row,"record_coord:4457:-42.309794,147.393549",4457,,,,Australian Yowie Research / AYR Yowie Reports Map,/Users/jarlgiovanni/Desktop/bigfoot_research/public/data/frontend-data.json,Reports from newspapers: 1987 - News Perth Ape Monster,1987,-42.309794,147.393549,TAS,https://www.yowiehunters.com.au/media-clips/1711-1987-news-perth-ape-monster,"1987 - News Perth Ape Monster, TAS",source_visible_place,locality,stage_only_public_report_marker,verified_place,frontend map_points row
canonical_frontend_public_map_row,"record_coord:4458:-23.132391,133.694829",4458,,,,Australian Yowie Research / AYR Yowie Reports Map,/Users/jarlgiovanni/Desktop/bigfoot_research/public/data/frontend-data.json,Reports from newspapers: 1987 - NT News Yowie Article,1987,-23.132391,133.694829,NT,https://www.yowiehunters.com.au/media-clips/1752-1987-nt-news-yowie-article,1987 - NT News Yowie Article,source_visible_place,locality,stage_only_public_report_marker,verified_place,frontend map_points row
canonical_frontend_public_map_row,"record_coord:4459:-34.114532,150.939979",4459,,,,Australian Yowie Research / AYR Yowie Reports Map,/Users/jarlgiovanni/Desktop/bigfoot_research/public/data/frontend-data.json,Reports from newspapers: 1987 - Sydney Mirror Woronora Yowie Article,1987,-34.114532,150.939979,NSW,https://www.yowiehunters.com.au/media-clips/1697-1987-sydney-mirror-woronora-yowie,"1987 - Sydney Mirror Woronora Yowie Article, NSW",source_visible_place,locality,stage_only_public_report_marker,verified_place,frontend map_points row
canonical_frontend_public_map_row,"record_coord:4460:-34.110532,150.930979",4460,,,,Australian Yowie Research / AYR Yowie Reports Map,/Users/jarlgiovanni/Desktop/bigfoot_research/public/data/frontend-data.json,Reports from newspapers: 1987 - Sydney Morning Herald. Woronora Yowie Article,1987,-34.110532,150.930979,NSW,https://www.yowiehunters.com.au/media-clips/1694-1987-july-sydney-morning-herald-woronora-yowie-article,"1987 - Sydney Morning Herald. Woronora Yowie Article, NSW",source_visible_place,locality,stage_only_public_report_marker,verified_place,frontend map_points row
canonical_frontend_public_map_row,"record_coord:4604:-25.854820,152.554430",4604,,,,Australian Yowie Research / AYR Yowie Reports Map,/Users/jarlgiovanni/Desktop/bigfoot_research/public/data/frontend-data.json,"Witness sketches: Gootchie, Queensland (1987)",1987,-25.85482,152.55443,QLD,https://www.yowiehunters.com.au/witness-sketches,"Gootchie, Queensland, QLD",source_visible_place,locality,stage_only_public_report_marker,verified_place,frontend map_points row
canonical_frontend_public_map_row,"record_coord:4630:-42.304062,147.376327",4630,,,,Australian Yowie Research state report indexes,/Users/jarlgiovanni/Desktop/bigfoot_research/public/data/frontend-data.json,"AYR report index: Lake Dulverton, Tasmania 1987 (2)",1987,-42.3040616,147.3763267,TAS,https://www.yowiehunters.com.au/tasmania/1240-lake-dulverton-tas-1987-2,"Lake Dulverton, TAS",source_visible_place,locality,stage_only_public_report_index_link,verified_gazetteer_point,frontend map_points row
canonical_frontend_public_map_row,"record_coord:55:-37.932128,145.440728",55,,,,Australian Yowie Research,/Users/jarlgiovanni/Desktop/bigfoot_research/public/data/frontend-data.json,"Emerald, Victoria 1988",1988,-37.9321282,145.4407282,VIC,https://www.yowiehunters.com.au/victoria/1248-emerald-vic-1988,"Emerald, VIC",reported_place,locality,high,verified_gazetteer_point,frontend map_points row
canonical_frontend_public_map_row,"record_coord:102:-34.442184,150.806713",102,,,,Australian Yowie Research,/Users/jarlgiovanni/Desktop/bigfoot_research/public/data/frontend-data.json,"Mt. Kembla, New South Wales 1988",1988,-34.4421839,150.8067132,NSW,https://www.yowiehunters.com.au/new-south-wales/1421-mt-kembla-new-south-wales-1988,"Mt Kembla, NSW",reported_place,locality,high,verified_gazetteer_point,frontend map_points row
canonical_frontend_public_map_row,"record_coord:253:-36.924216,146.146368",253,,,,Australian Yowie Research,/Users/jarlgiovanni/Desktop/bigfoot_research/public/data/frontend-data.json,"Mansfield, Victoria 1988",1988,-36.9242155,146.1463677,VIC,https://www.yowiehunters.com.au/victoria/1253-mansfield-vic-1988,"Sawpit Gully . Bridge Creek, VIC",reported_place,locality,high,verified_gazetteer_point,frontend map_points row
canonical_frontend_public_map_row,"record_coord:369:-28.244048,153.157309",369,,,,Australian Yowie Research,/Users/jarlgiovanni/Desktop/bigfoot_research/public/data/frontend-data.json,"Lamington NP, Queensland 1988",1988,-28.2440481,153.1573088,QLD,https://www.yowiehunters.com.au/queensland/1662-lamington-np-queensland-1988,"Lamington National Park, QLD",reported_place,locality,high,verified_gazetteer_point,frontend map_points row
canonical_frontend_public_map_row,"record_coord:550:-34.874120,150.600471",550,,,,Australian Yowie Research,/Users/jarlgiovanni/Desktop/bigfoot_research/public/data/frontend-data.json,"Nowra, New South Wales 1988",1988,-34.8741198,150.6004709,NSW,https://www.yowiehunters.com.au/new-south-wales/1430-nowra-new-south-wales-1988,"Nowra, NSW",reported_place,locality,high,verified_gazetteer_point,frontend map_points row
canonical_frontend_public_map_row,"record_coord:601:-33.885712,149.824930",601,,,,Australian Yowie Research,/Users/jarlgiovanni/Desktop/bigfoot_research/public/data/frontend-data.json,"Vulcan State Forest, New South Wales 1988",1988,-33.8857125,149.8249296,NSW,https://www.yowiehunters.com.au/new-south-wales/1667-vulcan-state-forest-new-south-wales-1988,"Vulcan State Forest, NSW",reported_place,locality,high,verified_gazetteer_point,frontend map_points row
canonical_frontend_public_map_row,"record_coord:607:-33.075811,151.453999",607,,,,Australian Yowie Research,/Users/jarlgiovanni/Desktop/bigfoot_research/public/data/frontend-data.json,"Watagans, New South Wales 1988",1988,-33.0758112,151.4539993,NSW,https://www.yowiehunters.com.au/new-south-wales/1462-watigans-new-south-wales-1988,"Cooranbong/Watigans, NSW",reported_place,locality,high,verified_gazetteer_point,frontend map_points row
canonical_frontend_public_map_row,"record_coord:929:-23.526312,148.161862",929,,,,Australian Yowie Research,/Users/jarlgiovanni/Desktop/bigfoot_research/public/data/frontend-data.json,1988 - Unkown Origin of Emerald Encounter,1988,-23.5263118,148.1618622,QLD,https://www.yowiehunters.com.au/media-clips/1781-1988-unkown-origin-of-emerald-encounter,"Emerald, QLD",reported_place,locality,medium,verified_gazetteer_point,frontend map_points row
canonical_frontend_public_map_row,"record_coord:4317:-33.009524,151.376892",4317,,,,Australian Yowie Research / AYR Yowie Reports Map,/Users/jarlgiovanni/Desktop/bigfoot_research/public/data/frontend-data.json,"Written reports: Yowie Sighting at Watagans, New South Wales 1988",1988,-33.0095237,151.3768922,NSW,https://www.yowiehunters.com.au/new-south-wales/1462-watigans-new-south-wales-1988,"Watagans, NSW",source_visible_place,locality,stage_only_public_report_marker,verified_gazetteer_point,frontend map_points row
canonical_frontend_public_map_row,"record_coord:4328:-37.052118,146.088144",4328,,,,Australian Yowie Research / AYR Yowie Reports Map,/Users/jarlgiovanni/Desktop/bigfoot_research/public/data/frontend-data.json,"Written reports: Yowie Sighting at Mansfield, Victoria 1988",1988,-37.0521177,146.0881445,VIC,https://www.yowiehunters.com.au/victoria/1253-mansfield-vic-1988,"Mansfield, VIC",source_visible_place,locality,stage_only_public_report_marker,verified_gazetteer_point,frontend map_points row
canonical_frontend_public_map_row,"record_coord:4350:-28.142222,153.115278",4350,,,,Australian Yowie Research / AYR Yowie Reports Map,/Users/jarlgiovanni/Desktop/bigfoot_research/public/data/frontend-data.json,"Written reports: Yowie Sighting at Lamington NP, Queensland 1988",1988,-28.142222,153.115278,QLD,https://www.yowiehunters.com.au/queensland/1662-lamington-np-queensland-1988,"Lamington NP, QLD",source_visible_place,locality,stage_only_public_report_marker,verified_place,frontend map_points row
canonical_frontend_public_map_row,"record_coord:4461:-37.933056,145.436944",4461,,,,Australian Yowie Research / AYR Yowie Reports Map,/Users/jarlgiovanni/Desktop/bigfoot_research/public/data/frontend-data.json,Reports from newspapers: 1988 - Unkown Origin of Emerald Encounter,1988,-37.933056,145.436944,VIC,https://www.yowiehunters.com.au/media-clips/1781-1988-unkown-origin-of-emerald-encounter,"1988 - Unkown Origin of Emerald Encounter, VIC",source_visible_place,locality,stage_only_public_report_marker,verified_place,frontend map_points row
canonical_frontend_public_map_row,"record_coord:4607:-33.780610,149.764210",4607,,,,Australian Yowie Research / AYR Yowie Reports Map,/Users/jarlgiovanni/Desktop/bigfoot_research/public/data/frontend-data.json,"Witness sketches: Vulcan State Forest, New South Wales (1988)",1988,-33.78061,149.76421,NSW,https://www.yowiehunters.com.au/witness-sketches,"Vulcan State Forest, New South Wales, NSW",source_visible_place,locality,stage_only_public_report_marker,verified_place,frontend map_points row
canonical_frontend_public_map_row,"record_coord:164:-26.190045,152.660026",164,,,,Australian Yowie Research,/Users/jarlgiovanni/Desktop/bigfoot_research/public/data/frontend-data.json,"Gympie (East), Queensland 1989",1989,-26.1900447,152.6600256,QLD,https://www.yowiehunters.com.au/queensland/1861-gympie-east-queensland-1989,"Gympie, QLD",reported_place,locality,high,verified_gazetteer_point,frontend map_points row
canonical_frontend_public_map_row,"record_coord:433:-27.599454,152.872492",433,,,,Australian Yowie Research,/Users/jarlgiovanni/Desktop/bigfoot_research/public/data/frontend-data.json,"Redbank Plains, Queensland 1989",1989,-27.5994539,152.8724921,QLD,https://www.yowiehunters.com.au/queensland/1935-redbank-plains-queensland-1989,"Redbank, QLD",reported_place,locality,high,verified_gazetteer_point,frontend map_points row
canonical_frontend_public_map_row,"record_coord:494:-34.003906,150.202059",494,,,,Australian Yowie Research,/Users/jarlgiovanni/Desktop/bigfoot_research/public/data/frontend-data.json,"Kowmung River, New South Wales 1989",1989,-34.0039056,150.2020591,NSW,https://www.yowiehunters.com.au/new-south-wales/1688-kowmung-river-new-south-wales-1989,"Kowmung River, NSW",reported_place,locality,high,verified_gazetteer_point,frontend map_points row
canonical_frontend_public_map_row,"record_coord:4284:-27.599454,152.872492",4284,,,,Australian Yowie Research / AYR Yowie Reports Map,/Users/jarlgiovanni/Desktop/bigfoot_research/public/data/frontend-data.json,"YouTube reports, interviews: Yowie Sighting (Audio Report #112) at Redbank, Queensland (Aug 1989)",1989,-27.5994539,152.8724921,QLD,https://www.youtube.com/watch?v=izUL_yzzUeI,"Redbank, QLD",source_visible_place,locality,stage_only_public_report_marker,verified_gazetteer_point,frontend map_points row
canonical_frontend_public_map_row,"record_coord:4285:-27.651318,152.847946",4285,,,,Australian Yowie Research / AYR Yowie Reports Map,/Users/jarlgiovanni/Desktop/bigfoot_research/public/data/frontend-data.json,"Written reports: Yowie Sighting at Redbank Plains, Queensland 1989",1989,-27.6513182,152.8479458,QLD,https://www.yowiehunters.com.au/queensland/1935-redbank-plains-queensland-1989,"Redbank Plains, QLD",source_visible_place,locality,stage_only_public_report_marker,verified_gazetteer_point,frontend map_points row
canonical_frontend_public_map_row,"record_coord:4286:-26.432390,152.601000",4286,,,,Australian Yowie Research / AYR Yowie Reports Map,/Users/jarlgiovanni/Desktop/bigfoot_research/public/data/frontend-data.json,"Written reports: Yowie Sighting at Gympie (East), Queensland 1989",1989,-26.43239,152.601,QLD,https://www.yowiehunters.com.au/queensland/1861-gympie-east-queensland-1989,"Gympie (East), QLD",source_visible_place,locality,stage_only_public_report_marker,verified_place,frontend map_points row
canonical_frontend_public_map_row,"record_coord:56:-37.096049,148.697021",56,,,,Australian Yowie Research,/Users/jarlgiovanni/Desktop/bigfoot_research/public/data/frontend-data.json,"Dellicknora, Victoria 1990",1990,-37.0960487,148.697021,VIC,https://www.yowiehunters.com.au/victoria/1247-dellicknora-vic-1990,"Dellicknora, VIC",reported_place,locality,high,verified_gazetteer_point,frontend map_points row
canonical_frontend_public_map_row,"record_coord:58:-37.316192,144.146763",58,,,,Australian Yowie Research,/Users/jarlgiovanni/Desktop/bigfoot_research/public/data/frontend-data.json,"Hepburn Springs, Victoria 1993",1990,-37.3161925,144.1467627,VIC,https://www.yowiehunters.com.au/victoria/2171-hepburn-springs-victoria-1993,"Hepburn Springs, VIC",reported_place,locality,high,verified_gazetteer_point,frontend map_points row
canonical_frontend_public_map_row,"record_coord:103:-35.729338,150.194800",103,,,,Australian Yowie Research,/Users/jarlgiovanni/Desktop/bigfoot_research/public/data/frontend-data.json,"Bateman's Bay, New South Wales 1990",1990,-35.7293379,150.1947997,NSW,https://www.yowiehunters.com.au/new-south-wales/1351-batemans-bay-new-south-wales-1990,"Bateman’s Bay, NSW",reported_place,locality,high,verified_gazetteer_point,frontend map_points row
canonical_frontend_public_map_row,"record_coord:104:-28.203000,153.566800",104,,,,Australian Yowie Research,/Users/jarlgiovanni/Desktop/bigfoot_research/public/data/frontend-data.json,"Fingal Head, New South Wales 1990",1990,-28.203,153.5668,NSW,https://www.yowiehunters.com.au/new-south-wales/1386-fingal-head-new-south-wales-1990,"Fingal Head, NSW",reported_place,locality,high,verified_gazetteer_point,frontend map_points row
canonical_frontend_public_map_row,"record_coord:105:-34.719225,150.086320",105,,,,Australian Yowie Research,/Users/jarlgiovanni/Desktop/bigfoot_research/public/data/frontend-data.json,"Tallong, New South Wales 1990",1990,-34.7192248,150.0863205,NSW,https://www.yowiehunters.com.au/new-south-wales/2027-tallong-new-south-wales-1990,"Tallong, NSW",reported_place,locality,high,verified_gazetteer_point,frontend map_points row
canonical_frontend_public_map_row,"record_coord:165:-26.730535,152.939064",165,,,,Australian Yowie Research,/Users/jarlgiovanni/Desktop/bigfoot_research/public/data/frontend-data.json,"Eudlo, Queensland 1990",1990,-26.730535,152.9390644,QLD,https://www.yowiehunters.com.au/queensland/1287-eudlo-qld-1990,"Eudlo, QLD",reported_place,locality,high,verified_gazetteer_point,frontend map_points row
canonical_frontend_public_map_row,"record_coord:252:-16.920666,145.772185",252,,,,Australian Yowie Research,/Users/jarlgiovanni/Desktop/bigfoot_research/public/data/frontend-data.json,"Cairns, Queensland 1990",1990,-16.9206657,145.7721854,QLD,https://www.yowiehunters.com.au/queensland/2044-cairns-queensland-1990,"Cairns, QLD",reported_place,locality,high,verified_gazetteer_point,frontend map_points row
canonical_frontend_public_map_row,"record_coord:257:-33.416648,149.580373",257,,,,Australian Yowie Research,/Users/jarlgiovanni/Desktop/bigfoot_research/public/data/frontend-data.json,"Bathurst, New South Wales 1990",1990,-33.4166482,149.5803725,NSW,https://www.yowiehunters.com.au/new-south-wales/1354-bathurst-new-south-wales-1990,"Bathurst, NSW",reported_place,town,high,verified_gazetteer_point,frontend map_points row
canonical_frontend_public_map_row,"record_coord:268:-36.744227,146.304826",268,,,,Australian Yowie Research,/Users/jarlgiovanni/Desktop/bigfoot_research/public/data/frontend-data.json,"Myrrhee, Victoria 1990",1990,-36.744227,146.3048256,VIC,https://www.yowiehunters.com.au/victoria/1256-myhree-vic-1990,"Myhree, VIC",reported_place,locality,high,verified_gazetteer_point,frontend map_points row
canonical_frontend_public_map_row,"record_coord:302:-33.609741,150.405224",302,,,,Australian Yowie Research,/Users/jarlgiovanni/Desktop/bigfoot_research/public/data/frontend-data.json,"Blue Mountains, New South Wales 1990",1990,-33.609741,150.4052237,NSW,https://www.yowiehunters.com.au/new-south-wales/1357-blue-mountains-new-south-wales-1990,"Blue Mountains, NSW",reported_place,named_feature,high,verified_gazetteer_point,frontend map_points row
canonical_frontend_public_map_row,"record_coord:324:-33.515715,151.269777",324,,,,Australian Yowie Research,/Users/jarlgiovanni/Desktop/bigfoot_research/public/data/frontend-data.json,"Brisbane National Water Park, New South Wales 1990",1990,-33.5157145,151.2697774,NSW,https://www.yowiehunters.com.au/new-south-wales/1851-brisbane-national-water-park-new-south-wales-1990,"Brisbane Water National Park, NSW",reported_place,locality,high,verified_gazetteer_point,frontend map_points row
canonical_frontend_public_map_row,"record_coord:334:-36.597320,149.383250",334,,,,Australian Yowie Research,/Users/jarlgiovanni/Desktop/bigfoot_research/public/data/frontend-data.json,"Brown Mountain, New South Wales 1990",1990,-36.59732,149.38325,NSW,https://www.yowiehunters.com.au/new-south-wales/1951-brown-mountain-new-south-wales-1990,"Brown Mountain, NSW",reported_place,locality,high,verified_gazetteer_point,frontend map_points row
canonical_frontend_public_map_row,"record_coord:391:-27.322891,152.764303",391,,,,Australian Yowie Research,/Users/jarlgiovanni/Desktop/bigfoot_research/public/data/frontend-data.json,"Mt. Glorious, Queensland 1990",1990,-27.322891,152.7643027,QLD,https://www.yowiehunters.com.au/queensland/1308-mt-glorious-qld-1990,"Mt. Glorious, QLD",reported_place,locality,high,verified_gazetteer_point,frontend map_points row
canonical_frontend_public_map_row,"record_coord:464:-29.581665,152.551107",464,,,,Australian Yowie Research,/Users/jarlgiovanni/Desktop/bigfoot_research/public/data/frontend-data.json,"Jackadgery, New South Wales 1990",1990,-29.5816646,152.5511068,NSW,https://www.yowiehunters.com.au/new-south-wales/1595-jackadgery-new-south-wales-1990,"Jackadgery, NSW",reported_place,locality,high,verified_gazetteer_point,frontend map_points row
canonical_frontend_public_map_row,"record_coord:470:-33.746018,150.953028",470,,,,Australian Yowie Research,/Users/jarlgiovanni/Desktop/bigfoot_research/public/data/frontend-data.json,"Jenolan Caves, New South Wales 1990",1990,-33.7460183,150.9530285,NSW,https://www.yowiehunters.com.au/new-south-wales/1402-jenolan-caves-new-south-wales-1990,"Circa, NSW",reported_place,locality,high,verified_gazetteer_point,frontend map_points row
canonical_frontend_public_map_row,"record_coord:471:-25.626877,151.637023",471,,,,Australian Yowie Research,/Users/jarlgiovanni/Desktop/bigfoot_research/public/data/frontend-data.json,"Tomson River, Queensland 1990",1990,-25.6268775,151.6370233,QLD,https://www.yowiehunters.com.au/queensland/1338-tomsons-river-qld-1990,Gayndah,source_visible_place_hint,locality,medium,verified_gazetteer_point,frontend map_points row
canonical_frontend_public_map_row,"record_coord:496:-32.052115,152.260610",496,,,,Australian Yowie Research,/Users/jarlgiovanni/Desktop/bigfoot_research/public/data/frontend-data.json,"Krambach, New South Wales 1990",1990,-32.0521151,152.2606101,NSW,https://www.yowiehunters.com.au/new-south-wales/2289-krambach-new-south-wales-1990,"Krambach, NSW",reported_place,locality,high,verified_gazetteer_point,frontend map_points row
canonical_frontend_public_map_row,"record_coord:553:-33.845593,149.832616",553,,,,Australian Yowie Research,/Users/jarlgiovanni/Desktop/bigfoot_research/public/data/frontend-data.json,"Oberon, New South Wales 1990",1990,-33.8455931,149.8326162,NSW,https://www.yowiehunters.com.au/new-south-wales/1549-oberon-new-south-wales-1990,"Orberon, NSW",reported_place,locality,high,verified_gazetteer_point,frontend map_points row
canonical_frontend_public_map_row,"record_coord:588:-28.838430,152.281317",588,,,,Australian Yowie Research,/Users/jarlgiovanni/Desktop/bigfoot_research/public/data/frontend-data.json,"Tenterfield, New South Wales 1990",1990,-28.83843,152.2813166,NSW,https://www.yowiehunters.com.au/new-south-wales/2074-tenterfield-new-south-wales-1990,"Tenterfield, NSW",reported_place,locality,high,verified_gazetteer_point,frontend map_points row
canonical_frontend_public_map_row,"record_coord:930:-29.681677,152.933636",930,,,,Australian Yowie Research,/Users/jarlgiovanni/Desktop/bigfoot_research/public/data/frontend-data.json,1990 - Grafton Examiner Yowie Article,1990,-29.6816773,152.9336357,NSW,https://www.yowiehunters.com.au/media-clips/1759-1990-grafton-examiner-yowie-article,"Grafton, NSW",reported_place,locality,medium,verified_gazetteer_point,frontend map_points row
canonical_frontend_public_map_row,"record_coord:931:-32.052115,152.260610",931,,,,Australian Yowie Research,/Users/jarlgiovanni/Desktop/bigfoot_research/public/data/frontend-data.json,1990 - Krambach Yowie Aricle,1990,-32.0521151,152.2606101,NSW,https://www.yowiehunters.com.au/media-clips/1768-1990-krambach-yowie-aricle,"Krambach, NSW",reported_place,locality,medium,verified_gazetteer_point,frontend map_points row
canonical_frontend_public_map_row,"record_coord:1086:-42.304062,147.376327",1086,,,,Australian Yowie Research,/Users/jarlgiovanni/Desktop/bigfoot_research/public/data/frontend-data.json,1990 - Treasure Islander Yowie Article,1990,-42.3040616,147.3763267,TAS,https://www.yowiehunters.com.au/media-clips/1770-1990-treasure-islander-yowie-article,Lake Dulverton,source_visible_place_hint,locality,medium,verified_gazetteer_point,frontend map_points row
canonical_frontend_public_map_row,"record_coord:1088:-23.288830,131.364490",1088,,,,Australian Yowie Research,/Users/jarlgiovanni/Desktop/bigfoot_research/public/data/frontend-data.json,1990- People Magazine Yowie Article 27-02-1990,1990,-23.28883,131.36449,NT,https://www.yowiehunters.com.au/media-clips/2253-1990-people-magazine-yowie-article-27-02-1990,Mount Liebig,source_visible_place_hint,locality,medium,verified_gazetteer_point,frontend map_points row
canonical_frontend_public_map_row,"record_coord:4079:-37.728050,145.152570",4079,,,,Australian Screen Online,/Users/jarlgiovanni/Desktop/bigfoot_research/public/data/frontend-data.json,ghost in His Master's Ghost at Montsalvat,1990,-37.7280499,145.1525699,VIC,https://aso.gov.au/titles/tv/more-winners-his-masters-ghost/,"Montsalvat, Eltham, VIC",narrative_setting,exact_site,B,verified_gazetteer_point,frontend map_points row
canonical_frontend_public_map_row,"record_coord:4287:-25.167222,142.890000",4287,,,,Australian Yowie Research / AYR Yowie Reports Map,/Users/jarlgiovanni/Desktop/bigfoot_research/public/data/frontend-data.json,"Written reports: Yowie Sighting at Tomson River, Queensland 1990",1990,-25.167222,142.89,QLD,https://www.yowiehunters.com.au/queensland/1338-tomsons-river-qld-1990,"Tomson River, QLD",source_visible_place,locality,stage_only_public_report_marker,verified_place,frontend map_points row
canonical_frontend_public_map_row,"record_coord:4288:-34.409254,150.872973",4288,,,,Australian Yowie Research / AYR Yowie Reports Map,/Users/jarlgiovanni/Desktop/bigfoot_research/public/data/frontend-data.json,"YouTube reports, interviews: Yowie Sighting (Audio Report #67) at Keiraville, New South Wales (1990)",1990,-34.4092539,150.8729729,NSW,https://www.youtube.com/watch?v=xwB6-XeJh0k,"Keiraville, NSW",source_visible_place,locality,stage_only_public_report_marker,verified_gazetteer_point,frontend map_points row
canonical_frontend_public_map_row,"record_coord:4289:-16.920666,145.772185",4289,,,,Australian Yowie Research / AYR Yowie Reports Map,/Users/jarlgiovanni/Desktop/bigfoot_research/public/data/frontend-data.json,"YouTube reports, interviews: Yowie Sighting (Audio Report #130) near Cairns, Queensland (1990)",1990,-16.9206657,145.7721854,QLD,https://www.youtube.com/watch?v=MAHDidJ2OpM,"Cairns, QLD",source_visible_place,locality,stage_only_public_report_marker,verified_gazetteer_point,frontend map_points row
canonical_frontend_public_map_row,"record_coord:4290:-33.490000,151.320000",4290,,,,Australian Yowie Research / AYR Yowie Reports Map,/Users/jarlgiovanni/Desktop/bigfoot_research/public/data/frontend-data.json,"YouTube reports, interviews: Yowie Sighting (Audio Report #152) near Woy Woy Pt. 1, New South Wales (1990)",1990,-33.49,151.32,NSW,https://www.youtube.com/watch?v=EH1XyNhTFQM,"Woy Woy Pt. 1, NSW",source_visible_place,locality,stage_only_public_report_marker,verified_place,frontend map_points row
canonical_frontend_public_map_row,"record_coord:4291:-34.719225,150.086320",4291,,,,Australian Yowie Research / AYR Yowie Reports Map,/Users/jarlgiovanni/Desktop/bigfoot_research/public/data/frontend-data.json,"YouTube reports, interviews: Yowie Sighting (Audio Report #131) near Tallong, New South Wales (Summer 1990)",1990,-34.7192248,150.0863205,NSW,https://www.youtube.com/watch?v=L7sSxHIvs4c,"Tallong, NSW",source_visible_place,locality,stage_only_public_report_marker,verified_gazetteer_point,frontend map_points row
canonical_frontend_public_map_row,"record_coord:4299:-33.845593,149.832616",4299,,,,Australian Yowie Research / AYR Yowie Reports Map,/Users/jarlgiovanni/Desktop/bigfoot_research/public/data/frontend-data.json,"Written reports: Yowie Sighting at Oberon, New South Wales 1990",1990,-33.8455931,149.8326162,NSW,https://www.yowiehunters.com.au/new-south-wales/1549-oberon-new-south-wales-1990,"Oberon, NSW",source_visible_place,locality,stage_only_public_report_marker,verified_gazetteer_point,frontend map_points row
canonical_frontend_public_map_row,"record_coord:4316:-33.820556,150.021389",4316,,,,Australian Yowie Research / AYR Yowie Reports Map,/Users/jarlgiovanni/Desktop/bigfoot_research/public/data/frontend-data.json,"Written reports: Yowie Sighting at Jenolan Caves, New South Wales 1990",1990,-33.820556,150.021389,NSW,https://www.yowiehunters.com.au/new-south-wales/1402-jenolan-caves-new-south-wales-1990,"Jenolan Caves, NSW",source_visible_place,locality,stage_only_public_report_marker,verified_place,frontend map_points row
canonical_frontend_public_map_row,"record_coord:4337:-33.462310,151.255301",4337,,,,Australian Yowie Research / AYR Yowie Reports Map,/Users/jarlgiovanni/Desktop/bigfoot_research/public/data/frontend-data.json,"Written reports: Yowie Sighting at Brisbane National Water Park, New South Wales 1990",1990,-33.46231,151.255301,NSW,https://www.yowiehunters.com.au/new-south-wales/1851-brisbane-national-water-park-new-south-wales-1990,"Brisbane National Water Park, NSW",source_visible_place,locality,stage_only_public_report_marker,verified_place,frontend map_points row
canonical_frontend_public_map_row,"record_coord:4344:-36.731052,146.321842",4344,,,,Australian Yowie Research / AYR Yowie Reports Map,/Users/jarlgiovanni/Desktop/bigfoot_research/public/data/frontend-data.json,"Written reports: Yowie Sighting at Myrrhee, Victoria 1990",1990,-36.731052,146.321842,VIC,https://www.yowiehunters.com.au/victoria/1256-myhree-vic-1990,"Myrrhee, VIC",source_visible_place,locality,stage_only_public_report_marker,verified_place,frontend map_points row
canonical_frontend_public_map_row,"record_coord:4412:-32.052115,152.260610",4412,,,,Australian Yowie Research / AYR Yowie Reports Map,/Users/jarlgiovanni/Desktop/bigfoot_research/public/data/frontend-data.json,"Videos: Julie Clarkes Yowie Encounter at Krambach, NSW (1990)",1990,-32.0521151,152.2606101,NSW,https://www.youtube.com/watch?v=O5ux1q6nujs,"Krambach, NSW",source_visible_place,locality,stage_only_public_report_marker,verified_gazetteer_point,frontend map_points row
canonical_frontend_public_map_row,"record_coord:4415:-28.378333,152.605000",4415,,,,Australian Yowie Research / AYR Yowie Reports Map,/Users/jarlgiovanni/Desktop/bigfoot_research/public/data/frontend-data.json,Videos: Woodenbong Yowie Prime News Mid 1990s,1990,-28.378333,152.605,QLD,https://www.youtube.com/watch?v=L61cvGb8r4I,"Woodenbong Yowie Prime News Mid 1990s, QLD",source_visible_place,locality,stage_only_public_report_marker,verified_place,frontend map_points row
canonical_frontend_public_map_row,"record_coord:4462:-29.137046,152.994911",4462,,,,Australian Yowie Research / AYR Yowie Reports Map,/Users/jarlgiovanni/Desktop/bigfoot_research/public/data/frontend-data.json,Reports from newspapers: 1990 - Grafton Examiner Yowie Article,1990,-29.137046,152.994911,QLD,https://www.yowiehunters.com.au/media-clips/1759-1990-grafton-examiner-yowie-article,"1990 - Grafton Examiner Yowie Article, QLD",source_visible_place,locality,stage_only_public_report_marker,verified_place,frontend map_points row
canonical_frontend_public_map_row,"record_coord:4463:-32.051793,152.266600",4463,,,,Australian Yowie Research / AYR Yowie Reports Map,/Users/jarlgiovanni/Desktop/bigfoot_research/public/data/frontend-data.json,Reports from newspapers: 1990 - Krambach Yowie Aricle,1990,-32.051793,152.2666,NSW,https://www.yowiehunters.com.au/media-clips/1768-1990-krambach-yowie-aricle,"1990 - Krambach Yowie Aricle, NSW",source_visible_place,locality,stage_only_public_report_marker,verified_place,frontend map_points row
canonical_frontend_public_map_row,"record_coord:4576:-35.320970,148.937490",4576,,,,Australian Yowie Research / AYR Yowie Reports Map,/Users/jarlgiovanni/Desktop/bigfoot_research/public/data/frontend-data.json,"Photographs associated with the location: on Facebook - Cotter Dam, ACT (1990)",1990,-35.32097,148.93749,ACT,https://www.facebook.com/yowiehunters.com.au/photos/a.204141293015158/2948194975276429?type=3&theater,"Photographs associated with the location: on Facebook - Cotter Dam, ACT",source_visible_place,locality,stage_only_public_report_marker,verified_place,frontend map_points row
canonical_frontend_public_map_row,"record_coord:4596:-26.729630,152.953950",4596,,,,Australian Yowie Research / AYR Yowie Reports Map,/Users/jarlgiovanni/Desktop/bigfoot_research/public/data/frontend-data.json,"Witness sketches: Eudlo, Queensland (1990",1990,-26.72963,152.95395,QLD,https://www.yowiehunters.com.au/witness-sketches,"Eudlo, Queensland (1990, QLD",source_visible_place,locality,stage_only_public_report_marker,verified_place,frontend map_points row
canonical_frontend_public_map_row,"record_coord:15:-33.280736,115.720448",15,,,,Australian Yowie Research,/Users/jarlgiovanni/Desktop/bigfoot_research/public/data/frontend-data.json,"Australind, Western Australia 1991",1991,-33.2807362,115.7204483,WA,https://www.yowiehunters.com.au/western-australia/1812-australind-western-australia-1991,"Australind, WA",reported_place,locality,high,verified_gazetteer_point,frontend map_points row
canonical_frontend_public_map_row,"record_coord:57:-36.737594,146.656795",57,,,,Australian Yowie Research,/Users/jarlgiovanni/Desktop/bigfoot_research/public/data/frontend-data.json,"Lake Buffalo, Victoria 1991",1991,-36.7375936,146.6567954,VIC,https://www.yowiehunters.com.au/victoria/1920-lake-buffalo-victoria-1991,"Lake Buffalo, VIC",reported_place,locality,high,verified_gazetteer_point,frontend map_points row
canonical_frontend_public_map_row,"record_coord:166:-28.038587,153.141913",166,,,,Australian Yowie Research,/Users/jarlgiovanni/Desktop/bigfoot_research/public/data/frontend-data.json,"Canungra, Queensland 1991",1991,-28.0385865,153.1419128,QLD,https://www.yowiehunters.com.au/queensland/1943-canungra-queensland-1991,"Canungra, QLD",reported_place,locality,high,verified_gazetteer_point,frontend map_points row
canonical_frontend_public_map_row,"record_coord:301:-36.767375,146.772895",301,,,,Australian Yowie Research,/Users/jarlgiovanni/Desktop/bigfoot_research/public/data/frontend-data.json,"Yarambulla, Victoria 1991",1991,-36.7673752,146.7728946,VIC,https://www.yowiehunters.com.au/victoria/1266-yarambulla-vic-1991,"Mount Buffalo, VIC",reported_place,named_feature,high,verified_gazetteer_point,frontend map_points row
canonical_frontend_public_map_row,"record_coord:387:-27.980169,153.265406",387,,,,Australian Yowie Research,/Users/jarlgiovanni/Desktop/bigfoot_research/public/data/frontend-data.json,"Mt Nathan, Queensland 1991",1991,-27.9801695,153.2654056,QLD,https://www.yowiehunters.com.au/queensland/1596-mt-nathan-queensland-1991,"Mt Nathan, QLD",reported_place,locality,high,verified_gazetteer_point,frontend map_points row
canonical_frontend_public_map_row,"record_coord:408:-33.748333,150.667778",408,,,,Australian Yowie Research,/Users/jarlgiovanni/Desktop/bigfoot_research/public/data/frontend-data.json,"Emu Plains, New South Wales 1991",1991,-33.7483333,150.6677778,NSW,https://www.yowiehunters.com.au/new-south-wales/2248-emu-plains-new-south-wales-1991,"West of Emu Plains, NSW",reported_place,locality,high,verified_gazetteer_point,frontend map_points row
canonical_frontend_public_map_row,"record_coord:554:-33.845593,149.832616",554,,,,Australian Yowie Research,/Users/jarlgiovanni/Desktop/bigfoot_research/public/data/frontend-data.json,"Oberon, New South Wales 1991",1991,-33.8455931,149.8326162,NSW,https://www.yowiehunters.com.au/new-south-wales/1433-oberon-new-south-wales-1991,"Oberon, NSW",reported_place,locality,high,verified_gazetteer_point,frontend map_points row
canonical_frontend_public_map_row,"record_coord:597:-33.948333,149.934444",597,,,,Australian Yowie Research,/Users/jarlgiovanni/Desktop/bigfoot_research/public/data/frontend-data.json,"Tuglow, New South Wales 1991",1991,-33.9483333,149.9344444,NSW,https://www.yowiehunters.com.au/new-south-wales/2067-tuglow-new-south-wales-1991,"Tuglow, NSW",reported_place,locality,high,verified_gazetteer_point,frontend map_points row
canonical_frontend_public_map_row,"record_coord:4326:-36.687880,146.846304",4326,,,,Australian Yowie Research / AYR Yowie Reports Map,/Users/jarlgiovanni/Desktop/bigfoot_research/public/data/frontend-data.json,"Written reports: Yowie Sighting at Yarambulla, Victoria 1991",1991,-36.68788,146.846304,VIC,https://www.yowiehunters.com.au/victoria/1266-yarambulla-vic-1991,"Yarambulla, VIC",source_visible_place,locality,stage_only_public_report_marker,verified_place,frontend map_points row
canonical_frontend_public_map_row,"record_coord:4386:-33.280736,115.720448",4386,,,,Australian Yowie Research / AYR Yowie Reports Map,/Users/jarlgiovanni/Desktop/bigfoot_research/public/data/frontend-data.json,"YouTube reports, interviews: Yowie Sighting (Audio Report #92) at Australind, Western Australia (1991)",1991,-33.2807362,115.7204483,WA,https://www.youtube.com/watch?v=ExSbLU3BAZo,"Australind, WA",source_visible_place,locality,stage_only_public_report_marker,verified_gazetteer_point,frontend map_points row
canonical_frontend_public_map_row,"record_coord:24:-35.271168,138.555423",24,,,,Australian Yowie Research,/Users/jarlgiovanni/Desktop/bigfoot_research/public/data/frontend-data.json,"Willunga, South Australia 1992",1992,-35.2711681,138.5554231,SA,https://www.yowiehunters.com.au/south-australia/241-willungra-1992,"Willunga, SA",reported_place,locality,high,verified_gazetteer_point,frontend map_points row
canonical_frontend_public_map_row,"record_coord:25:-31.480351,131.842624",25,,,,Australian Yowie Research,/Users/jarlgiovanni/Desktop/bigfoot_research/public/data/frontend-data.json,"Yalata, South Australia 1993",1992,-31.4803513,131.8426235,SA,https://www.yowiehunters.com.au/south-australia/1849-yalata-south-australia-1993,"Yalata, SA",reported_place,locality,high,verified_gazetteer_point,frontend map_points row
canonical_frontend_public_map_row,"record_coord:42:-40.841546,145.128224",42,,,,Australian Yowie Research,/Users/jarlgiovanni/Desktop/bigfoot_research/public/data/frontend-data.json,"Smithton, Tasmania 1992",1992,-40.8415455,145.1282245,TAS,https://www.yowiehunters.com.au/tasmania/2028-smithton-tasmania-1992,"Smithton, TAS",reported_place,locality,high,verified_gazetteer_point,frontend map_points row
canonical_frontend_public_map_row,"record_coord:106:-34.995085,150.717884",106,,,,Australian Yowie Research,/Users/jarlgiovanni/Desktop/bigfoot_research/public/data/frontend-data.json,"Callala Bay, New South Wales 1992",1992,-34.9950846,150.7178837,NSW,https://www.yowiehunters.com.au/new-south-wales/2266-callala-bay-new-south-wales-1992,"Callala Bay, NSW",reported_place,locality,high,verified_gazetteer_point,frontend map_points row
canonical_frontend_public_map_row,"record_coord:167:-25.949750,152.913310",167,,,,Australian Yowie Research,/Users/jarlgiovanni/Desktop/bigfoot_research/public/data/frontend-data.json,"Tin Can Bay, Queensland 1992 (1)",1992,-25.9497504,152.9133105,QLD,https://www.yowiehunters.com.au/queensland/1336-tin-can-bay-qld-1992,"Camp Kerr, QLD",reported_place,locality,high,verified_gazetteer_point,frontend map_points row
canonical_frontend_public_map_row,"record_coord:397:-27.968404,153.196779",397,,,,Australian Yowie Research,/Users/jarlgiovanni/Desktop/bigfoot_research/public/data/frontend-data.json,"Mt. Tamborine, Queensland 1992",1992,-27.9684035,153.1967792,QLD,https://www.yowiehunters.com.au/queensland/1312-mt-tamborine-qld-1992,"Mt Tamborine, QLD",reported_place,locality,high,verified_gazetteer_point,frontend map_points row
canonical_frontend_public_map_row,"record_coord:460:-33.998333,150.851111",460,,,,Australian Yowie Research,/Users/jarlgiovanni/Desktop/bigfoot_research/public/data/frontend-data.json,"Ingleburn, New South Wales 1992",1992,-33.9983333,150.8511111,NSW,https://www.yowiehunters.com.au/new-south-wales/1400-ingleburn-new-south-wales-1992,"Ingleburn, NSW",reported_place,locality,high,verified_gazetteer_point,frontend map_points row
canonical_frontend_public_map_row,"record_coord:932:-28.807761,153.279188",932,,,,Australian Yowie Research,/Users/jarlgiovanni/Desktop/bigfoot_research/public/data/frontend-data.json,1992 - Lismore Northern Star Yowie Footprints,1992,-28.8077608,153.2791883,NSW,https://www.yowiehunters.com.au/media-clips/1712-1992-lismore-northern-star-yowie-footprints,"Lismore, NSW",reported_place,locality,medium,verified_gazetteer_point,frontend map_points row
canonical_frontend_public_map_row,"record_coord:933:-26.318244,152.930798",933,,,,Australian Yowie Research,/Users/jarlgiovanni/Desktop/bigfoot_research/public/data/frontend-data.json,1992 - Noosa News Yowie Report,1992,-26.3182442,152.9307975,QLD,https://www.yowiehunters.com.au/media-clips/1695-1992-noosa-news-yowie-report,"Noosa, QLD",reported_place,locality,medium,verified_gazetteer_point,frontend map_points row
canonical_frontend_public_map_row,"record_coord:934:-25.521490,113.754029",934,,,,Australian Yowie Research,/Users/jarlgiovanni/Desktop/bigfoot_research/public/data/frontend-data.json,1992 - Shark Bay / 40 Mile Yowie Article - Source Unknown,1992,-25.52149,113.7540291,WA,https://www.yowiehunters.com.au/media-clips/2168-1992-shark-bay-40-mile-yowie-article-source-unknown,"Shark Bay, WA",reported_place,locality,medium,verified_gazetteer_point,frontend map_points row
canonical_frontend_public_map_row,"record_coord:4292:-25.882854,152.946179",4292,,,,Australian Yowie Research / AYR Yowie Reports Map,/Users/jarlgiovanni/Desktop/bigfoot_research/public/data/frontend-data.json,"Written reports: Yowie Sighting at Tin Can Bay, Queensland 1992 (1)",1992,-25.8828544,152.9461788,QLD,https://www.yowiehunters.com.au/queensland/1336-tin-can-bay-qld-1992,"Tin Can Bay, QLD",source_visible_place,locality,stage_only_public_report_marker,verified_gazetteer_point,frontend map_points row
canonical_frontend_public_map_row,"record_coord:4293:-25.882854,152.946179",4293,,,,Australian Yowie Research / AYR Yowie Reports Map,/Users/jarlgiovanni/Desktop/bigfoot_research/public/data/frontend-data.json,"Written reports: Yowie Sighting at Tin Can Bay, Queensland 1992 (2)",1992,-25.8828544,152.9461788,QLD,https://www.yowiehunters.com.au/queensland/1335-tin-can-bay-qld-1992-2,"Tin Can Bay, QLD",source_visible_place,locality,stage_only_public_report_marker,verified_gazetteer_point,frontend map_points row
canonical_frontend_public_map_row,"record_coord:4320:-35.274023,138.553529",4320,,,,Australian Yowie Research / AYR Yowie Reports Map,/Users/jarlgiovanni/Desktop/bigfoot_research/public/data/frontend-data.json,"Written reports: Yowie Sighting at Willungra, South Australia 1992",1992,-35.274023,138.553529,SA,https://www.yowiehunters.com.au/south-australia/241-willungra-1992,"Willungra, SA",source_visible_place,locality,stage_only_public_report_marker,verified_place,frontend map_points row
canonical_frontend_public_map_row,"record_coord:4464:-28.950000,153.000000",4464,,,,Australian Yowie Research / AYR Yowie Reports Map,/Users/jarlgiovanni/Desktop/bigfoot_research/public/data/frontend-data.json,Reports from newspapers: 1992 - Lismore Northern Star Yowie Footprints,1992,-28.95,153.0,QLD,https://www.yowiehunters.com.au/media-clips/1712-1992-lismore-northern-star-yowie-footprints,"1992 - Lismore Northern Star Yowie Footprints, QLD",source_visible_place,locality,stage_only_public_report_marker,verified_place,frontend map_points row
canonical_frontend_public_map_row,"record_coord:4465:-26.391600,153.038600",4465,,,,Australian Yowie Research / AYR Yowie Reports Map,/Users/jarlgiovanni/Desktop/bigfoot_research/public/data/frontend-data.json,Reports from newspapers: 1992 - Noosa News Yowie Report,1992,-26.3916,153.0386,QLD,https://www.yowiehunters.com.au/media-clips/1695-1992-noosa-news-yowie-report,"1992 - Noosa News Yowie Report, QLD",source_visible_place,locality,stage_only_public_report_marker,verified_place,frontend map_points row
canonical_frontend_public_map_row,"record_coord:4466:-26.000000,113.500000",4466,,,,Australian Yowie Research / AYR Yowie Reports Map,/Users/jarlgiovanni/Desktop/bigfoot_research/public/data/frontend-data.json,Reports from newspapers: 1992 - Shark Bay / 40 Mile Yowie Article - Source Unknown,1992,-26.0,113.5,WA,https://www.yowiehunters.com.au/media-clips/2168-1992-shark-bay-40-mile-yowie-article-source-unknown,"1992 - Shark Bay / 40 Mile Yowie Article - Source Unknown, WA",source_visible_place,locality,stage_only_public_report_marker,verified_place,frontend map_points row
canonical_frontend_public_map_row,"record_coord:16:-21.932440,114.125809",16,,,,Australian Yowie Research,/Users/jarlgiovanni/Desktop/bigfoot_research/public/data/frontend-data.json,"Exmouth, Western Australia 1993",1993,-21.9324401,114.1258094,WA,https://www.yowiehunters.com.au/western-australia/2016-exmouth-western-australia-1993,"Exmouth, WA",reported_place,locality,high,verified_gazetteer_point,frontend map_points row
canonical_frontend_public_map_row,"record_coord:107:-28.948333,153.001111",107,,,,Australian Yowie Research,/Users/jarlgiovanni/Desktop/bigfoot_research/public/data/frontend-data.json,"Leeville, New South Wales 1993",1993,-28.9483333,153.0011111,NSW,https://www.yowiehunters.com.au/new-south-wales/1408-leeville-new-south-wales-1993,"Leeville, NSW",reported_place,locality,high,verified_gazetteer_point,frontend map_points row
canonical_frontend_public_map_row,"record_coord:168:-26.851381,152.578461",168,,,,Australian Yowie Research,/Users/jarlgiovanni/Desktop/bigfoot_research/public/data/frontend-data.json,"Kilcoy, Queensland 1993",1993,-26.851381,152.5784605,QLD,https://www.yowiehunters.com.au/queensland/1300-kilcoy-qld-1993,"Mt Kilcoy, QLD",reported_place,locality,high,verified_gazetteer_point,frontend map_points row
canonical_frontend_public_map_row,"record_coord:236:-32.023333,151.484444",236,,,,Australian Yowie Research,/Users/jarlgiovanni/Desktop/bigfoot_research/public/data/frontend-data.json,"Barrington Tops, New South Wales 1993",1993,-32.0233333,151.4844444,NSW,https://www.yowiehunters.com.au/new-south-wales/1820-barrington-tops-new-south-wales-1993,"Barrington Tops, NSW",reported_place,locality,high,verified_gazetteer_point,frontend map_points row
canonical_frontend_public_map_row,"record_coord:264:-24.994350,148.333790",264,,,,Australian Yowie Research,/Users/jarlgiovanni/Desktop/bigfoot_research/public/data/frontend-data.json,"Canarvon Gorge, Queensland 1993",1993,-24.99435,148.3337905,QLD,https://www.yowiehunters.com.au/queensland/1276-canarvon-gorge-qld-1993,"Canarvon Gorge, QLD",reported_place,locality,high,verified_gazetteer_point,frontend map_points row
canonical_frontend_public_map_row,"record_coord:416:-33.972242,150.893088",416,,,,Australian Yowie Research,/Users/jarlgiovanni/Desktop/bigfoot_research/public/data/frontend-data.json,"Glenfield, New South Wales 1993",1993,-33.9722422,150.8930882,NSW,https://www.yowiehunters.com.au/new-south-wales/2087-glenfield-new-south-wales-1993,"Glenfield, NSW",reported_place,locality,high,verified_gazetteer_point,frontend map_points row
canonical_frontend_public_map_row,"record_coord:458:-30.849866,152.804405",458,,,,Australian Yowie Research,/Users/jarlgiovanni/Desktop/bigfoot_research/public/data/frontend-data.json,"Ingalba, New South Wales 1993",1993,-30.8498661,152.8044049,NSW,https://www.yowiehunters.com.au/new-south-wales/2189-ingalba-new-south-wales-1993,"Ingalba State Forest, NSW",reported_place,locality,high,verified_gazetteer_point,frontend map_points row
canonical_frontend_public_map_row,"record_coord:535:-34.442184,150.806713",535,,,,Australian Yowie Research,/Users/jarlgiovanni/Desktop/bigfoot_research/public/data/frontend-data.json,"Mt. Kembla, New South Wales 1993",1993,-34.4421839,150.8067132,NSW,https://www.yowiehunters.com.au/new-south-wales/1422-mt-kembla-new-south-wales-1993,"Mt Kembla, NSW",reported_place,locality,high,verified_gazetteer_point,frontend map_points row
canonical_frontend_public_map_row,"record_coord:836:-16.433333,145.200000",836,,,,Australian Yowie Research,/Users/jarlgiovanni/Desktop/bigfoot_research/public/data/frontend-data.json,"1993 - Mt Spurgeon, Yowie Article",1993,-16.4333333,145.2,QLD,https://www.yowiehunters.com.au/historical-articles/1611-mt-spurgeon-yowie-article,"Mount Spurgeon, QLD",reported_place,named_feature,high,verified_gazetteer_point,frontend map_points row
canonical_frontend_public_map_row,"record_coord:935:-28.807761,153.279188",935,,,,Australian Yowie Research,/Users/jarlgiovanni/Desktop/bigfoot_research/public/data/frontend-data.json,1993 - Lismore Northern Star Yowie Article,1993,-28.8077608,153.2791883,NSW,https://www.yowiehunters.com.au/media-clips/1723-1993-lismore-northern-star-yowie-article,"Lismore, NSW",reported_place,locality,medium,verified_gazetteer_point,frontend map_points row
canonical_frontend_public_map_row,"record_coord:4294:-21.932440,114.125809",4294,,,,Australian Yowie Research / AYR Yowie Reports Map,/Users/jarlgiovanni/Desktop/bigfoot_research/public/data/frontend-data.json,"YouTube reports, interviews: Yowie Sighting (Audio Report #120) at Exmouth , Western Australia (March 1993)",1993,-21.9324401,114.1258094,WA,https://www.youtube.com/watch?v=4Pjkbh_ImZ00,"Exmouth, WA",source_visible_place,locality,stage_only_public_report_marker,verified_gazetteer_point,frontend map_points row
canonical_frontend_public_map_row,"record_coord:4295:-26.941717,152.561157",4295,,,,Australian Yowie Research / AYR Yowie Reports Map,/Users/jarlgiovanni/Desktop/bigfoot_research/public/data/frontend-data.json,"Written reports: Yowie Sighting at Kilcoy, Queensland 1993",1993,-26.9417175,152.561157,QLD,https://www.yowiehunters.com.au/queensland/1300-kilcoy-qld-1993,"Kilcoy, QLD",source_visible_place,town,stage_only_public_report_marker,verified_gazetteer_point,frontend map_points row
canonical_frontend_public_map_row,"record_coord:4467:-28.850000,153.010000",4467,,,,Australian Yowie Research / AYR Yowie Reports Map,/Users/jarlgiovanni/Desktop/bigfoot_research/public/data/frontend-data.json,Reports from newspapers: 1993 - Lismore Northern Star Yowie Article,1993,-28.85,153.01,QLD,https://www.yowiehunters.com.au/media-clips/1723-1993-lismore-northern-star-yowie-article,"1993 - Lismore Northern Star Yowie Article, QLD",source_visible_place,locality,stage_only_public_report_marker,verified_place,frontend map_points row
canonical_frontend_public_map_row,"record_coord:4613:-30.829239,152.821177",4613,,,,Australian Yowie Research state report indexes,/Users/jarlgiovanni/Desktop/bigfoot_research/public/data/frontend-data.json,"AYR report index: Ingalba, New South Wales 1993",1993,-30.829239,152.821177,NSW,https://www.yowiehunters.com.au/new-south-wales/2189-ingalba-new-south-wales-1993,"Ingalba, NSW",source_visible_place,locality,stage_only_public_report_index_link,verified_place,frontend map_points row
canonical_frontend_public_map_row,"record_coord:108:-33.837156,150.650401",108,,,,Australian Yowie Research,/Users/jarlgiovanni/Desktop/bigfoot_research/public/data/frontend-data.json,"Mulgoa, New South Wales 1994",1994,-33.8371562,150.6504013,NSW,https://www.yowiehunters.com.au/new-south-wales/1807-mulgoa-new-south-wales-1994,"Mulgoa, NSW",reported_place,locality,high,verified_gazetteer_point,frontend map_points row
canonical_frontend_public_map_row,"record_coord:269:-30.373991,152.719210",269,,,,Australian Yowie Research,/Users/jarlgiovanni/Desktop/bigfoot_research/public/data/frontend-data.json,"Bellingen, New South Wales 1994",1994,-30.3739913,152.71921,NSW,https://www.yowiehunters.com.au/new-south-wales/1944-bellingen-new-south-wales-1994,"Bellingen, NSW",reported_place,locality,high,verified_gazetteer_point,frontend map_points row
canonical_frontend_public_map_row,"record_coord:444:-33.721995,150.453412",444,,,,Australian Yowie Research,/Users/jarlgiovanni/Desktop/bigfoot_research/public/data/frontend-data.json,"Hazelbrook, New South Wales 1994",1994,-33.7219948,150.4534122,NSW,https://www.yowiehunters.com.au/new-south-wales/1397-hazelbrook-new-south-wales-1995,"Hazelbrook, NSW",reported_place,locality,high,verified_gazetteer_point,frontend map_points row
canonical_frontend_public_map_row,"record_coord:448:-34.190852,150.982219",448,,,,Australian Yowie Research,/Users/jarlgiovanni/Desktop/bigfoot_research/public/data/frontend-data.json,"Helensburgh, New South Wales 1994",1994,-34.1908519,150.9822187,NSW,https://www.yowiehunters.com.au/new-south-wales/1961-helensburgh-new-south-wales-1994,"Helensburgh, NSW",reported_place,locality,high,verified_gazetteer_point,frontend map_points row
canonical_frontend_public_map_row,"record_coord:936:-27.468962,153.023501",936,,,,Australian Yowie Research,/Users/jarlgiovanni/Desktop/bigfoot_research/public/data/frontend-data.json,1994 - Brisbane Daily Yowie Article,1994,-27.4689623,153.0235009,QLD,https://www.yowiehunters.com.au/media-clips/1734-1994-brisbane-daily-yowie-article,"Brisbane, QLD",reported_place,locality,medium,verified_gazetteer_point,frontend map_points row
canonical_frontend_public_map_row,"record_coord:937:-35.297591,149.101268",937,,,,Australian Yowie Research,/Users/jarlgiovanni/Desktop/bigfoot_research/public/data/frontend-data.json,1994 - Canberra Times Out Of Shadows Launch,1994,-35.2975906,149.1012676,ACT,https://www.yowiehunters.com.au/media-clips/1905-1994-canberra-times-out-of-shadows-launch,"Canberra, ACT",reported_place,town,medium,verified_gazetteer_point,frontend map_points row
canonical_frontend_public_map_row,"record_coord:938:-26.707909,152.850833",938,,,,Australian Yowie Research,/Users/jarlgiovanni/Desktop/bigfoot_research/public/data/frontend-data.json,1994 - Sunshine Coast Magazine Yowie Article,1994,-26.7079095,152.8508329,QLD,https://www.yowiehunters.com.au/media-clips/1730-1994-sunshine-coast-magazine-yowie-article,"Sunshine Coast, QLD",reported_place,locality,medium,verified_gazetteer_point,frontend map_points row
canonical_frontend_public_map_row,"record_coord:4296:-30.373991,152.719210",4296,,,,Australian Yowie Research / AYR Yowie Reports Map,/Users/jarlgiovanni/Desktop/bigfoot_research/public/data/frontend-data.json,"YouTube reports, interviews: Yowie Sighting (Audio Report #110) near Bellingen, New South Wales (1994)",1994,-30.3739913,152.71921,NSW,https://www.youtube.com/watch?v=ayTnH5JowpE,"Bellingen, NSW",source_visible_place,locality,stage_only_public_report_marker,verified_gazetteer_point,frontend map_points row
canonical_frontend_public_map_row,"record_coord:4468:-25.031828,148.183339",4468,,,,Australian Yowie Research / AYR Yowie Reports Map,/Users/jarlgiovanni/Desktop/bigfoot_research/public/data/frontend-data.json,Reports from newspapers: 1994 - Brisbane Daily Yowie Article,1994,-25.031828,148.183339,QLD,https://www.yowiehunters.com.au/media-clips/1734-1994-brisbane-daily-yowie-article,"1994 - Brisbane Daily Yowie Article, QLD",source_visible_place,locality,stage_only_public_report_marker,verified_place,frontend map_points row
canonical_frontend_public_map_row,"record_coord:4469:-35.516806,148.966357",4469,,,,Australian Yowie Research / AYR Yowie Reports Map,/Users/jarlgiovanni/Desktop/bigfoot_research/public/data/frontend-data.json,Reports from newspapers: 1994 - Canberra Times Out Of Shadows Launch,1994,-35.516806,148.966357,ACT,https://www.yowiehunters.com.au/media-clips/1905-1994-canberra-times-out-of-shadows-launch,"1994 - Canberra Times Out Of Shadows Launch, ACT",source_visible_place,locality,stage_only_public_report_marker,verified_place,frontend map_points row
canonical_frontend_public_map_row,"record_coord:4470:-26.948056,152.553889",4470,,,,Australian Yowie Research / AYR Yowie Reports Map,/Users/jarlgiovanni/Desktop/bigfoot_research/public/data/frontend-data.json,Reports from newspapers: 1994 - Sunshine Coast Magazine Yowie Article,1994,-26.948056,152.553889,QLD,https://www.yowiehunters.com.au/media-clips/1730-1994-sunshine-coast-magazine-yowie-article,"1994 - Sunshine Coast Magazine Yowie Article, QLD",source_visible_place,locality,stage_only_public_report_marker,verified_place,frontend map_points row
canonical_frontend_public_map_row,"record_coord:26:-30.565258,136.894182",26,,,,Australian Yowie Research,/Users/jarlgiovanni/Desktop/bigfoot_research/public/data/frontend-data.json,"Roxby Downs, South Australia 1995",1995,-30.5652584,136.8941825,SA,https://www.yowiehunters.com.au/south-australia/1144-roxby-downs-1995,"Roxby Downs, SA",reported_place,locality,high,verified_gazetteer_point,frontend map_points row
canonical_frontend_public_map_row,"record_coord:33:-12.722039,131.004801",33,,,,Australian Yowie Research,/Users/jarlgiovanni/Desktop/bigfoot_research/public/data/frontend-data.json,"Berry Springs, Northern Territory 1995",1995,-12.7220385,131.0048008,NT,https://www.yowiehunters.com.au/northern-territory/1912-berry-springs-northern-territory-1995,"Berry Springs, NT",reported_place,locality,high,verified_gazetteer_point,frontend map_points row
canonical_frontend_public_map_row,"record_coord:109:-30.905646,152.522802",109,,,,Australian Yowie Research,/Users/jarlgiovanni/Desktop/bigfoot_research/public/data/frontend-data.json,"Kempsey, New Sout Wales 1995",1995,-30.9056457,152.5228021,NSW,https://www.yowiehunters.com.au/new-south-wales/2063-kempsey-new-sout-wales-1995,"Kempsey, NSW",reported_place,town,high,verified_gazetteer_point,frontend map_points row
canonical_frontend_public_map_row,"record_coord:169:-28.306902,153.143002",169,,,,Australian Yowie Research,/Users/jarlgiovanni/Desktop/bigfoot_research/public/data/frontend-data.json,"McPherson Ranges, Queensland 1995",1995,-28.3069019,153.1430019,QLD,https://www.yowiehunters.com.au/queensland/1576-mcpherson-ranges-queensland-1995,"McPherson Ranges, QLD",reported_place,locality,high,verified_gazetteer_point,frontend map_points row
canonical_frontend_public_map_row,"record_coord:170:-23.378214,150.513423",170,,,,Australian Yowie Research,/Users/jarlgiovanni/Desktop/bigfoot_research/public/data/frontend-data.json,"Rockhampton, Queensland 1995",1995,-23.3782137,150.5134227,QLD,https://www.yowiehunters.com.au/queensland/1323-rockhampton-qld-1995,"Rockhampton, QLD",reported_place,locality,high,verified_gazetteer_point,frontend map_points row
canonical_frontend_public_map_row,"record_coord:259:-38.177049,146.261989",259,,,,Australian Yowie Research,/Users/jarlgiovanni/Desktop/bigfoot_research/public/data/frontend-data.json,"Moe, Victoria 1995",1995,-38.177049,146.2619888,VIC,https://www.yowiehunters.com.au/victoria/1255-moe-vic-1995,"Moe, VIC",reported_place,locality,high,verified_gazetteer_point,frontend map_points row
canonical_frontend_public_map_row,"record_coord:260:-33.416648,149.580373",260,,,,Australian Yowie Research,/Users/jarlgiovanni/Desktop/bigfoot_research/public/data/frontend-data.json,"Bathurst, New South Wales 1995",1995,-33.4166482,149.5803725,NSW,https://www.yowiehunters.com.au/new-south-wales/1355-bathurst-new-south-wales-1995,"Bathurst, NSW",reported_place,town,high,verified_gazetteer_point,frontend map_points row
canonical_frontend_public_map_row,"record_coord:312:-28.735609,152.621454",312,,,,Australian Yowie Research,/Users/jarlgiovanni/Desktop/bigfoot_research/public/data/frontend-data.json,"Bonalbo, New South Wales 1995",1995,-28.7356087,152.6214537,NSW,https://www.yowiehunters.com.au/new-south-wales/1960-bonalbo-new-south-wales-1995,"Bonalbo, NSW",reported_place,locality,high,verified_gazetteer_point,frontend map_points row
canonical_frontend_public_map_row,"record_coord:315:-27.921880,153.203439",315,,,,Australian Yowie Research,/Users/jarlgiovanni/Desktop/bigfoot_research/public/data/frontend-data.json,"Eagle Heights, Queensland 1995",1995,-27.9218796,153.2034386,QLD,https://www.yowiehunters.com.au/queensland/2064-eagle-heights-queensland-1995,"Eagle Heights, QLD",reported_place,locality,high,verified_gazetteer_point,frontend map_points row
canonical_frontend_public_map_row,"record_coord:322:-35.438891,149.795555",322,,,,Australian Yowie Research,/Users/jarlgiovanni/Desktop/bigfoot_research/public/data/frontend-data.json,"Braidwood, New South Wales 1995",1995,-35.4388907,149.7955552,NSW,https://www.yowiehunters.com.au/new-south-wales/1362-braidwood-new-south-wales-1995,"Braidwood, NSW",reported_place,town,high,verified_gazetteer_point,frontend map_points row
canonical_frontend_public_map_row,"record_coord:366:-30.298600,153.109412",366,,,,Australian Yowie Research,/Users/jarlgiovanni/Desktop/bigfoot_research/public/data/frontend-data.json,"Coffs Harbour, New South Wales 1995",1995,-30.2985996,153.1094116,NSW,https://www.yowiehunters.com.au/new-south-wales/1947-coffs-harbour-new-south-wales-1995,"Coffs Harbour, NSW",reported_place,locality,high,verified_gazetteer_point,frontend map_points row
canonical_frontend_public_map_row,"record_coord:383:-17.493974,145.630462",383,,,,Australian Yowie Research,/Users/jarlgiovanni/Desktop/bigfoot_research/public/data/frontend-data.json,"Millaa Millaa, Queensland 1995 (1)",1995,-17.493974,145.6304622,QLD,https://www.yowiehunters.com.au/queensland/1306-milla-milla-qld-1995-1,"Millaa Millaa, QLD",reported_place,locality,high,verified_gazetteer_point,frontend map_points row
canonical_frontend_public_map_row,"record_coord:385:-17.493974,145.630462",385,,,,Australian Yowie Research,/Users/jarlgiovanni/Desktop/bigfoot_research/public/data/frontend-data.json,"Millaa Millaa, Queensland 1995 (2)",1995,-17.493974,145.6304622,QLD,https://www.yowiehunters.com.au/queensland/1305-milla-milla-qld-1995-2,"Millaa Millaa, QLD",reported_place,locality,high,verified_gazetteer_point,frontend map_points row
canonical_frontend_public_map_row,"record_coord:399:-27.968404,153.196779",399,,,,Australian Yowie Research,/Users/jarlgiovanni/Desktop/bigfoot_research/public/data/frontend-data.json,"Mt. Tamborine, Queensland 1995",1995,-27.9684035,153.1967792,QLD,https://www.yowiehunters.com.au/queensland/1313-mt-tamborine-qld-1995,"Mt Tamborine, QLD",reported_place,locality,high,verified_gazetteer_point,frontend map_points row
canonical_frontend_public_map_row,"record_coord:475:-25.358621,152.573273",475,,,,Australian Yowie Research,/Users/jarlgiovanni/Desktop/bigfoot_research/public/data/frontend-data.json,"Torbanlea, Queensland 1995",1995,-25.358621,152.5732725,QLD,https://www.yowiehunters.com.au/queensland/1966-torbanlea-queensland-1995,"Torbanlea, QLD",reported_place,locality,high,verified_gazetteer_point,frontend map_points row
canonical_frontend_public_map_row,"record_coord:508:-33.715689,150.331766",508,,,,Australian Yowie Research,/Users/jarlgiovanni/Desktop/bigfoot_research/public/data/frontend-data.json,"Leura, New South Wales 1995",1995,-33.7156888,150.3317665,NSW,https://www.yowiehunters.com.au/new-south-wales/1409-leura-new-south-wales-1995,"Leura, NSW",reported_place,locality,high,verified_gazetteer_point,frontend map_points row
canonical_frontend_public_map_row,"record_coord:526:-35.783022,150.142608",526,,,,Australian Yowie Research,/Users/jarlgiovanni/Desktop/bigfoot_research/public/data/frontend-data.json,"Mogo, New South Wales 1995",1995,-35.7830222,150.1426078,NSW,https://www.yowiehunters.com.au/new-south-wales/1417-mogo-new-south-wales-1995,"Mogo, NSW",reported_place,locality,high,verified_gazetteer_point,frontend map_points row
canonical_frontend_public_map_row,"record_coord:627:-33.488055,151.327493",627,,,,Australian Yowie Research,/Users/jarlgiovanni/Desktop/bigfoot_research/public/data/frontend-data.json,"Woy Woy, New South Wales 1995",1995,-33.4880548,151.3274925,NSW,https://www.yowiehunters.com.au/new-south-wales/1395-hawkesbury-river-new-south-wales-1995,"Woy Woy, NSW",reported_place,locality,high,verified_gazetteer_point,frontend map_points row
canonical_frontend_public_map_row,"record_coord:939:-16.920666,145.772185",939,,,,Australian Yowie Research,/Users/jarlgiovanni/Desktop/bigfoot_research/public/data/frontend-data.json,1995 - Cairns Post Yowie Article,1995,-16.9206657,145.7721854,QLD,https://www.yowiehunters.com.au/media-clips/1748-1995-cairns-post-yowie-article,"Cairns, QLD",reported_place,locality,medium,verified_gazetteer_point,frontend map_points row
canonical_frontend_public_map_row,"record_coord:4297:-25.358621,152.573273",4297,,,,Australian Yowie Research / AYR Yowie Reports Map,/Users/jarlgiovanni/Desktop/bigfoot_research/public/data/frontend-data.json,"YouTube reports, interviews: Yowie Sighting (Audio Report #113) at Torbanlea, Queensland (1995)",1995,-25.358621,152.5732725,QLD,https://www.youtube.com/watch?v=PpFeJpw3GqM,"Torbanlea, QLD",source_visible_place,locality,stage_only_public_report_marker,verified_gazetteer_point,frontend map_points row
canonical_frontend_public_map_row,"record_coord:4471:-17.511100,145.600000",4471,,,,Australian Yowie Research / AYR Yowie Reports Map,/Users/jarlgiovanni/Desktop/bigfoot_research/public/data/frontend-data.json,Reports from newspapers: 1995 - Cairns Post Yowie Article,1995,-17.5111,145.6,QLD,https://www.yowiehunters.com.au/media-clips/1748-1995-cairns-post-yowie-article,"1995 - Cairns Post Yowie Article, QLD",source_visible_place,locality,stage_only_public_report_marker,verified_place,frontend map_points row
canonical_frontend_public_map_row,"record_coord:4584:-37.065878,149.869638",4584,,,,Australian Yowie Research / AYR Yowie Reports Map,/Users/jarlgiovanni/Desktop/bigfoot_research/public/data/frontend-data.json,"Witness sketches: Eden, New South Wales (1995)",1995,-37.065878,149.869638,NSW,https://www.yowiehunters.com.au/witness-sketches,"Eden, New South Wales, NSW",source_visible_place,locality,stage_only_public_report_marker,verified_place,frontend map_points row
canonical_frontend_public_map_row,"record_coord:59:-37.702179,146.379054",59,,,,Australian Yowie Research,/Users/jarlgiovanni/Desktop/bigfoot_research/public/data/frontend-data.json,"Aberfeldy, Victoria 1996",1996,-37.7021795,146.3790538,VIC,https://www.yowiehunters.com.au/victoria/1243-aberfeldie-vic-1996,"Aberfeldy, VIC",reported_place,locality,high,verified_gazetteer_point,frontend map_points row
canonical_frontend_public_map_row,"record_coord:110:-32.831667,151.351111",110,,,,Australian Yowie Research,/Users/jarlgiovanni/Desktop/bigfoot_research/public/data/frontend-data.json,"Cessnock, New South Wales 1996",1996,-32.8316667,151.3511111,NSW,https://www.yowiehunters.com.au/new-south-wales/2108-cessnock-new-south-wales-1996,"Cessnock, NSW",reported_place,locality,high,verified_gazetteer_point,frontend map_points row
canonical_frontend_public_map_row,"record_coord:171:-27.974578,153.375434",171,,,,Australian Yowie Research,/Users/jarlgiovanni/Desktop/bigfoot_research/public/data/frontend-data.json,"Molendinar, Queensland 1996",1996,-27.9745778,153.3754344,QLD,https://www.yowiehunters.com.au/queensland/1307-molendinar-qld-1996,"Molendinar, QLD",reported_place,locality,high,verified_gazetteer_point,frontend map_points row
canonical_frontend_public_map_row,"record_coord:255:-16.920666,145.772185",255,,,,Australian Yowie Research,/Users/jarlgiovanni/Desktop/bigfoot_research/public/data/frontend-data.json,"Cairns, Queensland 1996",1996,-16.9206657,145.7721854,QLD,https://www.yowiehunters.com.au/queensland/1273-cairns-qld-1996,"Cairns, QLD",reported_place,locality,high,verified_gazetteer_point,frontend map_points row
canonical_frontend_public_map_row,"record_coord:310:-36.911318,149.238937",310,,,,Australian Yowie Research,/Users/jarlgiovanni/Desktop/bigfoot_research/public/data/frontend-data.json,"Bombala, New South Wales 1996",1996,-36.9113175,149.2389375,NSW,https://www.yowiehunters.com.au/new-south-wales/1839-bombala-new-south-wales-1996,"Bombala, NSW",reported_place,locality,high,verified_gazetteer_point,frontend map_points row
canonical_frontend_public_map_row,"record_coord:439:-21.435808,149.164594",439,,,,Australian Yowie Research,/Users/jarlgiovanni/Desktop/bigfoot_research/public/data/frontend-data.json,"Sarina, Queensland 1996",1996,-21.435808,149.1645943,QLD,https://www.yowiehunters.com.au/queensland/2093-sarina-queensland-1996,"Sarina, QLD",reported_place,locality,high,verified_gazetteer_point,frontend map_points row
canonical_frontend_public_map_row,"record_coord:483:-27.852981,153.298276",483,,,,Australian Yowie Research,/Users/jarlgiovanni/Desktop/bigfoot_research/public/data/frontend-data.json,"Upper Coomera, Queensland 2006",1996,-27.8529809,153.2982761,QLD,https://www.yowiehunters.com.au/queensland/1860-upper-coomera-queensland-2006,"Upper Coomera, QLD",reported_place,locality,high,verified_gazetteer_point,frontend map_points row
canonical_frontend_public_map_row,"record_coord:542:-28.548333,153.501111",542,,,,Australian Yowie Research,/Users/jarlgiovanni/Desktop/bigfoot_research/public/data/frontend-data.json,"Mullumbimby, New South Wales 1996",1996,-28.5483333,153.5011111,NSW,https://www.yowiehunters.com.au/new-south-wales/2286-mullumbimby-new-south-wales-1996,"Mullumbimby, NSW",reported_place,locality,high,verified_gazetteer_point,frontend map_points row
canonical_frontend_public_map_row,"record_coord:4608:-31.897221,152.571853",4608,,,,Australian Yowie Research / AYR Yowie Reports Map,/Users/jarlgiovanni/Desktop/bigfoot_research/public/data/frontend-data.json,"Witness sketches: Taree, New South Wales (1996)",1996,-31.897221,152.571853,NSW,https://www.yowiehunters.com.au/witness-sketches,"Taree, New South Wales, NSW",source_visible_place,locality,stage_only_public_report_marker,verified_place,frontend map_points row
canonical_frontend_public_map_row,"record_coord:4609:-28.551206,153.497453",4609,,,,Australian Yowie Research / AYR Yowie Reports Map,/Users/jarlgiovanni/Desktop/bigfoot_research/public/data/frontend-data.json,"Witness sketches: Mullumbimby, New South Wales (1996)",1996,-28.551206,153.497453,NSW,https://www.yowiehunters.com.au/witness-sketches,"Mullumbimby, New South Wales, NSW",source_visible_place,locality,stage_only_public_report_marker,verified_place,frontend map_points row
canonical_frontend_public_map_row,"record_coord:34:-12.768419,131.141951",34,,,,Australian Yowie Research,/Users/jarlgiovanni/Desktop/bigfoot_research/public/data/frontend-data.json,"Acacia Hills, Northern Territory 1997 (1)",1997,-12.768419,131.141951,NT,https://www.yowiehunters.com.au/northern-territory/270-acacia-hills-1997-sp-8502,"Acacia Hills, NT",reported_place,locality,high,verified_gazetteer_point,frontend map_points row
canonical_frontend_public_map_row,"record_coord:35:-12.768419,131.141951",35,,,,Australian Yowie Research,/Users/jarlgiovanni/Desktop/bigfoot_research/public/data/frontend-data.json,"Acacia Hills, Northern Territory 1997 (2)",1997,-12.768419,131.141951,NT,https://www.yowiehunters.com.au/northern-territory/268-acacia-hills-1998,"Acacia Hills, NT",reported_place,locality,high,verified_gazetteer_point,frontend map_points row
canonical_frontend_public_map_row,"record_coord:60:-38.382624,142.481420",60,,,,Australian Yowie Research,/Users/jarlgiovanni/Desktop/bigfoot_research/public/data/frontend-data.json,"Warnambool, Victoria 1997",1997,-38.3826242,142.4814199,VIC,https://www.yowiehunters.com.au/victoria/1264-warnambool-vic-1997,"Princess Highway / Warrnambool, VIC",reported_place,locality,high,verified_gazetteer_point,frontend map_points row
canonical_frontend_public_map_row,"record_coord:111:-33.503870,150.927493",111,,,,Australian Yowie Research,/Users/jarlgiovanni/Desktop/bigfoot_research/public/data/frontend-data.json,"Hawkesbury River, New South Wales 1997",1997,-33.5038702,150.9274931,NSW,https://www.yowiehunters.com.au/new-south-wales/1396-hawkesbury-river-new-south-wales-1997,"Hawkesbury River, NSW",reported_place,locality,high,verified_gazetteer_point,frontend map_points row
canonical_frontend_public_map_row,"record_coord:172:-27.634499,152.919927",172,,,,Australian Yowie Research,/Users/jarlgiovanni/Desktop/bigfoot_research/public/data/frontend-data.json,"Camira, Queensland 1997",1997,-27.634499,152.9199269,QLD,https://www.yowiehunters.com.au/queensland/1274-camira-qld-1997,"Camira, QLD",reported_place,locality,high,verified_gazetteer_point,frontend map_points row
canonical_frontend_public_map_row,"record_coord:173:-27.774813,153.252082",173,,,,Australian Yowie Research,/Users/jarlgiovanni/Desktop/bigfoot_research/public/data/frontend-data.json,"Ormeau, Queensland 1997",1997,-27.774813,153.2520815,QLD,https://www.yowiehunters.com.au/queensland/1317-ormeau-qld-1997,"Ormeau, QLD",reported_place,locality,high,verified_gazetteer_point,frontend map_points row
canonical_frontend_public_map_row,"record_coord:218:-28.841276,153.440581",218,,,,Australian Yowie Research,/Users/jarlgiovanni/Desktop/bigfoot_research/public/data/frontend-data.json,"Alstonville, New South Wales 1997",1997,-28.8412757,153.4405813,NSW,https://www.yowiehunters.com.au/new-south-wales/1597-alstonville-new-south-wales-1997,"Alstonville, NSW",reported_place,locality,high,verified_gazetteer_point,frontend map_points row
canonical_frontend_public_map_row,"record_coord:237:-26.857309,152.960414",237,,,,Australian Yowie Research,/Users/jarlgiovanni/Desktop/bigfoot_research/public/data/frontend-data.json,"Beerwah, Queensland 1997",1997,-26.8573095,152.9604137,QLD,https://www.yowiehunters.com.au/queensland/1268-beerwah-qld-1997,"Beerwah, QLD",reported_place,locality,high,verified_gazetteer_point,frontend map_points row
canonical_frontend_public_map_row,"record_coord:294:-17.653566,146.132189",294,,,,Australian Yowie Research,/Users/jarlgiovanni/Desktop/bigfoot_research/public/data/frontend-data.json,"Cowley Beach, Queensland 1997",1997,-17.653566,146.1321886,QLD,https://www.yowiehunters.com.au/queensland/1283-cowley-beach-qld-1997,"Cowley Beach, QLD",reported_place,locality,high,verified_gazetteer_point,frontend map_points row
canonical_frontend_public_map_row,"record_coord:335:-25.878127,152.581008",335,,,,Australian Yowie Research,/Users/jarlgiovanni/Desktop/bigfoot_research/public/data/frontend-data.json,"Gootchie, Queensland 1997",1997,-25.8781265,152.5810076,QLD,https://www.yowiehunters.com.au/queensland/1293-goochee-qld-1997,"Gootchie, QLD",reported_place,locality,high,verified_gazetteer_point,frontend map_points row
canonical_frontend_public_map_row,"record_coord:346:-30.169755,151.073944",346,,,,Australian Yowie Research,/Users/jarlgiovanni/Desktop/bigfoot_research/public/data/frontend-data.json,"Bundarra, New South Wales 1997",1997,-30.1697551,151.0739435,NSW,https://www.yowiehunters.com.au/new-south-wales/1587-bundarra-new-south-wales-1997,"Bundarra, NSW",reported_place,locality,high,verified_gazetteer_point,frontend map_points row
canonical_frontend_public_map_row,"record_coord:368:-33.377808,150.648756",368,,,,Australian Yowie Research,/Users/jarlgiovanni/Desktop/bigfoot_research/public/data/frontend-data.json,"Colo River, New South Wales 1997",1997,-33.3778079,150.6487565,NSW,https://www.yowiehunters.com.au/new-south-wales/1553-colo-river-new-south-wales-1997,"Colo River, NSW",reported_place,locality,high,verified_gazetteer_point,frontend map_points row
canonical_frontend_public_map_row,"record_coord:451:-33.701761,150.565547",451,,,,Australian Yowie Research,/Users/jarlgiovanni/Desktop/bigfoot_research/public/data/frontend-data.json,"Springbrook, Queensland 1997",1997,-33.7017613,150.5655467,NSW,https://www.yowiehunters.com.au/queensland/1445-springbrook-queensland-1997,"Springwood, NSW",reported_place,locality,high,verified_gazetteer_point,frontend map_points row
canonical_frontend_public_map_row,"record_coord:473:-27.579013,151.986656",473,,,,Australian Yowie Research,/Users/jarlgiovanni/Desktop/bigfoot_research/public/data/frontend-data.json,"Toowoomba, Queensland 1997",1997,-27.5790131,151.9866561,QLD,https://www.yowiehunters.com.au/queensland/1804-toowoomba-queensland-1997,"Picnic Point, QLD",reported_place,locality,high,verified_gazetteer_point,frontend map_points row
canonical_frontend_public_map_row,"record_coord:476:-33.713759,150.312163",476,,,,Australian Yowie Research,/Users/jarlgiovanni/Desktop/bigfoot_research/public/data/frontend-data.json,"Katoomba, New South Wales 1997",1997,-33.713759,150.3121633,NSW,https://www.yowiehunters.com.au/new-south-wales/2006-katoomba-new-south-wales-1997,"Katoomba, NSW",reported_place,locality,high,verified_gazetteer_point,frontend map_points row
canonical_frontend_public_map_row,"record_coord:585:-28.887287,152.568365",585,,,,Australian Yowie Research,/Users/jarlgiovanni/Desktop/bigfoot_research/public/data/frontend-data.json,"Tabulam, New South wales 1997",1997,-28.8872866,152.5683651,NSW,https://www.yowiehunters.com.au/new-south-wales/1448-tabulam-new-sout-wales-1997,"Tabulam, NSW",reported_place,locality,medium,verified_gazetteer_point,frontend map_points row
canonical_frontend_public_map_row,"record_coord:940:-13.428281,130.492691",940,,,,Australian Yowie Research,/Users/jarlgiovanni/Desktop/bigfoot_research/public/data/frontend-data.json,1997 - Litchfield Times Yowie Article,1997,-13.428281,130.4926909,NT,https://www.yowiehunters.com.au/media-clips/1777-1997-litchfield-times-yowie-article,"Litchfield, NT",reported_place,locality,medium,verified_gazetteer_point,frontend map_points row
canonical_frontend_public_map_row,"record_coord:4315:-38.383333,142.483333",4315,,,,Australian Yowie Research / AYR Yowie Reports Map,/Users/jarlgiovanni/Desktop/bigfoot_research/public/data/frontend-data.json,"Written reports: Yowie Sighting at Warnambool, Victoria 1997",1997,-38.383333,142.483333,VIC,https://www.yowiehunters.com.au/victoria/1264-warnambool-vic-1997,"Warnambool, VIC",source_visible_place,locality,stage_only_public_report_marker,verified_place,frontend map_points row
canonical_frontend_public_map_row,"record_coord:4346:-33.713759,150.312163",4346,,,,Australian Yowie Research / AYR Yowie Reports Map,/Users/jarlgiovanni/Desktop/bigfoot_research/public/data/frontend-data.json,"YouTube reports, interviews: Yowie Sighting (Audio Report #118) at Katoomba, New South Wales (Summer 1997)",1997,-33.713759,150.3121633,NSW,https://www.youtube.com/watch?v=qVVTbN8CNNA,"Katoomba, NSW",source_visible_place,locality,stage_only_public_report_marker,verified_gazetteer_point,frontend map_points row
canonical_frontend_public_map_row,"record_coord:4347:-28.185749,153.271559",4347,,,,Australian Yowie Research / AYR Yowie Reports Map,/Users/jarlgiovanni/Desktop/bigfoot_research/public/data/frontend-data.json,"Written reports: Yowie Sighting at Springbrook, Queensland 1997",1997,-28.185749,153.2715593,QLD,https://www.yowiehunters.com.au/queensland/1445-springbrook-queensland-1997,"Springbrook, QLD",source_visible_place,locality,stage_only_public_report_marker,verified_gazetteer_point,frontend map_points row
canonical_frontend_public_map_row,"record_coord:4348:-27.561019,151.953351",4348,,,,Australian Yowie Research / AYR Yowie Reports Map,/Users/jarlgiovanni/Desktop/bigfoot_research/public/data/frontend-data.json,"Written reports: Yowie Sighting at Toowoomba, Queensland 1997",1997,-27.5610193,151.953351,QLD,https://www.yowiehunters.com.au/queensland/1804-toowoomba-queensland-1997,"Toowoomba, QLD",source_visible_place,locality,stage_only_public_report_marker,verified_gazetteer_point,frontend map_points row
canonical_frontend_public_map_row,"record_coord:4411:-27.780333,153.265967",4411,,,,Australian Yowie Research / AYR Yowie Reports Map,/Users/jarlgiovanni/Desktop/bigfoot_research/public/data/frontend-data.json,"Videos: Dean Harrison - Ormeau Yowie Encounter June, 1997",1997,-27.780333,153.265967,QLD,https://www.youtube.com/watch?v=a3yxqe18Bos,"Dean Harrison - Ormeau Yowie Encounter June, QLD",source_visible_place,locality,stage_only_public_report_marker,verified_place,frontend map_points row
canonical_frontend_public_map_row,"record_coord:4472:-12.789556,131.123056",4472,,,,Australian Yowie Research / AYR Yowie Reports Map,/Users/jarlgiovanni/Desktop/bigfoot_research/public/data/frontend-data.json,Reports from newspapers: 1997 - Litchfield Times Yowie Article,1997,-12.789556,131.123056,NT,https://www.yowiehunters.com.au/media-clips/1777-1997-litchfield-times-yowie-article,"1997 - Litchfield Times Yowie Article, NT",source_visible_place,locality,stage_only_public_report_marker,verified_place,frontend map_points row
canonical_frontend_public_map_row,"record_coord:4473:-23.887041,133.782438",4473,,,,Australian Yowie Research / AYR Yowie Reports Map,/Users/jarlgiovanni/Desktop/bigfoot_research/public/data/frontend-data.json,Reports from newspapers: 1997 - NT News Yowie Article,1997,-23.887041,133.782438,NT,https://www.yowiehunters.com.au/media-clips/1766-1997-nt-news-yowie-article,1997 - NT News Yowie Article,source_visible_place,locality,stage_only_public_report_marker,verified_place,frontend map_points row
canonical_frontend_public_map_row,"record_coord:4590:-17.695300,146.107260",4590,,,,Australian Yowie Research / AYR Yowie Reports Map,/Users/jarlgiovanni/Desktop/bigfoot_research/public/data/frontend-data.json,"Witness sketches: Cowley Beach, Queensland (1997)",1997,-17.6953,146.10726,QLD,https://www.yowiehunters.com.au/witness-sketches,"Cowley Beach, Queensland, QLD",source_visible_place,locality,stage_only_public_report_marker,verified_place,frontend map_points row
canonical_frontend_public_map_row,"record_coord:4592:-28.219010,152.034380",4592,,,,Australian Yowie Research / AYR Yowie Reports Map,/Users/jarlgiovanni/Desktop/bigfoot_research/public/data/frontend-data.json,"Witness sketches: Warwick, Queensland (1997)",1997,-28.21901,152.03438,QLD,https://www.yowiehunters.com.au/witness-sketches,"Warwick, Queensland, QLD",source_visible_place,locality,stage_only_public_report_marker,verified_place,frontend map_points row
canonical_frontend_public_map_row,"record_coord:4595:-12.792300,131.125257",4595,,,,Australian Yowie Research / AYR Yowie Reports Map,/Users/jarlgiovanni/Desktop/bigfoot_research/public/data/frontend-data.json,"Witness sketches: Acacia Hills, Northern Territory (1997)",1997,-12.7923,131.125257,NT,https://www.yowiehunters.com.au/witness-sketches,"Acacia Hills, Northern Territory, NT",source_visible_place,locality,stage_only_public_report_marker,verified_place,frontend map_points row
canonical_frontend_public_map_row,"record_coord:36:-12.768419,131.141951",36,,,,Australian Yowie Research,/Users/jarlgiovanni/Desktop/bigfoot_research/public/data/frontend-data.json,"Acacia Hills & Humpty Doo, Northern Territory 1998",1998,-12.768419,131.141951,NT,https://www.yowiehunters.com.au/northern-territory/2291-acacia-ridge-humpty-doo-northern-territory-1998,"Acacia Hills, NT",reported_place,locality,high,verified_gazetteer_point,frontend map_points row
canonical_frontend_public_map_row,"record_coord:37:-13.238766,131.107007",37,,,,Australian Yowie Research,/Users/jarlgiovanni/Desktop/bigfoot_research/public/data/frontend-data.json,"Adelaide River, Northern Territory 1998",1998,-13.2387657,131.1070072,NT,https://www.yowiehunters.com.au/northern-territory/267-adelaide-river-1998,"Adelaide River, NT",reported_place,town,high,verified_gazetteer_point,frontend map_points row
canonical_frontend_public_map_row,"record_coord:38:-19.810000,130.320000",38,,,,Australian Yowie Research,/Users/jarlgiovanni/Desktop/bigfoot_research/public/data/frontend-data.json,"Tanima Desert, Northern Territory 1998",1998,-19.81,130.32,NT,https://www.yowiehunters.com.au/northern-territory/1242-tanima-desert-nt-1998,"Tanima Desert, NT",reported_place,locality,high,verified_gazetteer_point,frontend map_points row
canonical_frontend_public_map_row,"record_coord:112:-33.700560,150.535599",112,,,,Australian Yowie Research,/Users/jarlgiovanni/Desktop/bigfoot_research/public/data/frontend-data.json,"Faulconbridge, New South Wales 1998",1998,-33.7005603,150.535599,NSW,https://www.yowiehunters.com.au/new-south-wales/1385-faulconbridge-new-south-wales-1998,"Faulconbridge, NSW",reported_place,locality,high,verified_gazetteer_point,frontend map_points row
canonical_frontend_public_map_row,"record_coord:113:-32.598070,149.588638",113,,,,Australian Yowie Research,/Users/jarlgiovanni/Desktop/bigfoot_research/public/data/frontend-data.json,"Mudgee, New South Wales 1998",1998,-32.5980702,149.5886383,NSW,https://www.yowiehunters.com.au/new-south-wales/1424-mudgee-new-south-wales-1998,"Mudgee, NSW",reported_place,locality,high,verified_gazetteer_point,frontend map_points row
canonical_frontend_public_map_row,"record_coord:174:-26.964480,153.120238",174,,,,Australian Yowie Research,/Users/jarlgiovanni/Desktop/bigfoot_research/public/data/frontend-data.json,"Bribie Island, Queensland 1998",1998,-26.9644799,153.120238,QLD,https://www.yowiehunters.com.au/queensland/1272-bribie-island-qld-1998,"Bribie Island, QLD",reported_place,locality,high,verified_gazetteer_point,frontend map_points row
canonical_frontend_public_map_row,"record_coord:175:-26.635231,152.616638",175,,,,Australian Yowie Research,/Users/jarlgiovanni/Desktop/bigfoot_research/public/data/frontend-data.json,"Kenilworth, Queensland 1998",1998,-26.6352315,152.6166379,QLD,https://www.yowiehunters.com.au/queensland/1296-kenilworth-qld-1998,"Kenilworth, QLD",reported_place,locality,high,verified_gazetteer_point,frontend map_points row
canonical_frontend_public_map_row,"record_coord:176:-26.003187,152.522897",176,,,,Australian Yowie Research,/Users/jarlgiovanni/Desktop/bigfoot_research/public/data/frontend-data.json,"Scotchy Pocket, Queensland 1998",1998,-26.0031875,152.522897,QLD,https://www.yowiehunters.com.au/queensland/1294-gunalda-qld-2000,"Scotchy Pocket, QLD",reported_place,locality,high,verified_gazetteer_point,frontend map_points row
canonical_frontend_public_map_row,"record_coord:187:-24.994350,148.333790",187,,,,Australian Yowie Research,/Users/jarlgiovanni/Desktop/bigfoot_research/public/data/frontend-data.json,"Canarvon Gorge, Queensland 2005",1998,-24.99435,148.3337905,QLD,https://www.yowiehunters.com.au/queensland/1277-canarvon-gorge-qld-1998,"Canarvon Gorge, QLD",reported_place,locality,high,verified_gazetteer_point,frontend map_points row
canonical_frontend_public_map_row,"record_coord:242:-30.017261,147.898856",242,,,,Australian Yowie Research,/Users/jarlgiovanni/Desktop/bigfoot_research/public/data/frontend-data.json,"Barwon River, New South Wales 1998",1998,-30.0172608,147.8988558,NSW,https://www.yowiehunters.com.au/new-south-wales/1348-barwon-river-new-south-wales-1998,"Barwon River, NSW",reported_place,locality,high,verified_gazetteer_point,frontend map_points row
canonical_frontend_public_map_row,"record_coord:270:-28.038587,153.141913",270,,,,Australian Yowie Research,/Users/jarlgiovanni/Desktop/bigfoot_research/public/data/frontend-data.json,"Canungra, Queensland 1998",1998,-28.0385865,153.1419128,QLD,https://www.yowiehunters.com.au/queensland/1285-cunungra-qld-1998,"Canungra, QLD",reported_place,locality,high,verified_gazetteer_point,frontend map_points row
canonical_frontend_public_map_row,"record_coord:325:-27.561531,152.279135",325,,,,Australian Yowie Research,/Users/jarlgiovanni/Desktop/bigfoot_research/public/data/frontend-data.json,"Gatton, Queensland 1998",1998,-27.5615314,152.2791353,QLD,https://www.yowiehunters.com.au/queensland/1288-gatton-qld-1998,"Gatton, QLD",reported_place,locality,high,verified_gazetteer_point,frontend map_points row
canonical_frontend_public_map_row,"record_coord:406:-37.064049,149.903512",406,,,,Australian Yowie Research,/Users/jarlgiovanni/Desktop/bigfoot_research/public/data/frontend-data.json,"Eden, New South Wales 1998",1998,-37.0640494,149.9035118,NSW,https://www.yowiehunters.com.au/new-south-wales/1381-eden-new-south-wales-1998,"Eden, NSW",reported_place,locality,high,verified_gazetteer_point,frontend map_points row
canonical_frontend_public_map_row,"record_coord:409:-27.774813,153.252082",409,,,,Australian Yowie Research,/Users/jarlgiovanni/Desktop/bigfoot_research/public/data/frontend-data.json,"Ormeau, Queensland 1998",1998,-27.774813,153.2520815,QLD,https://www.yowiehunters.com.au/queensland/1316-ormeau-qld-1998,"Ormeau, QLD",reported_place,locality,high,verified_gazetteer_point,frontend map_points row
canonical_frontend_public_map_row,"record_coord:411:-27.774813,153.252082",411,,,,Australian Yowie Research,/Users/jarlgiovanni/Desktop/bigfoot_research/public/data/frontend-data.json,"Ormeau, Queensland 1998",1998,-27.774813,153.2520815,QLD,https://www.yowiehunters.com.au/queensland/1318-ormeau-qld-1998-sp-13220,"Ormeau, QLD",reported_place,locality,high,verified_gazetteer_point,frontend map_points row
canonical_frontend_public_map_row,"record_coord:424:-32.006667,148.876111",424,,,,Australian Yowie Research,/Users/jarlgiovanni/Desktop/bigfoot_research/public/data/frontend-data.json,"Goonoo Forest, New South Wales 1998",1998,-32.0066667,148.8761111,NSW,https://www.yowiehunters.com.au/new-south-wales/1391-goonoo-forest-new-south-wales-1998,"Goonoo Forest, NSW",reported_place,locality,high,verified_gazetteer_point,frontend map_points row
canonical_frontend_public_map_row,"record_coord:434:-30.785862,152.988742",434,,,,Australian Yowie Research,/Users/jarlgiovanni/Desktop/bigfoot_research/public/data/frontend-data.json,"Grassy Head / Stuarts Point, New South Wales 1998",1998,-30.7858622,152.9887422,NSW,https://www.yowiehunters.com.au/new-south-wales/2132-grassy-head-stuarts-point-new-south-wales-1998,"Grassy Head / Stuarts Point [Yarriabini National Park], NSW",reported_place,locality,high,verified_gazetteer_point,frontend map_points row
canonical_frontend_public_map_row,"record_coord:453:-28.185749,153.271559",453,,,,Australian Yowie Research,/Users/jarlgiovanni/Desktop/bigfoot_research/public/data/frontend-data.json,"Springbrook, Queensland 1998",1998,-28.185749,153.2715593,QLD,https://www.yowiehunters.com.au/queensland/1331-springbrook-qld-1998,"Springbrook, QLD",reported_place,locality,high,verified_gazetteer_point,frontend map_points row
canonical_frontend_public_map_row,"record_coord:455:-28.185749,153.271559",455,,,,Australian Yowie Research,/Users/jarlgiovanni/Desktop/bigfoot_research/public/data/frontend-data.json,"Springbrook, Queensland 1998",1998,-28.185749,153.2715593,QLD,https://www.yowiehunters.com.au/queensland/1332-springbrook-qld-1998-sp-7529,"Springbrook, QLD",reported_place,locality,high,verified_gazetteer_point,frontend map_points row
canonical_frontend_public_map_row,"record_coord:469:-25.882854,152.946179",469,,,,Australian Yowie Research,/Users/jarlgiovanni/Desktop/bigfoot_research/public/data/frontend-data.json,"Tin Can Bay, Queensland 1998",1998,-25.8828544,152.9461788,QLD,https://www.yowiehunters.com.au/queensland/1956-tin-can-bay-queensland-1998,"Tin Can Bay, QLD",reported_place,locality,high,verified_gazetteer_point,frontend map_points row
canonical_frontend_public_map_row,"record_coord:480:-34.409254,150.872973",480,,,,Australian Yowie Research,/Users/jarlgiovanni/Desktop/bigfoot_research/public/data/frontend-data.json,"Keiraville, New South Wales 1998",1998,-34.4092539,150.8729729,NSW,https://www.yowiehunters.com.au/new-south-wales/2068-keiraville-new-south-wales-1998,"Keiraville, NSW",reported_place,locality,high,verified_gazetteer_point,frontend map_points row
canonical_frontend_public_map_row,"record_coord:520:-33.990448,150.884930",520,,,,Australian Yowie Research,/Users/jarlgiovanni/Desktop/bigfoot_research/public/data/frontend-data.json,"Macquarie Feilds, New South Wales 1998",1998,-33.9904477,150.8849303,NSW,https://www.yowiehunters.com.au/new-south-wales/2046-macquarie-feilds-new-south-wales-1998,"Macquarie Fields, NSW",reported_place,locality,high,verified_gazetteer_point,frontend map_points row
canonical_frontend_public_map_row,"record_coord:587:-31.912864,152.460848",587,,,,Australian Yowie Research,/Users/jarlgiovanni/Desktop/bigfoot_research/public/data/frontend-data.json,"Taree, New South Wales 1998",1998,-31.912864,152.4608481,NSW,https://www.yowiehunters.com.au/new-south-wales/1450-taree-new-south-wales-1998,"Taree, NSW",reported_place,locality,high,verified_gazetteer_point,frontend map_points row
canonical_frontend_public_map_row,"record_coord:617:-28.508383,152.965277",617,,,,Australian Yowie Research,/Users/jarlgiovanni/Desktop/bigfoot_research/public/data/frontend-data.json,"Wiangaree, New South Wales 1998",1998,-28.5083827,152.9652769,NSW,https://www.yowiehunters.com.au/new-south-wales/2088-wiangaree-new-south-wales-1998,"Wiangaree, NSW",reported_place,locality,high,verified_gazetteer_point,frontend map_points row
canonical_frontend_public_map_row,"record_coord:623:-28.391345,152.612021",623,,,,Australian Yowie Research,/Users/jarlgiovanni/Desktop/bigfoot_research/public/data/frontend-data.json,"Woodenbong, New South Wales 1998",1998,-28.3913455,152.6120214,NSW,https://www.yowiehunters.com.au/new-south-wales/1826-woodenbong-new-south-wales-1998,"Woodenbong, NSW",reported_place,locality,high,verified_gazetteer_point,frontend map_points row
canonical_frontend_public_map_row,"record_coord:631:-34.320992,150.572483",631,,,,Australian Yowie Research,/Users/jarlgiovanni/Desktop/bigfoot_research/public/data/frontend-data.json,"Yanderra, New South Wales 1998",1998,-34.3209918,150.5724825,NSW,https://www.yowiehunters.com.au/new-south-wales/2293-yanderra-new-south-wales-1998,"Yanderra, NSW",reported_place,locality,high,verified_gazetteer_point,frontend map_points row
canonical_frontend_public_map_row,"record_coord:841:-13.238766,131.107007",841,,,,Australian Yowie Research,/Users/jarlgiovanni/Desktop/bigfoot_research/public/data/frontend-data.json,1998 - NT News Article,1998,-13.2387657,131.1070072,NT,https://www.yowiehunters.com.au/historical-articles/1513-nt-news-article-1998,"Adelaide River, NT",reported_place,town,high,verified_gazetteer_point,frontend map_points row
canonical_frontend_public_map_row,"record_coord:4307:-20.000000,130.000000",4307,,,,Australian Yowie Research / AYR Yowie Reports Map,/Users/jarlgiovanni/Desktop/bigfoot_research/public/data/frontend-data.json,"Written reports: Yowie Sighting at Tanami Desert, Northern Territory 199",1998,-20.0,130.0,NT,https://www.yowiehunters.com.au/northern-territory/1242-tanima-desert-nt-1998,"Tanami Desert, NT",source_visible_place,locality,stage_only_public_report_marker,verified_place,frontend map_points row
canonical_frontend_public_map_row,"record_coord:4311:-30.809996,152.994649",4311,,,,Australian Yowie Research / AYR Yowie Reports Map,/Users/jarlgiovanni/Desktop/bigfoot_research/public/data/frontend-data.json,"Written reports: Yowie Sighting at Grassy Head / Stuarts Point, New South Wales 1998",1998,-30.809996,152.994649,NSW,https://www.yowiehunters.com.au/new-south-wales/2132-grassy-head-stuarts-point-new-south-wales-1998,"Grassy Head / Stuarts Point, NSW",source_visible_place,locality,stage_only_public_report_marker,verified_place,frontend map_points row
canonical_frontend_public_map_row,"record_coord:4323:-32.023333,151.484444",4323,,,,Australian Yowie Research / AYR Yowie Reports Map,/Users/jarlgiovanni/Desktop/bigfoot_research/public/data/frontend-data.json,"Written reports: Yowie Sighting at Barrington Tops, New South Wales 1998",1998,-32.0233333,151.4844444,NSW,https://www.yowiehunters.com.au/new-south-wales/1818-barrington-tops-new-south-wales-1998,"Barrington Tops, NSW",source_visible_place,locality,stage_only_public_report_marker,verified_gazetteer_point,frontend map_points row
canonical_frontend_public_map_row,"record_coord:4327:-33.994444,150.887500",4327,,,,Australian Yowie Research / AYR Yowie Reports Map,/Users/jarlgiovanni/Desktop/bigfoot_research/public/data/frontend-data.json,"Written reports: Yowie Sighting at Macquarie Feilds, New South Wales 1998",1998,-33.994444,150.8875,NSW,https://www.yowiehunters.com.au/new-south-wales/2046-macquarie-feilds-new-south-wales-1998,"Macquarie Feilds, NSW",source_visible_place,locality,stage_only_public_report_marker,verified_place,frontend map_points row
canonical_frontend_public_map_row,"record_coord:4349:-33.990448,150.884930",4349,,,,Australian Yowie Research / AYR Yowie Reports Map,/Users/jarlgiovanni/Desktop/bigfoot_research/public/data/frontend-data.json,"YouTube reports, interviews: Yowie Sighting (Audio Report #139) at Macquarie Fields, New South Wales (1998)",1998,-33.9904477,150.8849303,NSW,https://www.youtube.com/watch?v=bHqmZIvHg90,"Macquarie Fields, NSW",source_visible_place,locality,stage_only_public_report_marker,verified_gazetteer_point,frontend map_points row
canonical_frontend_public_map_row,"record_coord:4474:-12.660487,131.338777",4474,,,,Australian Yowie Research / AYR Yowie Reports Map,/Users/jarlgiovanni/Desktop/bigfoot_research/public/data/frontend-data.json,Reports from newspapers: 1998 - Northern Territory News,1998,-12.660487,131.338777,NT,https://www.yowiehunters.com.au/media-clips/1702-1998-northern-territory-news,"1998 - Northern Territory News, NT",source_visible_place,locality,stage_only_public_report_marker,verified_place,frontend map_points row
canonical_frontend_public_map_row,"record_coord:61:-38.956702,146.351478",61,,,,Australian Yowie Research,/Users/jarlgiovanni/Desktop/bigfoot_research/public/data/frontend-data.json,"Wilsons Promontory, Victoria 1999",1999,-38.9567021,146.3514784,VIC,https://www.yowiehunters.com.au/victoria/1265-wilsons-promontory-vic-1999,"Wilsons Promontory, VIC",reported_place,locality,high,verified_gazetteer_point,frontend map_points row
canonical_frontend_public_map_row,"record_coord:114:-29.996031,145.294039",114,,,,Australian Yowie Research,/Users/jarlgiovanni/Desktop/bigfoot_research/public/data/frontend-data.json,"Bourke, New South Wales 1999",1999,-29.9960307,145.2940392,NSW,https://www.yowiehunters.com.au/new-south-wales/1359-bourke-new-south-wales-1999,"Bourke, NSW",reported_place,locality,high,verified_gazetteer_point,frontend map_points row
canonical_frontend_public_map_row,"record_coord:115:-34.442184,150.806713",115,,,,Australian Yowie Research,/Users/jarlgiovanni/Desktop/bigfoot_research/public/data/frontend-data.json,"Mt. Kembla, New South Wales 1999",1999,-34.4421839,150.8067132,NSW,https://www.yowiehunters.com.au/new-south-wales/1423-mt-kembla-new-south-wales-1999,"Mt Kembla, NSW",reported_place,locality,high,verified_gazetteer_point,frontend map_points row
canonical_frontend_public_map_row,"record_coord:116:-33.715689,150.331766",116,,,,Australian Yowie Research,/Users/jarlgiovanni/Desktop/bigfoot_research/public/data/frontend-data.json,"Leura, New South Wales 2000",1999,-33.7156888,150.3317665,NSW,https://www.yowiehunters.com.au/new-south-wales/1410-leura-new-south-wales-2000,"Leura, NSW",reported_place,locality,high,verified_gazetteer_point,frontend map_points row
canonical_frontend_public_map_row,"record_coord:177:-27.643611,153.153811",177,,,,Australian Yowie Research,/Users/jarlgiovanni/Desktop/bigfoot_research/public/data/frontend-data.json,"Daisy Hill, Queensland 1999",1999,-27.643611,153.1538113,QLD,https://www.yowiehunters.com.au/queensland/1659-daisy-hill-queensland-1999,"Daisy Hill, QLD",reported_place,locality,high,verified_gazetteer_point,frontend map_points row
canonical_frontend_public_map_row,"record_coord:235:-36.878683,147.244179",235,,,,Australian Yowie Research,/Users/jarlgiovanni/Desktop/bigfoot_research/public/data/frontend-data.json,"Falls Creek, Victoria 1999",1999,-36.878683,147.2441791,VIC,https://www.yowiehunters.com.au/victoria/1249-falls-creek-vic-1999,"Falls Creek, VIC",reported_place,locality,high,verified_gazetteer_point,frontend map_points row
canonical_frontend_public_map_row,"record_coord:392:-33.481667,150.251111",392,,,,Australian Yowie Research,/Users/jarlgiovanni/Desktop/bigfoot_research/public/data/frontend-data.json,"Dargan, New South Wales 1999",1999,-33.4816667,150.2511111,NSW,https://www.yowiehunters.com.au/new-south-wales/2025-dargan-new-south-wales-1999,"Dargan, NSW",reported_place,locality,high,verified_gazetteer_point,frontend map_points row
canonical_frontend_public_map_row,"record_coord:413:-27.774813,153.252082",413,,,,Australian Yowie Research,/Users/jarlgiovanni/Desktop/bigfoot_research/public/data/frontend-data.json,"Ormeau, Queensland 1999",1999,-27.774813,153.2520815,QLD,https://www.yowiehunters.com.au/queensland/1319-ormeau-qld-1999,"Ormeau, QLD",reported_place,locality,high,verified_gazetteer_point,frontend map_points row
canonical_frontend_public_map_row,"record_coord:478:-33.713759,150.312163",478,,,,Australian Yowie Research,/Users/jarlgiovanni/Desktop/bigfoot_research/public/data/frontend-data.json,"Katoomba, New South Wales 1999",1999,-33.713759,150.3121633,NSW,https://www.yowiehunters.com.au/new-south-wales/1403-katoomba-new-south-wales-1999,"Katoomba, NSW",reported_place,locality,high,verified_gazetteer_point,frontend map_points row
canonical_frontend_public_map_row,"record_coord:506:-33.037433,151.529468",506,,,,Australian Yowie Research,/Users/jarlgiovanni/Desktop/bigfoot_research/public/data/frontend-data.json,"Lake Macquarie, New South Wales 1999",1999,-33.0374325,151.5294684,NSW,https://www.yowiehunters.com.au/new-south-wales/1407-lake-macquarie-new-south-wales-1999,"Lake Macquarie, NSW",reported_place,locality,high,verified_gazetteer_point,frontend map_points row
canonical_frontend_public_map_row,"record_coord:522:-32.731667,151.851111",522,,,,Australian Yowie Research,/Users/jarlgiovanni/Desktop/bigfoot_research/public/data/frontend-data.json,"Medowie, New South Wales 1999",1999,-32.7316667,151.8511111,NSW,https://www.yowiehunters.com.au/new-south-wales/1830-medowie-new-south-wales-1999,"Medowie, NSW",reported_place,locality,high,verified_gazetteer_point,frontend map_points row
canonical_frontend_public_map_row,"record_coord:624:-33.734968,150.481089",624,,,,Australian Yowie Research,/Users/jarlgiovanni/Desktop/bigfoot_research/public/data/frontend-data.json,"Woodford, New South Wales 1999",1999,-33.7349677,150.4810891,NSW,https://www.yowiehunters.com.au/new-south-wales/1471-woodford-new-south-wales-1999,"Woodford, NSW",reported_place,locality,high,verified_gazetteer_point,frontend map_points row
canonical_frontend_public_map_row,"record_coord:943:-28.002373,153.414599",943,,,,Australian Yowie Research,/Users/jarlgiovanni/Desktop/bigfoot_research/public/data/frontend-data.json,1999 - Gold Coast Bulletin - 25-08-1999,1999,-28.0023731,153.4145987,QLD,https://www.yowiehunters.com.au/media-clips/2278-1999-gold-coast-bulletin-25-08-1999,"Gold Coast, QLD",reported_place,locality,medium,verified_gazetteer_point,frontend map_points row
canonical_frontend_public_map_row,"record_coord:944:-28.807761,153.279188",944,,,,Australian Yowie Research,/Users/jarlgiovanni/Desktop/bigfoot_research/public/data/frontend-data.json,1999 - Lismore Northern Star Yowie Article,1999,-28.8077608,153.2791883,NSW,https://www.yowiehunters.com.au/media-clips/1772-1999-lismore-northern-star-yowie-article,"Lismore, NSW",reported_place,locality,medium,verified_gazetteer_point,frontend map_points row
canonical_frontend_public_map_row,"record_coord:945:-28.002373,153.414599",945,,,,Australian Yowie Research,/Users/jarlgiovanni/Desktop/bigfoot_research/public/data/frontend-data.json,1999 - Thats Life Magazine Yowie Article,1999,-28.0023731,153.4145987,QLD,https://www.yowiehunters.com.au/media-clips/1787-1999-thats-life-magazine-yowie-article,"Gold Coast, QLD",reported_place,locality,high,verified_gazetteer_point,frontend map_points row
canonical_frontend_public_map_row,"record_coord:3978:-34.868293,147.575803",3978,,,,Australian Broadcasting Corporation,/Users/jarlgiovanni/Desktop/bigfoot_research/public/data/frontend-data.json,Kimberley's Wedding / Favourite Haunt,1999,-34.8682927,147.5758032,NSW,"https://www.abc.net.au/news/2018-11-23/kimeberleys-wedding-and-favourite-haunt-october-28,-1999/10548734","Monte Cristo Homestead, NSW",apparition_location,exact_site,B,verified_gazetteer_point,frontend map_points row
canonical_frontend_public_map_row,"record_coord:4414:-28.178333,153.284000",4414,,,,Australian Yowie Research / AYR Yowie Reports Map,/Users/jarlgiovanni/Desktop/bigfoot_research/public/data/frontend-data.json,Videos: Retro Look Back of AYR Yowie Investigations in 1999,1999,-28.178333,153.284,QLD,https://www.youtube.com/watch?v=VWC2pzL1Jbc,"1999, QLD",source_visible_place,locality,stage_only_public_report_marker,verified_place,frontend map_points row
canonical_frontend_public_map_row,"record_coord:4475:-27.789333,153.258867",4475,,,,Australian Yowie Research / AYR Yowie Reports Map,/Users/jarlgiovanni/Desktop/bigfoot_research/public/data/frontend-data.json,Reports from newspapers: 1999 - Gold Coast Bulletin Yowie Article,1999,-27.789333,153.258867,QLD,https://www.yowiehunters.com.au/media-clips/1790-1999-gold-coast-bulletin-yowie-article,"1999 - Gold Coast Bulletin Yowie Article, QLD",source_visible_place,locality,stage_only_public_report_marker,verified_place,frontend map_points row
canonical_frontend_public_map_row,"record_coord:4476:-28.388333,152.600000",4476,,,,Australian Yowie Research / AYR Yowie Reports Map,/Users/jarlgiovanni/Desktop/bigfoot_research/public/data/frontend-data.json,Reports from newspapers: 1999 - Lismore Northern Star Yowie Article,1999,-28.388333,152.6,QLD,https://www.yowiehunters.com.au/media-clips/1772-1999-lismore-northern-star-yowie-article,"1999 - Lismore Northern Star Yowie Article, QLD",source_visible_place,locality,stage_only_public_report_marker,verified_place,frontend map_points row
canonical_frontend_public_map_row,"record_coord:4477:-31.250000,149.265000",4477,,,,Australian Yowie Research / AYR Yowie Reports Map,/Users/jarlgiovanni/Desktop/bigfoot_research/public/data/frontend-data.json,Reports from newspapers: 1999 - Take 5 Yowie Article,1999,-31.25,149.265,NSW,https://www.yowiehunters.com.au/media-clips/1789-1999-thats-life-magazine-yowie-article-2,"1999 - Take 5 Yowie Article, NSW",source_visible_place,locality,stage_only_public_report_marker,verified_place,frontend map_points row
canonical_frontend_public_map_row,"record_coord:4478:-28.144789,153.298935",4478,,,,Australian Yowie Research / AYR Yowie Reports Map,/Users/jarlgiovanni/Desktop/bigfoot_research/public/data/frontend-data.json,Reports from newspapers: 1999 - Thats Life Magazine Yowie Article,1999,-28.144789,153.298935,QLD,https://www.yowiehunters.com.au/media-clips/1787-1999-thats-life-magazine-yowie-article,"1999 - Thats Life Magazine Yowie Article, QLD",source_visible_place,locality,stage_only_public_report_marker,verified_place,frontend map_points row
canonical_frontend_public_map_row,"record_coord:4598:-33.729275,150.456174",4598,,,,Australian Yowie Research / AYR Yowie Reports Map,/Users/jarlgiovanni/Desktop/bigfoot_research/public/data/frontend-data.json,"Witness sketches: Hazelbrook, New South Wales (1999)",1999,-33.729275,150.456174,NSW,https://www.yowiehunters.com.au/witness-sketches,"Hazelbrook, New South Wales, NSW",source_visible_place,locality,stage_only_public_report_marker,verified_place,frontend map_points row
canonical_frontend_public_map_row,"record_coord:17:-23.143675,113.770165",17,,,,Australian Yowie Research,/Users/jarlgiovanni/Desktop/bigfoot_research/public/data/frontend-data.json,"Coral Bay, Western Australia 2000",2000,-23.1436752,113.770165,WA,https://www.yowiehunters.com.au/western-australia/1146-coral-bay-2000,"Corel Bay, WA",reported_place,locality,high,verified_gazetteer_point,frontend map_points row
canonical_frontend_public_map_row,"record_coord:18:-31.022528,115.330191",18,,,,Australian Yowie Research,/Users/jarlgiovanni/Desktop/bigfoot_research/public/data/frontend-data.json,"Lancedin, Western Australia 2000",2000,-31.0225285,115.3301909,WA,https://www.yowiehunters.com.au/western-australia/2297-lancedin-western-australia-2000,"Lancelin, WA",reported_place,locality,high,verified_gazetteer_point,frontend map_points row
canonical_frontend_public_map_row,"record_coord:117:-36.319468,149.739383",117,,,,Australian Yowie Research,/Users/jarlgiovanni/Desktop/bigfoot_research/public/data/frontend-data.json,"Yowrie, New South Wales 2000",2000,-36.3194678,149.7393829,NSW,https://www.yowiehunters.com.au/new-south-wales/1477-yowrie-new-south-wales-2000,"Yowrie, NSW",reported_place,locality,high,verified_gazetteer_point,frontend map_points row
canonical_frontend_public_map_row,"record_coord:178:-26.281553,152.984517",178,,,,Australian Yowie Research,/Users/jarlgiovanni/Desktop/bigfoot_research/public/data/frontend-data.json,"Booreen Point, Queensland 2000",2000,-26.2815525,152.984517,QLD,https://www.yowiehunters.com.au/queensland/1271-borren-point-qld-2000,"Booreen Point, QLD",reported_place,locality,high,verified_gazetteer_point,frontend map_points row
canonical_frontend_public_map_row,"record_coord:179:-25.626877,151.637023",179,,,,Australian Yowie Research,/Users/jarlgiovanni/Desktop/bigfoot_research/public/data/frontend-data.json,"Gayndah, Queensland 2000 (2)",2000,-25.6268775,151.6370233,QLD,https://www.yowiehunters.com.au/queensland/1289-gayndah-qld-2000-2,"Gayndah, QLD",reported_place,locality,high,verified_gazetteer_point,frontend map_points row
canonical_frontend_public_map_row,"record_coord:180:-26.941717,152.561157",180,,,,Australian Yowie Research,/Users/jarlgiovanni/Desktop/bigfoot_research/public/data/frontend-data.json,"Kilcoy, Queensland 2000",2000,-26.9417175,152.561157,QLD,https://www.yowiehunters.com.au/queensland/1879-kilcoy-queensland-2000,"Kilcoy, QLD",reported_place,town,high,verified_gazetteer_point,frontend map_points row
canonical_frontend_public_map_row,"record_coord:181:-17.942923,145.928582",181,,,,Australian Yowie Research,/Users/jarlgiovanni/Desktop/bigfoot_research/public/data/frontend-data.json,"Tully, Queensland 2000",2000,-17.9429225,145.9285816,QLD,https://www.yowiehunters.com.au/queensland/1340-tully-qld-2000,"Tully, QLD",reported_place,locality,high,verified_gazetteer_point,frontend map_points row
canonical_frontend_public_map_row,"record_coord:215:-33.701014,151.299783",215,,,,Australian Yowie Research,/Users/jarlgiovanni/Desktop/bigfoot_research/public/data/frontend-data.json,"Aboriginal P.O.V, New South Wales 2001",2000,-33.701014,151.2997832,NSW,https://www.yowiehunters.com.au/new-south-wales/1345-aboriginal-pov-nsw-2001,"Northern, NSW",reported_place,locality,high,verified_gazetteer_point,frontend map_points row
canonical_frontend_public_map_row,"record_coord:223:-37.251619,146.816827",223,,,,Australian Yowie Research,/Users/jarlgiovanni/Desktop/bigfoot_research/public/data/frontend-data.json,"Billabong, Victoria 2000",2000,-37.2516192,146.8168275,VIC,https://www.yowiehunters.com.au/victoria/1263-victorian-billabong-vic-2000,Billabong,source_visible_place,locality,medium,verified_gazetteer_point,frontend map_points row
canonical_frontend_public_map_row,"record_coord:243:-26.883018,152.101120",243,,,,Australian Yowie Research,/Users/jarlgiovanni/Desktop/bigfoot_research/public/data/frontend-data.json,"Blackbutt, Queensland 2000",2000,-26.8830175,152.1011195,QLD,https://www.yowiehunters.com.au/queensland/2223-blackbutt-queensland-2000,"Blackbutt, QLD",reported_place,locality,high,verified_gazetteer_point,frontend map_points row
canonical_frontend_public_map_row,"record_coord:248:-35.729338,150.194800",248,,,,Australian Yowie Research,/Users/jarlgiovanni/Desktop/bigfoot_research/public/data/frontend-data.json,"Bateman's Bay, New South Wales 2000",2000,-35.7293379,150.1947997,NSW,https://www.yowiehunters.com.au/new-south-wales/1352-batemans-bay-new-south-wales-2000,"Bateman's Bay, NSW",reported_place,locality,high,verified_gazetteer_point,frontend map_points row
canonical_frontend_public_map_row,"record_coord:319:-27.239868,152.422019",319,,,,Australian Yowie Research,/Users/jarlgiovanni/Desktop/bigfoot_research/public/data/frontend-data.json,"Esk, Queensland 2000",2000,-27.2398683,152.4220194,QLD,https://www.yowiehunters.com.au/queensland/1814-esk-queensland-2000,"Esk, QLD",reported_place,locality,high,verified_gazetteer_point,frontend map_points row
canonical_frontend_public_map_row,"record_coord:329:-25.626877,151.637023",329,,,,Australian Yowie Research,/Users/jarlgiovanni/Desktop/bigfoot_research/public/data/frontend-data.json,"Gayndah, Queensland 2000 (1)",2000,-25.6268775,151.6370233,QLD,https://www.yowiehunters.com.au/queensland/1291-gayndah-qld-2000-1,"Gayndah, QLD",reported_place,locality,high,verified_gazetteer_point,frontend map_points row
canonical_frontend_public_map_row,"record_coord:331:-25.626877,151.637023",331,,,,Australian Yowie Research,/Users/jarlgiovanni/Desktop/bigfoot_research/public/data/frontend-data.json,"Gayndah, Queensland 2000 (3)",2000,-25.6268775,151.6370233,QLD,https://www.yowiehunters.com.au/queensland/1290-gayndah-qld-2000-3,"Gayndah, QLD",reported_place,locality,high,verified_gazetteer_point,frontend map_points row
canonical_frontend_public_map_row,"record_coord:333:-23.559919,149.913560",333,,,,Australian Yowie Research,/Users/jarlgiovanni/Desktop/bigfoot_research/public/data/frontend-data.json,"Gogango, Queensland 2000",2000,-23.5599195,149.9135601,QLD,https://www.yowiehunters.com.au/queensland/1865-gogango-queensland-2000,"Gogango, QLD",reported_place,locality,high,verified_gazetteer_point,frontend map_points row
canonical_frontend_public_map_row,"record_coord:375:-17.352837,145.595937",375,,,,Australian Yowie Research,/Users/jarlgiovanni/Desktop/bigfoot_research/public/data/frontend-data.json,"Malanda, Queensland 2000",2000,-17.352837,145.5959372,QLD,https://www.yowiehunters.com.au/queensland/2007-malanda-queensland-2000,"Malanda, QLD",reported_place,locality,high,verified_gazetteer_point,frontend map_points row
canonical_frontend_public_map_row,"record_coord:415:-27.774813,153.252082",415,,,,Australian Yowie Research,/Users/jarlgiovanni/Desktop/bigfoot_research/public/data/frontend-data.json,"Ormeau, Queensland 2000",2000,-27.774813,153.2520815,QLD,https://www.yowiehunters.com.au/queensland/1320-ormeau-qld-2000,"Ormeau, QLD",reported_place,locality,high,verified_gazetteer_point,frontend map_points row
canonical_frontend_public_map_row,"record_coord:440:-31.712493,152.594331",440,,,,Australian Yowie Research,/Users/jarlgiovanni/Desktop/bigfoot_research/public/data/frontend-data.json,"Hannam Vale, New South Wales 2000",2000,-31.7124928,152.5943307,NSW,https://www.yowiehunters.com.au/new-south-wales/1561-hannam-vale-new-south-wales-2000,"Hannam Vale, NSW",reported_place,locality,high,verified_gazetteer_point,frontend map_points row
canonical_frontend_public_map_row,"record_coord:468:-33.754310,150.327018",468,,,,Australian Yowie Research,/Users/jarlgiovanni/Desktop/bigfoot_research/public/data/frontend-data.json,"Jamison Valley, New South Wales 2000",2000,-33.75431,150.3270177,NSW,https://www.yowiehunters.com.au/new-south-wales/1620-jamison-valley-new-south-wales-2000,"Jamison Valley, NSW",reported_place,locality,high,verified_gazetteer_point,frontend map_points row
canonical_frontend_public_map_row,"record_coord:516:-33.481536,150.156489",516,,,,Australian Yowie Research,/Users/jarlgiovanni/Desktop/bigfoot_research/public/data/frontend-data.json,"Lithgow, New South Wales 2000",2000,-33.481536,150.1564887,NSW,https://www.yowiehunters.com.au/new-south-wales/1412-lithgow-new-south-wales-2000,"Lithgow, NSW",reported_place,locality,high,verified_gazetteer_point,frontend map_points row
canonical_frontend_public_map_row,"record_coord:559:-30.572823,152.995357",559,,,,Australian Yowie Research,/Users/jarlgiovanni/Desktop/bigfoot_research/public/data/frontend-data.json,"Pickett Hill, New South Wales 2000",2000,-30.5728234,152.9953574,NSW,https://www.yowiehunters.com.au/new-south-wales/1439-pickett-hill-new-south-wales-2000,"Pickett Hill, NSW",reported_place,locality,high,verified_gazetteer_point,frontend map_points row
canonical_frontend_public_map_row,"record_coord:619:-32.358112,149.948366",619,,,,Australian Yowie Research,/Users/jarlgiovanni/Desktop/bigfoot_research/public/data/frontend-data.json,"Wollar, New South Wales 2000",2000,-32.3581121,149.9483663,NSW,https://www.yowiehunters.com.au/new-south-wales/2124-wollar-new-south-wales-2000,"Wollar, NSW",reported_place,locality,high,verified_gazetteer_point,frontend map_points row
canonical_frontend_public_map_row,"record_coord:845:-28.002373,153.414599",845,,,,Australian Yowie Research,/Users/jarlgiovanni/Desktop/bigfoot_research/public/data/frontend-data.json,2000 - Gold Coast Bulletin,2000,-28.0023731,153.4145987,QLD,https://www.yowiehunters.com.au/historical-articles/1590-gold-coast-bulletin-2000,"Gold Coast, QLD",reported_place,locality,medium,verified_gazetteer_point,frontend map_points row
canonical_frontend_public_map_row,"record_coord:846:-19.256939,146.823954",846,,,,Australian Yowie Research,/Users/jarlgiovanni/Desktop/bigfoot_research/public/data/frontend-data.json,2000 - Townsville Bulletin Yowie Article,2000,-19.2569391,146.8239537,QLD,https://www.yowiehunters.com.au/historical-articles/1899-2000-townsville-bulletin-yowie-article,"Townsville, QLD",reported_place,locality,medium,verified_gazetteer_point,frontend map_points row
canonical_frontend_public_map_row,"record_coord:946:-29.681677,152.933636",946,,,,Australian Yowie Research,/Users/jarlgiovanni/Desktop/bigfoot_research/public/data/frontend-data.json,2000 - Daily Examiner Yowie Article,2000,-29.6816773,152.9336357,NSW,https://www.yowiehunters.com.au/media-clips/1791-2000-daily-examiner-yowie-article,Grafton,source_visible_place_hint,locality,medium,verified_gazetteer_point,frontend map_points row
canonical_frontend_public_map_row,"record_coord:947:-28.002373,153.414599",947,,,,Australian Yowie Research,/Users/jarlgiovanni/Desktop/bigfoot_research/public/data/frontend-data.json,2000 - Gold Coast Bulletin Yowiehunters,2000,-28.0023731,153.4145987,QLD,https://www.yowiehunters.com.au/media-clips/1715-2000-gold-coast-bulletin-yowiehunters,"Gold Coast, QLD",reported_place,locality,medium,verified_gazetteer_point,frontend map_points row
canonical_frontend_public_map_row,"record_coord:949:-27.561531,152.279135",949,,,,Australian Yowie Research,/Users/jarlgiovanni/Desktop/bigfoot_research/public/data/frontend-data.json,2000 - Queensland Times Yowie Article,2000,-27.5615314,152.2791353,QLD,https://www.yowiehunters.com.au/media-clips/1794-2000-queensland-times-yowie-article,Gatton,source_visible_place_hint,locality,medium,verified_gazetteer_point,frontend map_points row
canonical_frontend_public_map_row,"record_coord:1028:-35.707218,150.178289",1028,,,,Australian Yowie Research,/Users/jarlgiovanni/Desktop/bigfoot_research/public/data/frontend-data.json,2000 - Batemans Bay Post Yowie Article,2000,-35.7072183,150.178289,NSW,https://www.yowiehunters.com.au/historical-articles/1909-2000-batemans-bay-post-yowie-article,"Batemans Bay, NSW",reported_place,locality,medium,verified_gazetteer_point,frontend map_points row
canonical_frontend_public_map_row,"record_coord:1039:-27.468962,153.023501",1039,,,,Australian Yowie Research,/Users/jarlgiovanni/Desktop/bigfoot_research/public/data/frontend-data.json,2000 - Sunday Mail Yowie Article,2000,-27.4689623,153.0235009,QLD,https://www.yowiehunters.com.au/media-clips/1751-2000-sunday-mail-yowie-article,"Brisbane, QLD",reported_place,locality,medium,verified_gazetteer_point,frontend map_points row
canonical_frontend_public_map_row,"record_coord:4351:-36.319468,149.739383",4351,,,,Australian Yowie Research / AYR Yowie Reports Map,/Users/jarlgiovanni/Desktop/bigfoot_research/public/data/frontend-data.json,"YouTube reports, interviews: Yowie Sighting (Audio Report #121) near Yowrie, New South Wales (March 2000)",2000,-36.3194678,149.7393829,NSW,https://www.youtube.com/watch?v=7H3TziSxqBA,"Yowrie, NSW",source_visible_place,locality,stage_only_public_report_marker,verified_gazetteer_point,frontend map_points row
canonical_frontend_public_map_row,"record_coord:4352:-17.352837,145.595937",4352,,,,Australian Yowie Research / AYR Yowie Reports Map,/Users/jarlgiovanni/Desktop/bigfoot_research/public/data/frontend-data.json,"YouTube reports, interviews: Yowie Sighting (Audio Report #125) near Malanda, Queensland (2000)",2000,-17.352837,145.5959372,QLD,https://www.youtube.com/watch?v=_WFwL2ine2,"Malanda, QLD",source_visible_place,locality,stage_only_public_report_marker,verified_gazetteer_point,frontend map_points row
canonical_frontend_public_map_row,"record_coord:4353:-23.142675,113.774348",4353,,,,Australian Yowie Research / AYR Yowie Reports Map,/Users/jarlgiovanni/Desktop/bigfoot_research/public/data/frontend-data.json,"Written reports: Yowie Attack at Coral Bay, Western Australia (2000)",2000,-23.142675,113.774348,WA,https://www.yowiehunters.com.au/western-australia/1146-coral-bay-2000,"Coral Bay, WA",source_visible_place,locality,stage_only_public_report_marker,verified_place,frontend map_points row
canonical_frontend_public_map_row,"record_coord:4479:-29.750000,153.000000",4479,,,,Australian Yowie Research / AYR Yowie Reports Map,/Users/jarlgiovanni/Desktop/bigfoot_research/public/data/frontend-data.json,Reports from newspapers: 2000 - Daily Examiner Yowie Article,2000,-29.75,153.0,NSW,https://www.yowiehunters.com.au/media-clips/1791-2000-daily-examiner-yowie-article,"2000 - Daily Examiner Yowie Article, NSW",source_visible_place,locality,stage_only_public_report_marker,verified_place,frontend map_points row
canonical_frontend_public_map_row,"record_coord:4480:-26.277063,152.359954",4480,,,,Australian Yowie Research / AYR Yowie Reports Map,/Users/jarlgiovanni/Desktop/bigfoot_research/public/data/frontend-data.json,Reports from newspapers: 2000 - Insight Magazine Yowie Exp,2000,-26.277063,152.359954,QLD,https://www.yowiehunters.com.au/media-clips/1704-2000-insight-magazine-yowie-exp,"2000 - Insight Magazine Yowie Exp, QLD",source_visible_place,locality,stage_only_public_report_marker,verified_place,frontend map_points row
canonical_frontend_public_map_row,"record_coord:4481:-28.446389,152.453611",4481,,,,Australian Yowie Research / AYR Yowie Reports Map,/Users/jarlgiovanni/Desktop/bigfoot_research/public/data/frontend-data.json,Reports from newspapers: 2000 - On the Road Magazine Yowie Article,2000,-28.446389,152.453611,QLD,https://www.yowiehunters.com.au/media-clips/1783-2000-on-the-road-magazine-yowie-article,"2000 - On the Road Magazine Yowie Article, QLD",source_visible_place,locality,stage_only_public_report_marker,verified_place,frontend map_points row
canonical_frontend_public_map_row,"record_coord:4482:-27.616667,152.766667",4482,,,,Australian Yowie Research / AYR Yowie Reports Map,/Users/jarlgiovanni/Desktop/bigfoot_research/public/data/frontend-data.json,Reports from newspapers: 2000 - Queensland Times Yowie Article,2000,-27.616667,152.766667,QLD,https://www.yowiehunters.com.au/media-clips/1794-2000-queensland-times-yowie-article,"2000 - Queensland Times Yowie Article, QLD",source_visible_place,locality,stage_only_public_report_marker,verified_place,frontend map_points row
canonical_frontend_public_map_row,"record_coord:4483:-25.624400,151.608000",4483,,,,Australian Yowie Research / AYR Yowie Reports Map,/Users/jarlgiovanni/Desktop/bigfoot_research/public/data/frontend-data.json,Reports from newspapers: 2000 - Sunday Mail Yowie Article,2000,-25.6244,151.608,QLD,https://www.yowiehunters.com.au/media-clips/1751-2000-sunday-mail-yowie-article,"2000 - Sunday Mail Yowie Article, QLD",source_visible_place,locality,stage_only_public_report_marker,verified_place,frontend map_points row
canonical_frontend_public_map_row,"record_coord:4484:-25.629400,151.615000",4484,,,,Australian Yowie Research / AYR Yowie Reports Map,/Users/jarlgiovanni/Desktop/bigfoot_research/public/data/frontend-data.json,Reports from newspapers: 2000 - The Cronicle Yowie Article,2000,-25.6294,151.615,QLD,https://www.yowiehunters.com.au/media-clips/1731-2000-the-cronicle-yowie-article,"2000 - The Cronicle Yowie Article, QLD",source_visible_place,locality,stage_only_public_report_marker,verified_place,frontend map_points row
canonical_frontend_public_map_row,"record_coord:4563:-33.728999,150.453039",4563,,,,Australian Yowie Research / AYR Yowie Reports Map,/Users/jarlgiovanni/Desktop/bigfoot_research/public/data/frontend-data.json,"Photographs of footprints and handprints : Hazelbrook, New South Wales (2000)",2000,-33.728999,150.453039,NSW,https://www.yowiehunters.com.au/footprints,"Photographs of footprints and handprints : Hazelbrook, New South Wales, NSW",source_visible_place,locality,stage_only_public_report_marker,verified_place,frontend map_points row
canonical_frontend_public_map_row,"record_coord:4564:-26.082109,152.234562",4564,,,,Australian Yowie Research / AYR Yowie Reports Map,/Users/jarlgiovanni/Desktop/bigfoot_research/public/data/frontend-data.json,"Photographs of footprints and handprints : Kilkivan, Queensland (2000)",2000,-26.082109,152.234562,QLD,https://www.yowiehunters.com.au/footprints,"Photographs of footprints and handprints : Kilkivan, Queensland, QLD",source_visible_place,locality,stage_only_public_report_marker,verified_place,frontend map_points row
canonical_frontend_public_map_row,"record_coord:4570:-28.181879,153.276445",4570,,,,Australian Yowie Research / AYR Yowie Reports Map,/Users/jarlgiovanni/Desktop/bigfoot_research/public/data/frontend-data.json,"Photographs of footprints and handprints : Springbrook, Queensland (1999/2000)",2000,-28.181879,153.2764454,QLD,https://www.yowiehunters.com.au/footprints,"Photographs of footprints and handprints : Springbrook, Queensland, QLD",source_visible_place,locality,stage_only_public_report_marker,verified_place,frontend map_points row
canonical_frontend_public_map_row,"record_coord:39:-24.250310,131.577945",39,,,,Australian Yowie Research,/Users/jarlgiovanni/Desktop/bigfoot_research/public/data/frontend-data.json,"Kings Canyon, Northern Territory 2001",2001,-24.2503097,131.5779445,NT,https://www.yowiehunters.com.au/northern-territory/1552-kings-canyon-northern-territory-2001,"Kings Canyon, NT",reported_place,locality,high,verified_gazetteer_point,frontend map_points row
canonical_frontend_public_map_row,"record_coord:118:-28.807761,153.279188",118,,,,Australian Yowie Research,/Users/jarlgiovanni/Desktop/bigfoot_research/public/data/frontend-data.json,"Lismore, New South Wales 2001",2001,-28.8077608,153.2791883,NSW,https://www.yowiehunters.com.au/new-south-wales/1456-lismore-new-south-wales-2001,"Lismore, NSW",reported_place,locality,high,verified_gazetteer_point,frontend map_points row
canonical_frontend_public_map_row,"record_coord:182:-27.639534,152.413289",182,,,,Australian Yowie Research,/Users/jarlgiovanni/Desktop/bigfoot_research/public/data/frontend-data.json,"Laidley, Queensland 2001 (2)",2001,-27.6395345,152.4132894,QLD,https://www.yowiehunters.com.au/queensland/1302-laidley-qld-2001,"Laidley, QLD",reported_place,locality,high,verified_gazetteer_point,frontend map_points row
canonical_frontend_public_map_row,"record_coord:337:-28.050297,153.280197",337,,,,Australian Yowie Research,/Users/jarlgiovanni/Desktop/bigfoot_research/public/data/frontend-data.json,"Hinze Dam, Queensland 2001",2001,-28.0502971,153.2801969,QLD,https://www.yowiehunters.com.au/queensland/1295-hinze-dam-qld-2001,"Hinze Dam, QLD",reported_place,locality,high,verified_gazetteer_point,frontend map_points row
canonical_frontend_public_map_row,"record_coord:363:-27.639534,152.413289",363,,,,Australian Yowie Research,/Users/jarlgiovanni/Desktop/bigfoot_research/public/data/frontend-data.json,"Laidley, Queensland 2001 (1)",2001,-27.6395345,152.4132894,QLD,https://www.yowiehunters.com.au/queensland/1304-laidley-qld-2001-1,"Laidley, QLD",reported_place,locality,high,verified_gazetteer_point,frontend map_points row
canonical_frontend_public_map_row,"record_coord:365:-27.639534,152.413289",365,,,,Australian Yowie Research,/Users/jarlgiovanni/Desktop/bigfoot_research/public/data/frontend-data.json,"Laidley, Queensland 2001 (3)",2001,-27.6395345,152.4132894,QLD,https://www.yowiehunters.com.au/queensland/1303-laidley-qld-2001-sp-21011,"Laidley, QLD",reported_place,locality,high,verified_gazetteer_point,frontend map_points row
canonical_frontend_public_map_row,"record_coord:401:-27.948919,153.192901",401,,,,Australian Yowie Research,/Users/jarlgiovanni/Desktop/bigfoot_research/public/data/frontend-data.json,"Mt. Tamborine, Queensland 2001",2001,-27.9489195,153.1929006,QLD,https://www.yowiehunters.com.au/queensland/1314-mt-tamborine-qld-2001,"Mount Tambourine, QLD",reported_place,locality,high,verified_gazetteer_point,frontend map_points row
canonical_frontend_public_map_row,"record_coord:446:-33.721995,150.453412",446,,,,Australian Yowie Research,/Users/jarlgiovanni/Desktop/bigfoot_research/public/data/frontend-data.json,"Hazelbrook, New South Wales 2001",2001,-33.7219948,150.4534122,NSW,https://www.yowiehunters.com.au/new-south-wales/1398-hazelbrook-new-south-wales-2001,"Hazelbrook, NSW",reported_place,locality,high,verified_gazetteer_point,frontend map_points row
canonical_frontend_public_map_row,"record_coord:488:-28.280833,152.507778",488,,,,Australian Yowie Research,/Users/jarlgiovanni/Desktop/bigfoot_research/public/data/frontend-data.json,"Koreelah Forest, New South Wales 2001",2001,-28.2808333,152.5077778,NSW,https://www.yowiehunters.com.au/new-south-wales/1668-koreelah-forest-new-south-wales-2001,"White Swamp, NSW",reported_place,locality,high,verified_gazetteer_point,frontend map_points row
canonical_frontend_public_map_row,"record_coord:512:-29.428548,147.977928",512,,,,Australian Yowie Research,/Users/jarlgiovanni/Desktop/bigfoot_research/public/data/frontend-data.json,"Lightning Ridge, New South Wales 2001",2001,-29.4285482,147.9779283,NSW,https://www.yowiehunters.com.au/new-south-wales/2295-lightning-ridge-new-south-wales-2001,"Lightning Ridge, NSW",reported_place,locality,high,verified_gazetteer_point,frontend map_points row
canonical_frontend_public_map_row,"record_coord:564:-30.351605,148.888802",564,,,,Australian Yowie Research,/Users/jarlgiovanni/Desktop/bigfoot_research/public/data/frontend-data.json,"Pilliga, New South Wales 2001",2001,-30.351605,148.8888022,NSW,https://www.yowiehunters.com.au/new-south-wales/1577-pilliga-new-south-wales,"Pilliga, NSW",reported_place,locality,high,verified_gazetteer_point,frontend map_points row
canonical_frontend_public_map_row,"record_coord:575:-30.746049,152.996302",575,,,,Australian Yowie Research,/Users/jarlgiovanni/Desktop/bigfoot_research/public/data/frontend-data.json,"Scotts Head, New South Wales 2001",2001,-30.7460493,152.9963024,NSW,https://www.yowiehunters.com.au/new-south-wales/1446-scotts-head-new-south-wales-2001,"Scotts Head, NSW",reported_place,locality,high,verified_gazetteer_point,frontend map_points row
canonical_frontend_public_map_row,"record_coord:625:-33.734968,150.481089",625,,,,Australian Yowie Research,/Users/jarlgiovanni/Desktop/bigfoot_research/public/data/frontend-data.json,"Woodford, New South Wales 2001",2001,-33.7349677,150.4810891,NSW,https://www.yowiehunters.com.au/new-south-wales/1472-woodford-new-south-wales-2001,"Woodford, NSW",reported_place,locality,high,verified_gazetteer_point,frontend map_points row
canonical_frontend_public_map_row,"record_coord:847:-26.080292,152.247365",847,,,,Australian Yowie Research,/Users/jarlgiovanni/Desktop/bigfoot_research/public/data/frontend-data.json,2001 - Yowiehunters News Article,2001,-26.080292,152.2473652,QLD,https://www.yowiehunters.com.au/historical-articles/1612-yowiehunters-news-article-2001,Kilkivan,source_visible_place_hint,locality,medium,verified_gazetteer_point,frontend map_points row
canonical_frontend_public_map_row,"record_coord:950:-28.002373,153.414599",950,,,,Australian Yowie Research,/Users/jarlgiovanni/Desktop/bigfoot_research/public/data/frontend-data.json,2001 - Gold Coast Bulletin Yowie Article,2001,-28.0023731,153.4145987,QLD,https://www.yowiehunters.com.au/media-clips/1764-2001-gold-coast-bulletin-yowie-article,"Gold Coast, QLD",reported_place,locality,medium,verified_gazetteer_point,frontend map_points row
canonical_frontend_public_map_row,"record_coord:951:-28.002373,153.414599",951,,,,Australian Yowie Research,/Users/jarlgiovanni/Desktop/bigfoot_research/public/data/frontend-data.json,2001 - Gold Coast Bulletin Yowie Article 2,2001,-28.0023731,153.4145987,QLD,https://www.yowiehunters.com.au/media-clips/1786-2001-gold-coast-bulletin-yowie-article-2,"Gold Coast, QLD",reported_place,locality,medium,verified_gazetteer_point,frontend map_points row
canonical_frontend_public_map_row,"record_coord:952:-27.239868,152.422019",952,,,,Australian Yowie Research,/Users/jarlgiovanni/Desktop/bigfoot_research/public/data/frontend-data.json,2001 - Queensland Times Yowie Article,2001,-27.2398683,152.4220194,QLD,https://www.yowiehunters.com.au/media-clips/1788-2001-queensland-times-yowie-article,Esk,source_visible_place_hint,locality,medium,verified_gazetteer_point,frontend map_points row
canonical_frontend_public_map_row,"record_coord:953:-27.239868,152.422019",953,,,,Australian Yowie Research,/Users/jarlgiovanni/Desktop/bigfoot_research/public/data/frontend-data.json,2001 - Queensland Times Yowie Article 2,2001,-27.2398683,152.4220194,QLD,https://www.yowiehunters.com.au/media-clips/1793-2001-queensland-times-yowie-article-2,Esk,source_visible_place_hint,locality,medium,verified_gazetteer_point,frontend map_points row
canonical_frontend_public_map_row,"record_coord:1040:-27.083934,152.951086",1040,,,,Australian Yowie Research,/Users/jarlgiovanni/Desktop/bigfoot_research/public/data/frontend-data.json,2001 - Caboolture News Yowie Article,2001,-27.0839336,152.9510863,QLD,https://www.yowiehunters.com.au/media-clips/1767-2001-caboolture-news-yowie-article,"Caboolture, QLD",reported_place,locality,medium,verified_gazetteer_point,frontend map_points row
canonical_frontend_public_map_row,"record_coord:1041:-27.083934,152.951086",1041,,,,Australian Yowie Research,/Users/jarlgiovanni/Desktop/bigfoot_research/public/data/frontend-data.json,2001 - Caboolture News Yowie Article 2,2001,-27.0839336,152.9510863,QLD,https://www.yowiehunters.com.au/media-clips/1792-2001-caboolture-news-yowie-article-2,"Caboolture, QLD",reported_place,locality,medium,verified_gazetteer_point,frontend map_points row
canonical_frontend_public_map_row,"record_coord:4248:-37.810997,144.972658",4248,,,,Australian Broadcasting Corporation,/Users/jarlgiovanni/Desktop/bigfoot_research/public/data/frontend-data.json,The Faith of Alfred Deakin,2001,-37.810997,144.972658,VIC,https://www.abc.net.au/radionational/programs/archived/spiritofthings/the-faith-of-alfred-deakin/3481066,"Princess Theatre, VIC",apparition_location,exact_site,B,verified_place,frontend map_points row
canonical_frontend_public_map_row,"record_coord:4321:-28.305278,152.438889",4321,,,,Australian Yowie Research / AYR Yowie Reports Map,/Users/jarlgiovanni/Desktop/bigfoot_research/public/data/frontend-data.json,"Written reports: Yowie Sighting at Koreelah Forest, New South Wales 2001",2001,-28.305278,152.438889,NSW,https://www.yowiehunters.com.au/new-south-wales/1668-koreelah-forest-new-south-wales-2001,"Koreelah Forest, NSW",source_visible_place,locality,stage_only_public_report_marker,verified_place,frontend map_points row
canonical_frontend_public_map_row,"record_coord:4354:-33.481667,150.251111",4354,,,,Australian Yowie Research / AYR Yowie Reports Map,/Users/jarlgiovanni/Desktop/bigfoot_research/public/data/frontend-data.json,"YouTube reports, interviews: Yowie Sighting (Audio Report #122) at Dargan, New South Wales (Summer 2001)",2001,-33.4816667,150.2511111,NSW,https://www.youtube.com/watch?v=jLJtpV99ri4,"Dargan, NSW",source_visible_place,locality,stage_only_public_report_marker,verified_gazetteer_point,frontend map_points row
canonical_frontend_public_map_row,"record_coord:4355:-27.969444,153.198467",4355,,,,Australian Yowie Research / AYR Yowie Reports Map,/Users/jarlgiovanni/Desktop/bigfoot_research/public/data/frontend-data.json,"Written reports: Yowie Sighting at Mt. Tamborine, Queensland 2001",2001,-27.969444,153.198467,QLD,https://www.yowiehunters.com.au/queensland/1314-mt-tamborine-qld-2001,"Mt. Tamborine, QLD",source_visible_place,locality,stage_only_public_report_marker,verified_place,frontend map_points row
canonical_frontend_public_map_row,"record_coord:4485:-26.938056,152.560889",4485,,,,Australian Yowie Research / AYR Yowie Reports Map,/Users/jarlgiovanni/Desktop/bigfoot_research/public/data/frontend-data.json,Reports from newspapers: 2001 - Caboolture News Yowie Article,2001,-26.938056,152.560889,QLD,https://www.yowiehunters.com.au/media-clips/1767-2001-caboolture-news-yowie-article,"2001 - Caboolture News Yowie Article, QLD",source_visible_place,locality,stage_only_public_report_marker,verified_place,frontend map_points row
canonical_frontend_public_map_row,"record_coord:4486:-27.066667,152.966667",4486,,,,Australian Yowie Research / AYR Yowie Reports Map,/Users/jarlgiovanni/Desktop/bigfoot_research/public/data/frontend-data.json,Reports from newspapers: 2001 - Caboolture News Yowie Article 2,2001,-27.066667,152.966667,QLD,https://www.yowiehunters.com.au/media-clips/1792-2001-caboolture-news-yowie-article-2,"2001 - Caboolture News Yowie Article 2, QLD",source_visible_place,locality,stage_only_public_report_marker,verified_place,frontend map_points row
canonical_frontend_public_map_row,"record_coord:4487:-28.177000,153.283333",4487,,,,Australian Yowie Research / AYR Yowie Reports Map,/Users/jarlgiovanni/Desktop/bigfoot_research/public/data/frontend-data.json,Reports from newspapers: 2001 - Gold Coast Bulletin Yowie Article,2001,-28.177,153.283333,QLD,https://www.yowiehunters.com.au/media-clips/1764-2001-gold-coast-bulletin-yowie-article,"2001 - Gold Coast Bulletin Yowie Article, QLD",source_visible_place,locality,stage_only_public_report_marker,verified_place,frontend map_points row
canonical_frontend_public_map_row,"record_coord:4488:-26.961555,152.004424",4488,,,,Australian Yowie Research / AYR Yowie Reports Map,/Users/jarlgiovanni/Desktop/bigfoot_research/public/data/frontend-data.json,Reports from newspapers: 2001 - Gold Coast Bulletin Yowie Article 2,2001,-26.961555,152.004424,QLD,https://www.yowiehunters.com.au/media-clips/1786-2001-gold-coast-bulletin-yowie-article-2,"2001 - Gold Coast Bulletin Yowie Article 2, QLD",source_visible_place,locality,stage_only_public_report_marker,verified_place,frontend map_points row
canonical_frontend_public_map_row,"record_coord:4489:-26.969555,152.014424",4489,,,,Australian Yowie Research / AYR Yowie Reports Map,/Users/jarlgiovanni/Desktop/bigfoot_research/public/data/frontend-data.json,Reports from newspapers: 2001 - Queensland Times Yowie Article,2001,-26.969555,152.014424,QLD,https://www.yowiehunters.com.au/media-clips/1788-2001-queensland-times-yowie-article,"2001 - Queensland Times Yowie Article, QLD",source_visible_place,locality,stage_only_public_report_marker,verified_place,frontend map_points row
canonical_frontend_public_map_row,"record_coord:4559:-28.017834,153.166006",4559,,,,Australian Yowie Research / AYR Yowie Reports Map,/Users/jarlgiovanni/Desktop/bigfoot_research/public/data/frontend-data.json,"Photographs of footprints and handprints : Cunungra, Queensland (2001)",2001,-28.017834,153.166006,QLD,https://www.yowiehunters.com.au/footprints,"Photographs of footprints and handprints : Cunungra, Queensland, QLD",source_visible_place,locality,stage_only_public_report_marker,verified_place,frontend map_points row
canonical_frontend_public_map_row,"record_coord:62:-37.602958,146.569567",62,,,,Australian Yowie Research,/Users/jarlgiovanni/Desktop/bigfoot_research/public/data/frontend-data.json,"Licola, Victoria 2002",2002,-37.6029585,146.5695668,VIC,https://www.yowiehunters.com.au/victoria/1592-licola-victoria-2002,"Licola, VIC",reported_place,locality,high,verified_gazetteer_point,frontend map_points row
canonical_frontend_public_map_row,"record_coord:119:-33.533443,150.785396",119,,,,Australian Yowie Research,/Users/jarlgiovanni/Desktop/bigfoot_research/public/data/frontend-data.json,"Glossodia, New South Wales 2002",2002,-33.5334431,150.7853962,NSW,https://www.yowiehunters.com.au/new-south-wales/1389-glossodia-new-south-wales-2002,"Glossodia, NSW",reported_place,locality,high,verified_gazetteer_point,frontend map_points row
canonical_frontend_public_map_row,"record_coord:120:-32.940996,150.421046",120,,,,Australian Yowie Research,/Users/jarlgiovanni/Desktop/bigfoot_research/public/data/frontend-data.json,"Wollemi National Park, New South Wales 2002",2002,-32.9409962,150.4210458,NSW,https://www.yowiehunters.com.au/new-south-wales/1869-wollemi-national-park-new-south-wales-2002,"Wollemi National Park, NSW",reported_place,locality,high,verified_gazetteer_point,frontend map_points row
canonical_frontend_public_map_row,"record_coord:183:-26.857309,152.960414",183,,,,Australian Yowie Research,/Users/jarlgiovanni/Desktop/bigfoot_research/public/data/frontend-data.json,"Beerwah, Queensland 2002",2002,-26.8573095,152.9604137,QLD,https://www.yowiehunters.com.au/queensland/1269-beerwah-qld-2002,"Beerwah, QLD",reported_place,locality,high,verified_gazetteer_point,frontend map_points row
canonical_frontend_public_map_row,"record_coord:246:-26.883018,152.101120",246,,,,Australian Yowie Research,/Users/jarlgiovanni/Desktop/bigfoot_research/public/data/frontend-data.json,"Blackbutt, Queensland 2002",2002,-26.8830175,152.1011195,QLD,https://www.yowiehunters.com.au/queensland/2222-blackbutt-queensland-2002,"Blackbutt, QLD",reported_place,locality,high,verified_gazetteer_point,frontend map_points row
canonical_frontend_public_map_row,"record_coord:370:-33.377808,150.648756",370,,,,Australian Yowie Research,/Users/jarlgiovanni/Desktop/bigfoot_research/public/data/frontend-data.json,"Colo River, New South Wales 2002",2002,-33.3778079,150.6487565,NSW,https://www.yowiehunters.com.au/new-south-wales/1373-colo-river-new-south-wales-2002,"Colo River, NSW",reported_place,locality,high,verified_gazetteer_point,frontend map_points row
canonical_frontend_public_map_row,"record_coord:403:-27.968404,153.196779",403,,,,Australian Yowie Research,/Users/jarlgiovanni/Desktop/bigfoot_research/public/data/frontend-data.json,"Mt. Tamborine, Queensland 2002",2002,-27.9684035,153.1967792,QLD,https://www.yowiehunters.com.au/queensland/2069-mt-tamborine-queensland-2002,"Mount Tamborine, QLD",reported_place,locality,high,verified_gazetteer_point,frontend map_points row
canonical_frontend_public_map_row,"record_coord:422:-35.372748,148.743271",422,,,,Australian Yowie Research,/Users/jarlgiovanni/Desktop/bigfoot_research/public/data/frontend-data.json,"Goodradigbee River, New South Wales 2002",2002,-35.3727483,148.7432707,NSW,https://www.yowiehunters.com.au/new-south-wales/1390-goodradigbee-river-new-south-wales-2002,"Goodradigbee River, NSW",reported_place,locality,high,verified_gazetteer_point,frontend map_points row
canonical_frontend_public_map_row,"record_coord:450:-34.190852,150.982219",450,,,,Australian Yowie Research,/Users/jarlgiovanni/Desktop/bigfoot_research/public/data/frontend-data.json,"Helensburgh, New South Wales 2002",2002,-34.1908519,150.9822187,NSW,https://www.yowiehunters.com.au/new-south-wales/1399-helensburgh-new-south-wales-2002,"Helensburgh, NSW",reported_place,locality,high,verified_gazetteer_point,frontend map_points row
canonical_frontend_public_map_row,"record_coord:452:-34.190852,150.982219",452,,,,Australian Yowie Research,/Users/jarlgiovanni/Desktop/bigfoot_research/public/data/frontend-data.json,"Helensburgh, New South Wales 2002",2002,-34.1908519,150.9822187,NSW,https://www.yowiehunters.com.au/new-south-wales/2123-helensburgh-new-south-wales-2003,"Helensburgh, NSW",reported_place,locality,high,verified_gazetteer_point,frontend map_points row
canonical_frontend_public_map_row,"record_coord:618:-33.263559,150.154118",618,,,,Australian Yowie Research,/Users/jarlgiovanni/Desktop/bigfoot_research/public/data/frontend-data.json,"Wolgan Valley, New South Wales 2002",2002,-33.2635587,150.1541179,NSW,https://www.yowiehunters.com.au/new-south-wales/1457-walgan-valley-new-south-wales-2002,"Wolgan Valley, NSW",reported_place,locality,high,verified_gazetteer_point,frontend map_points row
canonical_frontend_public_map_row,"record_coord:954:-28.807761,153.279188",954,,,,Australian Yowie Research,/Users/jarlgiovanni/Desktop/bigfoot_research/public/data/frontend-data.json,2002 - Lismore Northern Star Yowie Article,2002,-28.8077608,153.2791883,NSW,https://www.yowiehunters.com.au/media-clips/1722-2002-lismore-northern-star-yowie-article,"Lismore, NSW",reported_place,locality,medium,verified_gazetteer_point,frontend map_points row
canonical_frontend_public_map_row,"record_coord:4356:-34.190852,150.982219",4356,,,,Australian Yowie Research / AYR Yowie Reports Map,/Users/jarlgiovanni/Desktop/bigfoot_research/public/data/frontend-data.json,"YouTube reports, interviews: Yowie Sighting (Audio Report #149) near Helensburgh, New South Wales (2002)",2002,-34.1908519,150.9822187,NSW,https://www.youtube.com/watch?v=75XQxLtp_ro,"Helensburgh, NSW",source_visible_place,locality,stage_only_public_report_marker,verified_gazetteer_point,frontend map_points row
canonical_frontend_public_map_row,"record_coord:4357:-33.076633,115.938962",4357,,,,Australian Yowie Research / AYR Yowie Reports Map,/Users/jarlgiovanni/Desktop/bigfoot_research/public/data/frontend-data.json,"Written reports: Possible Yowie Sighting at Stirling Dam, Harvey, Western Australia (2002)",2002,-33.076633,115.938962,WA,https://www.yowiehunters.com.au/western-australia/2131-stirling-dam-harvey-western-australia-2004,"Stirling Dam, Harvey, WA",source_visible_place,locality,stage_only_public_report_marker,verified_place,frontend map_points row
canonical_frontend_public_map_row,"record_coord:4358:-27.969444,153.198467",4358,,,,Australian Yowie Research / AYR Yowie Reports Map,/Users/jarlgiovanni/Desktop/bigfoot_research/public/data/frontend-data.json,"Written reports: Yowie Sighting at Mt. Tamborine, Queensland 2002",2002,-27.969444,153.198467,QLD,https://www.yowiehunters.com.au/queensland/2069-mt-tamborine-queensland-2002,"Mt. Tamborine, QLD",source_visible_place,locality,stage_only_public_report_marker,verified_place,frontend map_points row
canonical_frontend_public_map_row,"record_coord:4490:-28.635289,152.239179",4490,,,,Australian Yowie Research / AYR Yowie Reports Map,/Users/jarlgiovanni/Desktop/bigfoot_research/public/data/frontend-data.json,Reports from newspapers: 2002 - Lismore Northern Star Yowie Article,2002,-28.635289,152.239179,QLD,https://www.yowiehunters.com.au/media-clips/1722-2002-lismore-northern-star-yowie-article,"2002 - Lismore Northern Star Yowie Article, QLD",source_visible_place,locality,stage_only_public_report_marker,verified_place,frontend map_points row
canonical_frontend_public_map_row,"record_coord:121:-31.023759,150.203653",121,,,,Australian Yowie Research,/Users/jarlgiovanni/Desktop/bigfoot_research/public/data/frontend-data.json,"Gunnedah, New South Wales 2003",2003,-31.0237593,150.2036527,NSW,https://www.yowiehunters.com.au/new-south-wales/1815-gunnedah-new-south-wales-2003,"Gunnedah, NSW",reported_place,locality,high,verified_gazetteer_point,frontend map_points row
canonical_frontend_public_map_row,"record_coord:122:-28.665000,153.401111",122,,,,Australian Yowie Research,/Users/jarlgiovanni/Desktop/bigfoot_research/public/data/frontend-data.json,"Rosebank, New South Wales 2003",2003,-28.665,153.4011111,NSW,https://www.yowiehunters.com.au/new-south-wales/2261-rosebank-new-south-wales-2003,"Rosebank, NSW",reported_place,locality,high,verified_gazetteer_point,frontend map_points row
canonical_frontend_public_map_row,"record_coord:123:-33.728020,150.374063",123,,,,Australian Yowie Research,/Users/jarlgiovanni/Desktop/bigfoot_research/public/data/frontend-data.json,"Wentworth Falls, New South Falls 2003",2003,-33.72802,150.3740633,NSW,https://www.yowiehunters.com.au/new-south-wales/1687-wentworth-falls-new-south-falls-2003,"Wentworth Falls, NSW",reported_place,locality,high,verified_gazetteer_point,frontend map_points row
canonical_frontend_public_map_row,"record_coord:184:-26.904301,152.930218",184,,,,Australian Yowie Research,/Users/jarlgiovanni/Desktop/bigfoot_research/public/data/frontend-data.json,"Glasshouse Mtns, Queensland 2003",2003,-26.9043015,152.9302177,QLD,https://www.yowiehunters.com.au/queensland/1292-glasshouse-mtns-qld-2003,"Glass House Mountains, QLD",reported_place,locality,high,verified_gazetteer_point,frontend map_points row
canonical_frontend_public_map_row,"record_coord:185:-25.949750,152.913310",185,,,,Australian Yowie Research,/Users/jarlgiovanni/Desktop/bigfoot_research/public/data/frontend-data.json,"Tin Can Bay, Queensland 2003",2003,-25.9497504,152.9133105,QLD,https://www.yowiehunters.com.au/queensland/1337-tin-can-bay-qld-2003,"Camp Kerr, QLD",reported_place,locality,high,verified_gazetteer_point,frontend map_points row
canonical_frontend_public_map_row,"record_coord:239:-32.023333,151.484444",239,,,,Australian Yowie Research,/Users/jarlgiovanni/Desktop/bigfoot_research/public/data/frontend-data.json,"Barrington Tops, New South Wales 2003",2003,-32.0233333,151.4844444,NSW,https://www.yowiehunters.com.au/new-south-wales/1819-barrington-tops-new-south-wales-2003,"Barrington Tops, NSW",reported_place,locality,high,verified_gazetteer_point,frontend map_points row
canonical_frontend_public_map_row,"record_coord:283:-37.458773,144.677650",283,,,,Australian Yowie Research,/Users/jarlgiovanni/Desktop/bigfoot_research/public/data/frontend-data.json,"Riddells Creek, Victoria 2003",2003,-37.4587733,144.6776503,VIC,https://www.yowiehunters.com.au/victoria/1260-riddles-creek-vic-2003,"Riddells Creek, VIC",reported_place,locality,high,verified_gazetteer_point,frontend map_points row
canonical_frontend_public_map_row,"record_coord:338:-32.412892,152.207568",338,,,,Australian Yowie Research,/Users/jarlgiovanni/Desktop/bigfoot_research/public/data/frontend-data.json,"Bulahdelah, New South Wales 2003",2003,-32.4128925,152.2075678,NSW,https://www.yowiehunters.com.au/new-south-wales/1364-buladelah-new-south-wales-2003,"Buladelah, NSW",reported_place,locality,high,verified_gazetteer_point,frontend map_points row
canonical_frontend_public_map_row,"record_coord:350:-28.613428,153.478355",350,,,,Australian Yowie Research,/Users/jarlgiovanni/Desktop/bigfoot_research/public/data/frontend-data.json,"Byron Shire, New South Wales 2003",2003,-28.6134277,153.4783551,NSW,https://www.yowiehunters.com.au/new-south-wales/1565-byron-shire-new-south-wales-2003,"Byron Shire, NSW",reported_place,locality,high,verified_gazetteer_point,frontend map_points row
canonical_frontend_public_map_row,"record_coord:417:-27.774813,153.252082",417,,,,Australian Yowie Research,/Users/jarlgiovanni/Desktop/bigfoot_research/public/data/frontend-data.json,"Ormeau, Queensland 2003",2003,-27.774813,153.2520815,QLD,https://www.yowiehunters.com.au/queensland/1321-ormeau-qld-2003,"Ormeau, QLD",reported_place,locality,high,verified_gazetteer_point,frontend map_points row
canonical_frontend_public_map_row,"record_coord:418:-33.602074,151.010516",418,,,,Australian Yowie Research,/Users/jarlgiovanni/Desktop/bigfoot_research/public/data/frontend-data.json,"Glenorie, New South Wales 2003",2003,-33.6020739,151.0105163,NSW,https://www.yowiehunters.com.au/new-south-wales/1388-glenorie-new-south-wales-2003,"Glenorie, NSW",reported_place,locality,high,verified_gazetteer_point,frontend map_points row
canonical_frontend_public_map_row,"record_coord:419:-27.774813,153.252082",419,,,,Australian Yowie Research,/Users/jarlgiovanni/Desktop/bigfoot_research/public/data/frontend-data.json,"Ormeau, Queensland 2003",2003,-27.774813,153.2520815,QLD,https://www.yowiehunters.com.au/queensland/1322-ormeau-qld-2003-sp-4675,"Ormeau, QLD",reported_place,locality,high,verified_gazetteer_point,frontend map_points row
canonical_frontend_public_map_row,"record_coord:472:-28.681667,153.184444",472,,,,Australian Yowie Research,/Users/jarlgiovanni/Desktop/bigfoot_research/public/data/frontend-data.json,"Jiggi, New South Wales 2003",2003,-28.6816667,153.1844444,NSW,https://www.yowiehunters.com.au/new-south-wales/1892-jiggi-new-south-wales-2003,"Jiggi, NSW",reported_place,locality,high,verified_gazetteer_point,frontend map_points row
canonical_frontend_public_map_row,"record_coord:491:-27.538705,152.016866",491,,,,Australian Yowie Research,/Users/jarlgiovanni/Desktop/bigfoot_research/public/data/frontend-data.json,"Withcott, Queensland 2003",2003,-27.5387055,152.0168658,QLD,https://www.yowiehunters.com.au/queensland/1469-withcott-new-south-wales-2003,"Withcott, QLD",reported_place,locality,high,verified_gazetteer_point,frontend map_points row
canonical_frontend_public_map_row,"record_coord:541:-33.837156,150.650401",541,,,,Australian Yowie Research,/Users/jarlgiovanni/Desktop/bigfoot_research/public/data/frontend-data.json,"Mulgoa, New South Wales 2003",2003,-33.8371562,150.6504013,NSW,https://www.yowiehunters.com.au/new-south-wales/1425-mulgoa-new-south-wales-2003,"Mulgoa, NSW",reported_place,locality,high,verified_gazetteer_point,frontend map_points row
canonical_frontend_public_map_row,"record_coord:565:-30.351605,148.888802",565,,,,Australian Yowie Research,/Users/jarlgiovanni/Desktop/bigfoot_research/public/data/frontend-data.json,"Pilliga, New South Wales 2003",2003,-30.351605,148.8888022,NSW,https://www.yowiehunters.com.au/new-south-wales/1443-pilliga-new-south-wales-2003,"Pilliga, NSW",reported_place,locality,high,verified_gazetteer_point,frontend map_points row
canonical_frontend_public_map_row,"record_coord:567:-31.429950,152.910352",567,,,,Australian Yowie Research,/Users/jarlgiovanni/Desktop/bigfoot_research/public/data/frontend-data.json,"Port Macquarie, New South Wales 2003",2003,-31.4299499,152.9103525,NSW,https://www.yowiehunters.com.au/new-south-wales/1850-port-macquarie-new-south-wales-2003,"Port Macquarie, NSW",reported_place,locality,high,verified_gazetteer_point,frontend map_points row
canonical_frontend_public_map_row,"record_coord:590:-35.358599,149.220870",590,,,,Australian Yowie Research,/Users/jarlgiovanni/Desktop/bigfoot_research/public/data/frontend-data.json,"Tharwa, New South Wales 2003",2003,-35.3585986,149.2208702,NSW,https://www.yowiehunters.com.au/new-south-wales/1451-tharwa-new-south-wales-2003,"Tharwa, NSW",reported_place,locality,high,verified_gazetteer_point,frontend map_points row
canonical_frontend_public_map_row,"record_coord:603:-29.704522,144.149034",603,,,,Australian Yowie Research,/Users/jarlgiovanni/Desktop/bigfoot_research/public/data/frontend-data.json,"Wanaaring, New South Wales 2003",2003,-29.7045217,144.1490336,NSW,https://www.yowiehunters.com.au/new-south-wales/1459-wanarring-new-south-wales-2003,"Wanaaring, NSW",reported_place,locality,high,verified_gazetteer_point,frontend map_points row
canonical_frontend_public_map_row,"record_coord:605:-33.889039,150.603917",605,,,,Australian Yowie Research,/Users/jarlgiovanni/Desktop/bigfoot_research/public/data/frontend-data.json,"Warragamba, New South Wales 2003",2003,-33.8890386,150.6039175,NSW,https://www.yowiehunters.com.au/new-south-wales/1461-warragamba-new-south-wales-2003,"Warragamba, NSW",reported_place,locality,high,verified_gazetteer_point,frontend map_points row
canonical_frontend_public_map_row,"record_coord:608:-33.009524,151.376892",608,,,,Australian Yowie Research,/Users/jarlgiovanni/Desktop/bigfoot_research/public/data/frontend-data.json,"Watagans, New South Wales 2003",2003,-33.0095237,151.3768922,NSW,https://www.yowiehunters.com.au/new-south-wales/1464-watigans-new-south-wales-2003,"Watagans, NSW",reported_place,locality,high,verified_gazetteer_point,frontend map_points row
canonical_frontend_public_map_row,"record_coord:1042:-37.814245,144.963173",1042,,,,Australian Yowie Research,/Users/jarlgiovanni/Desktop/bigfoot_research/public/data/frontend-data.json,2003 - Herald Sun Yowie Article,2003,-37.8142454,144.9631732,VIC,https://www.yowiehunters.com.au/media-clips/1762-2003-herald-sun-yowie-article,"Melbourne, VIC",reported_place,locality,medium,verified_gazetteer_point,frontend map_points row
canonical_frontend_public_map_row,"record_coord:4341:-32.412892,152.207568",4341,,,,Australian Yowie Research / AYR Yowie Reports Map,/Users/jarlgiovanni/Desktop/bigfoot_research/public/data/frontend-data.json,"Written reports: Yowie Sighting at Bulahdelah, New South Wales 2003",2003,-32.4128925,152.2075678,NSW,https://www.yowiehunters.com.au/new-south-wales/1364-buladelah-new-south-wales-2003,"Bulahdelah, NSW",source_visible_place,locality,stage_only_public_report_marker,verified_gazetteer_point,frontend map_points row
canonical_frontend_public_map_row,"record_coord:4359:-26.898000,152.951000",4359,,,,Australian Yowie Research / AYR Yowie Reports Map,/Users/jarlgiovanni/Desktop/bigfoot_research/public/data/frontend-data.json,"Written reports: Yowie Sighting at Glasshouse Mtns, Queensland 2003",2003,-26.898,152.951,QLD,https://www.yowiehunters.com.au/queensland/1292-glasshouse-mtns-qld-2003,"Glasshouse Mtns, QLD",source_visible_place,locality,stage_only_public_report_marker,verified_place,frontend map_points row
canonical_frontend_public_map_row,"record_coord:4360:-32.368120,152.481290",4360,,,,Australian Yowie Research / AYR Yowie Reports Map,/Users/jarlgiovanni/Desktop/bigfoot_research/public/data/frontend-data.json,"Written reports: Yowie Sighting at Tarbuck Bay, Buladelah, NSW (2003)",2003,-32.36812,152.48129,NSW,https://www.yowiehunters.com.au/index.php?option=com_content&view=article&id=1364%3Abuladelah-new-south-wales-2003&catid=69%3Anew-south-wales&Itemid=132,"Tarbuck Bay, Buladelah, NSW",source_visible_place,locality,stage_only_public_report_marker,verified_place,frontend map_points row
canonical_frontend_public_map_row,"record_coord:4361:-25.882854,152.946179",4361,,,,Australian Yowie Research / AYR Yowie Reports Map,/Users/jarlgiovanni/Desktop/bigfoot_research/public/data/frontend-data.json,"Written reports: Yowie Sighting at Tin Can Bay, Queensland 2003",2003,-25.8828544,152.9461788,QLD,https://www.yowiehunters.com.au/queensland/1337-tin-can-bay-qld-2003,"Tin Can Bay, QLD",source_visible_place,locality,stage_only_public_report_marker,verified_gazetteer_point,frontend map_points row
canonical_frontend_public_map_row,"record_coord:4378:-27.774813,153.252082",4378,,,,Australian Yowie Research / AYR Yowie Reports Map,/Users/jarlgiovanni/Desktop/bigfoot_research/public/data/frontend-data.json,"YouTube reports, interviews: Yowie Sighting (Audio Report #05) at Ormeau, Queensland (June 2003)",2003,-27.774813,153.2520815,QLD,https://www.youtube.com/watch?v=2NBWKqftdfA,"Ormeau, QLD",source_visible_place,locality,stage_only_public_report_marker,verified_gazetteer_point,frontend map_points row
canonical_frontend_public_map_row,"record_coord:4491:-26.241731,152.483338",4491,,,,Australian Yowie Research / AYR Yowie Reports Map,/Users/jarlgiovanni/Desktop/bigfoot_research/public/data/frontend-data.json,Reports from newspapers: 2003 - Herald Sun Yowie Article,2003,-26.241731,152.483338,QLD,https://www.yowiehunters.com.au/media-clips/1762-2003-herald-sun-yowie-article,"2003 - Herald Sun Yowie Article, QLD",source_visible_place,locality,stage_only_public_report_marker,verified_place,frontend map_points row
canonical_frontend_public_map_row,"record_coord:4588:-28.651727,153.166747",4588,,,,Australian Yowie Research / AYR Yowie Reports Map,/Users/jarlgiovanni/Desktop/bigfoot_research/public/data/frontend-data.json,"Witness sketches: Jiggi, New South Wales (2003)",2003,-28.651727,153.166747,NSW,https://www.yowiehunters.com.au/witness-sketches,"Jiggi, New South Wales, NSW",source_visible_place,locality,stage_only_public_report_marker,verified_place,frontend map_points row
canonical_frontend_public_map_row,"record_coord:63:-34.584041,142.773936",63,,,,Australian Yowie Research,/Users/jarlgiovanni/Desktop/bigfoot_research/public/data/frontend-data.json,"Robinvale, Victoria 2004",2004,-34.5840409,142.7739356,VIC,https://www.yowiehunters.com.au/victoria/1261-robinvale-vic-2004,"Robinvale, VIC",reported_place,locality,high,verified_gazetteer_point,frontend map_points row
canonical_frontend_public_map_row,"record_coord:186:-28.244048,153.157309",186,,,,Australian Yowie Research,/Users/jarlgiovanni/Desktop/bigfoot_research/public/data/frontend-data.json,"Lamington NP, Queensland 2004",2004,-28.2440481,153.1573088,QLD,https://www.yowiehunters.com.au/queensland/2220-lamington-np-queensland-2004,"Lamington National Park, QLD",reported_place,locality,high,verified_gazetteer_point,frontend map_points row
canonical_frontend_public_map_row,"record_coord:276:-25.246446,152.260836",276,,,,Australian Yowie Research,/Users/jarlgiovanni/Desktop/bigfoot_research/public/data/frontend-data.json,"Childers, Queensland 2004",2004,-25.246446,152.2608358,QLD,https://www.yowiehunters.com.au/queensland/2065-childers-queensland-2004,"Childers, QLD",reported_place,locality,high,verified_gazetteer_point,frontend map_points row
canonical_frontend_public_map_row,"record_coord:347:-26.960724,151.213110",347,,,,Australian Yowie Research,/Users/jarlgiovanni/Desktop/bigfoot_research/public/data/frontend-data.json,"Jimbour, Queensland 2004",2004,-26.9607242,151.2131105,QLD,https://www.yowiehunters.com.au/queensland/1675-jimbour-queensland-2004,"Jimbour, QLD",reported_place,locality,high,verified_gazetteer_point,frontend map_points row
canonical_frontend_public_map_row,"record_coord:394:-29.443398,151.845101",394,,,,Australian Yowie Research,/Users/jarlgiovanni/Desktop/bigfoot_research/public/data/frontend-data.json,"Deepwater, New South Wales 2004",2004,-29.4433982,151.8451012,NSW,https://www.yowiehunters.com.au/new-south-wales/1379-deepwater-new-south-wales-2004,"Deepwater, NSW",reported_place,locality,high,verified_gazetteer_point,frontend map_points row
canonical_frontend_public_map_row,"record_coord:421:-27.774813,153.252082",421,,,,Australian Yowie Research,/Users/jarlgiovanni/Desktop/bigfoot_research/public/data/frontend-data.json,"Ormeau, Queensland 2004",2004,-27.774813,153.2520815,QLD,https://www.yowiehunters.com.au/queensland/1989-ormeau-queensland-2004,"Ormeau, QLD",reported_place,locality,high,verified_gazetteer_point,frontend map_points row
canonical_frontend_public_map_row,"record_coord:436:-34.059145,151.078699",436,,,,Australian Yowie Research,/Users/jarlgiovanni/Desktop/bigfoot_research/public/data/frontend-data.json,"Grays Point, New South Wales 2004",2004,-34.0591451,151.0786995,NSW,https://www.yowiehunters.com.au/new-south-wales/1837-grays-point-new-south-wales-2004,"Grays Point, NSW",reported_place,locality,high,verified_gazetteer_point,frontend map_points row
canonical_frontend_public_map_row,"record_coord:517:-33.481536,150.156489",517,,,,Australian Yowie Research,/Users/jarlgiovanni/Desktop/bigfoot_research/public/data/frontend-data.json,"Lithgow, New South Wales 2004",2004,-33.481536,150.1564887,NSW,https://www.yowiehunters.com.au/new-south-wales/1806-lithgow-new-south-wales-2004,"Lithgow, NSW",reported_place,locality,high,verified_gazetteer_point,frontend map_points row
canonical_frontend_public_map_row,"record_coord:609:-33.009524,151.376892",609,,,,Australian Yowie Research,/Users/jarlgiovanni/Desktop/bigfoot_research/public/data/frontend-data.json,"Watagans, New South Wales 2004",2004,-33.0095237,151.3768922,NSW,https://www.yowiehunters.com.au/new-south-wales/1580-watigans-new-south-wales-2004,"Watagans, NSW",reported_place,locality,high,verified_gazetteer_point,frontend map_points row
canonical_frontend_public_map_row,"record_coord:4055:-43.149272,147.867572",4055,,,,Australian Broadcasting Corporation,/Users/jarlgiovanni/Desktop/bigfoot_research/public/data/frontend-data.json,Dig to unearth Tas convict ghost tales,2004,-43.1492718,147.8675721,TAS,https://www.abc.net.au/news/2004-01-02/dig-to-unearth-tas-convict-ghost-tales/114104,"Isle of the Dead, TAS",apparition_location,exact_site,B,verified_gazetteer_point,frontend map_points row
canonical_frontend_public_map_row,"record_coord:4362:-33.481536,150.156489",4362,,,,Australian Yowie Research / AYR Yowie Reports Map,/Users/jarlgiovanni/Desktop/bigfoot_research/public/data/frontend-data.json,"YouTube reports, interviews: Yowie Sighting (Audio Report #102) near Lithgow, New South Wales (2004)",2004,-33.481536,150.1564887,NSW,https://www.youtube.com/watch?v=WEPNs4huJm4,"Lithgow, NSW",source_visible_place,locality,stage_only_public_report_marker,verified_gazetteer_point,frontend map_points row
canonical_frontend_public_map_row,"record_coord:4574:-31.557977,143.375630",4574,,,,Australian Yowie Research / AYR Yowie Reports Map,/Users/jarlgiovanni/Desktop/bigfoot_research/public/data/frontend-data.json,"Photographs of footprints and handprints : Wilcannia, New South Wales (2004)",2004,-31.557977,143.37563,NSW,https://www.yowiehunters.com.au/footprints,"Photographs of footprints and handprints : Wilcannia, New South Wales, NSW",source_visible_place,locality,stage_only_public_report_marker,verified_place,frontend map_points row
canonical_frontend_public_map_row,"record_coord:4617:-28.142222,153.115278",4617,,,,Australian Yowie Research state report indexes,/Users/jarlgiovanni/Desktop/bigfoot_research/public/data/frontend-data.json,"AYR report index: Lamington NP, Queensland 2004",2004,-28.142222,153.115278,QLD,https://www.yowiehunters.com.au/queensland/2220-lamington-np-queensland-2004,"Lamington NP, QLD",source_visible_place,locality,stage_only_public_report_index_link,verified_place,frontend map_points row
canonical_frontend_public_map_row,"record_coord:124:-30.698400,152.556040",124,,,,Australian Yowie Research,/Users/jarlgiovanni/Desktop/bigfoot_research/public/data/frontend-data.json,"Blue Knob, New South Wales 2005",2005,-30.6984,152.55604,NSW,https://www.yowiehunters.com.au/new-south-wales/2192-blue-knob-new-south-wales-2005,"Blue Knob, NSW",reported_place,locality,high,verified_gazetteer_point,frontend map_points row
canonical_frontend_public_map_row,"record_coord:125:-36.504775,148.305709",125,,,,Australian Yowie Research,/Users/jarlgiovanni/Desktop/bigfoot_research/public/data/frontend-data.json,"Thredbo, New South Wales 2005",2005,-36.5047751,148.3057091,NSW,https://www.yowiehunters.com.au/new-south-wales/1603-thredbo-new-south-wales-2005,"Thredbo, NSW",reported_place,locality,high,verified_gazetteer_point,frontend map_points row
canonical_frontend_public_map_row,"record_coord:188:-27.774813,153.252082",188,,,,Australian Yowie Research,/Users/jarlgiovanni/Desktop/bigfoot_research/public/data/frontend-data.json,"Ormeau, Queensland 2005",2005,-27.774813,153.2520815,QLD,https://www.yowiehunters.com.au/queensland/2265-ormeau-queensland-2006,"Ormeau, QLD",reported_place,locality,high,verified_gazetteer_point,frontend map_points row
canonical_frontend_public_map_row,"record_coord:258:-16.920666,145.772185",258,,,,Australian Yowie Research,/Users/jarlgiovanni/Desktop/bigfoot_research/public/data/frontend-data.json,"Cairns, Queensland 2005",2005,-16.9206657,145.7721854,QLD,https://www.yowiehunters.com.au/queensland/1508-cairns-queensland-2005,"Cairns, QLD",reported_place,locality,high,verified_gazetteer_point,frontend map_points row
canonical_frontend_public_map_row,"record_coord:340:-32.412892,152.207568",340,,,,Australian Yowie Research,/Users/jarlgiovanni/Desktop/bigfoot_research/public/data/frontend-data.json,"Bulahdelah, New South Wales 2005",2005,-32.4128925,152.2075678,NSW,https://www.yowiehunters.com.au/new-south-wales/1995-bulahdelah-new-south-wales-2005,"Bulahdelah, NSW",reported_place,locality,high,verified_gazetteer_point,frontend map_points row
canonical_frontend_public_map_row,"record_coord:349:-26.635231,152.616638",349,,,,Australian Yowie Research,/Users/jarlgiovanni/Desktop/bigfoot_research/public/data/frontend-data.json,"Kenilworth, Queensland 2005",2005,-26.6352315,152.6166379,QLD,https://www.yowiehunters.com.au/queensland/1297-kenilworth-qld-2005,"Kenilworth, QLD",reported_place,locality,high,verified_gazetteer_point,frontend map_points row
canonical_frontend_public_map_row,"record_coord:423:-27.774813,153.252082",423,,,,Australian Yowie Research,/Users/jarlgiovanni/Desktop/bigfoot_research/public/data/frontend-data.json,"Ormeau, Queensland 2005",2005,-27.774813,153.2520815,QLD,https://www.yowiehunters.com.au/queensland/1988-ormeau-queensland-2005,"Ormeau, QLD",reported_place,locality,high,verified_gazetteer_point,frontend map_points row
canonical_frontend_public_map_row,"record_coord:477:-21.137345,145.041927",477,,,,Australian Yowie Research,/Users/jarlgiovanni/Desktop/bigfoot_research/public/data/frontend-data.json,"Torrens Creek, Queensland 2005",2005,-21.137345,145.0419268,QLD,https://www.yowiehunters.com.au/queensland/1339-torrens-creek-qld-2005,"Torrens Creek, QLD",reported_place,locality,high,verified_gazetteer_point,frontend map_points row
canonical_frontend_public_map_row,"record_coord:545:-28.326762,153.397154",545,,,,Australian Yowie Research,/Users/jarlgiovanni/Desktop/bigfoot_research/public/data/frontend-data.json,"Murwillumbah, New South Wales 2005",2005,-28.3267617,153.3971541,NSW,https://www.yowiehunters.com.au/new-south-wales/2226-murwillumbah-new-south-wales-2005,"Murwillumbah, NSW",reported_place,locality,high,verified_gazetteer_point,frontend map_points row
canonical_frontend_public_map_row,"record_coord:569:-29.328539,152.997738",569,,,,Australian Yowie Research,/Users/jarlgiovanni/Desktop/bigfoot_research/public/data/frontend-data.json,"Richmond Range, New South Wales 2005",2005,-29.3285389,152.9977378,NSW,https://www.yowiehunters.com.au/new-south-wales/1560-richmond-range-new-south-wales-2005,"Richmond Range, NSW",reported_place,locality,high,verified_gazetteer_point,frontend map_points row
canonical_frontend_public_map_row,"record_coord:576:-33.701761,150.565547",576,,,,Australian Yowie Research,/Users/jarlgiovanni/Desktop/bigfoot_research/public/data/frontend-data.json,"Springwood, New South Wales 2005",2005,-33.7017613,150.5655467,NSW,https://www.yowiehunters.com.au/new-south-wales/1859-springwood-new-south-wales-2005,"Springwood, NSW",reported_place,locality,high,verified_gazetteer_point,frontend map_points row
canonical_frontend_public_map_row,"record_coord:606:-33.723551,150.601216",606,,,,Australian Yowie Research,/Users/jarlgiovanni/Desktop/bigfoot_research/public/data/frontend-data.json,"Warrimoo, New South Wales 2005",2005,-33.723551,150.6012161,NSW,https://www.yowiehunters.com.au/new-south-wales/1674-warrimoo-new-south-wales-2005,"Warrimoo, NSW",reported_place,locality,high,verified_gazetteer_point,frontend map_points row
canonical_frontend_public_map_row,"record_coord:955:-28.002373,153.414599",955,,,,Australian Yowie Research,/Users/jarlgiovanni/Desktop/bigfoot_research/public/data/frontend-data.json,2005 - Gold Coast Bulletin Yowie Article,2005,-28.0023731,153.4145987,QLD,https://www.yowiehunters.com.au/media-clips/1780-2005-gold-coast-bulletin-yowie-article,"Gold Coast, QLD",reported_place,locality,medium,verified_gazetteer_point,frontend map_points row
canonical_frontend_public_map_row,"record_coord:4027:-34.169345,150.611498",4027,,,,Australian Broadcasting Corporation,/Users/jarlgiovanni/Desktop/bigfoot_research/public/data/frontend-data.json,The Ghosthunters,2005,-34.1693445,150.6114983,NSW,https://www.abc.net.au/listen/programs/streetstories/the-ghosthunters/3440124,"Picton, NSW",apparition_location,town,B,verified_gazetteer_point,frontend map_points row
canonical_frontend_public_map_row,"record_coord:4028:-33.733114,150.473689",4028,,,,Australian Broadcasting Corporation,/Users/jarlgiovanni/Desktop/bigfoot_research/public/data/frontend-data.json,The Ghosthunters,2005,-33.733114,150.4736891,NSW,https://www.abc.net.au/listen/programs/streetstories/the-ghosthunters/3440124,"Woodford Academy, NSW",apparition_location,exact_site,B,verified_gazetteer_point,frontend map_points row
canonical_frontend_public_map_row,"record_coord:4492:-33.715000,150.558000",4492,,,,Australian Yowie Research / AYR Yowie Reports Map,/Users/jarlgiovanni/Desktop/bigfoot_research/public/data/frontend-data.json,Reports from newspapers: 2005 - Gold Coast Bulletin Yowie Article,2005,-33.715,150.558,NSW,https://www.yowiehunters.com.au/media-clips/1780-2005-gold-coast-bulletin-yowie-article,"2005 - Gold Coast Bulletin Yowie Article, NSW",source_visible_place,locality,stage_only_public_report_marker,verified_place,frontend map_points row
canonical_frontend_public_map_row,"record_coord:4560:-25.622082,151.616521",4560,,,,Australian Yowie Research / AYR Yowie Reports Map,/Users/jarlgiovanni/Desktop/bigfoot_research/public/data/frontend-data.json,"Photographs of footprints and handprints : Gayndah, Queensland (2005)",2005,-25.622082,151.616521,QLD,https://www.yowiehunters.com.au/footprints,"Photographs of footprints and handprints : Gayndah, Queensland, QLD",source_visible_place,locality,stage_only_public_report_marker,verified_place,frontend map_points row
canonical_frontend_public_map_row,"record_coord:64:-37.052118,146.088144",64,,,,Australian Yowie Research,/Users/jarlgiovanni/Desktop/bigfoot_research/public/data/frontend-data.json,"Mansfield, Victoria 2006",2006,-37.0521177,146.0881445,VIC,https://www.yowiehunters.com.au/victoria/1835-mansfield-victoria-2006,"Mansfield, VIC",reported_place,locality,high,verified_gazetteer_point,frontend map_points row
canonical_frontend_public_map_row,"record_coord:126:-33.365000,150.717778",126,,,,Australian Yowie Research,/Users/jarlgiovanni/Desktop/bigfoot_research/public/data/frontend-data.json,"Colo Heights, New South Wales 2006",2006,-33.365,150.7177778,NSW,https://www.yowiehunters.com.au/new-south-wales/1683-colo-heights-new-south-wales-2006,"Colo Heights, NSW",reported_place,locality,high,verified_gazetteer_point,frontend map_points row
canonical_frontend_public_map_row,"record_coord:189:-26.628843,152.861168",189,,,,Australian Yowie Research,/Users/jarlgiovanni/Desktop/bigfoot_research/public/data/frontend-data.json,"Mapleton, Queensland 2006",2006,-26.628843,152.8611681,QLD,https://www.yowiehunters.com.au/queensland/2296-mapleton-queensland-2006,"Mapleton, QLD",reported_place,locality,high,verified_gazetteer_point,frontend map_points row
canonical_frontend_public_map_row,"record_coord:284:-33.633889,150.284722",284,,,,Australian Yowie Research,/Users/jarlgiovanni/Desktop/bigfoot_research/public/data/frontend-data.json,"Blackheath, New South Wales 2006",2006,-33.6338889,150.2847222,NSW,https://www.yowiehunters.com.au/new-south-wales/1356-blackheath-new-south-wales-2006,"Blackheath, NSW",reported_place,locality,high,verified_gazetteer_point,frontend map_points row
canonical_frontend_public_map_row,"record_coord:287:-33.633889,150.284722",287,,,,Australian Yowie Research,/Users/jarlgiovanni/Desktop/bigfoot_research/public/data/frontend-data.json,"Blackheath, New South Wales 2006",2006,-33.6338889,150.2847222,NSW,https://www.yowiehunters.com.au/new-south-wales/1413-megalong-valley-new-south-wales-2006,"Blackheath, NSW",reported_place,locality,high,verified_gazetteer_point,frontend map_points row
canonical_frontend_public_map_row,"record_coord:292:-37.840788,146.402304",292,,,,Australian Yowie Research,/Users/jarlgiovanni/Desktop/bigfoot_research/public/data/frontend-data.json,"Thomson Dam, Victoria 2006",2006,-37.8407882,146.4023044,VIC,https://www.yowiehunters.com.au/victoria/2040-thomson-dam-victoria-2006,"Thomson Dam, VIC",reported_place,locality,high,verified_gazetteer_point,frontend map_points row
canonical_frontend_public_map_row,"record_coord:351:-26.635231,152.616638",351,,,,Australian Yowie Research,/Users/jarlgiovanni/Desktop/bigfoot_research/public/data/frontend-data.json,"Kenilworth, Queensland 2006",2006,-26.6352315,152.6166379,QLD,https://www.yowiehunters.com.au/queensland/1298-kenilworth-qld-2006,"Kenilworth, QLD",reported_place,locality,high,verified_gazetteer_point,frontend map_points row
canonical_frontend_public_map_row,"record_coord:358:-32.831667,151.351111",358,,,,Australian Yowie Research,/Users/jarlgiovanni/Desktop/bigfoot_research/public/data/frontend-data.json,"Cessnock, New South Wales 2006",2006,-32.8316667,151.3511111,NSW,https://www.yowiehunters.com.au/new-south-wales/1368-cessnock-new-south-wales-2006,"Cessnock, NSW",reported_place,locality,high,verified_gazetteer_point,frontend map_points row
canonical_frontend_public_map_row,"record_coord:412:-29.681677,152.933636",412,,,,Australian Yowie Research,/Users/jarlgiovanni/Desktop/bigfoot_research/public/data/frontend-data.json,"Glen Innes, New South Wales 2006",2006,-29.6816773,152.9336357,NSW,https://www.yowiehunters.com.au/new-south-wales/1387-glan-innes-new-south-wales-2006,Grafton,source_visible_place_hint,locality,medium,verified_gazetteer_point,frontend map_points row
canonical_frontend_public_map_row,"record_coord:515:-27.803010,153.108158",515,,,,Australian Yowie Research,/Users/jarlgiovanni/Desktop/bigfoot_research/public/data/frontend-data.json,"Yarrabilba, Queensland 2006",2006,-27.8030098,153.1081584,QLD,https://www.yowiehunters.com.au/queensland/1584-yarabillba-queensland-2006,"Yarrabilllba, QLD",reported_place,locality,high,verified_gazetteer_point,frontend map_points row
canonical_frontend_public_map_row,"record_coord:523:-33.705437,150.231602",523,,,,Australian Yowie Research,/Users/jarlgiovanni/Desktop/bigfoot_research/public/data/frontend-data.json,"Megalong Valley, New South Wales 2006",2006,-33.7054371,150.2316021,NSW,https://www.yowiehunters.com.au/new-south-wales/2247-megalong-valley-new-south-wales-2007,"Megalong Valley, NSW",reported_place,locality,high,verified_gazetteer_point,frontend map_points row
canonical_frontend_public_map_row,"record_coord:544:-33.214547,151.569721",544,,,,Australian Yowie Research,/Users/jarlgiovanni/Desktop/bigfoot_research/public/data/frontend-data.json,"Munmorah, New South Wales 2012",2006,-33.2145467,151.5697213,NSW,https://www.yowiehunters.com.au/new-south-wales/1685-lake-munmorah-new-south-wales-2006,"Lake Munmorah, NSW",reported_place,locality,high,verified_gazetteer_point,frontend map_points row
canonical_frontend_public_map_row,"record_coord:551:-28.322671,153.463307",551,,,,Australian Yowie Research,/Users/jarlgiovanni/Desktop/bigfoot_research/public/data/frontend-data.json,"Nunderi, New South Wales 2006",2006,-28.3226712,153.4633068,NSW,https://www.yowiehunters.com.au/new-south-wales/1431-nunderi-new-south-wales-2006,"Nunderi, NSW",reported_place,locality,high,verified_gazetteer_point,frontend map_points row
canonical_frontend_public_map_row,"record_coord:591:-35.358599,149.220870",591,,,,Australian Yowie Research,/Users/jarlgiovanni/Desktop/bigfoot_research/public/data/frontend-data.json,"Tharwa, New South Wales 2006",2006,-35.3585986,149.2208702,NSW,https://www.yowiehunters.com.au/new-south-wales/1452-tharwa-new-south-wales-2006,"Tharwa, NSW",reported_place,locality,high,verified_gazetteer_point,frontend map_points row
canonical_frontend_public_map_row,"record_coord:1043:-38.561672,146.675887",1043,,,,Australian Yowie Research,/Users/jarlgiovanni/Desktop/bigfoot_research/public/data/frontend-data.json,2006 - Yarram Standard News,2006,-38.5616717,146.675887,VIC,https://www.yowiehunters.com.au/media-clips/1870-2006-yarram-standard-news,"Yarram, VIC",reported_place,locality,medium,verified_gazetteer_point,frontend map_points row
canonical_frontend_public_map_row,"record_coord:3970:-34.868293,147.575803",3970,,,,Australian Broadcasting Corporation,/Users/jarlgiovanni/Desktop/bigfoot_research/public/data/frontend-data.json,Australia's Most Haunted,2006,-34.8682927,147.5758032,NSW,https://www.abc.net.au/listen/programs/ark/australias-most-haunted/3360028,"Monte Cristo Homestead, NSW",apparition_location,exact_site,B,verified_gazetteer_point,frontend map_points row
canonical_frontend_public_map_row,"record_coord:3991:-43.153135,147.869400",3991,,,,Australian Broadcasting Corporation,/Users/jarlgiovanni/Desktop/bigfoot_research/public/data/frontend-data.json,Australia's Most Haunted,2006,-43.1531346,147.8694003,TAS,https://www.abc.net.au/listen/programs/ark/australias-most-haunted/3360028,"Port Arthur Historic Site, TAS",apparition_location,exact_site,B,verified_gazetteer_point,frontend map_points row
canonical_frontend_public_map_row,"record_coord:4021:-35.307521,149.134539",4021,,,,Australian Broadcasting Corporation,/Users/jarlgiovanni/Desktop/bigfoot_research/public/data/frontend-data.json,Australia's Most Haunted,2006,-35.3075211,149.134539,ACT,https://www.abc.net.au/listen/programs/ark/australias-most-haunted/3360028,"Hotel Kurrajong, ACT",apparition_location,exact_site,B,verified_gazetteer_point,frontend map_points row
canonical_frontend_public_map_row,"record_coord:4022:-35.302352,149.130018",4022,,,,Australian Broadcasting Corporation,/Users/jarlgiovanni/Desktop/bigfoot_research/public/data/frontend-data.json,Australia's Most Haunted,2006,-35.3023519,149.1300176,ACT,https://www.abc.net.au/listen/programs/ark/australias-most-haunted/3360028,"Old Parliament House, ACT",apparition_location,exact_site,B,verified_gazetteer_point,frontend map_points row
canonical_frontend_public_map_row,"record_coord:4023:-34.172358,150.605068",4023,,,,Australian Broadcasting Corporation,/Users/jarlgiovanni/Desktop/bigfoot_research/public/data/frontend-data.json,Australia's Most Haunted,2006,-34.1723581,150.6050677,NSW,https://www.abc.net.au/listen/programs/ark/australias-most-haunted/3360028,"Picton Tunnel, NSW",apparition_location,exact_site,B,verified_gazetteer_point,frontend map_points row
canonical_frontend_public_map_row,"record_coord:4024:-34.917942,138.584849",4024,,,,Australian Broadcasting Corporation,/Users/jarlgiovanni/Desktop/bigfoot_research/public/data/frontend-data.json,Australia's Most Haunted,2006,-34.9179424,138.5848489,SA,https://www.abc.net.au/listen/programs/ark/australias-most-haunted/3360028,"Adelaide Gaol, SA",apparition_location,exact_site,B,verified_gazetteer_point,frontend map_points row
canonical_frontend_public_map_row,"record_coord:4025:-32.055344,115.753456",4025,,,,Australian Broadcasting Corporation,/Users/jarlgiovanni/Desktop/bigfoot_research/public/data/frontend-data.json,Australia's Most Haunted,2006,-32.0553437,115.7534563,WA,https://www.abc.net.au/listen/programs/ark/australias-most-haunted/3360028,"Fremantle Prison, WA",apparition_location,exact_site,B,verified_gazetteer_point,frontend map_points row
canonical_frontend_public_map_row,"record_coord:4026:-27.387429,153.235283",4026,,,,Australian Broadcasting Corporation,/Users/jarlgiovanni/Desktop/bigfoot_research/public/data/frontend-data.json,Australia's Most Haunted,2006,-27.387429,153.2352829,QLD,https://www.abc.net.au/listen/programs/ark/australias-most-haunted/3360028,"St Helena Island, QLD",apparition_location,exact_site,B,verified_gazetteer_point,frontend map_points row
canonical_frontend_public_map_row,"record_coord:4061:-34.868293,147.575803",4061,,,,Australian Broadcasting Corporation,/Users/jarlgiovanni/Desktop/bigfoot_research/public/data/frontend-data.json,Australia's Most Haunted,2006,-34.8682927,147.5758032,NSW,https://www.abc.net.au/listen/programs/ark/australias-most-haunted/3360028,"Monte Cristo Homestead, NSW",apparition_location,exact_site,B,verified_gazetteer_point,frontend map_points row
canonical_frontend_public_map_row,"record_coord:4062:-35.282864,149.120954",4062,,,,Australian Broadcasting Corporation,/Users/jarlgiovanni/Desktop/bigfoot_research/public/data/frontend-data.json,Australia's Most Haunted,2006,-35.2828643,149.1209536,ACT,https://www.abc.net.au/listen/programs/ark/australias-most-haunted/3360028,"National Film and Sound Archive, ACT",apparition_location,exact_site,B,verified_gazetteer_point,frontend map_points row
canonical_frontend_public_map_row,"record_coord:4141:-32.055344,115.753456",4141,,,,Australian Broadcasting Corporation,/Users/jarlgiovanni/Desktop/bigfoot_research/public/data/frontend-data.json,Australia's Most Haunted,2006,-32.0553437,115.7534563,WA,https://www.abc.net.au/listen/programs/ark/australias-most-haunted/3360028,"Fremantle Prison, WA",apparition_location,exact_site,B,verified_gazetteer_point,frontend map_points row
canonical_frontend_public_map_row,"record_coord:4258:-34.169345,150.611498",4258,,,,Australian Broadcasting Corporation,/Users/jarlgiovanni/Desktop/bigfoot_research/public/data/frontend-data.json,Picton named as top tourism 'haunt',2006,-34.1693445,150.6114983,NSW,https://www.abc.net.au/news/2006-10-30/picton-named-as-top-tourism-haunt/1297522,"Picton, NSW",apparition_location,town,B,verified_gazetteer_point,frontend map_points row
canonical_frontend_public_map_row,"record_coord:4306:-29.750000,151.736111",4306,,,,Australian Yowie Research / AYR Yowie Reports Map,/Users/jarlgiovanni/Desktop/bigfoot_research/public/data/frontend-data.json,"Written reports: Yowie Sighting at Glen Innes, New South Wales 2006",2006,-29.75,151.736111,NSW,https://www.yowiehunters.com.au/new-south-wales/1387-glan-innes-new-south-wales-2006,"Glen Innes, NSW",source_visible_place,locality,stage_only_public_report_marker,verified_place,frontend map_points row
canonical_frontend_public_map_row,"record_coord:4363:-27.766667,153.100000",4363,,,,Australian Yowie Research / AYR Yowie Reports Map,/Users/jarlgiovanni/Desktop/bigfoot_research/public/data/frontend-data.json,"Written reports: Yowie Sighting at Yarrabilba, Queensland 2006",2006,-27.766667,153.1,QLD,https://www.yowiehunters.com.au/queensland/1584-yarabillba-queensland-2006,"Yarrabilba, QLD",source_visible_place,locality,stage_only_public_report_marker,verified_place,frontend map_points row
canonical_frontend_public_map_row,"record_coord:4493:-38.540000,146.661667",4493,,,,Australian Yowie Research / AYR Yowie Reports Map,/Users/jarlgiovanni/Desktop/bigfoot_research/public/data/frontend-data.json,Reports from newspapers: 2006 - Yarram Standard News,2006,-38.54,146.661667,VIC,https://www.yowiehunters.com.au/media-clips/1870-2006-yarram-standard-news,"2006 - Yarram Standard News, VIC",source_visible_place,locality,stage_only_public_report_marker,verified_place,frontend map_points row
canonical_frontend_public_map_row,"record_coord:4561:-34.763148,149.744296",4561,,,,Australian Yowie Research / AYR Yowie Reports Map,/Users/jarlgiovanni/Desktop/bigfoot_research/public/data/frontend-data.json,"Photographs of footprints and handprints : Goulburn, New South Wales (2006)",2006,-34.763148,149.744296,NSW,https://www.yowiehunters.com.au/footprints,"Photographs of footprints and handprints : Goulburn, New South Wales, NSW",source_visible_place,locality,stage_only_public_report_marker,verified_place,frontend map_points row
canonical_frontend_public_map_row,"record_coord:4566:-33.717069,150.494390",4566,,,,Australian Yowie Research / AYR Yowie Reports Map,/Users/jarlgiovanni/Desktop/bigfoot_research/public/data/frontend-data.json,"Photographs of footprints and handprints : Linden, Blue Mountains, New South Wales (2006)",2006,-33.717069,150.49439,NSW,https://www.yowiehunters.com.au/footprints,"Photographs of footprints and handprints : Linden, Blue Mountains, New South Wales, NSW",source_visible_place,locality,stage_only_public_report_marker,verified_place,frontend map_points row
canonical_frontend_public_map_row,"record_coord:4593:-32.828727,151.257012",4593,,,,Australian Yowie Research / AYR Yowie Reports Map,/Users/jarlgiovanni/Desktop/bigfoot_research/public/data/frontend-data.json,"Witness sketches: Cessnock, New South Wales (2006)",2006,-32.828727,151.257012,NSW,https://www.yowiehunters.com.au/witness-sketches,"Cessnock, New South Wales, NSW",source_visible_place,locality,stage_only_public_report_marker,verified_place,frontend map_points row
canonical_frontend_public_map_row,"record_coord:65:-36.060311,145.204306",65,,,,Australian Yowie Research,/Users/jarlgiovanni/Desktop/bigfoot_research/public/data/frontend-data.json,"Barmah Forest (Murray River), Victoria 2007",2007,-36.0603113,145.204306,VIC,https://www.yowiehunters.com.au/victoria/2188-barmah-forest-murray-river-victoria-2007,"Barmah Forest, VIC",reported_place,locality,high,verified_gazetteer_point,frontend map_points row
canonical_frontend_public_map_row,"record_coord:66:-37.731836,148.091006",66,,,,Australian Yowie Research,/Users/jarlgiovanni/Desktop/bigfoot_research/public/data/frontend-data.json,"Nowa Nowa, Victoria 2007",2007,-37.7318356,148.0910062,VIC,https://www.yowiehunters.com.au/victoria/1258-nowa-nowa-vic-2007,"Nowa Nowa, VIC",reported_place,locality,high,verified_gazetteer_point,frontend map_points row
canonical_frontend_public_map_row,"record_coord:127:-33.548333,150.184444",127,,,,Australian Yowie Research,/Users/jarlgiovanni/Desktop/bigfoot_research/public/data/frontend-data.json,"Hartley, New South Wales 2007",2007,-33.5483333,150.1844444,NSW,https://www.yowiehunters.com.au/new-south-wales/1617-hartley-new-south-wales-2007,"Hartley, NSW",reported_place,locality,high,verified_gazetteer_point,frontend map_points row
canonical_frontend_public_map_row,"record_coord:190:-23.524547,146.753548",190,,,,Australian Yowie Research,/Users/jarlgiovanni/Desktop/bigfoot_research/public/data/frontend-data.json,"Alpha, Queensland 2007",2007,-23.524547,146.7535478,QLD,https://www.yowiehunters.com.au/queensland/1594-alpha-queensland-2007,"Alpha, QLD",reported_place,locality,high,verified_gazetteer_point,frontend map_points row
canonical_frontend_public_map_row,"record_coord:191:-27.996800,153.379340",191,,,,Australian Yowie Research,/Users/jarlgiovanni/Desktop/bigfoot_research/public/data/frontend-data.json,Uki Qld 2007,2007,-27.9967999,153.3793401,QLD,https://www.yowiehunters.com.au/queensland/1342-uki-qld-2007,"Uki, QLD",reported_place,locality,high,verified_gazetteer_point,frontend map_points row
canonical_frontend_public_map_row,"record_coord:214:-37.639909,148.886998",214,,,,Australian Yowie Research,/Users/jarlgiovanni/Desktop/bigfoot_research/public/data/frontend-data.json,"Bemm River, Victoria 2007",2007,-37.639909,148.8869984,VIC,https://www.yowiehunters.com.au/victoria/2085-bemm-river-victoria-2007,"Bemm River, VIC",reported_place,locality,high,verified_gazetteer_point,frontend map_points row
canonical_frontend_public_map_row,"record_coord:291:-26.982390,151.831573",291,,,,Australian Yowie Research,/Users/jarlgiovanni/Desktop/bigfoot_research/public/data/frontend-data.json,"Cooyar, Queensland 2007",2007,-26.9823903,151.8315732,QLD,https://www.yowiehunters.com.au/queensland/1282-cooyar-qld-2007,"Cooyar, QLD",reported_place,locality,high,verified_gazetteer_point,frontend map_points row
canonical_frontend_public_map_row,"record_coord:339:-25.338328,152.536403",339,,,,Australian Yowie Research,/Users/jarlgiovanni/Desktop/bigfoot_research/public/data/frontend-data.json,"Howard, Queensland 2007",2007,-25.3383285,152.536403,QLD,https://www.yowiehunters.com.au/queensland/1858-howard-queensland-2007,"Howard, QLD",reported_place,locality,high,verified_gazetteer_point,frontend map_points row
canonical_frontend_public_map_row,"record_coord:570:-28.733611,152.720000",570,,,,Australian Yowie Research,/Users/jarlgiovanni/Desktop/bigfoot_research/public/data/frontend-data.json,"Richmond Range, New South Wales 2007",2007,-28.7336111,152.72,NSW,https://www.yowiehunters.com.au/new-south-wales/1543-gorge-creek-new-south-wales-2007,"Gorge Creek, NSW",reported_place,locality,high,verified_gazetteer_point,frontend map_points row
canonical_frontend_public_map_row,"record_coord:599:-28.415278,153.330556",599,,,,Australian Yowie Research,/Users/jarlgiovanni/Desktop/bigfoot_research/public/data/frontend-data.json,"Uki, New South Wales 2007",2007,-28.4152778,153.3305556,NSW,https://www.yowiehunters.com.au/new-south-wales/1455-uki-new-south-wales-2007,"Uki, NSW",reported_place,locality,high,verified_gazetteer_point,frontend map_points row
canonical_frontend_public_map_row,"record_coord:956:-28.002373,153.414599",956,,,,Australian Yowie Research,/Users/jarlgiovanni/Desktop/bigfoot_research/public/data/frontend-data.json,2007 - Gold Coast Bulletin Yowie Article,2007,-28.0023731,153.4145987,QLD,https://www.yowiehunters.com.au/media-clips/1785-2007-gold-coast-bulletin-yowie-article,"Gold Coast, QLD",reported_place,locality,medium,verified_gazetteer_point,frontend map_points row
canonical_frontend_public_map_row,"record_coord:1044:-27.468962,153.023501",1044,,,,Australian Yowie Research,/Users/jarlgiovanni/Desktop/bigfoot_research/public/data/frontend-data.json,2007 - Sunday Mail Yowie Article,2007,-27.4689623,153.0235009,QLD,https://www.yowiehunters.com.au/media-clips/1784-2007-sunday-mail,"Brisbane, QLD",reported_place,locality,medium,verified_gazetteer_point,frontend map_points row
canonical_frontend_public_map_row,"record_coord:4239:-43.153135,147.869400",4239,,,,Australian Broadcasting Corporation,/Users/jarlgiovanni/Desktop/bigfoot_research/public/data/frontend-data.json,Fall in visitors to Port Arthur,2007,-43.1531346,147.8694003,TAS,https://www.abc.net.au/news/2007-10-24/fall-in-visitors-to-port-arthur/707562,"Port Arthur Historic Site, TAS",narrative_setting,exact_site,B,verified_gazetteer_point,frontend map_points row
canonical_frontend_public_map_row,"record_coord:4304:-29.328539,152.997738",4304,,,,Australian Yowie Research / AYR Yowie Reports Map,/Users/jarlgiovanni/Desktop/bigfoot_research/public/data/frontend-data.json,"Written reports: Yowie Sighting at Richmond Range, New South Wales 2007",2007,-29.3285389,152.9977378,NSW,https://www.yowiehunters.com.au/new-south-wales/1543-gorge-creek-new-south-wales-2007,"Richmond Range, NSW",source_visible_place,locality,stage_only_public_report_marker,verified_gazetteer_point,frontend map_points row
canonical_frontend_public_map_row,"record_coord:4364:-37.639909,148.886998",4364,,,,Australian Yowie Research / AYR Yowie Reports Map,/Users/jarlgiovanni/Desktop/bigfoot_research/public/data/frontend-data.json,"YouTube reports, interviews: Yowie Sighting (Audio Report #142) at Bemm River, Victoria (Dec 2007)",2007,-37.639909,148.8869984,VIC,https://www.youtube.com/watch?v=MDeci3R15vo,"Bemm River, VIC",source_visible_place,locality,stage_only_public_report_marker,verified_gazetteer_point,frontend map_points row
canonical_frontend_public_map_row,"record_coord:4365:-28.416667,153.333333",4365,,,,Australian Yowie Research / AYR Yowie Reports Map,/Users/jarlgiovanni/Desktop/bigfoot_research/public/data/frontend-data.json,Written reports: Yowie Sighting at Uki Qld 2007,2007,-28.416667,153.333333,QLD,https://www.yowiehunters.com.au/queensland/1342-uki-qld-2007,"Uki Qld, QLD",source_visible_place,locality,stage_only_public_report_marker,verified_place,frontend map_points row
canonical_frontend_public_map_row,"record_coord:4366:-29.216651,115.470822",4366,,,,Australian Yowie Research / AYR Yowie Reports Map,/Users/jarlgiovanni/Desktop/bigfoot_research/public/data/frontend-data.json,"Written reports: Yowie Sighting near Mingenew, WA (Dec 2007)",2007,-29.216651,115.470822,WA,https://www.yowiehunters.com.au/western-australia/1200-mingenew-dec-2007,"Mingenew, WA",source_visible_place,locality,stage_only_public_report_marker,verified_place,frontend map_points row
canonical_frontend_public_map_row,"record_coord:4494:-28.173333,153.281000",4494,,,,Australian Yowie Research / AYR Yowie Reports Map,/Users/jarlgiovanni/Desktop/bigfoot_research/public/data/frontend-data.json,Reports from newspapers: 2007 - Gold Coast Bulletin Yowie Article,2007,-28.173333,153.281,QLD,https://www.yowiehunters.com.au/media-clips/1785-2007-gold-coast-bulletin-yowie-article,"2007 - Gold Coast Bulletin Yowie Article, QLD",source_visible_place,locality,stage_only_public_report_marker,verified_place,frontend map_points row
canonical_frontend_public_map_row,"record_coord:4495:-17.841300,145.805300",4495,,,,Australian Yowie Research / AYR Yowie Reports Map,/Users/jarlgiovanni/Desktop/bigfoot_research/public/data/frontend-data.json,Reports from newspapers: 2007 - Sunday Mail Yowie Article,2007,-17.8413,145.8053,QLD,https://www.yowiehunters.com.au/media-clips/1784-2007-sunday-mail,"2007 - Sunday Mail Yowie Article, QLD",source_visible_place,locality,stage_only_public_report_marker,verified_place,frontend map_points row
canonical_frontend_public_map_row,"record_coord:4581:-37.750565,148.965037",4581,,,,Australian Yowie Research / AYR Yowie Reports Map,/Users/jarlgiovanni/Desktop/bigfoot_research/public/data/frontend-data.json,"Witness sketches: Bemm River, Victoria (2007)",2007,-37.750565,148.965037,VIC,https://www.yowiehunters.com.au/witness-sketches,"Bemm River, Victoria, VIC",source_visible_place,locality,stage_only_public_report_marker,verified_place,frontend map_points row
canonical_frontend_public_map_row,"record_coord:19:-33.849424,116.059587",19,,,,Australian Yowie Research,/Users/jarlgiovanni/Desktop/bigfoot_research/public/data/frontend-data.json,"Greenbushes, Western Australia 2008",2008,-33.8494245,116.0595868,WA,https://www.yowiehunters.com.au/western-australia/2030-greenbushes-western-australia-2008,"Greenbushes, WA",reported_place,locality,high,verified_gazetteer_point,frontend map_points row
canonical_frontend_public_map_row,"record_coord:67:-36.938875,143.328161",67,,,,Australian Yowie Research,/Users/jarlgiovanni/Desktop/bigfoot_research/public/data/frontend-data.json,"Redbank, Victoria 2008 (2)",2008,-36.9388754,143.3281606,VIC,https://www.yowiehunters.com.au/victoria/1971-redbank-victoria-2008-2,"Redbank, VIC",reported_place,locality,high,verified_gazetteer_point,frontend map_points row
canonical_frontend_public_map_row,"record_coord:68:-34.584041,142.773936",68,,,,Australian Yowie Research,/Users/jarlgiovanni/Desktop/bigfoot_research/public/data/frontend-data.json,"Robinvale, Victoria 2008",2008,-34.5840409,142.7739356,VIC,https://www.yowiehunters.com.au/victoria/1666-robinvale-victoria-2008,"Robinvale, VIC",reported_place,locality,high,verified_gazetteer_point,frontend map_points row
canonical_frontend_public_map_row,"record_coord:128:-30.412582,153.065471",128,,,,Australian Yowie Research,/Users/jarlgiovanni/Desktop/bigfoot_research/public/data/frontend-data.json,"Bongil Bongil, New South Wales 2008",2008,-30.4125822,153.0654709,NSW,https://www.yowiehunters.com.au/new-south-wales/2010-bongil-bongil-new-south-wales-2008,"Bongil Bongil National Park, NSW",reported_place,locality,high,verified_gazetteer_point,frontend map_points row
canonical_frontend_public_map_row,"record_coord:192:-28.017406,151.597581",192,,,,Australian Yowie Research,/Users/jarlgiovanni/Desktop/bigfoot_research/public/data/frontend-data.json,"Leyburn, Queensland 2008",2008,-28.017406,151.5975812,QLD,https://www.yowiehunters.com.au/queensland/1816-leyburn-queensland-2008,"Leyburn, QLD",reported_place,locality,high,verified_gazetteer_point,frontend map_points row
canonical_frontend_public_map_row,"record_coord:224:-29.325730,151.094537",224,,,,Australian Yowie Research,/Users/jarlgiovanni/Desktop/bigfoot_research/public/data/frontend-data.json,"Ashford, New South Wales 2008",2008,-29.3257299,151.0945365,NSW,https://www.yowiehunters.com.au/new-south-wales/1998-ashford-new-south-wales-2008,"Ashford, NSW",reported_place,locality,high,verified_gazetteer_point,frontend map_points row
canonical_frontend_public_map_row,"record_coord:249:-27.040047,152.020075",249,,,,Australian Yowie Research,/Users/jarlgiovanni/Desktop/bigfoot_research/public/data/frontend-data.json,"Blackbutt, Queensland 2008",2008,-27.0400466,152.0200753,QLD,https://www.yowiehunters.com.au/queensland/1586-blackbutt-queensland-2008,"Blackbutt Ranges, QLD",reported_place,named_feature,high,verified_gazetteer_point,frontend map_points row
canonical_frontend_public_map_row,"record_coord:280:-36.938875,143.328161",280,,,,Australian Yowie Research,/Users/jarlgiovanni/Desktop/bigfoot_research/public/data/frontend-data.json,"Redbank, Victoria 2008",2008,-36.9388754,143.3281606,VIC,https://www.yowiehunters.com.au/victoria/1679-redbank-victoria-2008,"Redbank, VIC",reported_place,locality,high,verified_gazetteer_point,frontend map_points row
canonical_frontend_public_map_row,"record_coord:297:-17.653566,146.132189",297,,,,Australian Yowie Research,/Users/jarlgiovanni/Desktop/bigfoot_research/public/data/frontend-data.json,"Cowley Beach, Queensland 2008",2008,-17.653566,146.1321886,QLD,https://www.yowiehunters.com.au/queensland/2300-cowley-beach-queensland-2008,"Cowley Beach, QLD",reported_place,locality,high,verified_gazetteer_point,frontend map_points row
canonical_frontend_public_map_row,"record_coord:314:-30.412582,153.065471",314,,,,Australian Yowie Research,/Users/jarlgiovanni/Desktop/bigfoot_research/public/data/frontend-data.json,"Bongil Bongil, New South Wales 2008",2008,-30.4125822,153.0654709,NSW,https://www.yowiehunters.com.au/new-south-wales/1972-nambucca-heads-new-south-wales-2008,"Bongil Bongil, NSW",reported_place,locality,high,verified_gazetteer_point,frontend map_points row
canonical_frontend_public_map_row,"record_coord:384:-28.273428,153.550510",384,,,,Australian Yowie Research,/Users/jarlgiovanni/Desktop/bigfoot_research/public/data/frontend-data.json,"Cudgen, New South Wales 2008",2008,-28.2734276,153.5505103,NSW,https://www.yowiehunters.com.au/new-south-wales/1376-cudgen-new-south-wales-2008,"Cudgen, NSW",reported_place,locality,high,verified_gazetteer_point,frontend map_points row
canonical_frontend_public_map_row,"record_coord:442:-33.548333,150.184444",442,,,,Australian Yowie Research,/Users/jarlgiovanni/Desktop/bigfoot_research/public/data/frontend-data.json,"Hartley, New South Wales 2015",2008,-33.5483333,150.1844444,NSW,https://www.yowiehunters.com.au/new-south-wales/1813-hartley-new-south-wales-2015,"Hartley, NSW",reported_place,locality,high,verified_gazetteer_point,frontend map_points row
canonical_frontend_public_map_row,"record_coord:467:-25.949750,152.913310",467,,,,Australian Yowie Research,/Users/jarlgiovanni/Desktop/bigfoot_research/public/data/frontend-data.json,"Tin Can Bay, Queensland 1992 (2)",2008,-25.9497504,152.9133105,QLD,https://www.yowiehunters.com.au/queensland/1335-tin-can-bay-qld-1992-2,"Camp Kerr, QLD",reported_place,locality,high,verified_gazetteer_point,frontend map_points row
canonical_frontend_public_map_row,"record_coord:492:-36.448500,148.234600",492,,,,Australian Yowie Research,/Users/jarlgiovanni/Desktop/bigfoot_research/public/data/frontend-data.json,"Kosciuszko, New South Wales 2008",2008,-36.4485,148.2346,NSW,https://www.yowiehunters.com.au/new-south-wales/2003-kosciuszko-new-south-wales-2008,"Kosciuszko, NSW",reported_place,locality,high,verified_gazetteer_point,frontend map_points row
canonical_frontend_public_map_row,"record_coord:503:-26.017191,152.370449",503,,,,Australian Yowie Research,/Users/jarlgiovanni/Desktop/bigfoot_research/public/data/frontend-data.json,"Woolooga, Queensland 2008",2008,-26.0171915,152.3704487,QLD,https://www.yowiehunters.com.au/queensland/1846-woolooga-queensland-2008,"Woolooga, QLD",reported_place,locality,high,verified_gazetteer_point,frontend map_points row
canonical_frontend_public_map_row,"record_coord:579:-34.220625,150.979970",579,,,,Australian Yowie Research,/Users/jarlgiovanni/Desktop/bigfoot_research/public/data/frontend-data.json,"Stanwell Tops, New South Wales 2008",2008,-34.2206247,150.97997,NSW,https://www.yowiehunters.com.au/new-south-wales/1447-stanwell-tops-new-south-wales-2008,"Stanwell Tops, NSW",reported_place,locality,high,verified_gazetteer_point,frontend map_points row
canonical_frontend_public_map_row,"record_coord:851:-32.480744,151.432806",851,,,,Australian Yowie Research,/Users/jarlgiovanni/Desktop/bigfoot_research/public/data/frontend-data.json,"2008 - NSW Glendonbrook, NSW",2008,-32.4807435,151.4328063,NSW,https://www.yowiehunters.com.au/historical-articles/1479-glendonbrook-new-south-wales-footpring-find-2008,"Glendonbrook, NSW",reported_place,locality,high,verified_gazetteer_point,frontend map_points row
canonical_frontend_public_map_row,"record_coord:4017:-43.153135,147.869400",4017,,,,Australian Broadcasting Corporation,/Users/jarlgiovanni/Desktop/bigfoot_research/public/data/frontend-data.json,Nathan Curnow's Ghost Poetry,2008,-43.1531346,147.8694003,TAS,https://www.abc.net.au/radionational/programs/archived/bookshow/nathan-curnows-ghost-poetry/3159852,"Port Arthur Historic Site, TAS",apparition_location,exact_site,B,verified_gazetteer_point,frontend map_points row
canonical_frontend_public_map_row,"record_coord:4255:-34.815026,147.672675",4255,,,,Australian Broadcasting Corporation,/Users/jarlgiovanni/Desktop/bigfoot_research/public/data/frontend-data.json,"Country Viewpoint: Sally Nowlan, Melbourne",2008,-34.8150256,147.672675,NSW,https://www.abc.net.au/radionational/programs/archived/bushtelegraph/country-viewpoint-sally-nowlan-melbourne/3261804,"Junee, NSW",apparition_location,town,B,verified_gazetteer_point,frontend map_points row
canonical_frontend_public_map_row,"record_coord:4336:-30.412582,153.065471",4336,,,,Australian Yowie Research / AYR Yowie Reports Map,/Users/jarlgiovanni/Desktop/bigfoot_research/public/data/frontend-data.json,"Written reports: Yowie Sighting at Bongil Bongil, New South Wales 2008",2008,-30.4125822,153.0654709,NSW,https://www.yowiehunters.com.au/new-south-wales/2010-bongil-bongil-new-south-wales-2008,"Bongil Bongil, NSW",source_visible_place,locality,stage_only_public_report_marker,verified_gazetteer_point,frontend map_points row
canonical_frontend_public_map_row,"record_coord:4345:-30.650000,153.000000",4345,,,,Australian Yowie Research / AYR Yowie Reports Map,/Users/jarlgiovanni/Desktop/bigfoot_research/public/data/frontend-data.json,"Written reports: Yowie Sighting at Nambucca Heads, New South Wales 2008",2008,-30.65,153.0,NSW,https://www.yowiehunters.com.au/new-south-wales/1972-nambucca-heads-new-south-wales-2008,"Nambucca Heads, NSW",source_visible_place,locality,stage_only_public_report_marker,verified_place,frontend map_points row
canonical_frontend_public_map_row,"record_coord:4367:-28.017406,151.597581",4367,,,,Australian Yowie Research / AYR Yowie Reports Map,/Users/jarlgiovanni/Desktop/bigfoot_research/public/data/frontend-data.json,"YouTube reports, interviews: Yowie Sighting (Audio Report #62) at Leyburn, Queensland (2008)",2008,-28.017406,151.5975812,QLD,https://www.youtube.com/watch?v=7snfsCNsq6o,"Leyburn, QLD",source_visible_place,locality,stage_only_public_report_marker,verified_gazetteer_point,frontend map_points row
canonical_frontend_public_map_row,"record_coord:4368:-26.883018,152.101120",4368,,,,Australian Yowie Research / AYR Yowie Reports Map,/Users/jarlgiovanni/Desktop/bigfoot_research/public/data/frontend-data.json,"Written reports: Yowie Sighting at Blackbutt, Queensland 2008",2008,-26.8830175,152.1011195,QLD,https://www.yowiehunters.com.au/queensland/1586-blackbutt-queensland-2008,"Blackbutt, QLD",source_visible_place,locality,stage_only_public_report_marker,verified_gazetteer_point,frontend map_points row
canonical_frontend_public_map_row,"record_coord:4369:-36.393634,148.178593",4369,,,,Australian Yowie Research / AYR Yowie Reports Map,/Users/jarlgiovanni/Desktop/bigfoot_research/public/data/frontend-data.json,"YouTube reports, interviews: Yowie Sighting (Audio Report #116) at Mount Kosciuszko, ACT (Sep 2008)",2008,-36.393634,148.178593,ACT,https://www.youtube.com/watch?v=v8RJd4vsZBs,"Mount Kosciuszko, ACT",source_visible_place,locality,stage_only_public_report_marker,verified_place,frontend map_points row
canonical_frontend_public_map_row,"record_coord:4606:-28.266670,153.550000",4606,,,,Australian Yowie Research / AYR Yowie Reports Map,/Users/jarlgiovanni/Desktop/bigfoot_research/public/data/frontend-data.json,"Witness sketches: Cudgen, New South Wales (2008)",2008,-28.26667,153.55,NSW,https://www.yowiehunters.com.au/witness-sketches,"Cudgen, New South Wales, NSW",source_visible_place,locality,stage_only_public_report_marker,verified_place,frontend map_points row
canonical_frontend_public_map_row,"record_coord:129:-31.272808,149.273323",129,,,,Australian Yowie Research,/Users/jarlgiovanni/Desktop/bigfoot_research/public/data/frontend-data.json,"Coonabarabran, New South Wales 2009",2009,-31.2728076,149.2733225,NSW,https://www.yowiehunters.com.au/new-south-wales/1375-coonabarabran-new-south-wales-2009,"Coonabarabran, NSW",reported_place,locality,high,verified_gazetteer_point,frontend map_points row
canonical_frontend_public_map_row,"record_coord:193:-26.080292,152.247365",193,,,,Australian Yowie Research,/Users/jarlgiovanni/Desktop/bigfoot_research/public/data/frontend-data.json,"Kilkivan, Queensland 2009",2009,-26.080292,152.2473652,QLD,https://www.yowiehunters.com.au/queensland/1847-kilkivan-queensland-2009,"Kilkivan, QLD",reported_place,locality,high,verified_gazetteer_point,frontend map_points row
canonical_frontend_public_map_row,"record_coord:225:-27.737591,153.172370",225,,,,Australian Yowie Research,/Users/jarlgiovanni/Desktop/bigfoot_research/public/data/frontend-data.json,"Bahrs Scrub, Queensland 2009",2009,-27.7375909,153.1723698,QLD,https://www.yowiehunters.com.au/queensland/2110-bahrs-scrub-queensland-2009,"Bahrs Scrub, QLD",reported_place,locality,high,verified_gazetteer_point,frontend map_points row
canonical_frontend_public_map_row,"record_coord:286:-34.584041,142.773936",286,,,,Australian Yowie Research,/Users/jarlgiovanni/Desktop/bigfoot_research/public/data/frontend-data.json,"Robinvale, Victoria 2009",2009,-34.5840409,142.7739356,VIC,https://www.yowiehunters.com.au/victoria/1262-robinvale-vic-2009,"Robinvale, VIC",reported_place,locality,high,verified_gazetteer_point,frontend map_points row
canonical_frontend_public_map_row,"record_coord:290:-33.633889,150.284722",290,,,,Australian Yowie Research,/Users/jarlgiovanni/Desktop/bigfoot_research/public/data/frontend-data.json,"Blackheath, New South Wales 2009",2009,-33.6338889,150.2847222,NSW,https://www.yowiehunters.com.au/new-south-wales/1414-megalong-valley-new-south-wales-2009,"Blackheath, NSW",reported_place,locality,high,verified_gazetteer_point,frontend map_points row
canonical_frontend_public_map_row,"record_coord:300:-27.237220,152.167220",300,,,,Australian Yowie Research,/Users/jarlgiovanni/Desktop/bigfoot_research/public/data/frontend-data.json,"Cressbrook Creek, Queensland 2009",2009,-27.23722,152.16722,QLD,https://www.yowiehunters.com.au/queensland/2084-cressbrook-creek-queensland-2009,"Cressbrook Creek, QLD",reported_place,locality,high,verified_gazetteer_point,frontend map_points row
canonical_frontend_public_map_row,"record_coord:388:-30.265000,152.967778",388,,,,Australian Yowie Research,/Users/jarlgiovanni/Desktop/bigfoot_research/public/data/frontend-data.json,"Dairyville, New South Wales 2009",2009,-30.265,152.9677778,NSW,https://www.yowiehunters.com.au/new-south-wales/1377-dairyville-new-south-wales-2009,"Dairyville, NSW",reported_place,locality,high,verified_gazetteer_point,frontend map_points row
canonical_frontend_public_map_row,"record_coord:435:-23.378214,150.513423",435,,,,Australian Yowie Research,/Users/jarlgiovanni/Desktop/bigfoot_research/public/data/frontend-data.json,"Rockhampton, Queensland 2009",2009,-23.3782137,150.5134227,QLD,https://www.yowiehunters.com.au/queensland/1324-rockhampton-qld-2009,"Rockhampton, QLD",reported_place,locality,high,verified_gazetteer_point,frontend map_points row
canonical_frontend_public_map_row,"record_coord:510:-33.715689,150.331766",510,,,,Australian Yowie Research,/Users/jarlgiovanni/Desktop/bigfoot_research/public/data/frontend-data.json,"Leura, New South Wales 2009",2009,-33.7156888,150.3317665,NSW,https://www.yowiehunters.com.au/new-south-wales/1907-leura-new-south-wales-2009,"Leura, NSW",reported_place,locality,high,verified_gazetteer_point,frontend map_points row
canonical_frontend_public_map_row,"record_coord:532:-32.540770,151.525010",532,,,,Australian Yowie Research,/Users/jarlgiovanni/Desktop/bigfoot_research/public/data/frontend-data.json,"Mt. George, New South Wales 2009",2009,-32.54077,151.52501,NSW,https://www.yowiehunters.com.au/new-south-wales/1418-mt-george-new-south-wales-2009,"Mt George, NSW",reported_place,locality,high,verified_gazetteer_point,frontend map_points row
canonical_frontend_public_map_row,"record_coord:555:-33.845593,149.832616",555,,,,Australian Yowie Research,/Users/jarlgiovanni/Desktop/bigfoot_research/public/data/frontend-data.json,"Oberon, New South Wales 2009",2009,-33.8455931,149.8326162,NSW,https://www.yowiehunters.com.au/new-south-wales/1434-oberon-new-south-wales-2009,"Oberon, NSW",reported_place,locality,high,verified_gazetteer_point,frontend map_points row
canonical_frontend_public_map_row,"record_coord:957:-31.272808,149.273323",957,,,,Australian Yowie Research,/Users/jarlgiovanni/Desktop/bigfoot_research/public/data/frontend-data.json,2009 - Coonabarabran Times - Yowie Bus Inccident,2009,-31.2728076,149.2733225,NSW,https://www.yowiehunters.com.au/media-clips/1700-2009-coonabarabran-times,"Coonabarabran, NSW",reported_place,locality,medium,verified_gazetteer_point,frontend map_points row
canonical_frontend_public_map_row,"record_coord:958:-12.768419,131.141951",958,,,,Australian Yowie Research,/Users/jarlgiovanni/Desktop/bigfoot_research/public/data/frontend-data.json,2009 - NT News Yowie Article,2009,-12.768419,131.141951,NT,https://www.yowiehunters.com.au/media-clips/1906-2009-nt-news-yowie-article,Acacia Hills,source_visible_place_hint,locality,medium,verified_gazetteer_point,frontend map_points row
canonical_frontend_public_map_row,"record_coord:1045:-30.905646,152.522802",1045,,,,Australian Yowie Research,/Users/jarlgiovanni/Desktop/bigfoot_research/public/data/frontend-data.json,2009 - CFZ Michael Hardcastle Re: Yowie Kempsey,2009,-30.9056457,152.5228021,NSW,https://www.yowiehunters.com.au/media-clips/1718-2009-cfz-michael-hardcastle-re-yowie-kempsey,"Kempsey, NSW",reported_place,town,medium,verified_gazetteer_point,frontend map_points row
canonical_frontend_public_map_row,"record_coord:1046:-31.851719,152.100456",1046,,,,Australian Yowie Research,/Users/jarlgiovanni/Desktop/bigfoot_research/public/data/frontend-data.json,2009 - Manning River Times Yowie Article,2009,-31.8517188,152.1004561,NSW,https://www.yowiehunters.com.au/media-clips/1763-2009-manning-river-times-yowie-article,"Manning River, NSW",reported_place,locality,medium,verified_gazetteer_point,frontend map_points row
canonical_frontend_public_map_row,"record_coord:4256:-34.815026,147.672675",4256,,,,Australian Broadcasting Corporation,/Users/jarlgiovanni/Desktop/bigfoot_research/public/data/frontend-data.json,Albert's gift (part 1) - Lola's story,2009,-34.8150256,147.672675,NSW,https://www.abc.net.au/listen/programs/awaye/alberts-gift-part-1---lolas-story/3670106,"Junee, NSW",apparition_location,town,B,verified_gazetteer_point,frontend map_points row
canonical_frontend_public_map_row,"record_coord:4260:-32.540770,151.525010",4260,,,,Australian Yowie Research / AYR Yowie Reports Map,/Users/jarlgiovanni/Desktop/bigfoot_research/public/data/frontend-data.json,"YouTube reports, interviews: Yowie Sighting (Audio Report #169) At Mt George, New South Wales (2009)",2009,-32.54077,151.52501,NSW,https://www.youtube.com/watch?v=l6uwsHbxfNQ,"Mt George, NSW",source_visible_place,locality,stage_only_public_report_marker,verified_gazetteer_point,frontend map_points row
canonical_frontend_public_map_row,"record_coord:4370:-31.842511,152.114935",4370,,,,Australian Yowie Research / AYR Yowie Reports Map,/Users/jarlgiovanni/Desktop/bigfoot_research/public/data/frontend-data.json,"YouTube reports, interviews: Yowie Sighting (Audio Report #73) at Mount George, New South Wales (July 2009)",2009,-31.842511,152.114935,NSW,https://www.youtube.com/watch?v=hjnjjWg0Pzo,"Mount George, NSW",source_visible_place,locality,stage_only_public_report_marker,verified_place,frontend map_points row
canonical_frontend_public_map_row,"record_coord:4496:-30.921238,152.663685",4496,,,,Australian Yowie Research / AYR Yowie Reports Map,/Users/jarlgiovanni/Desktop/bigfoot_research/public/data/frontend-data.json,Reports from newspapers: 2009 - CFZ Michael Hardcastle Re: Yowie Kempsey,2009,-30.921238,152.663685,NSW,https://www.yowiehunters.com.au/media-clips/1718-2009-cfz-michael-hardcastle-re-yowie-kempsey,"2009 - CFZ Michael Hardcastle Re: Yowie Kempsey, NSW",source_visible_place,locality,stage_only_public_report_marker,verified_place,frontend map_points row
canonical_frontend_public_map_row,"record_coord:4497:-30.796592,149.478393",4497,,,,Australian Yowie Research / AYR Yowie Reports Map,/Users/jarlgiovanni/Desktop/bigfoot_research/public/data/frontend-data.json,Reports from newspapers: 2009 - Coonabarabran Times - Yowie Bus Inccident,2009,-30.796592,149.478393,NSW,https://www.yowiehunters.com.au/media-clips/1700-2009-coonabarabran-times,"2009 - Coonabarabran Times - Yowie Bus Inccident, NSW",source_visible_place,locality,stage_only_public_report_marker,verified_place,frontend map_points row
canonical_frontend_public_map_row,"record_coord:4498:-31.850000,152.141667",4498,,,,Australian Yowie Research / AYR Yowie Reports Map,/Users/jarlgiovanni/Desktop/bigfoot_research/public/data/frontend-data.json,Reports from newspapers: 2009 - Manning River Times Yowie Article,2009,-31.85,152.141667,NSW,https://www.yowiehunters.com.au/media-clips/1763-2009-manning-river-times-yowie-article,"2009 - Manning River Times Yowie Article, NSW",source_visible_place,locality,stage_only_public_report_marker,verified_place,frontend map_points row
canonical_frontend_public_map_row,"record_coord:4499:-12.930771,131.136698",4499,,,,Australian Yowie Research / AYR Yowie Reports Map,/Users/jarlgiovanni/Desktop/bigfoot_research/public/data/frontend-data.json,Reports from newspapers: 2009 - NT News Yowie Article,2009,-12.930771,131.136698,NT,https://www.yowiehunters.com.au/media-clips/1906-2009-nt-news-yowie-article,2009 - NT News Yowie Article,source_visible_place,locality,stage_only_public_report_marker,verified_place,frontend map_points row
canonical_frontend_public_map_row,"record_coord:4599:-31.883638,152.185233",4599,,,,Australian Yowie Research / AYR Yowie Reports Map,/Users/jarlgiovanni/Desktop/bigfoot_research/public/data/frontend-data.json,"Witness sketches: Mt George, New South Wales (2009)",2009,-31.883638,152.185233,NSW,https://www.yowiehunters.com.au/witness-sketches,"Mt George, New South Wales, NSW",source_visible_place,locality,stage_only_public_report_marker,verified_place,frontend map_points row
canonical_frontend_public_map_row,"record_coord:69:-37.702179,146.379054",69,,,,Australian Yowie Research,/Users/jarlgiovanni/Desktop/bigfoot_research/public/data/frontend-data.json,"Aberfeldy, Victoria 2010",2010,-37.7021795,146.3790538,VIC,https://www.yowiehunters.com.au/victoria/1571-aberfeldie-victoria-2010,"Aberfeldy, VIC",reported_place,locality,high,verified_gazetteer_point,frontend map_points row
canonical_frontend_public_map_row,"record_coord:70:-37.809138,147.085171",70,,,,Australian Yowie Research,/Users/jarlgiovanni/Desktop/bigfoot_research/public/data/frontend-data.json,"Briagolong, Victoria 2010",2010,-37.809138,147.0851711,VIC,https://www.yowiehunters.com.au/victoria/1619-briagolong-victoria-2010-2,"Briagolong, VIC",reported_place,locality,high,verified_gazetteer_point,frontend map_points row
canonical_frontend_public_map_row,"record_coord:130:-31.965000,141.451111",130,,,,Australian Yowie Research,/Users/jarlgiovanni/Desktop/bigfoot_research/public/data/frontend-data.json,"Broken Hill, New South Wales 2010",2010,-31.965,141.4511111,NSW,https://www.yowiehunters.com.au/new-south-wales/1363-broken-hill-new-south-wales-2010,"Broken Hill, NSW",reported_place,locality,high,verified_gazetteer_point,frontend map_points row
canonical_frontend_public_map_row,"record_coord:131:-34.559167,150.640833",131,,,,Australian Yowie Research,/Users/jarlgiovanni/Desktop/bigfoot_research/public/data/frontend-data.json,"Macquarie Pass - Robertson, New South Wales 2010",2010,-34.5591667,150.6408333,NSW,https://www.yowiehunters.com.au/new-south-wales/2183-macquarie-pass-new-south-wales-2010,"Macquarie Pass, NSW",reported_place,locality,high,verified_gazetteer_point,frontend map_points row
canonical_frontend_public_map_row,"record_coord:194:-26.558222,152.953945",194,,,,Australian Yowie Research,/Users/jarlgiovanni/Desktop/bigfoot_research/public/data/frontend-data.json,"Eumundi - Yandina, Queensland 2010",2010,-26.5582222,152.9539454,QLD,https://www.yowiehunters.com.au/queensland/2221-eumundi-yandina-queensland-2010,"Eumundi-Yandina, QLD",reported_place,locality,high,verified_gazetteer_point,frontend map_points row
canonical_frontend_public_map_row,"record_coord:195:-16.586144,145.523438",195,,,,Australian Yowie Research,/Users/jarlgiovanni/Desktop/bigfoot_research/public/data/frontend-data.json,"Oak Beach, Queensland 2010",2010,-16.5861445,145.5234384,QLD,https://www.yowiehunters.com.au/queensland/2125-oak-beach-queensland-2010,"Oak Beach, QLD",reported_place,locality,high,verified_gazetteer_point,frontend map_points row
canonical_frontend_public_map_row,"record_coord:220:-36.777107,144.297266",220,,,,Australian Yowie Research,/Users/jarlgiovanni/Desktop/bigfoot_research/public/data/frontend-data.json,"Bendigo (area), Victoria 2010",2010,-36.7771067,144.2972658,VIC,https://www.yowiehunters.com.au/victoria/1547-bendigo-area-victoria-2010,"South of Bendigo, VIC",reported_place,locality,high,verified_gazetteer_point,frontend map_points row
canonical_frontend_public_map_row,"record_coord:231:-28.126238,153.195174",231,,,,Australian Yowie Research,/Users/jarlgiovanni/Desktop/bigfoot_research/public/data/frontend-data.json,"Beechmont, Queensland 2010",2010,-28.126238,153.1951742,QLD,https://www.yowiehunters.com.au/queensland/1965-beechmont-queensland-2010,"Beechmont, QLD",reported_place,locality,high,verified_gazetteer_point,frontend map_points row
canonical_frontend_public_map_row,"record_coord:277:-38.649357,143.611771",277,,,,Australian Yowie Research,/Users/jarlgiovanni/Desktop/bigfoot_research/public/data/frontend-data.json,"Otways, Victoria 2010",2010,-38.6493568,143.6117705,VIC,https://www.yowiehunters.com.au/victoria/1678-otways-victoria-2010,"Otways – Beauchamp Falls, VIC",reported_place,locality,high,verified_gazetteer_point,frontend map_points row
canonical_frontend_public_map_row,"record_coord:357:-28.348427,152.299915",357,,,,Australian Yowie Research,/Users/jarlgiovanni/Desktop/bigfoot_research/public/data/frontend-data.json,"Killarney, Queensland 2010",2010,-28.348427,152.2999152,QLD,https://www.yowiehunters.com.au/queensland/1599-killarney-queensland-2010,"Killarney, QLD",reported_place,locality,high,verified_gazetteer_point,frontend map_points row
canonical_frontend_public_map_row,"record_coord:372:-33.425065,150.823491",372,,,,Australian Yowie Research,/Users/jarlgiovanni/Desktop/bigfoot_research/public/data/frontend-data.json,"Colo, New South Wales 2010",2010,-33.4250653,150.8234906,NSW,https://www.yowiehunters.com.au/new-south-wales/1834-colo-new-south-wales-2010,"Colo, NSW",reported_place,locality,high,verified_gazetteer_point,frontend map_points row
canonical_frontend_public_map_row,"record_coord:390:-30.323262,152.714264",390,,,,Australian Yowie Research,/Users/jarlgiovanni/Desktop/bigfoot_research/public/data/frontend-data.json,"Danger Falls, New South Wales 2010",2010,-30.3232623,152.7142643,NSW,https://www.yowiehunters.com.au/new-south-wales/1378-danger-falls-new-south-wales-2010,"Danger falls, NSW",reported_place,locality,high,verified_gazetteer_point,frontend map_points row
canonical_frontend_public_map_row,"record_coord:393:-27.322891,152.764303",393,,,,Australian Yowie Research,/Users/jarlgiovanni/Desktop/bigfoot_research/public/data/frontend-data.json,"Mt. Glorious, Queensland 2010",2010,-27.322891,152.7643027,QLD,https://www.yowiehunters.com.au/queensland/1309-mt-glorious-qld-2010,"Mt Glorious, QLD",reported_place,locality,high,verified_gazetteer_point,frontend map_points row
canonical_frontend_public_map_row,"record_coord:454:-31.430521,149.067736",454,,,,Australian Yowie Research,/Users/jarlgiovanni/Desktop/bigfoot_research/public/data/frontend-data.json,"Hickeys Falls, New South Wales 2010",2010,-31.4305209,149.0677356,NSW,https://www.yowiehunters.com.au/new-south-wales/2176-hickeys-falls-new-south-wales-2010,"Hickeys Falls, NSW",reported_place,locality,high,verified_gazetteer_point,frontend map_points row
canonical_frontend_public_map_row,"record_coord:500:-33.628226,151.229354",500,,,,Australian Yowie Research,/Users/jarlgiovanni/Desktop/bigfoot_research/public/data/frontend-data.json,"Ku-ring-gai National Park, New South Wales 2010",2010,-33.6282265,151.2293535,NSW,https://www.yowiehunters.com.au/new-south-wales/2190-ku-ring-gai-national-park-new-south-wales-2010,"Ku-ring-gai National Park, NSW",reported_place,locality,high,verified_gazetteer_point,frontend map_points row
canonical_frontend_public_map_row,"record_coord:511:-26.565894,152.959611",511,,,,Australian Yowie Research,/Users/jarlgiovanni/Desktop/bigfoot_research/public/data/frontend-data.json,"Yandina, Queensland 2010",2010,-26.5658945,152.9596114,QLD,https://www.yowiehunters.com.au/queensland/1344-yandina-qld-2010,"Yandina, QLD",reported_place,locality,high,verified_gazetteer_point,frontend map_points row
canonical_frontend_public_map_row,"record_coord:577:-33.701761,150.565547",577,,,,Australian Yowie Research,/Users/jarlgiovanni/Desktop/bigfoot_research/public/data/frontend-data.json,"Springwood, New South Wales 2010",2010,-33.7017613,150.5655467,NSW,https://www.yowiehunters.com.au/new-south-wales/1911-springwood-new-south-wales-2010,"Springwood, NSW",reported_place,locality,high,verified_gazetteer_point,frontend map_points row
canonical_frontend_public_map_row,"record_coord:586:-34.719225,150.086320",586,,,,Australian Yowie Research,/Users/jarlgiovanni/Desktop/bigfoot_research/public/data/frontend-data.json,"Tallong, New South Wales 2010",2010,-34.7192248,150.0863205,NSW,https://www.yowiehunters.com.au/new-south-wales/1544-tallong-new-south-wales-2010,"Tallong, NSW",reported_place,locality,high,verified_gazetteer_point,frontend map_points row
canonical_frontend_public_map_row,"record_coord:610:-33.009524,151.376892",610,,,,Australian Yowie Research,/Users/jarlgiovanni/Desktop/bigfoot_research/public/data/frontend-data.json,"Watagans, New South Wales 2010",2010,-33.0095237,151.3768922,NSW,https://www.yowiehunters.com.au/new-south-wales/1463-watigans-new-south-wales-2010,Watagans,source_visible_place_hint,locality,medium,verified_gazetteer_point,frontend map_points row
canonical_frontend_public_map_row,"record_coord:612:-31.455788,152.734664",612,,,,Australian Yowie Research,/Users/jarlgiovanni/Desktop/bigfoot_research/public/data/frontend-data.json,"Wauchope, New South Wales 2010",2010,-31.4557879,152.734664,NSW,https://www.yowiehunters.com.au/new-south-wales/1465-wauchope-new-south-wales-2010,"Wauchope, NSW",reported_place,locality,high,verified_gazetteer_point,frontend map_points row
canonical_frontend_public_map_row,"record_coord:615:-29.639627,151.566756",615,,,,Australian Yowie Research,/Users/jarlgiovanni/Desktop/bigfoot_research/public/data/frontend-data.json,"Wellingrove - Dundee, New South Wales 2010",2010,-29.6396266,151.5667558,NSW,https://www.yowiehunters.com.au/new-south-wales/2090-wellingrove-dundee-new-south-wales-2010,"Wellingrove, NSW",reported_place,locality,high,verified_gazetteer_point,frontend map_points row
canonical_frontend_public_map_row,"record_coord:1047:-30.514488,151.665656",1047,,,,Australian Yowie Research,/Users/jarlgiovanni/Desktop/bigfoot_research/public/data/frontend-data.json,2010 - Armidale Express Yowie Article,2010,-30.5144881,151.6656564,NSW,https://www.yowiehunters.com.au/media-clips/1703-2010-armidale-express-yowie-article,"Armidale, NSW",reported_place,locality,medium,verified_gazetteer_point,frontend map_points row
canonical_frontend_public_map_row,"record_coord:1095:-35.438891,149.795555",1095,,,,Australian Yowie Research,/Users/jarlgiovanni/Desktop/bigfoot_research/public/data/frontend-data.json,2010 - Newscastle Herald Yowie Article,2010,-35.4388907,149.7955552,NSW,https://www.yowiehunters.com.au/media-clips/1922-2010-newscastle-herald-yowie-article,Braidwood,source_visible_place_hint,locality,medium,verified_gazetteer_point,frontend map_points row
canonical_frontend_public_map_row,"record_coord:4253:-35.438891,149.795555",4253,,,,Australian Broadcasting Corporation,/Users/jarlgiovanni/Desktop/bigfoot_research/public/data/frontend-data.json,Australia in the middle of a gold rush,2010,-35.4388907,149.7955552,NSW,https://www.abc.net.au/stateline/nsw/australia-in-the-middle-of-a-gold-rush/354248,"Braidwood, NSW",reported_place,town,B,verified_gazetteer_point,frontend map_points row
canonical_frontend_public_map_row,"record_coord:4300:-38.773333,143.557500",4300,,,,Australian Yowie Research / AYR Yowie Reports Map,/Users/jarlgiovanni/Desktop/bigfoot_research/public/data/frontend-data.json,"Written reports: Yowie Sighting at Otways, Victoria 2010",2010,-38.773333,143.5575,VIC,https://www.yowiehunters.com.au/victoria/1678-otways-victoria-2010,"Otways, VIC",source_visible_place,locality,stage_only_public_report_marker,verified_place,frontend map_points row
canonical_frontend_public_map_row,"record_coord:4305:-30.323333,152.714444",4305,,,,Australian Yowie Research / AYR Yowie Reports Map,/Users/jarlgiovanni/Desktop/bigfoot_research/public/data/frontend-data.json,"Written reports: Yowie Sighting at Dangar Falls, New South Wales 2010",2010,-30.323333,152.714444,NSW,https://www.yowiehunters.com.au/new-south-wales/1378-danger-falls-new-south-wales-2010,"Dangar Falls, NSW",source_visible_place,locality,stage_only_public_report_marker,verified_place,frontend map_points row
canonical_frontend_public_map_row,"record_coord:4319:-29.633333,151.583333",4319,,,,Australian Yowie Research / AYR Yowie Reports Map,/Users/jarlgiovanni/Desktop/bigfoot_research/public/data/frontend-data.json,"Written reports: Yowie Sighting at Wellingrove - Dundee, New South Wales 2010",2010,-29.633333,151.583333,NSW,https://www.yowiehunters.com.au/new-south-wales/2090-wellingrove-dundee-new-south-wales-2010,"Wellingrove - Dundee, NSW",source_visible_place,locality,stage_only_public_report_marker,verified_place,frontend map_points row
canonical_frontend_public_map_row,"record_coord:4330:-36.750000,144.266667",4330,,,,Australian Yowie Research / AYR Yowie Reports Map,/Users/jarlgiovanni/Desktop/bigfoot_research/public/data/frontend-data.json,"Written reports: Yowie Sighting at Bendigo (area), Victoria 2010",2010,-36.75,144.266667,VIC,https://www.yowiehunters.com.au/victoria/1547-bendigo-area-victoria-2010,"Bendigo (area), VIC",source_visible_place,locality,stage_only_public_report_marker,verified_place,frontend map_points row
canonical_frontend_public_map_row,"record_coord:4371:-34.569440,150.656940",4371,,,,Australian Yowie Research / AYR Yowie Reports Map,/Users/jarlgiovanni/Desktop/bigfoot_research/public/data/frontend-data.json,"YouTube reports, interviews: Yowie Sighting (Audio Report #161) at Macquarie Pass National Park, New South Wales (2010)",2010,-34.56944,150.65694,NSW,https://www.youtube.com/watch?v=FdIu0ZRW6Fk,"Macquarie Pass National Park, NSW",source_visible_place,locality,stage_only_public_report_marker,verified_place,frontend map_points row
canonical_frontend_public_map_row,"record_coord:4372:-31.429945,149.066953",4372,,,,Australian Yowie Research / AYR Yowie Reports Map,/Users/jarlgiovanni/Desktop/bigfoot_research/public/data/frontend-data.json,"YouTube reports, interviews: Yowie Sighting (Audio Report #159) at Hickeys Falls near Coonabarabran NSW (2010)",2010,-31.42994459361,149.0669526605,NSW,https://www.youtube.com/watch?v=qbBKDeMpezc,Hickeys Falls near Coonabarabran NSW,source_visible_place,locality,stage_only_public_report_marker,verified_place,frontend map_points row
canonical_frontend_public_map_row,"record_coord:4500:-30.323333,152.714444",4500,,,,Australian Yowie Research / AYR Yowie Reports Map,/Users/jarlgiovanni/Desktop/bigfoot_research/public/data/frontend-data.json,Reports from newspapers: 2010 - Armidale Express Yowie Article,2010,-30.323333,152.714444,NSW,https://www.yowiehunters.com.au/media-clips/1703-2010-armidale-express-yowie-article,"2010 - Armidale Express Yowie Article, NSW",source_visible_place,locality,stage_only_public_report_marker,verified_place,frontend map_points row
canonical_frontend_public_map_row,"record_coord:4501:-35.557913,150.007176",4501,,,,Australian Yowie Research / AYR Yowie Reports Map,/Users/jarlgiovanni/Desktop/bigfoot_research/public/data/frontend-data.json,Reports from newspapers: 2010 - Newscastle Herald Yowie Article,2010,-35.557913,150.007176,NSW,https://www.yowiehunters.com.au/media-clips/1922-2010-newscastle-herald-yowie-article,"2010 - Newscastle Herald Yowie Article, NSW",source_visible_place,locality,stage_only_public_report_marker,verified_place,frontend map_points row
canonical_frontend_public_map_row,"record_coord:20:-33.577376,115.825129",20,,,,Australian Yowie Research,/Users/jarlgiovanni/Desktop/bigfoot_research/public/data/frontend-data.json,"Donnybrook, Western Australia 2011",2011,-33.5773757,115.8251293,WA,https://www.yowiehunters.com.au/western-australia/1676-donnybrook-western-australia-2011,"Donnybrook, WA",reported_place,locality,high,verified_gazetteer_point,frontend map_points row
canonical_frontend_public_map_row,"record_coord:21:-32.530249,115.720878",21,,,,Australian Yowie Research,/Users/jarlgiovanni/Desktop/bigfoot_research/public/data/frontend-data.json,"Mandurah, Western Australia 2011",2011,-32.5302495,115.7208782,WA,https://www.yowiehunters.com.au/western-australia/1831-mandurah-western-australia-2011,"Mandurah, WA",reported_place,locality,high,verified_gazetteer_point,frontend map_points row
canonical_frontend_public_map_row,"record_coord:71:-36.759018,144.282672",71,,,,Australian Yowie Research,/Users/jarlgiovanni/Desktop/bigfoot_research/public/data/frontend-data.json,"Bendigo (area), Victoria 2011",2011,-36.7590183,144.2826718,VIC,https://www.yowiehunters.com.au/victoria/1548-bendigo-area-victoria-2011,"Bendigo, VIC",reported_place,town,high,verified_gazetteer_point,frontend map_points row
canonical_frontend_public_map_row,"record_coord:72:-36.878683,147.244179",72,,,,Australian Yowie Research,/Users/jarlgiovanni/Desktop/bigfoot_research/public/data/frontend-data.json,"Falls Creek, Victoria 2011",2011,-36.878683,147.2441791,VIC,https://www.yowiehunters.com.au/victoria/1585-falls-creek-victoria-2011,"Falls Creek, VIC",reported_place,locality,high,verified_gazetteer_point,frontend map_points row
canonical_frontend_public_map_row,"record_coord:73:-37.754985,145.522537",73,,,,Australian Yowie Research,/Users/jarlgiovanni/Desktop/bigfoot_research/public/data/frontend-data.json,"Yarra Valley, Victoria 2011",2011,-37.7549851,145.522537,VIC,https://www.yowiehunters.com.au/victoria/1570-yarra-valley-victoria-2011,"Yarra Valley, VIC",reported_place,locality,high,verified_gazetteer_point,frontend map_points row
canonical_frontend_public_map_row,"record_coord:132:-33.009524,151.376892",132,,,,Australian Yowie Research,/Users/jarlgiovanni/Desktop/bigfoot_research/public/data/frontend-data.json,"Watagans, New South Wales 2010",2011,-33.0095237,151.3768922,NSW,https://www.yowiehunters.com.au/new-south-wales/1610-watigans-new-south-wales-2010-sp-19461,"Watagans, NSW",reported_place,locality,high,verified_gazetteer_point,frontend map_points row
canonical_frontend_public_map_row,"record_coord:133:-30.339968,152.712034",133,,,,Australian Yowie Research,/Users/jarlgiovanni/Desktop/bigfoot_research/public/data/frontend-data.json,"Dorrigo, New South Wales 2011",2011,-30.3399677,152.7120341,NSW,https://www.yowiehunters.com.au/new-south-wales/1840-dorrigo-queensland-2011,"Dorrigo, NSW",reported_place,locality,high,verified_gazetteer_point,frontend map_points row
canonical_frontend_public_map_row,"record_coord:134:-33.728020,150.374063",134,,,,Australian Yowie Research,/Users/jarlgiovanni/Desktop/bigfoot_research/public/data/frontend-data.json,"Wentworth Falls, New South Wales 2011",2011,-33.72802,150.3740633,NSW,https://www.yowiehunters.com.au/new-south-wales/1563-wentworth-falls-new-south-wales-2011,"Wentworth Falls, NSW",reported_place,locality,high,verified_gazetteer_point,frontend map_points row
canonical_frontend_public_map_row,"record_coord:196:-21.610281,149.080723",196,,,,Australian Yowie Research,/Users/jarlgiovanni/Desktop/bigfoot_research/public/data/frontend-data.json,"Koumala Range, Queensland 2011",2011,-21.6102815,149.080723,QLD,https://www.yowiehunters.com.au/queensland/1575-koumala-range-queensland-2011,"Koumala Range, QLD",reported_place,locality,high,verified_gazetteer_point,frontend map_points row
canonical_frontend_public_map_row,"record_coord:232:-37.932128,145.440728",232,,,,Australian Yowie Research,/Users/jarlgiovanni/Desktop/bigfoot_research/public/data/frontend-data.json,"Emerald, Victoria 2011",2011,-37.9321282,145.4407282,VIC,https://www.yowiehunters.com.au/victoria/1569-emerald-victoria-2011,"Emerald, VIC",reported_place,locality,high,verified_gazetteer_point,frontend map_points row
canonical_frontend_public_map_row,"record_coord:263:-31.973333,152.151111",263,,,,Australian Yowie Research,/Users/jarlgiovanni/Desktop/bigfoot_research/public/data/frontend-data.json,"Belbora, New South Wales 2011",2011,-31.9733333,152.1511111,NSW,https://www.yowiehunters.com.au/new-south-wales/1582-belbora-new-south-wales-2011,"Belbora, NSW",reported_place,locality,high,verified_gazetteer_point,frontend map_points row
canonical_frontend_public_map_row,"record_coord:279:-27.318683,152.890919",279,,,,Australian Yowie Research,/Users/jarlgiovanni/Desktop/bigfoot_research/public/data/frontend-data.json,"Clear Mountain, Queensland 2011",2011,-27.3186825,152.890919,QLD,https://www.yowiehunters.com.au/queensland/1567-clear-mountain-queensland-2011,"Clear Mountain, QLD",reported_place,locality,high,verified_gazetteer_point,frontend map_points row
canonical_frontend_public_map_row,"record_coord:386:-28.273428,153.550510",386,,,,Australian Yowie Research,/Users/jarlgiovanni/Desktop/bigfoot_research/public/data/frontend-data.json,"Cudgen, New South Wales 2011",2011,-28.2734276,153.5505103,NSW,https://www.yowiehunters.com.au/new-south-wales/1568-cudgen-new-south-wales-2011,"Cudgen, NSW",reported_place,locality,high,verified_gazetteer_point,frontend map_points row
canonical_frontend_public_map_row,"record_coord:432:-29.681677,152.933636",432,,,,Australian Yowie Research,/Users/jarlgiovanni/Desktop/bigfoot_research/public/data/frontend-data.json,"Grafton, New South Wales 2011",2011,-29.6816773,152.9336357,NSW,https://www.yowiehunters.com.au/new-south-wales/1555-grafton-new-south-wales-2011,"Grafton, NSW",reported_place,locality,high,verified_gazetteer_point,frontend map_points row
canonical_frontend_public_map_row,"record_coord:498:-32.052115,152.260610",498,,,,Australian Yowie Research,/Users/jarlgiovanni/Desktop/bigfoot_research/public/data/frontend-data.json,"Krambach, New South Wales 2011",2011,-32.0521151,152.2606101,NSW,https://www.yowiehunters.com.au/new-south-wales/1573-kramback-new-south-wales-2011,"Krambach, NSW",reported_place,locality,high,verified_gazetteer_point,frontend map_points row
canonical_frontend_public_map_row,"record_coord:513:-17.017281,145.874649",513,,,,Australian Yowie Research,/Users/jarlgiovanni/Desktop/bigfoot_research/public/data/frontend-data.json,"Yarrabah, Queensland 2011",2011,-17.0172815,145.8746489,QLD,https://www.yowiehunters.com.au/queensland/1581-yarrabah-queensland-2011,"Yarrabah, QLD",reported_place,locality,high,verified_gazetteer_point,frontend map_points row
canonical_frontend_public_map_row,"record_coord:519:-30.211591,152.899461",519,,,,Australian Yowie Research,/Users/jarlgiovanni/Desktop/bigfoot_research/public/data/frontend-data.json,"Lowanna, New South Wales 2011",2011,-30.2115911,152.8994609,NSW,https://www.yowiehunters.com.au/new-south-wales/1574-lowanna-new-south-wales-2011,"Lowanna, NSW",reported_place,locality,high,verified_gazetteer_point,frontend map_points row
canonical_frontend_public_map_row,"record_coord:582:-30.820931,152.993314",582,,,,Australian Yowie Research,/Users/jarlgiovanni/Desktop/bigfoot_research/public/data/frontend-data.json,"Stuarts Point, New South Wales 2011",2011,-30.8209314,152.9933138,NSW,https://www.yowiehunters.com.au/new-south-wales/1579-stuarts-point-new-south-wales-2011,"Stuarts Point, NSW",reported_place,locality,high,verified_gazetteer_point,frontend map_points row
canonical_frontend_public_map_row,"record_coord:959:-29.681677,152.933636",959,,,,Australian Yowie Research,/Users/jarlgiovanni/Desktop/bigfoot_research/public/data/frontend-data.json,2011 - Daily Examiner Yowie Article,2011,-29.6816773,152.9336357,NSW,https://www.yowiehunters.com.au/media-clips/1741-2011-daily-examiner-yowie-article,Grafton,source_visible_place_hint,locality,medium,verified_gazetteer_point,frontend map_points row
canonical_frontend_public_map_row,"record_coord:3992:-42.785427,147.063622",3992,,,,Australian Broadcasting Corporation,/Users/jarlgiovanni/Desktop/bigfoot_research/public/data/frontend-data.json,Ghost hunters haunt old mental asylum,2011,-42.7854275,147.0636218,TAS,https://www.abc.net.au/news/2011-02-22/ghost-hunters-haunt-old-mental-asylum/1952878,"Willow Court, TAS",apparition_location,exact_site,B,verified_gazetteer_point,frontend map_points row
canonical_frontend_public_map_row,"record_coord:4081:-12.479961,130.984411",4081,,,,Territory Stories,/Users/jarlgiovanni/Desktop/bigfoot_research/public/data/frontend-data.json,ghosts in Ghosts in the old Palmerston Centre,2011,-12.4799608,130.9844108,NT,https://hdl.handle.net/10070/664952,"Palmerston, NT",reported_place,town,B,verified_gazetteer_point,frontend map_points row
canonical_frontend_public_map_row,"record_coord:4247:-42.785427,147.063622",4247,,,,Australian Broadcasting Corporation,/Users/jarlgiovanni/Desktop/bigfoot_research/public/data/frontend-data.json,Council hires real-life 'ghost busters',2011,-42.7854275,147.0636218,TAS,https://www.abc.net.au/news/2011-02-20/council-hires-real-life-ghost-busters/1950846,"Willow Court, TAS",apparition_location,exact_site,B,verified_gazetteer_point,frontend map_points row
canonical_frontend_public_map_row,"record_coord:4249:-35.282864,149.120954",4249,,,,Australian Broadcasting Corporation,/Users/jarlgiovanni/Desktop/bigfoot_research/public/data/frontend-data.json,The amazing Corrick collection,2011,-35.2828643,149.1209536,ACT,https://www.abc.net.au/news/2011-01-26/the-amazing-corrick-collection/2669908,"National Film and Sound Archive, ACT",apparition_location,exact_site,B,verified_gazetteer_point,frontend map_points row
canonical_frontend_public_map_row,"record_coord:4252:-34.917942,138.584849",4252,,,,Australian Broadcasting Corporation,/Users/jarlgiovanni/Desktop/bigfoot_research/public/data/frontend-data.json,Paranormal investigator Alison Oborn has seen and heard very strange things,2011,-34.9179424,138.5848489,SA,https://www.abc.net.au/listen/programs/conversations/alison-oborn/7758646,"Adelaide Gaol, SA",apparition_location,exact_site,B,verified_gazetteer_point,frontend map_points row
canonical_frontend_public_map_row,"record_coord:4331:-36.750000,144.266667",4331,,,,Australian Yowie Research / AYR Yowie Reports Map,/Users/jarlgiovanni/Desktop/bigfoot_research/public/data/frontend-data.json,"Written reports: Yowie Sighting at Bendigo (area), Victoria 2011",2011,-36.75,144.266667,VIC,https://www.yowiehunters.com.au/victoria/1548-bendigo-area-victoria-2011,"Bendigo (area), VIC",source_visible_place,locality,stage_only_public_report_marker,verified_place,frontend map_points row
canonical_frontend_public_map_row,"record_coord:4373:-32.571499,115.800896",4373,,,,Australian Yowie Research / AYR Yowie Reports Map,/Users/jarlgiovanni/Desktop/bigfoot_research/public/data/frontend-data.json,"YouTube reports, interviews: Yowie Sighting (Audio Report #106) near Mandurah in Western Australia (2011)",2011,-32.571499,115.800896,WA,https://www.youtube.com/watch?v=xVbSbMoiEoQ,"Mandurah in Western Australia, WA",source_visible_place,locality,stage_only_public_report_marker,verified_place,frontend map_points row
canonical_frontend_public_map_row,"record_coord:4374:-33.577376,115.825129",4374,,,,Australian Yowie Research / AYR Yowie Reports Map,/Users/jarlgiovanni/Desktop/bigfoot_research/public/data/frontend-data.json,"YouTube reports, interviews: Yowie Sighting (Audio Report #84) near Donnybrook, Western Australia (summer 2011)",2011,-33.5773757,115.8251293,WA,https://www.youtube.com/watch?v=75IRnEEwNI8,"Donnybrook, WA",source_visible_place,locality,stage_only_public_report_marker,verified_gazetteer_point,frontend map_points row
canonical_frontend_public_map_row,"record_coord:4502:-29.663333,152.933333",4502,,,,Australian Yowie Research / AYR Yowie Reports Map,/Users/jarlgiovanni/Desktop/bigfoot_research/public/data/frontend-data.json,Reports from newspapers: 2011 - Daily Examiner Yowie Article,2011,-29.663333,152.933333,NSW,https://www.yowiehunters.com.au/media-clips/1741-2011-daily-examiner-yowie-article,"2011 - Daily Examiner Yowie Article, NSW",source_visible_place,locality,stage_only_public_report_marker,verified_place,frontend map_points row
canonical_frontend_public_map_row,"record_coord:4557:-33.786324,150.397092",4557,,,,Australian Yowie Research / AYR Yowie Reports Map,/Users/jarlgiovanni/Desktop/bigfoot_research/public/data/frontend-data.json,"Photographs of footprints and handprints : Blue Mountains near Tablelands Road, New South Wales (Nov 2011)",2011,-33.786324,150.397092,NSW,https://www.yowiehunters.com.au/footprints,"Tablelands Road, NSW",source_visible_place,locality,stage_only_public_report_marker,verified_place,frontend map_points row
canonical_frontend_public_map_row,"record_coord:4568:-28.143488,153.221676",4568,,,,Australian Yowie Research / AYR Yowie Reports Map,/Users/jarlgiovanni/Desktop/bigfoot_research/public/data/frontend-data.json,"Photographs of footprints and handprints : Numinbah Valley, Queensland (2011)",2011,-28.143488,153.221676,QLD,https://www.yowiehunters.com.au/footprints,"Photographs of footprints and handprints : Numinbah Valley, Queensland, QLD",source_visible_place,locality,stage_only_public_report_marker,verified_place,frontend map_points row
canonical_frontend_public_map_row,"record_coord:4572:-33.712933,150.374574",4572,,,,Australian Yowie Research / AYR Yowie Reports Map,/Users/jarlgiovanni/Desktop/bigfoot_research/public/data/frontend-data.json,"Photographs of footprints and handprints : Wentworth Falls, New South Wales (2011)",2011,-33.712933,150.374574,NSW,https://www.yowiehunters.com.au/footprints,"Photographs of footprints and handprints : Wentworth Falls, New South Wales, NSW",source_visible_place,locality,stage_only_public_report_marker,verified_place,frontend map_points row
canonical_frontend_public_map_row,"record_coord:135:-33.196847,151.604940",135,,,,Australian Yowie Research,/Users/jarlgiovanni/Desktop/bigfoot_research/public/data/frontend-data.json,"Munmorah, New South Wales 2012",2012,-33.1968475,151.6049395,NSW,https://www.yowiehunters.com.au/new-south-wales/1827-munmorah-new-south-wales-2012,"Munmorah State Conservation Park, NSW",reported_place,locality,high,verified_gazetteer_point,frontend map_points row
canonical_frontend_public_map_row,"record_coord:197:-24.334620,151.564836",197,,,,Australian Yowie Research,/Users/jarlgiovanni/Desktop/bigfoot_research/public/data/frontend-data.json,"Miriam Vale, Queensland 2012",2012,-24.33462,151.5648363,QLD,https://www.yowiehunters.com.au/queensland/1591-miriam-vale-queensland-2012,"Miriam Vale, QLD",reported_place,locality,high,verified_gazetteer_point,frontend map_points row
canonical_frontend_public_map_row,"record_coord:274:-37.835268,145.944321",274,,,,Australian Yowie Research,/Users/jarlgiovanni/Desktop/bigfoot_research/public/data/frontend-data.json,"Noojee, Victoria 2012",2012,-37.8352675,145.9443211,VIC,https://www.yowiehunters.com.au/victoria/1583-noojee-victoria-2012,"Noojee, VIC",reported_place,locality,high,verified_gazetteer_point,frontend map_points row
canonical_frontend_public_map_row,"record_coord:345:-27.831857,153.022754",345,,,,Australian Yowie Research,/Users/jarlgiovanni/Desktop/bigfoot_research/public/data/frontend-data.json,"Jimboomba, Queensland 2012",2012,-27.8318573,153.0227538,QLD,https://www.yowiehunters.com.au/queensland/1937-jimboomba-queensland-2012,"Jimboomba, QLD",reported_place,locality,high,verified_gazetteer_point,frontend map_points row
canonical_frontend_public_map_row,"record_coord:456:-33.663060,151.102193",456,,,,Australian Yowie Research,/Users/jarlgiovanni/Desktop/bigfoot_research/public/data/frontend-data.json,"Hornsby Heights, New South Wales 2012",2012,-33.6630602,151.1021935,NSW,https://www.yowiehunters.com.au/new-south-wales/2107-hornsby-heights-new-south-wales-2012,"Hornsby Heights, NSW",reported_place,locality,high,verified_gazetteer_point,frontend map_points row
canonical_frontend_public_map_row,"record_coord:497:-26.144887,152.844270",497,,,,Australian Yowie Research,/Users/jarlgiovanni/Desktop/bigfoot_research/public/data/frontend-data.json,"Wolvi, Queensland 2012",2012,-26.1448875,152.8442704,QLD,https://www.yowiehunters.com.au/queensland/1609-wolvi-queensland-2012,"Wolvi, QLD",reported_place,locality,high,verified_gazetteer_point,frontend map_points row
canonical_frontend_public_map_row,"record_coord:505:-26.017191,152.370449",505,,,,Australian Yowie Research,/Users/jarlgiovanni/Desktop/bigfoot_research/public/data/frontend-data.json,"Woolooga, Queensland 2012",2012,-26.0171915,152.3704487,QLD,https://www.yowiehunters.com.au/queensland/2113-woolooga-queensland-2012,"Woolooga, QLD",reported_place,locality,high,verified_gazetteer_point,frontend map_points row
canonical_frontend_public_map_row,"record_coord:536:-34.442184,150.806713",536,,,,Australian Yowie Research,/Users/jarlgiovanni/Desktop/bigfoot_research/public/data/frontend-data.json,"Mt. Kembla, New South Wales 2012",2012,-34.4421839,150.8067132,NSW,https://www.yowiehunters.com.au/new-south-wales/1600-mt-kembla-new-south-wales-2012,"Mt. Kembla, NSW",reported_place,locality,high,verified_gazetteer_point,frontend map_points row
canonical_frontend_public_map_row,"record_coord:539:-28.381800,153.284600",539,,,,Australian Yowie Research,/Users/jarlgiovanni/Desktop/bigfoot_research/public/data/frontend-data.json,"Mt. Warning, New South Wales 2012",2012,-28.3818,153.2846,NSW,https://www.yowiehunters.com.au/new-south-wales/2117-mt-warning-new-south-wales-2012,"Mt Warning, NSW",reported_place,locality,high,verified_gazetteer_point,frontend map_points row
canonical_frontend_public_map_row,"record_coord:568:-35.948500,148.634600",568,,,,Australian Yowie Research,/Users/jarlgiovanni/Desktop/bigfoot_research/public/data/frontend-data.json,"Providence Portal, New South Wales 2012",2012,-35.9485,148.6346,NSW,https://www.yowiehunters.com.au/new-south-wales/1602-providence-portal-new-south-wales-2012,"Providence Portal, NSW",reported_place,locality,high,verified_gazetteer_point,frontend map_points row
canonical_frontend_public_map_row,"record_coord:583:-30.820931,152.993314",583,,,,Australian Yowie Research,/Users/jarlgiovanni/Desktop/bigfoot_research/public/data/frontend-data.json,"Stuarts Point, New South Wales 2012",2012,-30.8209314,152.9933138,NSW,https://www.yowiehunters.com.au/new-south-wales/2082-stuarts-point-new-south-wales-2012,"Stuarts Point, NSW",reported_place,locality,high,verified_gazetteer_point,frontend map_points row
canonical_frontend_public_map_row,"record_coord:589:-28.838430,152.281317",589,,,,Australian Yowie Research,/Users/jarlgiovanni/Desktop/bigfoot_research/public/data/frontend-data.json,"Tenterfield, New South Wales 2012",2012,-28.83843,152.2813166,NSW,https://www.yowiehunters.com.au/new-south-wales/1868-tenterfield-new-south-wales-2012,"Tenterfield, NSW",reported_place,locality,high,verified_gazetteer_point,frontend map_points row
canonical_frontend_public_map_row,"record_coord:611:-33.009524,151.376892",611,,,,Australian Yowie Research,/Users/jarlgiovanni/Desktop/bigfoot_research/public/data/frontend-data.json,"Watagans, New South Wales 2012",2012,-33.0095237,151.3768922,NSW,https://www.yowiehunters.com.au/new-south-wales/1628-watigans-new-south-wales-2012,"Watagans, NSW",reported_place,locality,high,verified_gazetteer_point,frontend map_points row
canonical_frontend_public_map_row,"record_coord:960:-33.869844,151.208285",960,,,,Australian Yowie Research,/Users/jarlgiovanni/Desktop/bigfoot_research/public/data/frontend-data.json,2012 - Sydney Telegraph Yowie Article,2012,-33.8698439,151.2082848,NSW,https://www.yowiehunters.com.au/media-clips/1776-2012-sydney-telegraph-yowie-article,"Sydney, NSW",reported_place,locality,medium,verified_gazetteer_point,frontend map_points row
canonical_frontend_public_map_row,"record_coord:961:-33.496492,150.528818",961,,,,Australian Yowie Research,/Users/jarlgiovanni/Desktop/bigfoot_research/public/data/frontend-data.json,2012- News.Com Yowie Article,2012,-33.496492,150.5288182,NSW,https://www.yowiehunters.com.au/media-clips/1916-2012-news-com-yowie-article,Bilpin,source_visible_place_hint,locality,medium,verified_gazetteer_point,frontend map_points row
canonical_frontend_public_map_row,"record_coord:1048:-37.814245,144.963173",1048,,,,Australian Yowie Research,/Users/jarlgiovanni/Desktop/bigfoot_research/public/data/frontend-data.json,2012 - Herald Sun Yowie Article,2012,-37.8142454,144.9631732,VIC,https://www.yowiehunters.com.au/media-clips/1915-2012-herald-sun-yowie-article,"Melbourne, VIC",reported_place,locality,medium,verified_gazetteer_point,frontend map_points row
canonical_frontend_public_map_row,"record_coord:4144:-34.915274,138.594466",4144,,,,Australian Broadcasting Corporation,/Users/jarlgiovanni/Desktop/bigfoot_research/public/data/frontend-data.json,local ghost stories in Alison Oborn Adelaide Gaol ghost stories,2012,-34.915274,138.594466,SA,https://www.abc.net.au/listen/programs/conversations/paranormal-investigator-alison-oborn-has-seen-and-heard-very-str/7757318,"Old Adelaide Gaol, SA",apparition_location,exact_site,B,verified_gazetteer_point,frontend map_points row
canonical_frontend_public_map_row,"record_coord:4244:-32.055344,115.753456",4244,,,,Australian Broadcasting Corporation,/Users/jarlgiovanni/Desktop/bigfoot_research/public/data/frontend-data.json,Fremantle prison,2012,-32.0553437,115.7534563,WA,https://www.abc.net.au/radionational/programs/lawreport/fremantle-prison/3943178,"Fremantle Prison, WA",apparition_location,exact_site,B,verified_gazetteer_point,frontend map_points row
canonical_frontend_public_map_row,"record_coord:4254:-34.815026,147.672675",4254,,,,Australian Broadcasting Corporation,/Users/jarlgiovanni/Desktop/bigfoot_research/public/data/frontend-data.json,Haunted Houses,2012,-34.8150256,147.672675,NSW,https://www.abc.net.au/listen/programs/spiritofthings/haunted-houses/4124218,"Junee, NSW",apparition_location,town,B,verified_gazetteer_point,frontend map_points row
canonical_frontend_public_map_row,"record_coord:4342:-33.182000,151.585000",4342,,,,Australian Yowie Research / AYR Yowie Reports Map,/Users/jarlgiovanni/Desktop/bigfoot_research/public/data/frontend-data.json,"Written reports: Yowie Sighting at Munmorah, New South Wales 2012",2012,-33.182,151.585,NSW,https://www.yowiehunters.com.au/new-south-wales/1685-lake-munmorah-new-south-wales-2006,"Munmorah, NSW",source_visible_place,locality,stage_only_public_report_marker,verified_place,frontend map_points row
canonical_frontend_public_map_row,"record_coord:4343:-33.182000,151.585000",4343,,,,Australian Yowie Research / AYR Yowie Reports Map,/Users/jarlgiovanni/Desktop/bigfoot_research/public/data/frontend-data.json,"Written reports: Yowie Sighting at Munmorah, New South Wales 2012",2012,-33.182,151.585,NSW,https://www.yowiehunters.com.au/new-south-wales/1827-munmorah-new-south-wales-2012,"Munmorah, NSW",source_visible_place,locality,stage_only_public_report_marker,verified_place,frontend map_points row
canonical_frontend_public_map_row,"record_coord:4375:-26.086550,152.367490",4375,,,,Australian Yowie Research / AYR Yowie Reports Map,/Users/jarlgiovanni/Desktop/bigfoot_research/public/data/frontend-data.json,"YouTube reports, interviews: Yowie Sighting (Audio Report #146) at Woolooga Queensland (2012)",2012,-26.08655,152.36749,QLD,https://www.youtube.com/watch?v=A8nK8RttZ9g,"Woolooga Queensland, QLD",source_visible_place,locality,stage_only_public_report_marker,verified_place,frontend map_points row
canonical_frontend_public_map_row,"record_coord:4376:-32.680173,116.675168",4376,,,,Australian Yowie Research / AYR Yowie Reports Map,/Users/jarlgiovanni/Desktop/bigfoot_research/public/data/frontend-data.json,"Written reports: Yowie Sighting at Wandering, WA (Aug 2012)",2012,-32.680173,116.675168,WA,https://www.yowiehunters.com.au/western-australia/1601-wandering-western-australia-2012,"Wandering, WA",source_visible_place,locality,stage_only_public_report_marker,verified_place,frontend map_points row
canonical_frontend_public_map_row,"record_coord:4384:-28.322671,153.463307",4384,,,,Australian Yowie Research / AYR Yowie Reports Map,/Users/jarlgiovanni/Desktop/bigfoot_research/public/data/frontend-data.json,"YouTube reports, interviews: Yowie Sighting (Audio Report #07) at Nunderi, New South Wales (2012)",2012,-28.3226712,153.4633068,NSW,https://www.youtube.com/watch?v=L_uD_zF_B8Y,"Nunderi, NSW",source_visible_place,locality,stage_only_public_report_marker,verified_gazetteer_point,frontend map_points row
canonical_frontend_public_map_row,"record_coord:4503:-33.708000,150.545000",4503,,,,Australian Yowie Research / AYR Yowie Reports Map,/Users/jarlgiovanni/Desktop/bigfoot_research/public/data/frontend-data.json,Reports from newspapers: 2012 - Sydney Telegraph Yowie Article,2012,-33.708,150.545,NSW,https://www.yowiehunters.com.au/media-clips/1776-2012-sydney-telegraph-yowie-article,"2012 - Sydney Telegraph Yowie Article, NSW",source_visible_place,locality,stage_only_public_report_marker,verified_place,frontend map_points row
canonical_frontend_public_map_row,"record_coord:4580:-26.032201,152.378640",4580,,,,Australian Yowie Research / AYR Yowie Reports Map,/Users/jarlgiovanni/Desktop/bigfoot_research/public/data/frontend-data.json,"Witness sketches: Woolooga, Queensland(2012)",2012,-26.032201,152.37864,QLD,https://www.yowiehunters.com.au/witness-sketches,"Woolooga, Queensland, QLD",source_visible_place,locality,stage_only_public_report_marker,verified_place,frontend map_points row
canonical_frontend_public_map_row,"record_coord:74:-37.639909,148.886998",74,,,,Australian Yowie Research,/Users/jarlgiovanni/Desktop/bigfoot_research/public/data/frontend-data.json,"Bemm River, Victoria 2013",2013,-37.639909,148.8869984,VIC,https://www.yowiehunters.com.au/victoria/2095-bemm-river-victoria-2013,"Bemm River, VIC",reported_place,locality,high,verified_gazetteer_point,frontend map_points row
canonical_frontend_public_map_row,"record_coord:75:-37.653722,145.516153",75,,,,Australian Yowie Research,/Users/jarlgiovanni/Desktop/bigfoot_research/public/data/frontend-data.json,"Healesville, Victoria 2013",2013,-37.6537218,145.5161533,VIC,https://www.yowiehunters.com.au/victoria/1677-healesville-victoria-2013,"Healesville, VIC",reported_place,locality,high,verified_gazetteer_point,frontend map_points row
canonical_frontend_public_map_row,"record_coord:136:-34.703204,150.166024",136,,,,Australian Yowie Research,/Users/jarlgiovanni/Desktop/bigfoot_research/public/data/frontend-data.json,"Wingello, New South Wales 2012",2013,-34.7032044,150.1660245,NSW,https://www.yowiehunters.com.au/new-south-wales/1664-wingello-new-south-wales-2012,"Wingello, NSW",reported_place,locality,high,verified_gazetteer_point,frontend map_points row
canonical_frontend_public_map_row,"record_coord:137:-33.503870,150.927493",137,,,,Australian Yowie Research,/Users/jarlgiovanni/Desktop/bigfoot_research/public/data/frontend-data.json,"Hawkesburry River, New South Wales 2013",2013,-33.5038702,150.9274931,NSW,https://www.yowiehunters.com.au/new-south-wales/1622-hawkesburry-river-new-south-wales-2013,"Hawkesbury River, NSW",reported_place,locality,high,verified_gazetteer_point,frontend map_points row
canonical_frontend_public_map_row,"record_coord:138:-32.822541,147.976136",138,,,,Australian Yowie Research,/Users/jarlgiovanni/Desktop/bigfoot_research/public/data/frontend-data.json,"Parkes, New South Wales 2013",2013,-32.8225409,147.9761363,NSW,https://www.yowiehunters.com.au/new-south-wales/1618-central-new-south-wales-2013,"Parkes, NSW",reported_place,town,high,verified_gazetteer_point,frontend map_points row
canonical_frontend_public_map_row,"record_coord:139:-29.668159,153.106475",139,,,,Australian Yowie Research,/Users/jarlgiovanni/Desktop/bigfoot_research/public/data/frontend-data.json,"Tucabia, New South Wales 2013",2013,-29.6681594,153.1064755,NSW,https://www.yowiehunters.com.au/new-south-wales/1867-tucabia-new-south-wales-2013,"Tucabia, NSW",reported_place,locality,high,verified_gazetteer_point,frontend map_points row
canonical_frontend_public_map_row,"record_coord:198:-26.964480,153.120238",198,,,,Australian Yowie Research,/Users/jarlgiovanni/Desktop/bigfoot_research/public/data/frontend-data.json,"Bribie Island, Queensland 2013",2013,-26.9644799,153.120238,QLD,https://www.yowiehunters.com.au/queensland/1656-bribie-island-queensland-2013,"Bribie Island, QLD",reported_place,locality,high,verified_gazetteer_point,frontend map_points row
canonical_frontend_public_map_row,"record_coord:199:-27.639534,152.413289",199,,,,Australian Yowie Research,/Users/jarlgiovanni/Desktop/bigfoot_research/public/data/frontend-data.json,"Laidley, Queensland 2013",2013,-27.6395345,152.4132894,QLD,https://www.yowiehunters.com.au/queensland/1661-laidley-queensland-2013,"Laidley, QLD",reported_place,locality,high,verified_gazetteer_point,frontend map_points row
canonical_frontend_public_map_row,"record_coord:226:-38.339977,143.585854",226,,,,Australian Yowie Research,/Users/jarlgiovanni/Desktop/bigfoot_research/public/data/frontend-data.json,"Colac, Victoria 2013",2013,-38.3399766,143.5858537,VIC,https://www.yowiehunters.com.au/victoria/1658-colac-victoria-2013,"Colac, VIC",reported_place,locality,high,verified_gazetteer_point,frontend map_points row
canonical_frontend_public_map_row,"record_coord:278:-28.763164,153.348012",278,,,,Australian Yowie Research,/Users/jarlgiovanni/Desktop/bigfoot_research/public/data/frontend-data.json,"Bexhill, New South Wales 2013",2013,-28.7631637,153.3480115,NSW,https://www.yowiehunters.com.au/new-south-wales/1623-bexhill-new-south-wales-2013,"Bexhill, NSW",reported_place,locality,high,verified_gazetteer_point,frontend map_points row
canonical_frontend_public_map_row,"record_coord:293:-33.746076,150.609270",293,,,,Australian Yowie Research,/Users/jarlgiovanni/Desktop/bigfoot_research/public/data/frontend-data.json,"Blaxland, New South Wales 2013",2013,-33.7460755,150.6092697,NSW,https://www.yowiehunters.com.au/new-south-wales/1663-blaxland-new-south-wales-2013,"Blaxland, NSW",reported_place,locality,high,verified_gazetteer_point,frontend map_points row
canonical_frontend_public_map_row,"record_coord:309:-27.643611,153.153811",309,,,,Australian Yowie Research,/Users/jarlgiovanni/Desktop/bigfoot_research/public/data/frontend-data.json,"Daisy Hill, Queensland 2013",2013,-27.643611,153.1538113,QLD,https://www.yowiehunters.com.au/queensland/1660-daisy-hill-queensland-2013,"Daisy Hill, QLD",reported_place,locality,high,verified_gazetteer_point,frontend map_points row
canonical_frontend_public_map_row,"record_coord:311:-27.182259,151.263417",311,,,,Australian Yowie Research,/Users/jarlgiovanni/Desktop/bigfoot_research/public/data/frontend-data.json,"Dalby, Queensland 2013",2013,-27.1822593,151.2634168,QLD,https://www.yowiehunters.com.au/queensland/1657-dalby-queensland-2013,"Dalby, QLD",reported_place,locality,high,verified_gazetteer_point,frontend map_points row
canonical_frontend_public_map_row,"record_coord:379:-27.928062,153.282330",379,,,,Australian Yowie Research,/Users/jarlgiovanni/Desktop/bigfoot_research/public/data/frontend-data.json,"Maudsland, Queensland 2013",2013,-27.9280622,153.2823303,QLD,https://www.yowiehunters.com.au/queensland/2282-maudsland-queensland-2013,"Maudsland/Pacific Pines, QLD",reported_place,locality,high,verified_gazetteer_point,frontend map_points row
canonical_frontend_public_map_row,"record_coord:414:-33.767066,150.622492",414,,,,Australian Yowie Research,/Users/jarlgiovanni/Desktop/bigfoot_research/public/data/frontend-data.json,"Glenbrook, New South Wales 2013",2013,-33.7670661,150.622492,NSW,https://www.yowiehunters.com.au/new-south-wales/1845-glenbrook-new-south-wales-2013,"Glenbrook, NSW",reported_place,locality,high,verified_gazetteer_point,frontend map_points row
canonical_frontend_public_map_row,"record_coord:438:-33.896790,148.160764",438,,,,Australian Yowie Research,/Users/jarlgiovanni/Desktop/bigfoot_research/public/data/frontend-data.json,"Grenfell, New South Wales 2013",2013,-33.8967902,148.160764,NSW,https://www.yowiehunters.com.au/new-south-wales/1842-grenfell-new-south-wales-2013,"Grenfell, NSW",reported_place,locality,high,verified_gazetteer_point,frontend map_points row
canonical_frontend_public_map_row,"record_coord:461:-27.493486,152.544258",461,,,,Australian Yowie Research,/Users/jarlgiovanni/Desktop/bigfoot_research/public/data/frontend-data.json,"Tarampa, Queensland 2013",2013,-27.4934865,152.5442582,QLD,https://www.yowiehunters.com.au/queensland/2077-tarampa-queens-and-2013,"Tarampa, QLD",reported_place,locality,high,verified_gazetteer_point,frontend map_points row
canonical_frontend_public_map_row,"record_coord:466:-29.581665,152.551107",466,,,,Australian Yowie Research,/Users/jarlgiovanni/Desktop/bigfoot_research/public/data/frontend-data.json,"Jackadgery, New South Wales 2013",2013,-29.5816646,152.5511068,NSW,https://www.yowiehunters.com.au/new-south-wales/2260-jackadgery-new-south-wales-2013,"Jackadgery, NSW",reported_place,locality,high,verified_gazetteer_point,frontend map_points row
canonical_frontend_public_map_row,"record_coord:528:-35.421759,149.939047",528,,,,Australian Yowie Research,/Users/jarlgiovanni/Desktop/bigfoot_research/public/data/frontend-data.json,"Mongarlowe, New South Wales 2013",2013,-35.4217586,149.9390471,NSW,https://www.yowiehunters.com.au/new-south-wales/2264-mongarlowe-new-south-wales-2013,"Mongarlowe, NSW",reported_place,locality,high,verified_gazetteer_point,frontend map_points row
canonical_frontend_public_map_row,"record_coord:529:-33.465000,151.217778",529,,,,Australian Yowie Research,/Users/jarlgiovanni/Desktop/bigfoot_research/public/data/frontend-data.json,"Mooney Mooney, New South Wales 2013",2013,-33.465,151.2177778,NSW,https://www.yowiehunters.com.au/new-south-wales/1624-mooney-mooney-new-south-wales-2013,"Mooney Mooney Creek, NSW",reported_place,locality,high,verified_gazetteer_point,frontend map_points row
canonical_frontend_public_map_row,"record_coord:537:-34.442184,150.806713",537,,,,Australian Yowie Research,/Users/jarlgiovanni/Desktop/bigfoot_research/public/data/frontend-data.json,"Mt. Kembla, New South Wales 2013",2013,-34.4421839,150.8067132,NSW,https://www.yowiehunters.com.au/new-south-wales/1955-mt-kembla-new-south-wales-2013,"Mt. Kembla, NSW",reported_place,locality,high,verified_gazetteer_point,frontend map_points row
canonical_frontend_public_map_row,"record_coord:572:-33.822573,149.047351",572,,,,Australian Yowie Research,/Users/jarlgiovanni/Desktop/bigfoot_research/public/data/frontend-data.json,"Roseberg State Forest, New South Wales 2013",2013,-33.8225728,149.0473509,NSW,https://www.yowiehunters.com.au/new-south-wales/1629-roseberg-state-forest-new-south-wales-2013,"Roseberg State Forest, NSW",reported_place,locality,medium,verified_gazetteer_point,frontend map_points row
canonical_frontend_public_map_row,"record_coord:573:-33.822573,149.047351",573,,,,Australian Yowie Research,/Users/jarlgiovanni/Desktop/bigfoot_research/public/data/frontend-data.json,"Roseberg State Forest, New South Wales 2013",2013,-33.8225728,149.0473509,NSW,https://www.yowiehunters.com.au/new-south-wales/2058-roseberg-state-forest-new-south-wales-2014,"Roseberg State Forest, NSW",reported_place,locality,high,verified_gazetteer_point,frontend map_points row
canonical_frontend_public_map_row,"record_coord:578:-29.880724,151.217908",578,,,,Australian Yowie Research,/Users/jarlgiovanni/Desktop/bigfoot_research/public/data/frontend-data.json,"Stannifer, New South Wales 2013",2013,-29.8807245,151.2179078,NSW,https://www.yowiehunters.com.au/new-south-wales/1689-stannifer-new-south-wales-2013,"Stannifer, NSW",reported_place,locality,high,verified_gazetteer_point,frontend map_points row
canonical_frontend_public_map_row,"record_coord:596:-29.311298,151.696747",596,,,,Australian Yowie Research,/Users/jarlgiovanni/Desktop/bigfoot_research/public/data/frontend-data.json,"Torrington, New South Wales 2013",2013,-29.3112985,151.6967475,NSW,https://www.yowiehunters.com.au/new-south-wales/1914-torrington-new-south-wales-2013,"Torrington, NSW",reported_place,locality,high,verified_gazetteer_point,frontend map_points row
canonical_frontend_public_map_row,"record_coord:962:-27.561531,152.279135",962,,,,Australian Yowie Research,/Users/jarlgiovanni/Desktop/bigfoot_research/public/data/frontend-data.json,2013 - Queensland Times Yowie Article,2013,-27.5615314,152.2791353,QLD,https://www.yowiehunters.com.au/media-clips/1742-2013-queensland-times-yowie-article,Gatton,source_visible_place_hint,locality,medium,verified_gazetteer_point,frontend map_points row
canonical_frontend_public_map_row,"record_coord:1096:-28.763164,153.348012",1096,,,,Australian Yowie Research,/Users/jarlgiovanni/Desktop/bigfoot_research/public/data/frontend-data.json,2013 - Northern Star Yowie Article,2013,-28.7631637,153.3480115,NSW,https://www.yowiehunters.com.au/media-clips/1740-2013-northern-star-yowie-article,Bexhill,source_visible_place_hint,locality,medium,verified_gazetteer_point,frontend map_points row
canonical_frontend_public_map_row,"record_coord:3997:-37.810691,144.972317",3997,,,,Australian Broadcasting Corporation,/Users/jarlgiovanni/Desktop/bigfoot_research/public/data/frontend-data.json,Faust's Ghost,2013,-37.8106911,144.9723167,VIC,https://www.abc.net.au/radionational/programs/archived/hindsight/faust-in-australia/4506328,"Princess Theatre Melbourne, VIC",apparition_location,exact_site,B,verified_gazetteer_point,frontend map_points row
canonical_frontend_public_map_row,"record_coord:4047:-41.490018,147.168319",4047,,,,Australian Broadcasting Corporation,/Users/jarlgiovanni/Desktop/bigfoot_research/public/data/frontend-data.json,Ghost hunters check Tasmania's Franklin House for bumps in the night,2013,-41.4900176,147.1683193,TAS,https://www.abc.net.au/news/2013-07-08/ghostbusters-check-colonial-house-for-bumps-in-the-night/4804354,"Franklin House, TAS",apparition_location,exact_site,B,verified_gazetteer_point,frontend map_points row
canonical_frontend_public_map_row,"record_coord:4074:-12.428580,130.843104",4074,,,,Territory Stories,/Users/jarlgiovanni/Desktop/bigfoot_research/public/data/frontend-data.json,ghost in Darwin Ambulance Centre resident ghost,2013,-12.42858,130.8431037,NT,https://hdl.handle.net/10070/583757,"Darwin Ambulance Centre, Parap, NT",apparition_location,exact_site,B,verified_gazetteer_point,frontend map_points row
canonical_frontend_public_map_row,"record_coord:4246:-42.785427,147.063622",4246,,,,Australian Broadcasting Corporation,/Users/jarlgiovanni/Desktop/bigfoot_research/public/data/frontend-data.json,Drama over ghost documentary,2013,-42.7854275,147.0636218,TAS,https://www.abc.net.au/news/2013-02-22/drama-over-ghost-documentary/4535132,"Willow Court, TAS",apparition_location,exact_site,B,verified_gazetteer_point,frontend map_points row
canonical_frontend_public_map_row,"record_coord:4314:-33.565000,151.300000",4314,,,,Australian Yowie Research / AYR Yowie Reports Map,/Users/jarlgiovanni/Desktop/bigfoot_research/public/data/frontend-data.json,"Written reports: Yowie Sighting at Hawkesburry River, New South Wales 2013",2013,-33.565,151.3,NSW,https://www.yowiehunters.com.au/new-south-wales/1622-hawkesburry-river-new-south-wales-2013,"Hawkesburry River, NSW",source_visible_place,locality,stage_only_public_report_marker,verified_place,frontend map_points row
canonical_frontend_public_map_row,"record_coord:4329:-33.384360,148.007600",4329,,,,Australian Yowie Research / AYR Yowie Reports Map,/Users/jarlgiovanni/Desktop/bigfoot_research/public/data/frontend-data.json,Written reports: Yowie Sighting in Central New South Wales 2013,2013,-33.38436,148.0076,NSW,https://www.yowiehunters.com.au/new-south-wales/1618-central-new-south-wales-2013,"Central New South Wales, NSW",source_visible_place,locality,stage_only_public_report_marker,verified_place,frontend map_points row
canonical_frontend_public_map_row,"record_coord:4333:-33.523000,151.201000",4333,,,,Australian Yowie Research / AYR Yowie Reports Map,/Users/jarlgiovanni/Desktop/bigfoot_research/public/data/frontend-data.json,"Written reports: Yowie Sighting at Mooney Mooney, New South Wales 2013",2013,-33.523,151.201,NSW,https://www.yowiehunters.com.au/new-south-wales/1624-mooney-mooney-new-south-wales-2013,"Mooney Mooney, NSW",source_visible_place,locality,stage_only_public_report_marker,verified_place,frontend map_points row
canonical_frontend_public_map_row,"record_coord:4377:-34.703204,150.166024",4377,,,,Australian Yowie Research / AYR Yowie Reports Map,/Users/jarlgiovanni/Desktop/bigfoot_research/public/data/frontend-data.json,"YouTube reports, interviews: Possible Yowie Sighting (Audio Report #09) at Wingello, New South Wales (Nov 2013)",2013,-34.7032044,150.1660245,NSW,https://www.youtube.com/watch?v=r7KVsm2ruU,"Wingello, NSW",source_visible_place,locality,stage_only_public_report_marker,verified_gazetteer_point,frontend map_points row
canonical_frontend_public_map_row,"record_coord:4379:-33.706136,150.564693",4379,,,,Australian Yowie Research / AYR Yowie Reports Map,/Users/jarlgiovanni/Desktop/bigfoot_research/public/data/frontend-data.json,"YouTube reports, interviews: Yowie Sighting (Audio Report #13) at Springwood, Blue Mountains, New South Wales (Dec 2013)",2013,-33.706136,150.564693,NSW,https://www.youtube.com/watch?v=hR9UV7jEQBs,"Springwood, Blue Mountains, NSW",source_visible_place,locality,stage_only_public_report_marker,verified_place,frontend map_points row
canonical_frontend_public_map_row,"record_coord:4504:-28.743000,153.357000",4504,,,,Australian Yowie Research / AYR Yowie Reports Map,/Users/jarlgiovanni/Desktop/bigfoot_research/public/data/frontend-data.json,Reports from newspapers: 2013 - Northern Star Yowie Article,2013,-28.743,153.357,QLD,https://www.yowiehunters.com.au/media-clips/1740-2013-northern-star-yowie-article,"2013 - Northern Star Yowie Article, QLD",source_visible_place,locality,stage_only_public_report_marker,verified_place,frontend map_points row
canonical_frontend_public_map_row,"record_coord:4505:-27.720800,152.375200",4505,,,,Australian Yowie Research / AYR Yowie Reports Map,/Users/jarlgiovanni/Desktop/bigfoot_research/public/data/frontend-data.json,Reports from newspapers: 2013 - Queensland Times Yowie Article,2013,-27.7208,152.3752,QLD,https://www.yowiehunters.com.au/media-clips/1742-2013-queensland-times-yowie-article,"2013 - Queensland Times Yowie Article, QLD",source_visible_place,locality,stage_only_public_report_marker,verified_place,frontend map_points row
canonical_frontend_public_map_row,"record_coord:4567:-27.976600,153.293618",4567,,,,Australian Yowie Research / AYR Yowie Reports Map,/Users/jarlgiovanni/Desktop/bigfoot_research/public/data/frontend-data.json,"Photographs of footprints and handprints : Nerang State Forest, Queensland (2013)",2013,-27.9766,153.293618,QLD,https://www.yowiehunters.com.au/footprints,"Photographs of footprints and handprints : Nerang State Forest, Queensland, QLD",source_visible_place,locality,stage_only_public_report_marker,verified_place,frontend map_points row
canonical_frontend_public_map_row,"record_coord:27:-31.526456,138.606148",27,,,,Australian Yowie Research,/Users/jarlgiovanni/Desktop/bigfoot_research/public/data/frontend-data.json,"Wilpena Pound, South Australia 2014",2014,-31.5264564,138.606148,SA,https://www.yowiehunters.com.au/south-australia/1805-wilpena-pound-south-australia-2014,"Wilpena Pound, SA",reported_place,locality,high,verified_gazetteer_point,frontend map_points row
canonical_frontend_public_map_row,"record_coord:140:-31.121216,150.988881",140,,,,Australian Yowie Research,/Users/jarlgiovanni/Desktop/bigfoot_research/public/data/frontend-data.json,"Nemingha, New South Wales 2014",2014,-31.1212156,150.9888808,NSW,https://www.yowiehunters.com.au/new-south-wales/1838-nemingha-new-south-wales-2014,"Nemingha, NSW",reported_place,locality,high,verified_gazetteer_point,frontend map_points row
canonical_frontend_public_map_row,"record_coord:200:-24.308266,151.937952",200,,,,Australian Yowie Research,/Users/jarlgiovanni/Desktop/bigfoot_research/public/data/frontend-data.json,"Deepwater National Park, Queensland 2014",2014,-24.3082663,151.9379523,QLD,https://www.yowiehunters.com.au/queensland/1829-deepwater-national-park-queensland-2014,"Deepwater National Park, QLD",reported_place,locality,high,verified_gazetteer_point,frontend map_points row
canonical_frontend_public_map_row,"record_coord:281:-33.496492,150.528818",281,,,,Australian Yowie Research,/Users/jarlgiovanni/Desktop/bigfoot_research/public/data/frontend-data.json,"Bilpin, New South Wales 2014",2014,-33.496492,150.5288182,NSW,https://www.yowiehunters.com.au/new-south-wales/1682-bilpin-new-south-wales-2014,"Bilpin, NSW",reported_place,locality,high,verified_gazetteer_point,frontend map_points row
canonical_frontend_public_map_row,"record_coord:289:-37.901585,143.719804",289,,,,Australian Yowie Research,/Users/jarlgiovanni/Desktop/bigfoot_research/public/data/frontend-data.json,"Rokewood, Victoria 2014",2014,-37.9015846,143.7198039,VIC,https://www.yowiehunters.com.au/victoria/2008-rokewood-victoria-2014,"Rokewood, VIC",reported_place,locality,high,verified_gazetteer_point,frontend map_points row
canonical_frontend_public_map_row,"record_coord:343:-27.781997,153.354878",343,,,,Australian Yowie Research,/Users/jarlgiovanni/Desktop/bigfoot_research/public/data/frontend-data.json,"Jacobs Well, Queensland 2014",2014,-27.781997,153.3548782,QLD,https://www.yowiehunters.com.au/queensland/2191-jacobs-well-queensland-2014,"Jacobs Well, QLD",reported_place,locality,high,verified_gazetteer_point,frontend map_points row
canonical_frontend_public_map_row,"record_coord:360:-32.831667,151.351111",360,,,,Australian Yowie Research,/Users/jarlgiovanni/Desktop/bigfoot_research/public/data/frontend-data.json,"Cessnock, New South Wales 2014",2014,-32.8316667,151.3511111,NSW,https://www.yowiehunters.com.au/new-south-wales/1672-cessnock-new-south-wales-2014,"Cessnock, NSW",reported_place,locality,high,verified_gazetteer_point,frontend map_points row
canonical_frontend_public_map_row,"record_coord:378:-31.281667,152.784444",378,,,,Australian Yowie Research,/Users/jarlgiovanni/Desktop/bigfoot_research/public/data/frontend-data.json,"Cooperbung, New South Wales 2014",2014,-31.2816667,152.7844444,NSW,https://www.yowiehunters.com.au/new-south-wales/2033-cooperbung-new-south-wales-2014,"Cooperbung, NSW",reported_place,locality,high,verified_gazetteer_point,frontend map_points row
canonical_frontend_public_map_row,"record_coord:428:-29.681677,152.933636",428,,,,Australian Yowie Research,/Users/jarlgiovanni/Desktop/bigfoot_research/public/data/frontend-data.json,"Grafton - Coutts Crossing, New South Wales 2014",2014,-29.6816773,152.9336357,NSW,https://www.yowiehunters.com.au/new-south-wales/2073-grafton-coutts-crossing-nsw-2014,"Grafton, NSW",reported_place,locality,high,verified_gazetteer_point,frontend map_points row
canonical_frontend_public_map_row,"record_coord:963:-16.920666,145.772185",963,,,,Australian Yowie Research,/Users/jarlgiovanni/Desktop/bigfoot_research/public/data/frontend-data.json,2014 - Cairns Post Yowie Article,2014,-16.9206657,145.7721854,QLD,https://www.yowiehunters.com.au/media-clips/1736-2014-cairns-post-yowie-article,"Cairns, QLD",reported_place,locality,medium,verified_gazetteer_point,frontend map_points row
canonical_frontend_public_map_row,"record_coord:964:-16.920666,145.772185",964,,,,Australian Yowie Research,/Users/jarlgiovanni/Desktop/bigfoot_research/public/data/frontend-data.json,2014 - Cairns Post Yowie Article 2,2014,-16.9206657,145.7721854,QLD,https://www.yowiehunters.com.au/media-clips/1738-2014-cairns-post-yowie-article-2,"Cairns, QLD",reported_place,locality,medium,verified_gazetteer_point,frontend map_points row
canonical_frontend_public_map_row,"record_coord:965:-35.297591,149.101268",965,,,,Australian Yowie Research,/Users/jarlgiovanni/Desktop/bigfoot_research/public/data/frontend-data.json,"2014 - Canberra Times, Re: 1912 Braidwood",2014,-35.2975906,149.1012676,ACT,https://www.yowiehunters.com.au/media-clips/1726-2014-canberra-times-re-1912-braidwood,"Canberra, ACT",reported_place,town,medium,verified_gazetteer_point,frontend map_points row
canonical_frontend_public_map_row,"record_coord:966:-26.190045,152.660026",966,,,,Australian Yowie Research,/Users/jarlgiovanni/Desktop/bigfoot_research/public/data/frontend-data.json,2014 - Gympie Times Yowie Article,2014,-26.1900447,152.6600256,QLD,https://www.yowiehunters.com.au/media-clips/1743-2014-gympie-times-yowie-article,Gympie,source_visible_place_hint,locality,medium,verified_gazetteer_point,frontend map_points row
canonical_frontend_public_map_row,"record_coord:1049:-35.438891,149.795555",1049,,,,Australian Yowie Research,/Users/jarlgiovanni/Desktop/bigfoot_research/public/data/frontend-data.json,2014 - ABC News Yowie Article 2,2014,-35.4388907,149.7955552,NSW,https://www.yowiehunters.com.au/media-clips/1798-2014-abc-news-yowie-article-2,Braidwood,source_visible_place_hint,locality,medium,verified_gazetteer_point,frontend map_points row
canonical_frontend_public_map_row,"record_coord:1050:-16.484598,145.463629",1050,,,,Australian Yowie Research,/Users/jarlgiovanni/Desktop/bigfoot_research/public/data/frontend-data.json,2014 - Pt Douglas Gazette Yowie Article,2014,-16.4845983,145.4636294,QLD,https://www.yowiehunters.com.au/media-clips/1744-2014-pt-douglas-gazette-yowie-article,"Port Douglas, QLD",reported_place,locality,medium,verified_gazetteer_point,frontend map_points row
canonical_frontend_public_map_row,"record_coord:1097:-26.635231,152.616638",1097,,,,Australian Yowie Research,/Users/jarlgiovanni/Desktop/bigfoot_research/public/data/frontend-data.json,2014 - ABC News Yowie Article,2014,-26.6352315,152.6166379,QLD,https://www.yowiehunters.com.au/media-clips/1739-2014-abc-news-yowie-article,Kenilworth,source_visible_place_hint,locality,medium,verified_gazetteer_point,frontend map_points row
canonical_frontend_public_map_row,"record_coord:4015:-34.942853,138.632384",4015,,,,Australian Broadcasting Corporation,/Users/jarlgiovanni/Desktop/bigfoot_research/public/data/frontend-data.json,Adelaide's notorious Z Ward asylum opens for after-dark ghost tours,2014,-34.9428535,138.6323835,SA,https://www.abc.net.au/news/2014-11-12/adelaides-z-ward-asylum-opens-for-after-dark-ghost-tours/5886308,"Z Ward Glenside, SA",apparition_location,exact_site,B,verified_gazetteer_point,frontend map_points row
canonical_frontend_public_map_row,"record_coord:4073:-12.768419,131.141951",4073,,,,Territory Stories,/Users/jarlgiovanni/Desktop/bigfoot_research/public/data/frontend-data.json,Yowie in Acacia Hills yowie sightings and damage speculation,2014,-12.768419,131.141951,NT,https://hdl.handle.net/10070/534950,"Acacia Hills, NT",reported_place,locality,B,verified_gazetteer_point,frontend map_points row
canonical_frontend_public_map_row,"record_coord:4301:-31.281667,152.784444",4301,,,,Australian Yowie Research / AYR Yowie Reports Map,/Users/jarlgiovanni/Desktop/bigfoot_research/public/data/frontend-data.json,"Written reports: Yowie Sighting at Cooperabung, New South Wales 2014",2014,-31.2816667,152.7844444,NSW,https://www.yowiehunters.com.au/new-south-wales/2033-cooperbung-new-south-wales-2014,"Cooperabung, NSW",source_visible_place,locality,stage_only_public_report_marker,verified_gazetteer_point,frontend map_points row
canonical_frontend_public_map_row,"record_coord:4310:-29.787695,152.862620",4310,,,,Australian Yowie Research / AYR Yowie Reports Map,/Users/jarlgiovanni/Desktop/bigfoot_research/public/data/frontend-data.json,"Written reports: Yowie Sighting at Grafton - Coutts Crossing, New South Wales 2014",2014,-29.787695,152.86262,NSW,https://www.yowiehunters.com.au/new-south-wales/2073-grafton-coutts-crossing-nsw-2014,"Grafton - Coutts Crossing, NSW",source_visible_place,locality,stage_only_public_report_marker,verified_place,frontend map_points row
canonical_frontend_public_map_row,"record_coord:4506:-28.300000,153.216667",4506,,,,Australian Yowie Research / AYR Yowie Reports Map,/Users/jarlgiovanni/Desktop/bigfoot_research/public/data/frontend-data.json,Reports from newspapers: 2014 - ABC News Yowie Article,2014,-28.3,153.216667,QLD,https://www.yowiehunters.com.au/media-clips/1739-2014-abc-news-yowie-article,"2014 - ABC News Yowie Article, QLD",source_visible_place,locality,stage_only_public_report_marker,verified_place,frontend map_points row
canonical_frontend_public_map_row,"record_coord:4507:-35.708056,150.174444",4507,,,,Australian Yowie Research / AYR Yowie Reports Map,/Users/jarlgiovanni/Desktop/bigfoot_research/public/data/frontend-data.json,Reports from newspapers: 2014 - ABC News Yowie Article 2,2014,-35.708056,150.174444,NSW,https://www.yowiehunters.com.au/media-clips/1798-2014-abc-news-yowie-article-2,"2014 - ABC News Yowie Article 2, NSW",source_visible_place,locality,stage_only_public_report_marker,verified_place,frontend map_points row
canonical_frontend_public_map_row,"record_coord:4508:-12.618700,141.885500",4508,,,,Australian Yowie Research / AYR Yowie Reports Map,/Users/jarlgiovanni/Desktop/bigfoot_research/public/data/frontend-data.json,Reports from newspapers: 2014 - Cairns Post Yowie Article,2014,-12.6187,141.8855,QLD,https://www.yowiehunters.com.au/media-clips/1736-2014-cairns-post-yowie-article,"2014 - Cairns Post Yowie Article, QLD",source_visible_place,locality,stage_only_public_report_marker,verified_place,frontend map_points row
canonical_frontend_public_map_row,"record_coord:4509:-26.185000,152.675500",4509,,,,Australian Yowie Research / AYR Yowie Reports Map,/Users/jarlgiovanni/Desktop/bigfoot_research/public/data/frontend-data.json,Reports from newspapers: 2014 - Gympie Times Yowie Article,2014,-26.185,152.6755,QLD,https://www.yowiehunters.com.au/media-clips/1743-2014-gympie-times-yowie-article,"2014 - Gympie Times Yowie Article, QLD",source_visible_place,locality,stage_only_public_report_marker,verified_place,frontend map_points row
canonical_frontend_public_map_row,"record_coord:4510:-12.524085,131.092505",4510,,,,Australian Yowie Research / AYR Yowie Reports Map,/Users/jarlgiovanni/Desktop/bigfoot_research/public/data/frontend-data.json,Reports from newspapers: 2014 - NT News Yowie Article,2014,-12.524085,131.092505,NT,https://www.yowiehunters.com.au/media-clips/1737-2014-nt-news-yowie-article,2014 - NT News Yowie Article,source_visible_place,locality,stage_only_public_report_marker,verified_place,frontend map_points row
canonical_frontend_public_map_row,"record_coord:4511:-16.539400,145.463600",4511,,,,Australian Yowie Research / AYR Yowie Reports Map,/Users/jarlgiovanni/Desktop/bigfoot_research/public/data/frontend-data.json,Reports from newspapers: 2014 - Pt Douglas Gazette Yowie Article,2014,-16.5394,145.4636,QLD,https://www.yowiehunters.com.au/media-clips/1744-2014-pt-douglas-gazette-yowie-article,"2014 - Pt Douglas Gazette Yowie Article, QLD",source_visible_place,locality,stage_only_public_report_marker,verified_place,frontend map_points row
canonical_frontend_public_map_row,"record_coord:4571:-28.659219,151.948368",4571,,,,Australian Yowie Research / AYR Yowie Reports Map,/Users/jarlgiovanni/Desktop/bigfoot_research/public/data/frontend-data.json,"Photographs of footprints and handprints : Stanthorpe, Queensland (March 2014)",2014,-28.659219,151.948368,QLD,https://www.yowiehunters.com.au/footprints,"Photographs of footprints and handprints : Stanthorpe, Queensland (March 2014), QLD",source_visible_place,locality,stage_only_public_report_marker,verified_place,frontend map_points row
canonical_frontend_public_map_row,"record_coord:4585:-24.266016,151.878768",4585,,,,Australian Yowie Research / AYR Yowie Reports Map,/Users/jarlgiovanni/Desktop/bigfoot_research/public/data/frontend-data.json,"Witness sketches: Deepwater National Park, Queensland (2014)",2014,-24.266016,151.878768,QLD,https://www.yowiehunters.com.au/witness-sketches,"Deepwater National Park, Queensland, QLD",source_visible_place,locality,stage_only_public_report_marker,verified_place,frontend map_points row
canonical_frontend_public_map_row,"record_coord:28:-34.906073,138.779839",28,,,,Australian Yowie Research,/Users/jarlgiovanni/Desktop/bigfoot_research/public/data/frontend-data.json,"Sixth Creek - Adelaide Hills, South Australia 2015",2015,-34.9060729,138.7798387,SA,https://www.yowiehunters.com.au/south-australia/1882-sixth-creek-adelaide-hills-south-australia-2015,"Sixth Creek, SA",reported_place,locality,high,verified_gazetteer_point,frontend map_points row
canonical_frontend_public_map_row,"record_coord:76:-36.892317,147.063870",76,,,,Australian Yowie Research,/Users/jarlgiovanni/Desktop/bigfoot_research/public/data/frontend-data.json,"Harrietville, Victoria 2015",2015,-36.8923168,147.0638695,VIC,https://www.yowiehunters.com.au/victoria/1889-harrietville-victoria-2015,"Harrietville, VIC",reported_place,locality,high,verified_gazetteer_point,frontend map_points row
canonical_frontend_public_map_row,"record_coord:77:-36.975300,147.128094",77,,,,Australian Yowie Research,/Users/jarlgiovanni/Desktop/bigfoot_research/public/data/frontend-data.json,"Mount Hotham, Victoria 2015",2015,-36.9752998,147.1280943,VIC,https://www.yowiehunters.com.au/victoria/2219-mount-hotham-victoria-2015,"Mt Hotham, VIC",reported_place,locality,high,verified_gazetteer_point,frontend map_points row
canonical_frontend_public_map_row,"record_coord:141:-30.220861,153.014882",141,,,,Australian Yowie Research,/Users/jarlgiovanni/Desktop/bigfoot_research/public/data/frontend-data.json,"Coramba, New South Wales 2015",2015,-30.2208606,153.0148823,NSW,https://www.yowiehunters.com.au/new-south-wales/1999-coramba-new-south-wales-2015,"Near Coramba, NSW",reported_place,locality,high,verified_gazetteer_point,frontend map_points row
canonical_frontend_public_map_row,"record_coord:142:-34.403077,150.852066",142,,,,Australian Yowie Research,/Users/jarlgiovanni/Desktop/bigfoot_research/public/data/frontend-data.json,"Mt. Keira, New South Wales 2015",2015,-34.403077,150.8520661,NSW,https://www.yowiehunters.com.au/new-south-wales/1824-mt-keira-new-south-wales-2015,"Mt Keira, NSW",reported_place,locality,high,verified_gazetteer_point,frontend map_points row
canonical_frontend_public_map_row,"record_coord:201:-26.676420,151.985174",201,,,,Australian Yowie Research,/Users/jarlgiovanni/Desktop/bigfoot_research/public/data/frontend-data.json,"Nanango, Queensland 2015",2015,-26.6764195,151.9851744,QLD,https://www.yowiehunters.com.au/queensland/2072-nanango-queensland-2015,"Nanango, QLD",reported_place,town,high,verified_gazetteer_point,frontend map_points row
canonical_frontend_public_map_row,"record_coord:203:-27.800612,153.233746",203,,,,Australian Yowie Research,/Users/jarlgiovanni/Desktop/bigfoot_research/public/data/frontend-data.json,"Ormeau Hills, Queensland 2016",2015,-27.800612,153.2337463,QLD,https://www.yowiehunters.com.au/queensland/1848-ormeau-hills-queensland-2016,"Ormeau Hills, QLD",reported_place,locality,high,verified_gazetteer_point,frontend map_points row
canonical_frontend_public_map_row,"record_coord:266:-31.973333,152.151111",266,,,,Australian Yowie Research,/Users/jarlgiovanni/Desktop/bigfoot_research/public/data/frontend-data.json,"Belbora, New South Wales 2015",2015,-31.9733333,152.1511111,NSW,https://www.yowiehunters.com.au/new-south-wales/1841-belbora-new-south-wales-2015,"Belbora, NSW",reported_place,locality,high,verified_gazetteer_point,frontend map_points row
canonical_frontend_public_map_row,"record_coord:295:-37.390087,144.326339",295,,,,Australian Yowie Research,/Users/jarlgiovanni/Desktop/bigfoot_research/public/data/frontend-data.json,"Trentham, Victoria 2015",2015,-37.3900875,144.3263388,VIC,https://www.yowiehunters.com.au/victoria/1811-trentham-victoria-2015,"Trentham, VIC",reported_place,locality,high,verified_gazetteer_point,frontend map_points row
canonical_frontend_public_map_row,"record_coord:304:-32.798333,149.717778",304,,,,Australian Yowie Research,/Users/jarlgiovanni/Desktop/bigfoot_research/public/data/frontend-data.json,"Bocoble, New South Wales 2015",2015,-32.7983333,149.7177778,NSW,https://www.yowiehunters.com.au/new-south-wales/1888-bocoble-new-south-wales-2015,"Bocoble, NSW",reported_place,locality,high,verified_gazetteer_point,frontend map_points row
canonical_frontend_public_map_row,"record_coord:326:-33.488055,151.327493",326,,,,Australian Yowie Research,/Users/jarlgiovanni/Desktop/bigfoot_research/public/data/frontend-data.json,"Brisbane Water National Park, New South Wales 2015",2015,-33.4880548,151.3274925,NSW,https://www.yowiehunters.com.au/new-south-wales/2118-brisbane-water-national-park-new-south-wales-2015,"Woy Woy, NSW",reported_place,locality,high,verified_gazetteer_point,frontend map_points row
canonical_frontend_public_map_row,"record_coord:328:-32.747726,151.102302",328,,,,Australian Yowie Research,/Users/jarlgiovanni/Desktop/bigfoot_research/public/data/frontend-data.json,"Broke, New South Wales 2015",2015,-32.7477265,151.102302,NSW,https://www.yowiehunters.com.au/new-south-wales/1973-broke-new-south-wales-2015,"Broke, NSW",reported_place,locality,high,verified_gazetteer_point,frontend map_points row
canonical_frontend_public_map_row,"record_coord:367:-17.196458,145.574054",367,,,,Australian Yowie Research,/Users/jarlgiovanni/Desktop/bigfoot_research/public/data/frontend-data.json,"Lake Tinaroo, Queensland 1995",2015,-17.1964585,145.5740538,QLD,https://www.yowiehunters.com.au/queensland/2129-lake-tinaroo-queensland-1995,"Lake Tinaroo, QLD",reported_place,locality,high,verified_gazetteer_point,frontend map_points row
canonical_frontend_public_map_row,"record_coord:377:-26.370452,152.280072",377,,,,Australian Yowie Research,/Users/jarlgiovanni/Desktop/bigfoot_research/public/data/frontend-data.json,"Manumbar, Queensland 2015",2015,-26.370452,152.2800721,QLD,https://www.yowiehunters.com.au/queensland/2128-manumbar-queensland-2015,"Manumbar, QLD",reported_place,locality,high,verified_gazetteer_point,frontend map_points row
canonical_frontend_public_map_row,"record_coord:396:-30.339968,152.712034",396,,,,Australian Yowie Research,/Users/jarlgiovanni/Desktop/bigfoot_research/public/data/frontend-data.json,"Dorrigo, New South Wales 2015",2015,-30.3399677,152.7120341,NSW,https://www.yowiehunters.com.au/new-south-wales/2000-dorrigo-new-south-wales-2015,"Dorrigo, NSW",reported_place,locality,high,verified_gazetteer_point,frontend map_points row
canonical_frontend_public_map_row,"record_coord:493:-28.050657,153.187706",493,,,,Australian Yowie Research,/Users/jarlgiovanni/Desktop/bigfoot_research/public/data/frontend-data.json,"Witheren, Queensland 2015",2015,-28.0506572,153.1877059,QLD,https://www.yowiehunters.com.au/queensland/1875-beechmont-queensland-2015,"Witheren, QLD",reported_place,locality,high,verified_gazetteer_point,frontend map_points row
canonical_frontend_public_map_row,"record_coord:521:-34.198432,150.637234",521,,,,Australian Yowie Research,/Users/jarlgiovanni/Desktop/bigfoot_research/public/data/frontend-data.json,"Maldon, New South Wales 2015",2015,-34.1984323,150.6372344,NSW,https://www.yowiehunters.com.au/new-south-wales/1810-maldon-new-south-wales-2015,"Maldon, NSW",reported_place,locality,high,verified_gazetteer_point,frontend map_points row
canonical_frontend_public_map_row,"record_coord:530:-35.232101,150.211015",530,,,,Australian Yowie Research,/Users/jarlgiovanni/Desktop/bigfoot_research/public/data/frontend-data.json,"Morton NP, New South Wales 2015",2015,-35.2321015,150.2110148,NSW,https://www.yowiehunters.com.au/new-south-wales/1887-morton-np-new-south-wales-2015,"Morton National Park, NSW",reported_place,locality,high,verified_gazetteer_point,frontend map_points row
canonical_frontend_public_map_row,"record_coord:546:-33.395556,151.335556",546,,,,Australian Yowie Research,/Users/jarlgiovanni/Desktop/bigfoot_research/public/data/frontend-data.json,"Narara, New South Wales 2015",2015,-33.3955556,151.3355556,NSW,https://www.yowiehunters.com.au/new-south-wales/1967-narara-new-south-wales-2015,"Narara, NSW",reported_place,locality,high,verified_gazetteer_point,frontend map_points row
canonical_frontend_public_map_row,"record_coord:628:-33.488055,151.327493",628,,,,Australian Yowie Research,/Users/jarlgiovanni/Desktop/bigfoot_research/public/data/frontend-data.json,"Woy Woy, New South Wales 2015",2015,-33.4880548,151.3274925,NSW,https://www.yowiehunters.com.au/new-south-wales/2143-woy-woy-new-south-wales-2015,"Woy Woy, NSW",reported_place,locality,high,verified_gazetteer_point,frontend map_points row
canonical_frontend_public_map_row,"record_coord:968:-27.616032,152.760835",968,,,,Australian Yowie Research,/Users/jarlgiovanni/Desktop/bigfoot_research/public/data/frontend-data.json,2015 - Byron Shire News Yowie Article,2015,-27.6160323,152.7608348,QLD,https://www.yowiehunters.com.au/media-clips/1898-1025-byron-shire-news-yowie-article,Ipswich,source_visible_place_hint,locality,medium,verified_gazetteer_point,frontend map_points row
canonical_frontend_public_map_row,"record_coord:969:-26.190045,152.660026",969,,,,Australian Yowie Research,/Users/jarlgiovanni/Desktop/bigfoot_research/public/data/frontend-data.json,2015 - Gympie Times Yowie Article,2015,-26.1900447,152.6600256,QLD,https://www.yowiehunters.com.au/media-clips/2135-2015-gympie-times-yowie-article,Gympie,source_visible_place_hint,locality,medium,verified_gazetteer_point,frontend map_points row
canonical_frontend_public_map_row,"record_coord:970:-33.701761,150.565547",970,,,,Australian Yowie Research,/Users/jarlgiovanni/Desktop/bigfoot_research/public/data/frontend-data.json,2015- Epoch Times Yowie Article,2015,-33.7017613,150.5655467,NSW,https://www.yowiehunters.com.au/media-clips/1823-2015-epoch-times,"Springwood, NSW",reported_place,locality,high,verified_gazetteer_point,frontend map_points row
canonical_frontend_public_map_row,"record_coord:1051:-27.763160,153.002704",1051,,,,Australian Yowie Research,/Users/jarlgiovanni/Desktop/bigfoot_research/public/data/frontend-data.json,2015 - Logan Reporter Yowie Article,2015,-27.76316,153.0027044,QLD,https://www.yowiehunters.com.au/media-clips/1822-2015-logan-reporter,"Logan, QLD",reported_place,locality,medium,verified_gazetteer_point,frontend map_points row
canonical_frontend_public_map_row,"record_coord:1052:-26.707909,152.850833",1052,,,,Australian Yowie Research,/Users/jarlgiovanni/Desktop/bigfoot_research/public/data/frontend-data.json,2015 - Sunshine Valley Gazette Yowie Article,2015,-26.7079095,152.8508329,QLD,https://www.yowiehunters.com.au/media-clips/1821-2015-sunshine-valley-gazette,"Sunshine Coast, QLD",reported_place,locality,medium,verified_gazetteer_point,frontend map_points row
canonical_frontend_public_map_row,"record_coord:4051:-33.315877,117.741703",4051,,,,Australian Broadcasting Corporation,/Users/jarlgiovanni/Desktop/bigfoot_research/public/data/frontend-data.json,Dumbleyung Pub,2015,-33.3158771,117.7417032,WA,https://www.abc.net.au/listen/programs/lifematters/dumbleyung-pub/6875282,"Grand Olde Dumbleyung Inn, WA",apparition_location,exact_site,B,verified_gazetteer_point,frontend map_points row
canonical_frontend_public_map_row,"record_coord:4053:-35.224964,139.421420",4053,,,,Australian Broadcasting Corporation,/Users/jarlgiovanni/Desktop/bigfoot_research/public/data/frontend-data.json,TV ghost buster Ben Hansen investigates Adelaide's popular haunts,2015,-35.224964,139.4214197,SA,https://www.abc.net.au/news/2015-05-14/syfy-ghost-buster-ben-hansen-investigates-adelaides-haunts/6467530,"Old Tailem Town, SA",apparition_location,exact_site,B,verified_gazetteer_point,frontend map_points row
canonical_frontend_public_map_row,"record_coord:4078:-35.029798,117.889453",4078,,,,Australian Broadcasting Corporation,/Users/jarlgiovanni/Desktop/bigfoot_research/public/data/frontend-data.json,ghost in Spectrum Theatre convict ghost,2015,-35.0297984,117.8894525,WA,https://www.abc.net.au/news/2015-11-20/spectrum-theatre-albany-wa-restoration/6958836,"Albany Port Theatre, Albany, WA",apparition_location,exact_site,B,verified_gazetteer_point,frontend map_points row
canonical_frontend_public_map_row,"record_coord:4084:-40.760572,145.294518",4084,,,,Australian Broadcasting Corporation,/Users/jarlgiovanni/Desktop/bigfoot_research/public/data/frontend-data.json,ghost in Bayview Hotel young woman ghost,2015,-40.7605718,145.2945184,TAS,https://www.abc.net.au/news/2015-02-11/bayview-hotel-restored-in-stanley/6083410,"Stanley, TAS",legend_associated_place,town,B,verified_gazetteer_point,frontend map_points row
canonical_frontend_public_map_row,"record_coord:4085:-26.365674,152.857472",4085,,,,Australian Broadcasting Corporation,/Users/jarlgiovanni/Desktop/bigfoot_research/public/data/frontend-data.json,woman in Majestic Theatre woman presence,2015,-26.3656737,152.857472,QLD,https://www.abc.net.au/news/2015-01-06/queensland-set-for-ghostbuster-tour/6002230#majestic-theatre,"Majestic Theatre, Pomona, QLD",apparition_location,exact_site,B,verified_gazetteer_point,frontend map_points row
canonical_frontend_public_map_row,"record_coord:4241:-34.917942,138.584849",4241,,,,Australian Broadcasting Corporation,/Users/jarlgiovanni/Desktop/bigfoot_research/public/data/frontend-data.json,Adelaide Gaol guided tours return to historic site after long hiatus,2015,-34.9179424,138.5848489,SA,https://www.abc.net.au/news/2015-11-04/adelaide-gaol-guided-historical-tours-return-to-historic-site/6908794,"Adelaide Gaol, SA",apparition_location,exact_site,B,verified_gazetteer_point,frontend map_points row
canonical_frontend_public_map_row,"record_coord:4302:-30.216667,153.016667",4302,,,,Australian Yowie Research / AYR Yowie Reports Map,/Users/jarlgiovanni/Desktop/bigfoot_research/public/data/frontend-data.json,"Written reports: Yowie Sighting at Coramba, New South Wales 2015",2015,-30.216667,153.016667,NSW,https://www.yowiehunters.com.au/new-south-wales/1999-coramba-new-south-wales-2015,"Coramba, NSW",source_visible_place,locality,stage_only_public_report_marker,verified_place,frontend map_points row
canonical_frontend_public_map_row,"record_coord:4334:-35.181944,150.208056",4334,,,,Australian Yowie Research / AYR Yowie Reports Map,/Users/jarlgiovanni/Desktop/bigfoot_research/public/data/frontend-data.json,"Written reports: Yowie Sighting at Morton NP, New South Wales 2015",2015,-35.181944,150.208056,NSW,https://www.yowiehunters.com.au/new-south-wales/1887-morton-np-new-south-wales-2015,"Morton NP, NSW",source_visible_place,locality,stage_only_public_report_marker,verified_place,frontend map_points row
canonical_frontend_public_map_row,"record_coord:4338:-33.515715,151.269777",4338,,,,Australian Yowie Research / AYR Yowie Reports Map,/Users/jarlgiovanni/Desktop/bigfoot_research/public/data/frontend-data.json,"Written reports: Yowie Sighting at Brisbane Water National Park, New South Wales 2015",2015,-33.5157145,151.2697774,NSW,https://www.yowiehunters.com.au/new-south-wales/2118-brisbane-water-national-park-new-south-wales-2015,"Brisbane Water National Park, NSW",source_visible_place,locality,stage_only_public_report_marker,verified_gazetteer_point,frontend map_points row
canonical_frontend_public_map_row,"record_coord:4380:-31.578517,117.024761",4380,,,,Australian Yowie Research / AYR Yowie Reports Map,/Users/jarlgiovanni/Desktop/bigfoot_research/public/data/frontend-data.json,"YouTube reports, interviews: Yowie Sighting (Audio Report #126) near Meckering, Western Australia (2015)",2015,-31.578517,117.024761,WA,https://www.youtube.com/watch?v=MHgedlwPZhw,"Meckering, WA",source_visible_place,locality,stage_only_public_report_marker,verified_place,frontend map_points row
canonical_frontend_public_map_row,"record_coord:4381:-33.515715,151.269777",4381,,,,Australian Yowie Research / AYR Yowie Reports Map,/Users/jarlgiovanni/Desktop/bigfoot_research/public/data/frontend-data.json,"YouTube reports, interviews: Yowie Sighting (Audio Report #148) at Brisbane Water National Park, New South Wales (mid 2015)",2015,-33.5157145,151.2697774,NSW,https://www.youtube.com/watch?v=75XQxLtp_ro,"Brisbane Water National Park, NSW",source_visible_place,locality,stage_only_public_report_marker,verified_gazetteer_point,frontend map_points row
canonical_frontend_public_map_row,"record_coord:4382:-22.686480,117.577230",4382,,,,Australian Yowie Research / AYR Yowie Reports Map,/Users/jarlgiovanni/Desktop/bigfoot_research/public/data/frontend-data.json,"Written reports: Yowie Sighting near Tom Price, WA (2015)",2015,-22.68648,117.57723,WA,https://www.yowiehunters.com.au/western-australia/2079-tom-price-western-australia-2015,"Tom Price, WA",source_visible_place,locality,stage_only_public_report_marker,verified_place,frontend map_points row
canonical_frontend_public_map_row,"record_coord:4383:-29.790700,152.859620",4383,,,,Australian Yowie Research / AYR Yowie Reports Map,/Users/jarlgiovanni/Desktop/bigfoot_research/public/data/frontend-data.json,"YouTube reports, interviews: Yowie Sighting (Audio Report #141) at Coutts Crossing, New South Wales (Aug 2015)",2015,-29.7907,152.85962,NSW,https://www.youtube.com/watch?v=zGxhc9gvU3c,"Coutts Crossing, NSW",source_visible_place,locality,stage_only_public_report_marker,verified_place,frontend map_points row
canonical_frontend_public_map_row,"record_coord:4385:-26.539850,152.052970",4385,,,,Australian Yowie Research / AYR Yowie Reports Map,/Users/jarlgiovanni/Desktop/bigfoot_research/public/data/frontend-data.json,"YouTube reports, interviews: Yowie Sighting (Audio Report #150) at Manumbah, Queensland (2015)",2015,-26.53985,152.05297,QLD,https://www.youtube.com/watch?v=A5wAXrT_x8s,"Manumbah, QLD",source_visible_place,locality,stage_only_public_report_marker,verified_place,frontend map_points row
canonical_frontend_public_map_row,"record_coord:4512:-38.483333,145.233333",4512,,,,Australian Yowie Research / AYR Yowie Reports Map,/Users/jarlgiovanni/Desktop/bigfoot_research/public/data/frontend-data.json,Reports from newspapers: 2015 - Ancient Origins Yowie Article,2015,-38.483333,145.233333,VIC,https://www.yowiehunters.com.au/media-clips/1917-2015-ancient-origins-yowie-article,"2015 - Ancient Origins Yowie Article, VIC",source_visible_place,locality,stage_only_public_report_marker,verified_place,frontend map_points row
canonical_frontend_public_map_row,"record_coord:4513:-27.651900,152.848000",4513,,,,Australian Yowie Research / AYR Yowie Reports Map,/Users/jarlgiovanni/Desktop/bigfoot_research/public/data/frontend-data.json,Reports from newspapers: 2015 - Logan Reporter Yowie Article,2015,-27.6519,152.848,QLD,https://www.yowiehunters.com.au/media-clips/1822-2015-logan-reporter,"2015 - Logan Reporter Yowie Article, QLD",source_visible_place,locality,stage_only_public_report_marker,verified_place,frontend map_points row
canonical_frontend_public_map_row,"record_coord:4514:-26.608337,152.726784",4514,,,,Australian Yowie Research / AYR Yowie Reports Map,/Users/jarlgiovanni/Desktop/bigfoot_research/public/data/frontend-data.json,Reports from newspapers: 2015 - Sunshine Valley Gazette Yowie Article,2015,-26.6083366,152.72678443718,QLD,https://www.yowiehunters.com.au/media-clips/1821-2015-sunshine-valley-gazette,"2015 - Sunshine Valley Gazette Yowie Article, QLD",source_visible_place,locality,stage_only_public_report_marker,verified_place,frontend map_points row
canonical_frontend_public_map_row,"record_coord:4554:-30.878361,152.920445",4554,,,,Australian Yowie Research / AYR Yowie Reports Map,/Users/jarlgiovanni/Desktop/bigfoot_research/public/data/frontend-data.json,"Photographs of footprints and handprints : Barraganyatti, near Kempsey New South Wales (Sep 2015)",2015,-30.878361,152.920445,NSW,https://www.yowiehunters.com.au/footprints,"Kempsey New South Wales (Sep, NSW",source_visible_place,locality,stage_only_public_report_marker,verified_place,frontend map_points row
canonical_frontend_public_map_row,"record_coord:4556:-26.860608,152.189992",4556,,,,Australian Yowie Research / AYR Yowie Reports Map,/Users/jarlgiovanni/Desktop/bigfoot_research/public/data/frontend-data.json,"Photographs of footprints and handprints : Blackbutt - Linville area, Queensland (2015)",2015,-26.860608,152.189992,QLD,https://www.yowiehunters.com.au/footprints,"Photographs of footprints and handprints : Blackbutt - Linville area, Queensland, QLD",source_visible_place,locality,stage_only_public_report_marker,verified_place,frontend map_points row
canonical_frontend_public_map_row,"record_coord:4569:-33.853566,149.767237",4569,,,,Australian Yowie Research / AYR Yowie Reports Map,/Users/jarlgiovanni/Desktop/bigfoot_research/public/data/frontend-data.json,"Photographs of footprints and handprints : Sapphire Bend, Oberon, New South Wales (July 2015)",2015,-33.853566,149.767237,NSW,https://www.yowiehunters.com.au/footprints,"Photographs of footprints and handprints : Sapphire Bend, Oberon, New South Wales (July 2015), NSW",source_visible_place,locality,stage_only_public_report_marker,verified_place,frontend map_points row
canonical_frontend_public_map_row,"record_coord:4579:-33.490601,151.329884",4579,,,,Australian Yowie Research / AYR Yowie Reports Map,/Users/jarlgiovanni/Desktop/bigfoot_research/public/data/frontend-data.json,"Witness sketches: Woy Woy, New South Wales (2015)",2015,-33.490601,151.329884,NSW,https://www.yowiehunters.com.au/witness-sketches,"Woy Woy, New South Wales, NSW",source_visible_place,locality,stage_only_public_report_marker,verified_place,frontend map_points row
canonical_frontend_public_map_row,"record_coord:4589:-34.276872,150.710397",4589,,,,Australian Yowie Research / AYR Yowie Reports Map,/Users/jarlgiovanni/Desktop/bigfoot_research/public/data/frontend-data.json,"Witness sketches: Picton Rd., West of Sydnet, New South Wales (2015)",2015,-34.276872,150.710397,NSW,https://www.yowiehunters.com.au/witness-sketches,"Picton Rd., West of Sydnet, New South Wales, NSW",source_visible_place,locality,stage_only_public_report_marker,verified_place,frontend map_points row
canonical_frontend_public_map_row,"record_coord:4626:-36.977120,147.133030",4626,,,,Australian Yowie Research state report indexes,/Users/jarlgiovanni/Desktop/bigfoot_research/public/data/frontend-data.json,"AYR report index: Mount Hotham, Victoria 2015",2015,-36.97712,147.13303,VIC,https://www.yowiehunters.com.au/victoria/2219-mount-hotham-victoria-2015,"Mount Hotham, VIC",source_visible_place,locality,stage_only_public_report_index_link,verified_place,frontend map_points row
canonical_frontend_public_map_row,"record_coord:4628:-34.911185,138.707350",4628,,,,Australian Yowie Research state report indexes,/Users/jarlgiovanni/Desktop/bigfoot_research/public/data/frontend-data.json,"AYR report index: Sixth Creek - Adelaide Hills, South Australia 2015",2015,-34.911185,138.70735,SA,https://www.yowiehunters.com.au/south-australia/1882-sixth-creek-adelaide-hills-south-australia-2015,"Sixth Creek - Adelaide Hills, SA",source_visible_place,locality,stage_only_public_report_index_link,verified_place,frontend map_points row
canonical_frontend_public_map_row,"record_coord:29:-34.451135,140.569664",29,,,,Australian Yowie Research,/Users/jarlgiovanni/Desktop/bigfoot_research/public/data/frontend-data.json,"Loxton, South Australia 2016",2016,-34.4511348,140.5696644,SA,https://www.yowiehunters.com.au/south-australia/1856-loxton-south-australia-2016,"Loxton, SA",reported_place,locality,high,verified_gazetteer_point,frontend map_points row
canonical_frontend_public_map_row,"record_coord:30:-32.720310,134.838545",30,,,,Australian Yowie Research,/Users/jarlgiovanni/Desktop/bigfoot_research/public/data/frontend-data.json,"Poochera, South Australia 2016",2016,-32.7203096,134.8385447,SA,https://www.yowiehunters.com.au/south-australia/1969-poochera-south-australia-2016,"Poochera, SA",reported_place,locality,high,verified_gazetteer_point,frontend map_points row
canonical_frontend_public_map_row,"record_coord:78:-37.374696,148.789915",78,,,,Australian Yowie Research,/Users/jarlgiovanni/Desktop/bigfoot_research/public/data/frontend-data.json,"Goongerah, Victoria 2016",2016,-37.374696,148.7899152,VIC,https://www.yowiehunters.com.au/victoria/1890-goonerah-victoria-2016,"Goongerah Errinundra National Park, VIC",reported_place,locality,high,verified_gazetteer_point,frontend map_points row
canonical_frontend_public_map_row,"record_coord:79:-37.835268,145.944321",79,,,,Australian Yowie Research,/Users/jarlgiovanni/Desktop/bigfoot_research/public/data/frontend-data.json,"Noojee, Victoria 2016",2016,-37.8352675,145.9443211,VIC,https://www.yowiehunters.com.au/victoria/1854-noojee-victoria-2016,"Noojee, VIC",reported_place,locality,high,verified_gazetteer_point,frontend map_points row
canonical_frontend_public_map_row,"record_coord:143:-37.148196,149.855528",143,,,,Australian Yowie Research,/Users/jarlgiovanni/Desktop/bigfoot_research/public/data/frontend-data.json,"Kiah, New South Wales 2016",2016,-37.1481965,149.8555282,NSW,https://www.yowiehunters.com.au/new-south-wales/1996-kiah-new-south-wales,"Kiah, NSW",reported_place,locality,high,verified_gazetteer_point,frontend map_points row
canonical_frontend_public_map_row,"record_coord:202:-25.764955,152.343766",202,,,,Australian Yowie Research,/Users/jarlgiovanni/Desktop/bigfoot_research/public/data/frontend-data.json,"Glenbar, Queensland 2016",2016,-25.764955,152.3437658,QLD,https://www.yowiehunters.com.au/queensland/2078-boompa-queensland-2016,"Glenbar, QLD",reported_place,locality,high,verified_gazetteer_point,frontend map_points row
canonical_frontend_public_map_row,"record_coord:204:-26.565894,152.959611",204,,,,Australian Yowie Research,/Users/jarlgiovanni/Desktop/bigfoot_research/public/data/frontend-data.json,"Yandina, Queensland 2016",2016,-26.5658945,152.9596114,QLD,https://www.yowiehunters.com.au/queensland/2127-yandina-queensland-2016,"Yandina, QLD",reported_place,locality,high,verified_gazetteer_point,frontend map_points row
canonical_frontend_public_map_row,"record_coord:238:-36.718805,142.220951",238,,,,Australian Yowie Research,/Users/jarlgiovanni/Desktop/bigfoot_research/public/data/frontend-data.json,"Grampians, Victoria 2016",2016,-36.718805,142.2209509,VIC,https://www.yowiehunters.com.au/victoria/2186-grampians-victoria-2016,"Grampians, VIC",reported_place,locality,high,verified_gazetteer_point,frontend map_points row
canonical_frontend_public_map_row,"record_coord:240:-26.852390,152.727409",240,,,,Australian Yowie Research,/Users/jarlgiovanni/Desktop/bigfoot_research/public/data/frontend-data.json,"Bellthorpe, Queensland 2016",2016,-26.85239,152.7274089,QLD,https://www.yowiehunters.com.au/queensland/1985-bellthorpe-queensland-2016,"Bellthorpe, QLD",reported_place,locality,high,verified_gazetteer_point,frontend map_points row
canonical_frontend_public_map_row,"record_coord:298:-37.899501,144.660904",298,,,,Australian Yowie Research,/Users/jarlgiovanni/Desktop/bigfoot_research/public/data/frontend-data.json,"Werribee, Victoria 2016",2016,-37.8995007,144.6609036,VIC,https://www.yowiehunters.com.au/victoria/1958-werribee-victoria-2016,"Werribee, VIC",reported_place,locality,high,verified_gazetteer_point,frontend map_points row
canonical_frontend_public_map_row,"record_coord:320:-33.573561,150.625644",320,,,,Australian Yowie Research,/Users/jarlgiovanni/Desktop/bigfoot_research/public/data/frontend-data.json,"Bowen Mountain, New South Wales 2016",2016,-33.5735614,150.6256438,NSW,https://www.yowiehunters.com.au/new-south-wales/1883-bowen-mountain-new-south-wales-2016,"Bowen Mountain, NSW",reported_place,locality,high,verified_gazetteer_point,frontend map_points row
canonical_frontend_public_map_row,"record_coord:327:-27.561531,152.279135",327,,,,Australian Yowie Research,/Users/jarlgiovanni/Desktop/bigfoot_research/public/data/frontend-data.json,"Gatton, Queensland 2016",2016,-27.5615314,152.2791353,QLD,https://www.yowiehunters.com.au/queensland/2243-gatton-queensland-2016,"Gatton, QLD",reported_place,locality,high,verified_gazetteer_point,frontend map_points row
canonical_frontend_public_map_row,"record_coord:330:-32.747726,151.102302",330,,,,Australian Yowie Research,/Users/jarlgiovanni/Desktop/bigfoot_research/public/data/frontend-data.json,"Broke, New South Wales 2016",2016,-32.7477265,151.102302,NSW,https://www.yowiehunters.com.au/new-south-wales/2272-broke-new-south-wales-2016,"Broke, NSW",reported_place,locality,high,verified_gazetteer_point,frontend map_points row
canonical_frontend_public_map_row,"record_coord:341:-25.338328,152.536403",341,,,,Australian Yowie Research,/Users/jarlgiovanni/Desktop/bigfoot_research/public/data/frontend-data.json,"Howard, Queensland 2016",2016,-25.3383285,152.536403,QLD,https://www.yowiehunters.com.au/queensland/1857-howard-queensland-2016,"Howard, QLD",reported_place,locality,high,verified_gazetteer_point,frontend map_points row
canonical_frontend_public_map_row,"record_coord:381:-26.729644,150.152020",381,,,,Australian Yowie Research,/Users/jarlgiovanni/Desktop/bigfoot_research/public/data/frontend-data.json,"Miles, Queensland 2016",2016,-26.7296445,150.1520205,QLD,https://www.yowiehunters.com.au/queensland/1891-miles-queensland-2016,"Miles, QLD",reported_place,town,high,verified_gazetteer_point,frontend map_points row
canonical_frontend_public_map_row,"record_coord:463:-17.424623,145.603801",463,,,,Australian Yowie Research,/Users/jarlgiovanni/Desktop/bigfoot_research/public/data/frontend-data.json,"Tarzali, Queensland 2016",2016,-17.4246226,145.6038006,QLD,https://www.yowiehunters.com.au/queensland/2089-tarzali-queensland-2016,"Tarzali, QLD",reported_place,locality,high,verified_gazetteer_point,frontend map_points row
canonical_frontend_public_map_row,"record_coord:487:-26.450299,153.044541",487,,,,Australian Yowie Research,/Users/jarlgiovanni/Desktop/bigfoot_research/public/data/frontend-data.json,"Weyba Downs, Queensland 2016",2016,-26.4502994,153.044541,QLD,https://www.yowiehunters.com.au/queensland/1886-weyba-downs-queensland-2016,"Weyba Downs, QLD",reported_place,locality,high,verified_gazetteer_point,frontend map_points row
canonical_frontend_public_map_row,"record_coord:971:-16.920666,145.772185",971,,,,Australian Yowie Research,/Users/jarlgiovanni/Desktop/bigfoot_research/public/data/frontend-data.json,2016 - Cairns Post Yowie Article,2016,-16.9206657,145.7721854,QLD,https://www.yowiehunters.com.au/media-clips/1978-2016-cairns-post,"Cairns, QLD",reported_place,locality,medium,verified_gazetteer_point,frontend map_points row
canonical_frontend_public_map_row,"record_coord:972:-29.681677,152.933636",972,,,,Australian Yowie Research,/Users/jarlgiovanni/Desktop/bigfoot_research/public/data/frontend-data.json,2016 - Chinchilla News Yowie Article,2016,-29.6816773,152.9336357,NSW,https://www.yowiehunters.com.au/media-clips/1885-chinchilla-news-2016,Grafton,source_visible_place_hint,locality,medium,verified_gazetteer_point,frontend map_points row
canonical_frontend_public_map_row,"record_coord:973:-26.080292,152.247365",973,,,,Australian Yowie Research,/Users/jarlgiovanni/Desktop/bigfoot_research/public/data/frontend-data.json,2016 - Daily Examiner Yowie Article,2016,-26.080292,152.2473652,QLD,https://www.yowiehunters.com.au/media-clips/1881-2016-daily-examiner-yowie-article,Kilkivan,source_visible_place_hint,locality,medium,verified_gazetteer_point,frontend map_points row
canonical_frontend_public_map_row,"record_coord:974:-26.080292,152.247365",974,,,,Australian Yowie Research,/Users/jarlgiovanni/Desktop/bigfoot_research/public/data/frontend-data.json,2016 - Daily Mail UK Yowie Article,2016,-26.080292,152.2473652,QLD,https://www.yowiehunters.com.au/media-clips/1877-2016-daily-mail-uk-yowie-article,Kilkivan,source_visible_place_hint,locality,medium,verified_gazetteer_point,frontend map_points row
canonical_frontend_public_map_row,"record_coord:975:-26.190045,152.660026",975,,,,Australian Yowie Research,/Users/jarlgiovanni/Desktop/bigfoot_research/public/data/frontend-data.json,2016 - Gympie Times Yowie Article,2016,-26.1900447,152.6600256,QLD,https://www.yowiehunters.com.au/media-clips/1880-gympie-times-yowie-article-2016,Gympie,source_visible_place_hint,locality,medium,verified_gazetteer_point,frontend map_points row
canonical_frontend_public_map_row,"record_coord:976:-26.080292,152.247365",976,,,,Australian Yowie Research,/Users/jarlgiovanni/Desktop/bigfoot_research/public/data/frontend-data.json,2016- NRM Digital Media Yowie Article,2016,-26.080292,152.2473652,QLD,https://www.yowiehunters.com.au/media-clips/2005-2016-nrm-digital-media-yowie-article,Kilkivan,source_visible_place_hint,locality,medium,verified_gazetteer_point,frontend map_points row
canonical_frontend_public_map_row,"record_coord:1053:-27.561019,151.953351",1053,,,,Australian Yowie Research,/Users/jarlgiovanni/Desktop/bigfoot_research/public/data/frontend-data.json,2016 - 9 News 06-09-2016,2016,-27.5610193,151.953351,QLD,https://www.yowiehunters.com.au/media-clips/2234-2016-9-news-06-09-2016,Toowoomba,source_visible_place_hint,locality,medium,verified_gazetteer_point,frontend map_points row
canonical_frontend_public_map_row,"record_coord:1054:-27.561019,151.953351",1054,,,,Australian Yowie Research,/Users/jarlgiovanni/Desktop/bigfoot_research/public/data/frontend-data.json,2016 - Toowoomba Cronicle Yowie Article,2016,-27.5610193,151.953351,QLD,https://www.yowiehunters.com.au/media-clips/1876-2016-toowoomba-cronicle,"Toowoomba, QLD",reported_place,locality,medium,verified_gazetteer_point,frontend map_points row
canonical_frontend_public_map_row,"record_coord:1099:-35.438891,149.795555",1099,,,,Australian Yowie Research,/Users/jarlgiovanni/Desktop/bigfoot_research/public/data/frontend-data.json,2016 - ABC Yowie Article,2016,-35.4388907,149.7955552,NSW,https://www.yowiehunters.com.au/media-clips/1872-2016-abc-yowie-article,Braidwood,source_visible_place_hint,locality,medium,verified_gazetteer_point,frontend map_points row
canonical_frontend_public_map_row,"record_coord:1100:-27.774813,153.252082",1100,,,,Australian Yowie Research,/Users/jarlgiovanni/Desktop/bigfoot_research/public/data/frontend-data.json,2016 - News.com.au Yowie Article,2016,-27.774813,153.2520815,QLD,https://www.yowiehunters.com.au/media-clips/1878-2016-news-com-au-yowie-article,Ormeau,source_visible_place_hint,locality,medium,verified_gazetteer_point,frontend map_points row
canonical_frontend_public_map_row,"record_coord:3988:-43.153135,147.869400",3988,,,,Australian Broadcasting Corporation,/Users/jarlgiovanni/Desktop/bigfoot_research/public/data/frontend-data.json,The History of Port Arthur,2016,-43.1531346,147.8694003,TAS,https://www.abc.net.au/listen/programs/overnights/the-history-of-port-arthur/7808522,"Port Arthur Historic Site, TAS",apparition_location,exact_site,B,verified_gazetteer_point,frontend map_points row
canonical_frontend_public_map_row,"record_coord:3989:-35.282864,149.120954",3989,,,,Australian Broadcasting Corporation,/Users/jarlgiovanni/Desktop/bigfoot_research/public/data/frontend-data.json,National Film and Sound Archive one of Australia's 'most haunted buildings',2016,-35.2828643,149.1209536,ACT,https://www.abc.net.au/news/2016-04-01/archives-haunted-reputation-born-from-history-of-death/7291506,"National Film and Sound Archive, ACT",apparition_location,exact_site,B,verified_gazetteer_point,frontend map_points row
canonical_frontend_public_map_row,"record_coord:4146:-35.438891,149.795555",4146,,,,Australian Broadcasting Corporation,/Users/jarlgiovanni/Desktop/bigfoot_research/public/data/frontend-data.json,hairy man in Arthur Marrin Braidwood hairy man,2016,-35.4388907,149.7955552,NSW,https://www.abc.net.au/news/2016-08-05/the-story-of-arthur-marrin-and-the-hairy-man/7693462,"Braidwood, NSW",reported_place,town,B,verified_gazetteer_point,frontend map_points row
canonical_frontend_public_map_row,"record_coord:4180:-41.050980,145.902639",4180,,,,Australian Broadcasting Corporation,/Users/jarlgiovanni/Desktop/bigfoot_research/public/data/frontend-data.json,ghost in Burnie Arts Centre ghost stories,2016,-41.0509798,145.902639,TAS,"https://www.abc.net.au/news/2016-11-14/burnie-arts-centre-celebrates-40-years-of-shows,-ghost-stories/8018528","Burnie Arts and Function Centre, TAS",legend_associated_place,exact_site,B,verified_gazetteer_point,frontend map_points row
canonical_frontend_public_map_row,"record_coord:4308:-37.350000,148.700000",4308,,,,Australian Yowie Research / AYR Yowie Reports Map,/Users/jarlgiovanni/Desktop/bigfoot_research/public/data/frontend-data.json,"Written reports: Yowie Sighting at Goongerah, Victoria 2016",2016,-37.35,148.7,VIC,https://www.yowiehunters.com.au/victoria/1890-goonerah-victoria-2016,"Goongerah, VIC",source_visible_place,locality,stage_only_public_report_marker,verified_place,frontend map_points row
canonical_frontend_public_map_row,"record_coord:4387:-28.819819,114.631969",4387,,,,Australian Yowie Research / AYR Yowie Reports Map,/Users/jarlgiovanni/Desktop/bigfoot_research/public/data/frontend-data.json,"YouTube reports, interviews: Yowie Sighting (Audio Report #128) at Wandina near Geraldton, Western Australia (2016)",2016,-28.819819,114.631969,WA,https://www.youtube.com/watch?v=Rhp5AUqYQaI,"Wandina near Geraldton, WA",source_visible_place,locality,stage_only_public_report_marker,verified_place,frontend map_points row
canonical_frontend_public_map_row,"record_coord:4388:-25.778770,152.265290",4388,,,,Australian Yowie Research / AYR Yowie Reports Map,/Users/jarlgiovanni/Desktop/bigfoot_research/public/data/frontend-data.json,"YouTube reports, interviews: Yowie Sighting (Audio Report #145) near Glenbar / Woolooga in Queensland (July 2016)",2016,-25.77877,152.26529,QLD,https://www.youtube.com/watch?v=pVUYfrLRjHU&t=38s,"Glenbar / Woolooga in Queensland (July, QLD",source_visible_place,locality,stage_only_public_report_marker,verified_place,frontend map_points row
canonical_frontend_public_map_row,"record_coord:4410:-27.574728,151.994400",4410,,,,Australian Yowie Research / AYR Yowie Reports Map,/Users/jarlgiovanni/Desktop/bigfoot_research/public/data/frontend-data.json,"Videos: Channel 7 Morning Show, Yowie Story on 9th of Sept 2016",2016,-27.574728,151.9944,QLD,https://www.youtube.com/watch?v=nEa7Rk9TAEk,"Channel 7 Morning Show, Yowie Story on 9th of Sept, QLD",source_visible_place,locality,stage_only_public_report_marker,verified_place,frontend map_points row
canonical_frontend_public_map_row,"record_coord:4515:-35.540682,149.657449",4515,,,,Australian Yowie Research / AYR Yowie Reports Map,/Users/jarlgiovanni/Desktop/bigfoot_research/public/data/frontend-data.json,Reports from newspapers: 2016 - ABC Yowie Article,2016,-35.540682,149.657449,NSW,https://www.yowiehunters.com.au/media-clips/1872-2016-abc-yowie-article,"2016 - ABC Yowie Article, NSW",source_visible_place,locality,stage_only_public_report_marker,verified_place,frontend map_points row
canonical_frontend_public_map_row,"record_coord:4516:-16.819700,145.636900",4516,,,,Australian Yowie Research / AYR Yowie Reports Map,/Users/jarlgiovanni/Desktop/bigfoot_research/public/data/frontend-data.json,Reports from newspapers: 2016 - Cairns Post Yowie Article,2016,-16.8197,145.6369,QLD,https://www.yowiehunters.com.au/media-clips/1978-2016-cairns-post,"2016 - Cairns Post Yowie Article, QLD",source_visible_place,locality,stage_only_public_report_marker,verified_place,frontend map_points row
canonical_frontend_public_map_row,"record_coord:4517:-29.663084,153.107103",4517,,,,Australian Yowie Research / AYR Yowie Reports Map,/Users/jarlgiovanni/Desktop/bigfoot_research/public/data/frontend-data.json,Reports from newspapers: 2016 - Chinchilla News Yowie Article,2016,-29.663084,153.107103,NSW,https://www.yowiehunters.com.au/media-clips/1885-chinchilla-news-2016,"2016 - Chinchilla News Yowie Article, NSW",source_visible_place,locality,stage_only_public_report_marker,verified_place,frontend map_points row
canonical_frontend_public_map_row,"record_coord:4518:-27.816667,151.633333",4518,,,,Australian Yowie Research / AYR Yowie Reports Map,/Users/jarlgiovanni/Desktop/bigfoot_research/public/data/frontend-data.json,Reports from newspapers: 2016 - Daily Mail UK Yowie Article,2016,-27.816667,151.633333,QLD,https://www.yowiehunters.com.au/media-clips/1877-2016-daily-mail-uk-yowie-article,"2016 - Daily Mail UK Yowie Article, QLD",source_visible_place,locality,stage_only_public_report_marker,verified_place,frontend map_points row
canonical_frontend_public_map_row,"record_coord:4519:-26.158300,152.834700",4519,,,,Australian Yowie Research / AYR Yowie Reports Map,/Users/jarlgiovanni/Desktop/bigfoot_research/public/data/frontend-data.json,Reports from newspapers: 2016 - Gympie Times Yowie Article,2016,-26.1583,152.8347,QLD,https://www.yowiehunters.com.au/media-clips/1880-gympie-times-yowie-article-2016,"2016 - Gympie Times Yowie Article, QLD",source_visible_place,locality,stage_only_public_report_marker,verified_place,frontend map_points row
canonical_frontend_public_map_row,"record_coord:4520:-29.712380,152.966138",4520,,,,Australian Yowie Research / AYR Yowie Reports Map,/Users/jarlgiovanni/Desktop/bigfoot_research/public/data/frontend-data.json,Reports from newspapers: 2016 - NRM Digital Media Yowie Article,2016,-29.71238,152.966138,NSW,https://www.yowiehunters.com.au/media-clips/2005-2016-nrm-digital-media-yowie-article,"2016 - NRM Digital Media Yowie Article, NSW",source_visible_place,locality,stage_only_public_report_marker,verified_place,frontend map_points row
canonical_frontend_public_map_row,"record_coord:4521:-27.580508,151.990503",4521,,,,Australian Yowie Research / AYR Yowie Reports Map,/Users/jarlgiovanni/Desktop/bigfoot_research/public/data/frontend-data.json,Reports from newspapers: 2016 - Toowoomba Cronicle Yowie Article,2016,-27.580508,151.990503,QLD,https://www.yowiehunters.com.au/media-clips/1876-2016-toowoomba-cronicle,"2016 - Toowoomba Cronicle Yowie Article, QLD",source_visible_place,locality,stage_only_public_report_marker,verified_place,frontend map_points row
canonical_frontend_public_map_row,"record_coord:4565:-35.362339,150.459172",4565,,,,Australian Yowie Research / AYR Yowie Reports Map,/Users/jarlgiovanni/Desktop/bigfoot_research/public/data/frontend-data.json,"Photographs of footprints and handprints : Kinds Road, Ulladulla, New South Wales (2016)",2016,-35.362339,150.459172,NSW,https://www.yowiehunters.com.au/footprints,"Photographs of footprints and handprints : Kinds Road, Ulladulla, New South Wales, NSW",source_visible_place,locality,stage_only_public_report_marker,verified_place,frontend map_points row
canonical_frontend_public_map_row,"record_coord:144:-29.500985,153.100335",144,,,,Australian Yowie Research,/Users/jarlgiovanni/Desktop/bigfoot_research/public/data/frontend-data.json,"Lawrence, New South Wales 2017",2017,-29.5009847,153.1003352,NSW,https://www.yowiehunters.com.au/new-south-wales/1957-lawrence-new-south-wales-2017,"Lawrence, NSW",reported_place,locality,high,verified_gazetteer_point,frontend map_points row
canonical_frontend_public_map_row,"record_coord:145:-34.703204,150.166024",145,,,,Australian Yowie Research,/Users/jarlgiovanni/Desktop/bigfoot_research/public/data/frontend-data.json,"Wingello, New South Wales 2017",2017,-34.7032044,150.1660245,NSW,https://www.yowiehunters.com.au/new-south-wales/1959-wingello-new-south-wales-2017,"Wingello, NSW",reported_place,locality,high,verified_gazetteer_point,frontend map_points row
canonical_frontend_public_map_row,"record_coord:205:-27.847922,153.214761",205,,,,Australian Yowie Research,/Users/jarlgiovanni/Desktop/bigfoot_research/public/data/frontend-data.json,"Ormeau / Kingsholme, Queensland 2017",2017,-27.8479219,153.2147611,QLD,https://www.yowiehunters.com.au/queensland/2262-ormeau-kingsholme-queensland-2017,"Ormeau / Kingsholme, QLD",reported_place,locality,high,verified_gazetteer_point,frontend map_points row
canonical_frontend_public_map_row,"record_coord:316:-28.394444,153.067222",316,,,,Australian Yowie Research,/Users/jarlgiovanni/Desktop/bigfoot_research/public/data/frontend-data.json,"Border Ranges, New South Wales 2017",2017,-28.3944444,153.0672222,NSW,https://www.yowiehunters.com.au/new-south-wales/2182-border-ranges-new-sout-wales-2017,"Border Ranges, NSW",reported_place,locality,high,verified_gazetteer_point,frontend map_points row
canonical_frontend_public_map_row,"record_coord:336:-30.146944,153.094167",336,,,,Australian Yowie Research,/Users/jarlgiovanni/Desktop/bigfoot_research/public/data/frontend-data.json,"Bucca, New South Wales 2017",2017,-30.1469444,153.0941667,NSW,https://www.yowiehunters.com.au/new-south-wales/1939-bucca-new-south-wales-2017,"Bucca, NSW",reported_place,locality,high,verified_gazetteer_point,frontend map_points row
canonical_frontend_public_map_row,"record_coord:356:-33.548239,150.916404",356,,,,Australian Yowie Research,/Users/jarlgiovanni/Desktop/bigfoot_research/public/data/frontend-data.json,"Cattai, New South Wales 2017",2017,-33.5482394,150.9164045,NSW,https://www.yowiehunters.com.au/new-south-wales/2173-cattai-new-south-wales-2017,"Cattai, NSW",reported_place,locality,high,verified_gazetteer_point,frontend map_points row
canonical_frontend_public_map_row,"record_coord:361:-27.818275,153.246777",361,,,,Australian Yowie Research,/Users/jarlgiovanni/Desktop/bigfoot_research/public/data/frontend-data.json,"Kingsholme / Ormeau, Queensland 2017",2017,-27.8182749,153.2467766,QLD,https://www.yowiehunters.com.au/queensland/2270-kingsholme-ormeau-queensland-2017,"Kingsholme / Ormeau, QLD",reported_place,locality,high,verified_gazetteer_point,frontend map_points row
canonical_frontend_public_map_row,"record_coord:373:-27.767548,153.107005",373,,,,Australian Yowie Research,/Users/jarlgiovanni/Desktop/bigfoot_research/public/data/frontend-data.json,"Logan Village, Queensland 2017",2017,-27.7675482,153.1070052,QLD,https://www.yowiehunters.com.au/queensland/1964-logan-village-queensland-2017,"Logan Village, QLD",reported_place,locality,high,verified_gazetteer_point,frontend map_points row
canonical_frontend_public_map_row,"record_coord:380:-31.281667,152.784444",380,,,,Australian Yowie Research,/Users/jarlgiovanni/Desktop/bigfoot_research/public/data/frontend-data.json,"Cooperbung, New South Wales 2017",2017,-31.2816667,152.7844444,NSW,https://www.yowiehunters.com.au/new-south-wales/2034-cooperbung-new-south-wales-2017,"Cooperabung, NSW",reported_place,locality,high,verified_gazetteer_point,frontend map_points row
canonical_frontend_public_map_row,"record_coord:425:-21.100528,148.705742",425,,,,Australian Yowie Research,/Users/jarlgiovanni/Desktop/bigfoot_research/public/data/frontend-data.json,"Owens Creek, Queensland 2017",2017,-21.1005285,148.7057421,QLD,https://www.yowiehunters.com.au/queensland/2139-owens-creek-queensland-2017,"Owens Creek, QLD",reported_place,locality,high,verified_gazetteer_point,frontend map_points row
canonical_frontend_public_map_row,"record_coord:429:-17.409878,145.561852",429,,,,Australian Yowie Research,/Users/jarlgiovanni/Desktop/bigfoot_research/public/data/frontend-data.json,"Quaids Dam, Queensland 2017",2017,-17.4098776,145.5618517,QLD,https://www.yowiehunters.com.au/queensland/2109-quaids-dam-queensland-2017,"Atherton Tableland, QLD",reported_place,named_feature,high,verified_gazetteer_point,frontend map_points row
canonical_frontend_public_map_row,"record_coord:538:-28.381800,153.284600",538,,,,Australian Yowie Research,/Users/jarlgiovanni/Desktop/bigfoot_research/public/data/frontend-data.json,"Mt. Warning - Tyalgum, New South Wales 2017",2017,-28.3818,153.2846,NSW,https://www.yowiehunters.com.au/new-south-wales/2119-mt-warning-tyalgum-new-south-wales-2017,"Mt. Warning, NSW",reported_place,locality,high,verified_gazetteer_point,frontend map_points row
canonical_frontend_public_map_row,"record_coord:580:-33.855896,151.268280",580,,,,Australian Yowie Research,/Users/jarlgiovanni/Desktop/bigfoot_research/public/data/frontend-data.json,"Strickland, New South Wales 2017",2017,-33.8558957,151.2682802,NSW,https://www.yowiehunters.com.au/new-south-wales/2175-strickland-new-south-wales-2017,"Strickland, NSW",reported_place,locality,high,verified_gazetteer_point,frontend map_points row
canonical_frontend_public_map_row,"record_coord:592:-35.358599,149.220870",592,,,,Australian Yowie Research,/Users/jarlgiovanni/Desktop/bigfoot_research/public/data/frontend-data.json,"Tharwa, New South Wales 2017",2017,-35.3585986,149.2208702,NSW,https://www.yowiehunters.com.au/new-south-wales/2022-thawa-new-south-wales-2017,"Tharwa, NSW",reported_place,locality,high,verified_gazetteer_point,frontend map_points row
canonical_frontend_public_map_row,"record_coord:614:-35.110571,148.675919",614,,,,Australian Yowie Research,/Users/jarlgiovanni/Desktop/bigfoot_research/public/data/frontend-data.json,"Wee Jasper, New South Wales 2017",2017,-35.1105708,148.6759186,NSW,https://www.yowiehunters.com.au/new-south-wales/1953-wee-jasper-new-south-wales-2017,"Wee Jasper, NSW",reported_place,locality,high,verified_gazetteer_point,frontend map_points row
canonical_frontend_public_map_row,"record_coord:977:-37.064049,149.903512",977,,,,Australian Yowie Research,/Users/jarlgiovanni/Desktop/bigfoot_research/public/data/frontend-data.json,2017 - Eden Magnet Yowie Article (2) 27-04-2017,2017,-37.0640494,149.9035118,NSW,https://www.yowiehunters.com.au/media-clips/1946-2017-eden-magnet-yowie-article-2,Eden,source_visible_place_hint,locality,medium,verified_gazetteer_point,frontend map_points row
canonical_frontend_public_map_row,"record_coord:978:-34.461450,150.790409",978,,,,Australian Yowie Research,/Users/jarlgiovanni/Desktop/bigfoot_research/public/data/frontend-data.json,2017 - Illawarra Mercury Yowie Article 02-05-2017,2017,-34.4614504,150.790409,NSW,https://www.yowiehunters.com.au/media-clips/1949-2017-illawarra-mercury-yowie-article,"Illawarra, NSW",reported_place,locality,medium,verified_gazetteer_point,frontend map_points row
canonical_frontend_public_map_row,"record_coord:980:-26.707909,152.850833",980,,,,Australian Yowie Research,/Users/jarlgiovanni/Desktop/bigfoot_research/public/data/frontend-data.json,2017 - Sunshine Coast Daily Yowie Article 13-12-2017,2017,-26.7079095,152.8508329,QLD,https://www.yowiehunters.com.au/media-clips/1963-2017-sunshine-coast-daily-yowie-article,"Sunshine Coast, QLD",reported_place,locality,medium,verified_gazetteer_point,frontend map_points row
canonical_frontend_public_map_row,"record_coord:1055:-36.759018,144.282672",1055,,,,Australian Yowie Research,/Users/jarlgiovanni/Desktop/bigfoot_research/public/data/frontend-data.json,2017 - Bendigo Advertiser Yowie Article 17-03-2017,2017,-36.7590183,144.2826718,VIC,https://www.yowiehunters.com.au/media-clips/1938-2017-bendigo-advertiser-yowie-article,"Bendigo, VIC",reported_place,town,medium,verified_gazetteer_point,frontend map_points row
canonical_frontend_public_map_row,"record_coord:1101:-27.616032,152.760835",1101,,,,Australian Yowie Research,/Users/jarlgiovanni/Desktop/bigfoot_research/public/data/frontend-data.json,2017 - Daily Examiner Yowie Article 04-02-2017,2017,-27.6160323,152.7608348,QLD,https://www.yowiehunters.com.au/media-clips/1897-2017-daily-examiner-yowie-article,Ipswich,source_visible_place_hint,locality,medium,verified_gazetteer_point,frontend map_points row
canonical_frontend_public_map_row,"record_coord:1103:-37.064049,149.903512",1103,,,,Australian Yowie Research,/Users/jarlgiovanni/Desktop/bigfoot_research/public/data/frontend-data.json,2017 - Eden Magnet Yowie Article (3) 27-04-2017,2017,-37.0640494,149.9035118,NSW,https://www.yowiehunters.com.au/media-clips/1948-2017-eden-magnet-3,Eden,source_visible_place_hint,locality,medium,verified_gazetteer_point,frontend map_points row
canonical_frontend_public_map_row,"record_coord:1104:-37.064049,149.903512",1104,,,,Australian Yowie Research,/Users/jarlgiovanni/Desktop/bigfoot_research/public/data/frontend-data.json,2017 - Eden Magnet Yowie Article 19-04-2017,2017,-37.0640494,149.9035118,NSW,https://www.yowiehunters.com.au/media-clips/1945-eden-magnet-yowie-article-2017,Eden,source_visible_place_hint,locality,medium,verified_gazetteer_point,frontend map_points row
canonical_frontend_public_map_row,"record_coord:2703:-37.810900,144.972400",2703,,,,State Library Victoria,/Users/jarlgiovanni/Desktop/bigfoot_research/public/data/frontend-data.json,Federici in Federici's ghost,2017,-37.8109,144.9724,VIC,https://blogs.slv.vic.gov.au/such-was-life/federicis-ghost/,"Princess Theatre, Melbourne, VIC",apparition_location,exact_site,B,verified_gazetteer_point,frontend map_points row
canonical_frontend_public_map_row,"record_coord:2704:-37.810900,144.972400",2704,,,,State Library Victoria,/Users/jarlgiovanni/Desktop/bigfoot_research/public/data/frontend-data.json,Federici in Federici's ghost,2017,-37.8109,144.9724,VIC,https://blogs.slv.vic.gov.au/such-was-life/federicis-ghost/,"Princess Theatre, Melbourne, VIC",apparition_location,exact_site,B,verified_gazetteer_point,frontend map_points row
canonical_frontend_public_map_row,"record_coord:2705:-37.810900,144.972400",2705,,,,State Library Victoria,/Users/jarlgiovanni/Desktop/bigfoot_research/public/data/frontend-data.json,Federici in Federici's ghost,2017,-37.8109,144.9724,VIC,https://blogs.slv.vic.gov.au/such-was-life/federicis-ghost/,"Princess Theatre, Melbourne, VIC",apparition_location,exact_site,B,verified_gazetteer_point,frontend map_points row
canonical_frontend_public_map_row,"record_coord:2706:-37.810900,144.972400",2706,,,,State Library Victoria,/Users/jarlgiovanni/Desktop/bigfoot_research/public/data/frontend-data.json,ghost in Federici's ghost,2017,-37.8109,144.9724,VIC,https://blogs.slv.vic.gov.au/such-was-life/federicis-ghost/,"Princess Theatre, Melbourne, VIC",apparition_location,exact_site,B,verified_gazetteer_point,frontend map_points row
canonical_frontend_public_map_row,"record_coord:2707:-37.810900,144.972400",2707,,,,State Library Victoria,/Users/jarlgiovanni/Desktop/bigfoot_research/public/data/frontend-data.json,ghost in Federici's ghost,2017,-37.8109,144.9724,VIC,https://blogs.slv.vic.gov.au/such-was-life/federicis-ghost/,"Princess Theatre, Melbourne, VIC",apparition_location,exact_site,B,verified_gazetteer_point,frontend map_points row
canonical_frontend_public_map_row,"record_coord:2708:-37.810900,144.972400",2708,,,,State Library Victoria,/Users/jarlgiovanni/Desktop/bigfoot_research/public/data/frontend-data.json,ghost in Federici's ghost,2017,-37.8109,144.9724,VIC,https://blogs.slv.vic.gov.au/such-was-life/federicis-ghost/,"Princess Theatre, Melbourne, VIC",apparition_location,exact_site,B,verified_gazetteer_point,frontend map_points row
canonical_frontend_public_map_row,"record_coord:2709:-37.810900,144.972400",2709,,,,State Library Victoria,/Users/jarlgiovanni/Desktop/bigfoot_research/public/data/frontend-data.json,ghost in Federici's ghost,2017,-37.8109,144.9724,VIC,https://blogs.slv.vic.gov.au/such-was-life/federicis-ghost/,"Princess Theatre, Melbourne, VIC",apparition_location,exact_site,B,verified_gazetteer_point,frontend map_points row
canonical_frontend_public_map_row,"record_coord:2710:-37.810900,144.972400",2710,,,,State Library Victoria,/Users/jarlgiovanni/Desktop/bigfoot_research/public/data/frontend-data.json,Mephistopheles in Federici's ghost,2017,-37.8109,144.9724,VIC,https://blogs.slv.vic.gov.au/such-was-life/federicis-ghost/,"Princess Theatre, Melbourne, VIC",apparition_location,exact_site,B,verified_gazetteer_point,frontend map_points row
canonical_frontend_public_map_row,"record_coord:3990:-35.282864,149.120954",3990,,,,Australian Broadcasting Corporation,/Users/jarlgiovanni/Desktop/bigfoot_research/public/data/frontend-data.json,I spent Halloween in one of Australia's 'most haunted buildings',2017,-35.2828643,149.1209536,ACT,https://www.abc.net.au/news/2017-10-31/halloween-nfsa-ghosts-canberra-haunting/9104148,"National Film and Sound Archive, ACT",apparition_location,exact_site,B,verified_gazetteer_point,frontend map_points row
canonical_frontend_public_map_row,"record_coord:4014:-37.594924,140.354057",4014,,,,Australian Broadcasting Corporation,/Users/jarlgiovanni/Desktop/bigfoot_research/public/data/frontend-data.json,"Ghost hunting in the Grand, one of SA's most haunted hotels",2017,-37.5949239,140.3540571,SA,https://www.abc.net.au/news/2017-07-31/hunting-the-ghosts-of-the-grand-hotel/8752610,"Grand Hotel Millicent, SA",apparition_location,exact_site,B,verified_gazetteer_point,frontend map_points row
canonical_frontend_public_map_row,"record_coord:4032:-42.733830,147.439981",4032,,,,Australian Broadcasting Corporation,/Users/jarlgiovanni/Desktop/bigfoot_research/public/data/frontend-data.json,Richmond Bridge works begin to preserve convict-era landmark,2017,-42.7338298,147.4399809,TAS,https://www.abc.net.au/news/2017-03-12/richmond-bridge-conservation-works-tasmania/8347030,"Richmond Bridge, TAS",apparition_location,exact_site,B,verified_gazetteer_point,frontend map_points row
canonical_frontend_public_map_row,"record_coord:4042:-31.883149,116.069547",4042,,,,Australian Broadcasting Corporation,/Users/jarlgiovanni/Desktop/bigfoot_research/public/data/frontend-data.json,Perth tradies turned paranormal hunters,2017,-31.8831486,116.0695475,WA,https://www.abc.net.au/perth/programs/breakfast/perth-tradies-turned-paranormal-hunters/8665796,"Swan View Tunnel, WA",apparition_location,exact_site,B,verified_gazetteer_point,frontend map_points row
canonical_frontend_public_map_row,"record_coord:4063:-32.819972,117.178918",4063,,,,Australian Broadcasting Corporation,/Users/jarlgiovanni/Desktop/bigfoot_research/public/data/frontend-data.json,Paranormal investigator claims to have recorded the voice of a ghost who haunts the Cuballing Tavern,2017,-32.819972,117.1789178,WA,https://www.abc.net.au/listen/programs/perth-focus/8411088,"Cuballing Tavern, WA",apparition_location,exact_site,B,verified_gazetteer_point,frontend map_points row
canonical_frontend_public_map_row,"record_coord:4066:-35.302352,149.130018",4066,,,,Australian Broadcasting Corporation,/Users/jarlgiovanni/Desktop/bigfoot_research/public/data/frontend-data.json,Old Parliament House and its spooky past creating high demand for ghost tours,2017,-35.3023519,149.1300176,ACT,https://www.abc.net.au/news/2017-09-01/spooky-after-dark-ghost-tours-at-old-parliament-house/8858870,"Old Parliament House, ACT",apparition_location,exact_site,B,verified_gazetteer_point,frontend map_points row
canonical_frontend_public_map_row,"record_coord:4072:-23.378726,150.804076",4072,,,,Australian Broadcasting Corporation,/Users/jarlgiovanni/Desktop/bigfoot_research/public/data/frontend-data.json,South Sea Islander community confronts fears of yowies and ghosts with night walk,2017,-23.378726,150.8040757,QLD,https://www.abc.net.au/news/2017-06-01/south-sea-islander-community-confronts-fears-of-yowies-ghosts/8572418,"Joskeleigh, QLD",apparition_location,locality,B,verified_gazetteer_point,frontend map_points row
canonical_frontend_public_map_row,"record_coord:4083:-42.785427,147.063622",4083,,,,Australian Broadcasting Corporation,/Users/jarlgiovanni/Desktop/bigfoot_research/public/data/frontend-data.json,doctor in Willow Court morgue doctor spirit,2017,-42.7854275,147.0636218,TAS,https://www.abc.net.au/news/2017-10-02/ghost-hunters-hold-facebook-seance-at-willow-court-tasmania/9005448#doctor,"Willow Court Historic Site, New Norfolk, TAS",apparition_location,exact_site,B,verified_gazetteer_point,frontend map_points row
canonical_frontend_public_map_row,"record_coord:4086:-42.785427,147.063622",4086,,,,Australian Broadcasting Corporation,/Users/jarlgiovanni/Desktop/bigfoot_research/public/data/frontend-data.json,Sarah in Willow Court Sarah spirit,2017,-42.7854275,147.0636218,TAS,https://www.abc.net.au/news/2017-10-02/ghost-hunters-hold-facebook-seance-at-willow-court-tasmania/9005448#sarah,"Willow Court Historic Site, New Norfolk, TAS",apparition_location,exact_site,B,verified_gazetteer_point,frontend map_points row
canonical_frontend_public_map_row,"record_coord:4116:-42.735967,147.438484",4116,,,,Australian Broadcasting Corporation,/Users/jarlgiovanni/Desktop/bigfoot_research/public/data/frontend-data.json,Haunted in Hobart,2017,-42.7359665,147.4384839,TAS,https://www.abc.net.au/listen/programs/hobart-evenings/psychic/9022468,"Richmond, TAS",apparition_location,town,medium,verified_gazetteer_point,frontend map_points row
canonical_frontend_public_map_row,"record_coord:4243:-32.055344,115.753456",4243,,,,Australian Broadcasting Corporation,/Users/jarlgiovanni/Desktop/bigfoot_research/public/data/frontend-data.json,Perth tradies turned paranormal hunters,2017,-32.0553437,115.7534563,WA,https://www.abc.net.au/perth/programs/breakfast/perth-tradies-turned-paranormal-hunters/8665796,"Fremantle Prison, WA",apparition_location,exact_site,B,verified_gazetteer_point,frontend map_points row
canonical_frontend_public_map_row,"record_coord:4245:-42.785427,147.063622",4245,,,,Australian Broadcasting Corporation,/Users/jarlgiovanni/Desktop/bigfoot_research/public/data/frontend-data.json,Ghost hunters conduct global seance via Facebook at Australia's 'oldest mental hospital',2017,-42.7854275,147.0636218,TAS,https://www.abc.net.au/news/2017-10-02/ghost-hunters-hold-facebook-seance-at-willow-court-tasmania/9005448,"Willow Court, TAS",apparition_location,exact_site,B,verified_gazetteer_point,frontend map_points row
canonical_frontend_public_map_row,"record_coord:4339:-28.397222,153.270833",4339,,,,Australian Yowie Research / AYR Yowie Reports Map,/Users/jarlgiovanni/Desktop/bigfoot_research/public/data/frontend-data.json,"Written reports: Yowie Sighting at Mt. Warning - Tyalgum, New South Wales 2017",2017,-28.397222,153.270833,NSW,https://www.yowiehunters.com.au/new-south-wales/2119-mt-warning-tyalgum-new-south-wales-2017,"Mt. Warning - Tyalgum, NSW",source_visible_place,locality,stage_only_public_report_marker,verified_place,frontend map_points row
canonical_frontend_public_map_row,"record_coord:4389:-27.767548,153.107005",4389,,,,Australian Yowie Research / AYR Yowie Reports Map,/Users/jarlgiovanni/Desktop/bigfoot_research/public/data/frontend-data.json,"YouTube reports, interviews: Yowie Sighting (Audio Report #119) near Logan Village, Queensland (Feb 2017)",2017,-27.7675482,153.1070052,QLD,https://www.youtube.com/watch?v=6ub-UEGkqEo,"Logan Village, QLD",source_visible_place,locality,stage_only_public_report_marker,verified_gazetteer_point,frontend map_points row
canonical_frontend_public_map_row,"record_coord:4390:-16.775905,145.340276",4390,,,,Australian Yowie Research / AYR Yowie Reports Map,/Users/jarlgiovanni/Desktop/bigfoot_research/public/data/frontend-data.json,"Written reports: Yowie Sighting at Quaids Dam, Queensland 2017",2017,-16.775905,145.340276,QLD,https://www.yowiehunters.com.au/queensland/2109-quaids-dam-queensland-2017,"Quaids Dam, QLD",source_visible_place,locality,stage_only_public_report_marker,verified_place,frontend map_points row
canonical_frontend_public_map_row,"record_coord:4391:-32.112870,116.069603",4391,,,,Australian Yowie Research / AYR Yowie Reports Map,/Users/jarlgiovanni/Desktop/bigfoot_research/public/data/frontend-data.json,"Written reports: Yowie Sighting at Roleystone, WA (April 2017)",2017,-32.11287,116.069603,WA,https://www.yowiehunters.com.au/western-australia/1934-roleystone-western-australia-2017,"Roleystone, WA",source_visible_place,locality,stage_only_public_report_marker,verified_place,frontend map_points row
canonical_frontend_public_map_row,"record_coord:4392:-28.359720,152.986110",4392,,,,Australian Yowie Research / AYR Yowie Reports Map,/Users/jarlgiovanni/Desktop/bigfoot_research/public/data/frontend-data.json,"YouTube reports, interviews: Yowie Sighting (Audio Report #155) in the Border Ranges, New South Wales (2017)",2017,-28.35972,152.98611,NSW,https://www.youtube.com/watch?v=BY3nlEMfcnE,"the Border Ranges, NSW",source_visible_place,locality,stage_only_public_report_marker,verified_place,frontend map_points row
canonical_frontend_public_map_row,"record_coord:4393:-21.100528,148.705742",4393,,,,Australian Yowie Research / AYR Yowie Reports Map,/Users/jarlgiovanni/Desktop/bigfoot_research/public/data/frontend-data.json,"YouTube reports, interviews: Yowie Sighting (Audio Report #158) near Owens Creek, Queensland (2017)",2017,-21.1005285,148.7057421,QLD,https://www.youtube.com/watch?v=ZjeJ5U0ekX,"Owens Creek, QLD",source_visible_place,locality,stage_only_public_report_marker,verified_gazetteer_point,frontend map_points row
canonical_frontend_public_map_row,"record_coord:4394:-33.548239,150.916404",4394,,,,Australian Yowie Research / AYR Yowie Reports Map,/Users/jarlgiovanni/Desktop/bigfoot_research/public/data/frontend-data.json,"YouTube reports, interviews: Yowie Sighting (Audio Report #163) at Cattai, New South Wales (Sep 2017)",2017,-33.5482394,150.9164045,NSW,https://www.youtube.com/watch?v=EcZR4pjKE_k,"Cattai, NSW",source_visible_place,locality,stage_only_public_report_marker,verified_gazetteer_point,frontend map_points row
canonical_frontend_public_map_row,"record_coord:4396:-32.747726,151.102302",4396,,,,Australian Yowie Research / AYR Yowie Reports Map,/Users/jarlgiovanni/Desktop/bigfoot_research/public/data/frontend-data.json,"YouTube reports, interviews: Yowie Sighting (Audio Report #114) at Broke, New South Wales (2017)",2017,-32.7477265,151.102302,NSW,https://www.youtube.com/watch?v=BpMXwmPB5zM,"Broke, NSW",source_visible_place,locality,stage_only_public_report_marker,verified_gazetteer_point,frontend map_points row
canonical_frontend_public_map_row,"record_coord:4522:-36.716667,144.283333",4522,,,,Australian Yowie Research / AYR Yowie Reports Map,/Users/jarlgiovanni/Desktop/bigfoot_research/public/data/frontend-data.json,Reports from newspapers: 2017 - Bendigo Advertiser Yowie Article 17-03-2017,2017,-36.716667,144.283333,NSW,https://www.yowiehunters.com.au/media-clips/1938-2017-bendigo-advertiser-yowie-article,"2017 - Bendigo Advertiser Yowie Article 17-03-2017, NSW",source_visible_place,locality,stage_only_public_report_marker,verified_place,frontend map_points row
canonical_frontend_public_map_row,"record_coord:4523:-27.583333,152.766667",4523,,,,Australian Yowie Research / AYR Yowie Reports Map,/Users/jarlgiovanni/Desktop/bigfoot_research/public/data/frontend-data.json,Reports from newspapers: 2017 - Daily Examiner Yowie Article 04-02-2017,2017,-27.583333,152.766667,QLD,https://www.yowiehunters.com.au/media-clips/1897-2017-daily-examiner-yowie-article,"2017 - Daily Examiner Yowie Article 04-02-2017, QLD",source_visible_place,locality,stage_only_public_report_marker,verified_place,frontend map_points row
canonical_frontend_public_map_row,"record_coord:4524:-27.040200,152.861300",4524,,,,Australian Yowie Research / AYR Yowie Reports Map,/Users/jarlgiovanni/Desktop/bigfoot_research/public/data/frontend-data.json,Reports from newspapers: 2017 - Daily Mail Yowie Article 18-12-2017,2017,-27.0402,152.8613,QLD,https://www.yowiehunters.com.au/media-clips/1962-2017-daily-mail-yowie-article,"2017 - Daily Mail Yowie Article 18-12-2017, QLD",source_visible_place,locality,stage_only_public_report_marker,verified_place,frontend map_points row
canonical_frontend_public_map_row,"record_coord:4525:-28.183333,153.300000",4525,,,,Australian Yowie Research / AYR Yowie Reports Map,/Users/jarlgiovanni/Desktop/bigfoot_research/public/data/frontend-data.json,Reports from newspapers: 2017 - Daily Star Yowie Article 02-12-2017,2017,-28.183333,153.3,QLD,https://www.yowiehunters.com.au/media-clips/1970-2017-daily-star-yowie-article,"2017 - Daily Star Yowie Article 02-12-2017, QLD",source_visible_place,locality,stage_only_public_report_marker,verified_place,frontend map_points row
canonical_frontend_public_map_row,"record_coord:4526:-36.606670,149.458372",4526,,,,Australian Yowie Research / AYR Yowie Reports Map,/Users/jarlgiovanni/Desktop/bigfoot_research/public/data/frontend-data.json,Reports from newspapers: 2017 - Eden Magnet Yowie Article (3) 27-04-2017,2017,-36.60667,149.458372,NSW,https://www.yowiehunters.com.au/media-clips/1948-2017-eden-magnet-3,"2017 - Eden Magnet Yowie Article (3) 27-04-2017, NSW",source_visible_place,locality,stage_only_public_report_marker,verified_place,frontend map_points row
canonical_frontend_public_map_row,"record_coord:4527:-37.083333,149.813889",4527,,,,Australian Yowie Research / AYR Yowie Reports Map,/Users/jarlgiovanni/Desktop/bigfoot_research/public/data/frontend-data.json,Reports from newspapers: 2017 - Eden Magnet Yowie Article 19-04-2017,2017,-37.083333,149.813889,NSW,https://www.yowiehunters.com.au/media-clips/1945-eden-magnet-yowie-article-2017,"2017 - Eden Magnet Yowie Article 19-04-2017, NSW",source_visible_place,locality,stage_only_public_report_marker,verified_place,frontend map_points row
canonical_frontend_public_map_row,"record_coord:4528:-27.043200,152.861300",4528,,,,Australian Yowie Research / AYR Yowie Reports Map,/Users/jarlgiovanni/Desktop/bigfoot_research/public/data/frontend-data.json,Reports from newspapers: 2017 - Sunshine Coast Daily Yowie Article 13-12-2017,2017,-27.0432,152.8613,QLD,https://www.yowiehunters.com.au/media-clips/1963-2017-sunshine-coast-daily-yowie-article,"2017 - Sunshine Coast Daily Yowie Article 13-12-2017, QLD",source_visible_place,locality,stage_only_public_report_marker,verified_place,frontend map_points row
canonical_frontend_public_map_row,"record_coord:4529:-30.183333,152.683333",4529,,,,Australian Yowie Research / AYR Yowie Reports Map,/Users/jarlgiovanni/Desktop/bigfoot_research/public/data/frontend-data.json,Reports from newspapers: 2017 - The Australian Yowie Article 18-03-2017,2017,-30.183333,152.683333,NSW,https://www.yowiehunters.com.au/media-clips/1941-2017-the-australian-yowie-article,"2017 - The Australian Yowie Article 18-03-2017, NSW",source_visible_place,locality,stage_only_public_report_marker,verified_place,frontend map_points row
canonical_frontend_public_map_row,"record_coord:4577:-33.379145,151.294097",4577,,,,Australian Yowie Research / AYR Yowie Reports Map,/Users/jarlgiovanni/Desktop/bigfoot_research/public/data/frontend-data.json,"Witness sketches: Strickland, New South Wales (2017)",2017,-33.379145,151.294097,NSW,https://www.yowiehunters.com.au/witness-sketches,"Strickland, New South Wales, NSW",source_visible_place,locality,stage_only_public_report_marker,verified_place,frontend map_points row
canonical_frontend_public_map_row,"record_coord:4578:-21.077443,148.688111",4578,,,,Australian Yowie Research / AYR Yowie Reports Map,/Users/jarlgiovanni/Desktop/bigfoot_research/public/data/frontend-data.json,"Witness sketches: Owens Creek, Queensland (2017)",2017,-21.077443,148.688111,QLD,https://www.yowiehunters.com.au/witness-sketches,"Owens Creek, Queensland, QLD",source_visible_place,locality,stage_only_public_report_marker,verified_place,frontend map_points row
canonical_frontend_public_map_row,"record_coord:4586:-30.157370,153.095780",4586,,,,Australian Yowie Research / AYR Yowie Reports Map,/Users/jarlgiovanni/Desktop/bigfoot_research/public/data/frontend-data.json,"Witness sketches: Bucca, New South Wales (2017)",2017,-30.15737,153.09578,NSW,https://www.yowiehunters.com.au/witness-sketches,"Bucca, New South Wales, NSW",source_visible_place,locality,stage_only_public_report_marker,verified_place,frontend map_points row
canonical_frontend_public_map_row,"record_coord:4611:-31.281667,152.784444",4611,,,,Australian Yowie Research state report indexes,/Users/jarlgiovanni/Desktop/bigfoot_research/public/data/frontend-data.json,"AYR report index: Cooperbung, New South Wales 2017",2017,-31.2816667,152.7844444,NSW,https://www.yowiehunters.com.au/new-south-wales/2034-cooperbung-new-south-wales-2017,"Cooperbung, NSW",source_visible_place,locality,stage_only_public_report_index_link,verified_gazetteer_point,frontend map_points row
canonical_frontend_public_map_row,"record_coord:6:-26.943000,152.565000",6,,,,ABC News,/Users/jarlgiovanni/Desktop/bigfoot_research/public/data/frontend-data.json,Yowie country: Queensland town revamps tourism brand as a prime spot for mythological creature,2018,-26.943,152.565,QLD,https://www.abc.net.au/news/2018-04-21/kilcoy-yowie-tourism-queensland/9675596,Kilcoy,mentioned_place,town,medium,verified_place,frontend map_points row
canonical_frontend_public_map_row,"record_coord:80:-38.097124,145.720899",80,,,,Australian Yowie Research,/Users/jarlgiovanni/Desktop/bigfoot_research/public/data/frontend-data.json,"Bunyip, Victoria 2018",2018,-38.0971242,145.7208993,VIC,https://www.yowiehunters.com.au/victoria/2004-bunyip-victoria-2018,"Bunyip, VIC",reported_place,locality,high,verified_gazetteer_point,frontend map_points row
canonical_frontend_public_map_row,"record_coord:146:-29.681677,152.933636",146,,,,Australian Yowie Research,/Users/jarlgiovanni/Desktop/bigfoot_research/public/data/frontend-data.json,"Grafton, New South Wales 2018",2018,-29.6816773,152.9336357,NSW,https://www.yowiehunters.com.au/new-south-wales/2029-grafton-new-south-wales-2018,"Grafton, NSW",reported_place,locality,high,verified_gazetteer_point,frontend map_points row
canonical_frontend_public_map_row,"record_coord:206:-24.211238,151.900547",206,,,,Australian Yowie Research,/Users/jarlgiovanni/Desktop/bigfoot_research/public/data/frontend-data.json,"Agnes Waters, Queensland 2018",2018,-24.2112376,151.9005473,QLD,https://www.yowiehunters.com.au/queensland/2115-agnes-waters-queensland-2018,"Agnes Waters, QLD",reported_place,locality,high,verified_gazetteer_point,frontend map_points row
canonical_frontend_public_map_row,"record_coord:207:-27.989657,153.336594",207,,,,Australian Yowie Research,/Users/jarlgiovanni/Desktop/bigfoot_research/public/data/frontend-data.json,"Nunimbah Valley, Queensland 2018",2018,-27.9896566,153.3365942,QLD,https://www.yowiehunters.com.au/queensland/2059-nunimbah-valley-queensland-2018,Nerang,source_visible_place_hint,locality,medium,verified_gazetteer_point,frontend map_points row
canonical_frontend_public_map_row,"record_coord:208:-28.050657,153.187706",208,,,,Australian Yowie Research,/Users/jarlgiovanni/Desktop/bigfoot_research/public/data/frontend-data.json,"Witheren, Queensland 2018",2018,-28.0506572,153.1877059,QLD,https://www.yowiehunters.com.au/queensland/2035-witheren-queensland-2018,"Witheren, QLD",reported_place,locality,high,verified_gazetteer_point,frontend map_points row
canonical_frontend_public_map_row,"record_coord:219:-27.983099,152.539109",219,,,,Australian Yowie Research,/Users/jarlgiovanni/Desktop/bigfoot_research/public/data/frontend-data.json,"Aratula, Queensland 2018",2018,-27.9830985,152.5391088,QLD,https://www.yowiehunters.com.au/queensland/1987-aratula-queensland-2018,"Aratula, QLD",reported_place,locality,high,verified_gazetteer_point,frontend map_points row
canonical_frontend_public_map_row,"record_coord:230:-32.565000,149.834444",230,,,,Australian Yowie Research,/Users/jarlgiovanni/Desktop/bigfoot_research/public/data/frontend-data.json,"Bara, New South Wales 2018",2018,-32.565,149.8344444,NSW,https://www.yowiehunters.com.au/new-south-wales/2071-bara-new-south-wales-2018,"Bara, NSW",reported_place,locality,high,verified_gazetteer_point,frontend map_points row
canonical_frontend_public_map_row,"record_coord:272:-30.373991,152.719210",272,,,,Australian Yowie Research,/Users/jarlgiovanni/Desktop/bigfoot_research/public/data/frontend-data.json,"Bellingen, New South Wales 2018",2018,-30.3739913,152.71921,NSW,https://www.yowiehunters.com.au/new-south-wales/2045-bellingen-new-south-wales-2018,"Bellingen, NSW",reported_place,locality,high,verified_gazetteer_point,frontend map_points row
canonical_frontend_public_map_row,"record_coord:282:-26.743368,152.671040",282,,,,Australian Yowie Research,/Users/jarlgiovanni/Desktop/bigfoot_research/public/data/frontend-data.json,"Conondale, Queensland 2018",2018,-26.743368,152.6710401,QLD,https://www.yowiehunters.com.au/queensland/1986-conondale-queensland-2018,"Conondale, QLD",reported_place,locality,high,verified_gazetteer_point,frontend map_points row
canonical_frontend_public_map_row,"record_coord:306:-32.798333,149.717778",306,,,,Australian Yowie Research,/Users/jarlgiovanni/Desktop/bigfoot_research/public/data/frontend-data.json,"Bocoble, New South Wales 2018",2018,-32.7983333,149.7177778,NSW,https://www.yowiehunters.com.au/new-south-wales/2023-bocoble-new-south-wales-2018,"Bocoble, NSW",reported_place,locality,high,verified_gazetteer_point,frontend map_points row
canonical_frontend_public_map_row,"record_coord:398:-30.339968,152.712034",398,,,,Australian Yowie Research,/Users/jarlgiovanni/Desktop/bigfoot_research/public/data/frontend-data.json,"Dorrigo, New South Wales 2018",2018,-30.3399677,152.7120341,NSW,https://www.yowiehunters.com.au/new-south-wales/2001-dorrigo-new-south-wales-2018,"Dorrigo, NSW",reported_place,locality,high,verified_gazetteer_point,frontend map_points row
canonical_frontend_public_map_row,"record_coord:437:-26.571036,148.786814",437,,,,Australian Yowie Research,/Users/jarlgiovanni/Desktop/bigfoot_research/public/data/frontend-data.json,"Roma, Queensland 2018",2018,-26.5710356,148.7868137,QLD,https://www.yowiehunters.com.au/queensland/1981-roma-queensland-2018,"Roma, QLD",reported_place,locality,high,verified_gazetteer_point,frontend map_points row
canonical_frontend_public_map_row,"record_coord:489:-26.240797,152.403496",489,,,,Australian Yowie Research,/Users/jarlgiovanni/Desktop/bigfoot_research/public/data/frontend-data.json,"Widgee, Queensland 2018",2018,-26.240797,152.4034957,QLD,https://www.yowiehunters.com.au/queensland/2060-widgee-queensland,"Widgee, QLD",reported_place,locality,high,verified_gazetteer_point,frontend map_points row
canonical_frontend_public_map_row,"record_coord:518:-33.481536,150.156489",518,,,,Australian Yowie Research,/Users/jarlgiovanni/Desktop/bigfoot_research/public/data/frontend-data.json,"Lithgow, New South Wales 2018",2018,-33.481536,150.1564887,NSW,https://www.yowiehunters.com.au/new-south-wales/2031-lithgow-new-south-wales-2018,"Lithgow, NSW",reported_place,locality,high,verified_gazetteer_point,frontend map_points row
canonical_frontend_public_map_row,"record_coord:571:-29.328539,152.997738",571,,,,Australian Yowie Research,/Users/jarlgiovanni/Desktop/bigfoot_research/public/data/frontend-data.json,"Richmond Range, New South Wales 2018",2018,-29.3285389,152.9977378,NSW,https://www.yowiehunters.com.au/new-south-wales/1984-richmond-range-new-south-wales-2018,"Richmond Range, NSW",reported_place,locality,high,verified_gazetteer_point,frontend map_points row
canonical_frontend_public_map_row,"record_coord:600:-28.415278,153.330556",600,,,,Australian Yowie Research,/Users/jarlgiovanni/Desktop/bigfoot_research/public/data/frontend-data.json,"Uki, New South Wales 2018",2018,-28.4152778,153.3305556,NSW,https://www.yowiehunters.com.au/new-south-wales/1982-uki-new-south-wales-2018,"Uki, NSW",reported_place,locality,high,verified_gazetteer_point,frontend map_points row
canonical_frontend_public_map_row,"record_coord:981:-28.763164,153.348012",981,,,,Australian Yowie Research,/Users/jarlgiovanni/Desktop/bigfoot_research/public/data/frontend-data.json,2018 - Northern Star Yowie Article 02-06-2018,2018,-28.7631637,153.3480115,NSW,https://www.yowiehunters.com.au/media-clips/1977-2018-northern-star-yowie-article,Bexhill,source_visible_place_hint,locality,medium,verified_gazetteer_point,frontend map_points row
canonical_frontend_public_map_row,"record_coord:982:-26.676420,151.985174",982,,,,Australian Yowie Research,/Users/jarlgiovanni/Desktop/bigfoot_research/public/data/frontend-data.json,2018 - South Burnett Times Yowie Article,2018,-26.6764195,151.9851744,QLD,https://www.yowiehunters.com.au/media-clips/2019-2018-south-burnett-times-yowie-article,"Nanango, QLD",reported_place,town,high,verified_gazetteer_point,frontend map_points row
canonical_frontend_public_map_row,"record_coord:983:-33.869844,151.208285",983,,,,Australian Yowie Research,/Users/jarlgiovanni/Desktop/bigfoot_research/public/data/frontend-data.json,2018 - Sydney Morning Herald Yowie Article 10-11-2018,2018,-33.8698439,151.2082848,NSW,https://www.yowiehunters.com.au/media-clips/2020-2018-sydney-morning-herald-yowie-article,"Sydney, NSW",reported_place,locality,medium,verified_gazetteer_point,frontend map_points row
canonical_frontend_public_map_row,"record_coord:1056:-28.285835,147.943664",1056,,,,Australian Yowie Research,/Users/jarlgiovanni/Desktop/bigfoot_research/public/data/frontend-data.json,2018 - Balonne Shire News Yowie Article 09-08-2018,2018,-28.285835,147.9436644,QLD,https://www.yowiehunters.com.au/media-clips/1980-2018-balonne-shire-news,"Balonne Shire, QLD",reported_place,locality,medium,verified_gazetteer_point,frontend map_points row
canonical_frontend_public_map_row,"record_coord:1057:-18.248431,145.611208",1057,,,,Australian Yowie Research,/Users/jarlgiovanni/Desktop/bigfoot_research/public/data/frontend-data.json,2018- Herbert River Express Yowie Article 15-08-2018,2018,-18.2484306,145.6112083,QLD,https://www.yowiehunters.com.au/media-clips/2002-2018-herbert-river-express-yowie-article,"Herbert River, QLD",reported_place,locality,medium,verified_gazetteer_point,frontend map_points row
canonical_frontend_public_map_row,"record_coord:1109:-28.415278,153.330556",1109,,,,Australian Yowie Research,/Users/jarlgiovanni/Desktop/bigfoot_research/public/data/frontend-data.json,2018 - Grey Nomads Yowie Article 10-09-2018,2018,-28.4152778,153.3305556,NSW,https://www.yowiehunters.com.au/media-clips/1997-grey-nomads-yowie-article-2018,Uki,source_visible_place_hint,locality,medium,verified_gazetteer_point,frontend map_points row
canonical_frontend_public_map_row,"record_coord:1110:-26.571036,148.786814",1110,,,,Australian Yowie Research,/Users/jarlgiovanni/Desktop/bigfoot_research/public/data/frontend-data.json,2018 - Herald Yowie article 02-08-2018,2018,-26.5710356,148.7868137,QLD,https://www.yowiehunters.com.au/media-clips/1979-2018-herald-yowie-article,Roma,source_visible_place_hint,locality,medium,verified_gazetteer_point,frontend map_points row
canonical_frontend_public_map_row,"record_coord:1111:-26.850143,151.815351",1111,,,,Australian Yowie Research,/Users/jarlgiovanni/Desktop/bigfoot_research/public/data/frontend-data.json,2018 - The Sun Yowie Article 06-03-2018,2018,-26.8501432,151.8153509,QLD,https://www.yowiehunters.com.au/media-clips/2021-2018-the-sun-yowie-article,Coomba Falls,source_visible_place_hint,locality,medium,verified_gazetteer_point,frontend map_points row
canonical_frontend_public_map_row,"record_coord:1114:-26.850143,151.815351",1114,,,,Australian Yowie Research,/Users/jarlgiovanni/Desktop/bigfoot_research/public/data/frontend-data.json,2018- Daily Mail Yowie Article 08-03-2018,2018,-26.8501432,151.8153509,QLD,https://www.yowiehunters.com.au/media-clips/1976-2018-daily-mail-yowie-article,Coomba Falls,source_visible_place_hint,locality,medium,verified_gazetteer_point,frontend map_points row
canonical_frontend_public_map_row,"record_coord:1115:-28.415278,153.330556",1115,,,,Australian Yowie Research,/Users/jarlgiovanni/Desktop/bigfoot_research/public/data/frontend-data.json,2018- Northern Star (2) 22-08-2018,2018,-28.4152778,153.3305556,NSW,https://www.yowiehunters.com.au/media-clips/1992-2018-northern-star-2,Uki,source_visible_place_hint,locality,medium,verified_gazetteer_point,frontend map_points row
canonical_frontend_public_map_row,"record_coord:3968:-42.882509,147.328123",3968,,,,Australian Broadcasting Corporation,/Users/jarlgiovanni/Desktop/bigfoot_research/public/data/frontend-data.json,Celebrating the history of the Theatre Royal.,2018,-42.8825088,147.3281233,TAS,https://www.abc.net.au/hobart/air:-gae-williams-theatre-royal/10048768,"Hobart, TAS",apparition_location,town,B,verified_gazetteer_point,frontend map_points row
canonical_frontend_public_map_row,"record_coord:4012:-28.500129,114.599674",4012,,,,Australian Broadcasting Corporation,/Users/jarlgiovanni/Desktop/bigfoot_research/public/data/frontend-data.json,"The tourist attraction dropping its ghostly status, because it is scaring people off",2018,-28.5001294,114.5996739,WA,https://www.abc.net.au/news/2018-04-30/oakabella-homestead-drops-ghost-tours-attract-chinese-tourists/9705444,"Oakabella Homestead, WA",apparition_location,exact_site,B,verified_gazetteer_point,frontend map_points row
canonical_frontend_public_map_row,"record_coord:4019:-12.407711,130.825421",4019,,,,Australian Broadcasting Corporation,/Users/jarlgiovanni/Desktop/bigfoot_research/public/data/frontend-data.json,"Urban legend, Asian myth, or historical figure: Who was the ghostly Poinciana Woman?",2018,-12.4077106,130.8254206,NT,https://www.abc.net.au/news/2018-04-10/who-was-darwins-mysterious-poinciana-woman-urban-legend-myth/9596398,"East Point Reserve, NT",apparition_location,exact_site,B,verified_gazetteer_point,frontend map_points row
canonical_frontend_public_map_row,"record_coord:4054:-42.879509,147.331180",4054,,,,Australian Broadcasting Corporation,/Users/jarlgiovanni/Desktop/bigfoot_research/public/data/frontend-data.json,Celebrating the history of the Theatre Royal,2018,-42.8795092,147.3311803,TAS,https://www.abc.net.au/hobart/air:-gae-williams-theatre-royal/10048768,"Theatre Royal Hobart, TAS",apparition_location,exact_site,B,verified_gazetteer_point,frontend map_points row
canonical_frontend_public_map_row,"record_coord:4071:-28.391345,152.612021",4071,,,,Australian Broadcasting Corporation,/Users/jarlgiovanni/Desktop/bigfoot_research/public/data/frontend-data.json,Woodenbong in Yowie Country is a good place to start if you're looking for Australia's Big Foot,2018,-28.3913455,152.6120214,NSW,https://www.abc.net.au/news/2018-11-22/woodenbong-and-history-of-yowie-country-curious-north-coast/10505204,"Woodenbong, NSW",apparition_location,locality,B,verified_gazetteer_point,frontend map_points row
canonical_frontend_public_map_row,"record_coord:4122:-35.282864,149.120954",4122,,,,Australian Broadcasting Corporation,/Users/jarlgiovanni/Desktop/bigfoot_research/public/data/frontend-data.json,What are Canberra's most haunted places?,2018,-35.2828643,149.1209536,ACT,https://www.abc.net.au/news/specials/curious-canberra/2018-08-27/curous-canberra-most-haunted-places/10164596,"National Film and Sound Archive, ACT",apparition_location,exact_site,B,verified_gazetteer_point,frontend map_points row
canonical_frontend_public_map_row,"record_coord:4123:-35.292800,149.141772",4123,,,,Australian Broadcasting Corporation,/Users/jarlgiovanni/Desktop/bigfoot_research/public/data/frontend-data.json,What are Canberra's most haunted places?,2018,-35.2927998,149.1417718,ACT,https://www.abc.net.au/news/specials/curious-canberra/2018-08-27/curous-canberra-most-haunted-places/10164596,"Blundells Cottage, ACT",apparition_location,exact_site,B,verified_gazetteer_point,frontend map_points row
canonical_frontend_public_map_row,"record_coord:4124:-35.307521,149.134539",4124,,,,Australian Broadcasting Corporation,/Users/jarlgiovanni/Desktop/bigfoot_research/public/data/frontend-data.json,What are Canberra's most haunted places?,2018,-35.3075211,149.134539,ACT,https://www.abc.net.au/news/specials/curious-canberra/2018-08-27/curous-canberra-most-haunted-places/10164596,"Hotel Kurrajong, ACT",apparition_location,exact_site,B,verified_gazetteer_point,frontend map_points row
canonical_frontend_public_map_row,"record_coord:4395:-28.147200,153.230200",4395,,,,Australian Yowie Research / AYR Yowie Reports Map,/Users/jarlgiovanni/Desktop/bigfoot_research/public/data/frontend-data.json,"Written reports: Yowie Sighting at Numinbah Valley, Queensland 2018",2018,-28.1472,153.2302,QLD,https://www.yowiehunters.com.au/queensland/2059-nunimbah-valley-queensland-2018,"Numinbah Valley, QLD",source_visible_place,locality,stage_only_public_report_marker,verified_place,frontend map_points row
canonical_frontend_public_map_row,"record_coord:4397:-33.481536,150.156489",4397,,,,Australian Yowie Research / AYR Yowie Reports Map,/Users/jarlgiovanni/Desktop/bigfoot_research/public/data/frontend-data.json,"YouTube reports, interviews: Yowie Sighting (Audio Report #127) near Lithgow, New South Wales (May 2018)",2018,-33.481536,150.1564887,NSW,https://www.youtube.com/watch?v=U7AOspYe73A,"Lithgow, NSW",source_visible_place,locality,stage_only_public_report_marker,verified_gazetteer_point,frontend map_points row
canonical_frontend_public_map_row,"record_coord:4398:-24.308266,151.937952",4398,,,,Australian Yowie Research / AYR Yowie Reports Map,/Users/jarlgiovanni/Desktop/bigfoot_research/public/data/frontend-data.json,"YouTube reports, interviews: Yowie Sighting (Audio Report #157) at Deepwater National Park, Queensland (2018)",2018,-24.3082663,151.9379523,QLD,https://www.youtube.com/watch?v=MPCH4QsVeYY,"Deepwater National Park, QLD",source_visible_place,locality,stage_only_public_report_marker,verified_gazetteer_point,frontend map_points row
canonical_frontend_public_map_row,"record_coord:4399:-26.571036,148.786814",4399,,,,Australian Yowie Research / AYR Yowie Reports Map,/Users/jarlgiovanni/Desktop/bigfoot_research/public/data/frontend-data.json,"YouTube reports, interviews: Yowie Sighting (Audio Report #117) near Roma, Queensland (2018)",2018,-26.5710356,148.7868137,QLD,https://www.youtube.com/watch?v=jD0KLPpPX9w,"Roma, QLD",source_visible_place,locality,stage_only_public_report_marker,verified_gazetteer_point,frontend map_points row
canonical_frontend_public_map_row,"record_coord:4401:-26.240797,152.403496",4401,,,,Australian Yowie Research / AYR Yowie Reports Map,/Users/jarlgiovanni/Desktop/bigfoot_research/public/data/frontend-data.json,"YouTube reports, interviews: Yowie Footprints? (Audio Report #132) near Widgee, Queensland (Dec 2018)",2018,-26.240797,152.4034957,QLD,https://www.youtube.com/watch?v=kvI4MqwlyE0,"Widgee, QLD",source_visible_place,locality,stage_only_public_report_marker,verified_gazetteer_point,frontend map_points row
canonical_frontend_public_map_row,"record_coord:4402:-28.147200,153.230200",4402,,,,Australian Yowie Research / AYR Yowie Reports Map,/Users/jarlgiovanni/Desktop/bigfoot_research/public/data/frontend-data.json,"YouTube reports, interviews: Yowie Sighting (Audio Report #136) near Numinbah Valley, Queensland (Aug 2018)",2018,-28.1472,153.2302,QLD,https://www.youtube.com/watch?v=EcxIIBAIikA,"Numinbah Valley, QLD",source_visible_place,locality,stage_only_public_report_marker,verified_place,frontend map_points row
canonical_frontend_public_map_row,"record_coord:4530:-28.343333,152.600000",4530,,,,Australian Yowie Research / AYR Yowie Reports Map,/Users/jarlgiovanni/Desktop/bigfoot_research/public/data/frontend-data.json,Reports from newspapers: 2018 - ABC North Coast Yowie Article 22-11-2018,2018,-28.343333,152.6,QLD,https://www.yowiehunters.com.au/media-clips/2024-2018-abc-north-coast-yowie-article,"2018 - ABC North Coast Yowie Article 22-11-2018, QLD",source_visible_place,locality,stage_only_public_report_marker,verified_place,frontend map_points row
canonical_frontend_public_map_row,"record_coord:4531:-28.484444,153.357778",4531,,,,Australian Yowie Research / AYR Yowie Reports Map,/Users/jarlgiovanni/Desktop/bigfoot_research/public/data/frontend-data.json,Reports from newspapers: 2018 - Daily Mail UK (3) 30-08-2018,2018,-28.484444,153.357778,QLD,https://www.yowiehunters.com.au/media-clips/1993-2018-daily-mail-uk-3,"2018 - Daily Mail UK (3) 30-08-2018, QLD",source_visible_place,locality,stage_only_public_report_marker,verified_place,frontend map_points row
canonical_frontend_public_map_row,"record_coord:4532:-28.595833,153.223056",4532,,,,Australian Yowie Research / AYR Yowie Reports Map,/Users/jarlgiovanni/Desktop/bigfoot_research/public/data/frontend-data.json,Reports from newspapers: 2018 - Daily Mail Yowie Article (2) 23-08-2018,2018,-28.595833,153.223056,QLD,https://www.yowiehunters.com.au/media-clips/1991-2018-daily-mail-yowie-article-2,"2018 - Daily Mail Yowie Article (2) 23-08-2018, QLD",source_visible_place,locality,stage_only_public_report_marker,verified_place,frontend map_points row
canonical_frontend_public_map_row,"record_coord:4533:-26.268238,148.738672",4533,,,,Australian Yowie Research / AYR Yowie Reports Map,/Users/jarlgiovanni/Desktop/bigfoot_research/public/data/frontend-data.json,Reports from newspapers: 2018 - Herald Yowie article 02-08-2018,2018,-26.268238,148.738672,QLD,https://www.yowiehunters.com.au/media-clips/1979-2018-herald-yowie-article,"2018 - Herald Yowie article 02-08-2018, QLD",source_visible_place,locality,stage_only_public_report_marker,verified_place,frontend map_points row
canonical_frontend_public_map_row,"record_coord:4534:-18.152778,145.819167",4534,,,,Australian Yowie Research / AYR Yowie Reports Map,/Users/jarlgiovanni/Desktop/bigfoot_research/public/data/frontend-data.json,Reports from newspapers: 2018 - Herbert River Express Yowie Article 15-08-2018,2018,-18.152778,145.819167,QLD,https://www.yowiehunters.com.au/media-clips/2002-2018-herbert-river-express-yowie-article,"2018 - Herbert River Express Yowie Article 15-08-2018, QLD",source_visible_place,locality,stage_only_public_report_marker,verified_place,frontend map_points row
canonical_frontend_public_map_row,"record_coord:4535:-29.116667,153.430333",4535,,,,Australian Yowie Research / AYR Yowie Reports Map,/Users/jarlgiovanni/Desktop/bigfoot_research/public/data/frontend-data.json,Reports from newspapers: 2018 - Northern Star Yowie Article 02-06-2018,2018,-29.116667,153.430333,QLD,https://www.yowiehunters.com.au/media-clips/1977-2018-northern-star-yowie-article,"2018 - Northern Star Yowie Article 02-06-2018, QLD",source_visible_place,locality,stage_only_public_report_marker,verified_place,frontend map_points row
canonical_frontend_public_map_row,"record_coord:4536:-26.667667,152.001000",4536,,,,Australian Yowie Research / AYR Yowie Reports Map,/Users/jarlgiovanni/Desktop/bigfoot_research/public/data/frontend-data.json,Reports from newspapers: 2018 - South Burnett Times Yowie Article,2018,-26.667667,152.001,QLD,https://www.yowiehunters.com.au/media-clips/2019-2018-south-burnett-times-yowie-article,"2018 - South Burnett Times Yowie Article, QLD",source_visible_place,locality,stage_only_public_report_marker,verified_place,frontend map_points row
canonical_frontend_public_map_row,"record_coord:4537:-35.332222,148.921111",4537,,,,Australian Yowie Research / AYR Yowie Reports Map,/Users/jarlgiovanni/Desktop/bigfoot_research/public/data/frontend-data.json,Reports from newspapers: 2018 - Sydney Morning Herald Yowie Article 10-11-2018,2018,-35.332222,148.921111,ACT,https://www.yowiehunters.com.au/media-clips/2020-2018-sydney-morning-herald-yowie-article,"2018 - Sydney Morning Herald Yowie Article 10-11-2018, ACT",source_visible_place,locality,stage_only_public_report_marker,verified_place,frontend map_points row
canonical_frontend_public_map_row,"record_coord:4538:-26.850278,151.815556",4538,,,,Australian Yowie Research / AYR Yowie Reports Map,/Users/jarlgiovanni/Desktop/bigfoot_research/public/data/frontend-data.json,Reports from newspapers: 2018 - The Sun Yowie Article 06-03-2018,2018,-26.850278,151.815556,QLD,https://www.yowiehunters.com.au/media-clips/2021-2018-the-sun-yowie-article,"2018 - The Sun Yowie Article 06-03-2018, QLD",source_visible_place,locality,stage_only_public_report_marker,verified_place,frontend map_points row
canonical_frontend_public_map_row,"record_coord:4553:-29.320507,151.091176",4553,,,,Australian Yowie Research / AYR Yowie Reports Map,/Users/jarlgiovanni/Desktop/bigfoot_research/public/data/frontend-data.json,"Photographs of footprints and handprints : Ashford, New South Wales (2018)",2018,-29.320507,151.091176,NSW,https://www.yowiehunters.com.au/footprints,"Photographs of footprints and handprints : Ashford, New South Wales, NSW",source_visible_place,locality,stage_only_public_report_marker,verified_place,frontend map_points row
canonical_frontend_public_map_row,"record_coord:4573:-26.170653,152.433198",4573,,,,Australian Yowie Research / AYR Yowie Reports Map,/Users/jarlgiovanni/Desktop/bigfoot_research/public/data/frontend-data.json,"Photographs of footprints and handprints : Widgee, Queensland (2018)",2018,-26.170653,152.433198,QLD,https://www.yowiehunters.com.au/footprints,"Photographs of footprints and handprints : Widgee, Queensland, QLD",source_visible_place,locality,stage_only_public_report_marker,verified_place,frontend map_points row
canonical_frontend_public_map_row,"record_coord:4575:-27.372789,152.591996",4575,,,,Australian Yowie Research / AYR Yowie Reports Map,/Users/jarlgiovanni/Desktop/bigfoot_research/public/data/frontend-data.json,"Photographs of footprints and handprints : Wivenhoe Dam, Queensland (2018)",2018,-27.372789,152.591996,QLD,https://www.yowiehunters.com.au/footprints,"Photographs of footprints and handprints : Wivenhoe Dam, Queensland, QLD",source_visible_place,locality,stage_only_public_report_marker,verified_place,frontend map_points row
canonical_frontend_public_map_row,"record_coord:4582:-28.037015,153.179165",4582,,,,Australian Yowie Research / AYR Yowie Reports Map,/Users/jarlgiovanni/Desktop/bigfoot_research/public/data/frontend-data.json,"Witness sketches: Witheren, Queensland (2018)",2018,-28.037015,153.179165,QLD,https://www.yowiehunters.com.au/witness-sketches,"Witheren, Queensland, QLD",source_visible_place,locality,stage_only_public_report_marker,verified_place,frontend map_points row
canonical_frontend_public_map_row,"record_coord:4583:-26.579661,148.794688",4583,,,,Australian Yowie Research / AYR Yowie Reports Map,/Users/jarlgiovanni/Desktop/bigfoot_research/public/data/frontend-data.json,"Witness sketches: Roma, Queensland (2018)",2018,-26.579661,148.794688,QLD,https://www.yowiehunters.com.au/witness-sketches,"Roma, Queensland, QLD",source_visible_place,locality,stage_only_public_report_marker,verified_place,frontend map_points row
canonical_frontend_public_map_row,"record_coord:4621:-28.151826,153.222456",4621,,,,Australian Yowie Research state report indexes,/Users/jarlgiovanni/Desktop/bigfoot_research/public/data/frontend-data.json,"AYR report index: Nunimbah Valley, Queensland 2018",2018,-28.1518255,153.2224557,QLD,https://www.yowiehunters.com.au/queensland/2059-nunimbah-valley-queensland-2018,"Nunimbah Valley, QLD",source_visible_place,locality,stage_only_public_report_index_link,verified_gazetteer_point,frontend map_points row
canonical_frontend_public_map_row,"record_coord:81:-37.488796,144.286894",81,,,,Australian Yowie Research,/Users/jarlgiovanni/Desktop/bigfoot_research/public/data/frontend-data.json,"Blackwood, Victoria 2019",2019,-37.488796,144.2868937,VIC,https://www.yowiehunters.com.au/victoria/2142-blackwood-victoria-2019,"Blackwood, VIC",reported_place,locality,high,verified_gazetteer_point,frontend map_points row
canonical_frontend_public_map_row,"record_coord:147:-31.890967,150.877539",147,,,,Australian Yowie Research,/Users/jarlgiovanni/Desktop/bigfoot_research/public/data/frontend-data.json,"Wingen, New South Wales 2019",2019,-31.8909675,150.8775387,NSW,https://www.yowiehunters.com.au/new-south-wales/2114-wingen-new-south-wales-2019,"Wingen, NSW",reported_place,locality,high,verified_gazetteer_point,frontend map_points row
canonical_frontend_public_map_row,"record_coord:209:-28.204048,153.398036",209,,,,Australian Yowie Research,/Users/jarlgiovanni/Desktop/bigfoot_research/public/data/frontend-data.json,"Currumbin Valley, Queensland 2019 (3)",2019,-28.204048,153.3980364,QLD,https://www.yowiehunters.com.au/queensland/2281-currumbin-queensland-2019,"Currumbin Valley, QLD",reported_place,locality,high,verified_gazetteer_point,frontend map_points row
canonical_frontend_public_map_row,"record_coord:210:-26.080292,152.247365",210,,,,Australian Yowie Research,/Users/jarlgiovanni/Desktop/bigfoot_research/public/data/frontend-data.json,"Kilkivan, Queensland 2019",2019,-26.080292,152.2473652,QLD,https://www.yowiehunters.com.au/queensland/2041-kilkivan-queensland-2019,"Kilkivan, QLD",reported_place,locality,high,verified_gazetteer_point,frontend map_points row
canonical_frontend_public_map_row,"record_coord:244:-37.316192,144.146763",244,,,,Australian Yowie Research,/Users/jarlgiovanni/Desktop/bigfoot_research/public/data/frontend-data.json,"Hepburn Springs, Victoria 2019",2019,-37.3161925,144.1467627,VIC,https://www.yowiehunters.com.au/victoria/2094-hepburn-springs-victoria-2019,"Hepburn Springs, VIC",reported_place,locality,high,verified_gazetteer_point,frontend map_points row
canonical_frontend_public_map_row,"record_coord:285:-15.371813,144.902857",285,,,,Australian Yowie Research,/Users/jarlgiovanni/Desktop/bigfoot_research/public/data/frontend-data.json,"Cooktown, Queensland 2019",2019,-15.3718125,144.9028573,QLD,https://www.yowiehunters.com.au/queensland/2206-cooktown-queensland-2019,"Cooktown, QLD",reported_place,locality,high,verified_gazetteer_point,frontend map_points row
canonical_frontend_public_map_row,"record_coord:303:-28.204048,153.398036",303,,,,Australian Yowie Research,/Users/jarlgiovanni/Desktop/bigfoot_research/public/data/frontend-data.json,"Currumbin Valley, Queensland 2019",2019,-28.204048,153.3980364,QLD,https://www.yowiehunters.com.au/queensland/2120-currumbin-valley-queensland-2019,"Currumbin Valley, QLD",reported_place,locality,high,verified_gazetteer_point,frontend map_points row
canonical_frontend_public_map_row,"record_coord:305:-28.204048,153.398036",305,,,,Australian Yowie Research,/Users/jarlgiovanni/Desktop/bigfoot_research/public/data/frontend-data.json,"Currumbin Valley, Queensland 2019 (2)",2019,-28.204048,153.3980364,QLD,https://www.yowiehunters.com.au/queensland/2134-currumbin-valley-queensland-2019-2,"Currumbin Valley, QLD",reported_place,locality,high,verified_gazetteer_point,frontend map_points row
canonical_frontend_public_map_row,"record_coord:313:-24.371651,151.939005",313,,,,Australian Yowie Research,/Users/jarlgiovanni/Desktop/bigfoot_research/public/data/frontend-data.json,"Deepwater, Queensland 2019",2019,-24.3716505,151.9390051,QLD,https://www.yowiehunters.com.au/queensland/2121-deepwater-queensland-2019,"Deepwater, QLD",reported_place,locality,high,verified_gazetteer_point,frontend map_points row
canonical_frontend_public_map_row,"record_coord:323:-26.453771,152.307751",323,,,,Australian Yowie Research,/Users/jarlgiovanni/Desktop/bigfoot_research/public/data/frontend-data.json,"Gallangowan State Forest, Queensland 2019",2019,-26.4537713,152.3077508,QLD,https://www.yowiehunters.com.au/queensland/2133-gallangowan-state-forest-queensland-2019,"Gallangowen State Forest, QLD",reported_place,locality,high,verified_gazetteer_point,frontend map_points row
canonical_frontend_public_map_row,"record_coord:355:-26.080292,152.247365",355,,,,Australian Yowie Research,/Users/jarlgiovanni/Desktop/bigfoot_research/public/data/frontend-data.json,"Kilkivan, Queensland 2019",2019,-26.080292,152.2473652,QLD,https://www.yowiehunters.com.au/queensland/2194-kilkivan-queensland-2020,"Kilkivan, QLD",reported_place,locality,high,verified_gazetteer_point,frontend map_points row
canonical_frontend_public_map_row,"record_coord:407:-28.151826,153.222456",407,,,,Australian Yowie Research,/Users/jarlgiovanni/Desktop/bigfoot_research/public/data/frontend-data.json,"Nunimbah Valley, Queensland 2019",2019,-28.1518255,153.2224557,QLD,https://www.yowiehunters.com.au/queensland/2181-nunimbah-valley-queensland-2019,"Nunimbah Valley, QLD",reported_place,locality,high,verified_gazetteer_point,frontend map_points row
canonical_frontend_public_map_row,"record_coord:549:-30.539809,152.965781",549,,,,Australian Yowie Research,/Users/jarlgiovanni/Desktop/bigfoot_research/public/data/frontend-data.json,"Newry State Forest, New South Wales 2019",2019,-30.539809,152.965781,NSW,https://www.yowiehunters.com.au/new-south-wales/2070-newry-state-forest-new-south-wales-2019,"Newry State Forest, NSW",reported_place,locality,high,verified_gazetteer_point,frontend map_points row
canonical_frontend_public_map_row,"record_coord:629:-33.488055,151.327493",629,,,,Australian Yowie Research,/Users/jarlgiovanni/Desktop/bigfoot_research/public/data/frontend-data.json,"Woy Woy, New South Wales 2019",2019,-33.4880548,151.3274925,NSW,https://www.yowiehunters.com.au/new-south-wales/2130-woy-woy-new-south-wales-2019,"Woy Woy, NSW",reported_place,locality,high,verified_gazetteer_point,frontend map_points row
canonical_frontend_public_map_row,"record_coord:984:-27.468962,153.023501",984,,,,Australian Yowie Research,/Users/jarlgiovanni/Desktop/bigfoot_research/public/data/frontend-data.json,2019 - Courier Mail Yowie Article 15-07-2019,2019,-27.4689623,153.0235009,QLD,https://www.yowiehunters.com.au/media-clips/2097-2019-courier-mail-yowie-article,"Brisbane, QLD",reported_place,locality,medium,verified_gazetteer_point,frontend map_points row
canonical_frontend_public_map_row,"record_coord:985:-16.920666,145.772185",985,,,,Australian Yowie Research,/Users/jarlgiovanni/Desktop/bigfoot_research/public/data/frontend-data.json,2019 - Daily Mail Yowie Article (Cairns) 07-02-2019,2019,-16.9206657,145.7721854,QLD,https://www.yowiehunters.com.au/media-clips/2047-2019-daily-mail-yowie-article-cairns,"Cairns, QLD",reported_place,locality,medium,verified_gazetteer_point,frontend map_points row
canonical_frontend_public_map_row,"record_coord:986:-28.126238,153.195174",986,,,,Australian Yowie Research,/Users/jarlgiovanni/Desktop/bigfoot_research/public/data/frontend-data.json,2019 - Daily Mail Yowie Article 29-01-2019,2019,-28.126238,153.1951742,QLD,https://www.yowiehunters.com.au/media-clips/2039-daily-mail-yowie-article,Beechmont,source_visible_place_hint,locality,medium,verified_gazetteer_point,frontend map_points row
canonical_frontend_public_map_row,"record_coord:987:-28.002373,153.414599",987,,,,Australian Yowie Research,/Users/jarlgiovanni/Desktop/bigfoot_research/public/data/frontend-data.json,2019 - Gold Coast Bulletin Yowie Article (Various GC Based Information) 09-02-2019,2019,-28.0023731,153.4145987,QLD,https://www.yowiehunters.com.au/media-clips/2049-2019-gold-coast-bulletin-yowie-article-various-gc-based-information,"Gold Coast, QLD",reported_place,locality,medium,verified_gazetteer_point,frontend map_points row
canonical_frontend_public_map_row,"record_coord:988:-28.002373,153.414599",988,,,,Australian Yowie Research,/Users/jarlgiovanni/Desktop/bigfoot_research/public/data/frontend-data.json,2019 - Gold Coast Bulletin Yowie Article 09-02-2019,2019,-28.0023731,153.4145987,QLD,https://www.yowiehunters.com.au/media-clips/2101-2019-gold-coast-bulletin-yowie-article-09-02-2019,"Gold Coast, QLD",reported_place,locality,medium,verified_gazetteer_point,frontend map_points row
canonical_frontend_public_map_row,"record_coord:989:-28.002373,153.414599",989,,,,Australian Yowie Research,/Users/jarlgiovanni/Desktop/bigfoot_research/public/data/frontend-data.json,2019 - Gold Coast Bulletin Yowie Article 19-07-2019,2019,-28.0023731,153.4145987,QLD,https://www.yowiehunters.com.au/media-clips/2098-2019-gold-coast-bulletin-yowie-article-19-07-2019,"Gold Coast, QLD",reported_place,locality,medium,verified_gazetteer_point,frontend map_points row
canonical_frontend_public_map_row,"record_coord:990:-28.002373,153.414599",990,,,,Australian Yowie Research,/Users/jarlgiovanni/Desktop/bigfoot_research/public/data/frontend-data.json,2019 - Gold Coast Bulletin Yowie Article 24-01-2019,2019,-28.0023731,153.4145987,QLD,https://www.yowiehunters.com.au/media-clips/2037-2019-gold-coast-bulletin-yowie-article,"Gold Coast, QLD",reported_place,locality,medium,verified_gazetteer_point,frontend map_points row
canonical_frontend_public_map_row,"record_coord:991:-26.190045,152.660026",991,,,,Australian Yowie Research,/Users/jarlgiovanni/Desktop/bigfoot_research/public/data/frontend-data.json,2019 - Gympie Times Yowie Article 15-06-2019,2019,-26.1900447,152.6600256,QLD,https://www.yowiehunters.com.au/media-clips/2091-2019-gympie-times-yowie-article,Gympie,source_visible_place_hint,locality,medium,verified_gazetteer_point,frontend map_points row
canonical_frontend_public_map_row,"record_coord:992:-28.002373,153.414599",992,,,,Australian Yowie Research,/Users/jarlgiovanni/Desktop/bigfoot_research/public/data/frontend-data.json,2019- Gold Coast Bulletin Yowie Article 20-07-2019,2019,-28.0023731,153.4145987,QLD,https://www.yowiehunters.com.au/media-clips/2100-2019-gold-coast-bulletin-yowie-article-20-07-2019,"Gold Coast, QLD",reported_place,locality,medium,verified_gazetteer_point,frontend map_points row
canonical_frontend_public_map_row,"record_coord:993:-28.002373,153.414599",993,,,,Australian Yowie Research,/Users/jarlgiovanni/Desktop/bigfoot_research/public/data/frontend-data.json,2019- Gold Coast Bulletin Yowie Article 24-07-2019,2019,-28.0023731,153.4145987,QLD,https://www.yowiehunters.com.au/media-clips/2103-2019-gold-coast-bulletin-24-07-2019,"Gold Coast, QLD",reported_place,locality,medium,verified_gazetteer_point,frontend map_points row
canonical_frontend_public_map_row,"record_coord:994:-28.002373,153.414599",994,,,,Australian Yowie Research,/Users/jarlgiovanni/Desktop/bigfoot_research/public/data/frontend-data.json,2019- Gold Coast Bulletin Yowie Article 25-01-2019,2019,-28.0023731,153.4145987,QLD,https://www.yowiehunters.com.au/media-clips/2038-2019-gold-coast-bulletin,"Gold Coast, QLD",reported_place,locality,medium,verified_gazetteer_point,frontend map_points row
canonical_frontend_public_map_row,"record_coord:1116:-28.050657,153.187706",1116,,,,Australian Yowie Research,/Users/jarlgiovanni/Desktop/bigfoot_research/public/data/frontend-data.json,2019 - 9 News 24-01-2019,2019,-28.0506572,153.1877059,QLD,https://www.yowiehunters.com.au/media-clips/2233-2019-9-news-24-01-2019,Witheren,source_visible_place_hint,locality,medium,verified_gazetteer_point,frontend map_points row
canonical_frontend_public_map_row,"record_coord:1117:-33.181059,150.234389",1117,,,,Australian Yowie Research,/Users/jarlgiovanni/Desktop/bigfoot_research/public/data/frontend-data.json,2019 - Daily Mail Yowie Article 02-08-2019,2019,-33.1810592,150.234389,NSW,https://www.yowiehunters.com.au/media-clips/2105-2019-daily-mail-yowie-article-02-08-2019,Newnes,source_visible_place_hint,locality,medium,verified_gazetteer_point,frontend map_points row
canonical_frontend_public_map_row,"record_coord:1118:-34.011592,150.431542",1118,,,,Australian Yowie Research,/Users/jarlgiovanni/Desktop/bigfoot_research/public/data/frontend-data.json,2019 - Daily Mail Yowie Article 02-09-2019,2019,-34.0115925,150.4315419,NSW,https://www.yowiehunters.com.au/media-clips/2111-2019-daily-mail-yowie-article-02-09-2019,Burragorang,source_visible_place_hint,locality,medium,verified_gazetteer_point,frontend map_points row
canonical_frontend_public_map_row,"record_coord:1120:-27.902463,153.109573",1120,,,,Australian Yowie Research,/Users/jarlgiovanni/Desktop/bigfoot_research/public/data/frontend-data.json,2019 - Daily Mail Yowie Article 07-08-2019,2019,-27.9024629,153.1095731,QLD,https://www.yowiehunters.com.au/media-clips/2106-2019-daily-mail-yowie-article-07-08-2019,Tamborine,source_visible_place_hint,locality,medium,verified_gazetteer_point,frontend map_points row
canonical_frontend_public_map_row,"record_coord:1121:-17.424623,145.603801",1121,,,,Australian Yowie Research,/Users/jarlgiovanni/Desktop/bigfoot_research/public/data/frontend-data.json,2019 - Daily Mail Yowie Article 15-07-2019,2019,-17.4246226,145.6038006,QLD,https://www.yowiehunters.com.au/media-clips/2096-2019-daily-mail-yowie-article,Tarzali,source_visible_place_hint,locality,medium,verified_gazetteer_point,frontend map_points row
canonical_frontend_public_map_row,"record_coord:1123:-17.424623,145.603801",1123,,,,Australian Yowie Research,/Users/jarlgiovanni/Desktop/bigfoot_research/public/data/frontend-data.json,2019 - Daily Mail Yowie Article 23-07-2019 (2),2019,-17.4246226,145.6038006,QLD,https://www.yowiehunters.com.au/media-clips/2102-2019-daily-mail-yowie-article-23-07-2019-2,Tarzali,source_visible_place_hint,locality,medium,verified_gazetteer_point,frontend map_points row
canonical_frontend_public_map_row,"record_coord:1126:-25.698345,151.762147",1126,,,,Australian Yowie Research,/Users/jarlgiovanni/Desktop/bigfoot_research/public/data/frontend-data.json,2019 - Northern Daily Leader Yowie Article 30-06-2019,2019,-25.698345,151.7621472,QLD,https://www.yowiehunters.com.au/media-clips/2092-2019-northern-daily-leader-yowie-article,Ban Ban,source_visible_place_hint,locality,medium,verified_gazetteer_point,frontend map_points row
canonical_frontend_public_map_row,"record_coord:1127:-28.126238,153.195174",1127,,,,Australian Yowie Research,/Users/jarlgiovanni/Desktop/bigfoot_research/public/data/frontend-data.json,2019 - SBS Yowie Article 24-01-2019,2019,-28.126238,153.1951742,QLD,https://www.yowiehunters.com.au/media-clips/2036-2019-sbs-yowie-article,Beechmont,source_visible_place_hint,locality,medium,verified_gazetteer_point,frontend map_points row
canonical_frontend_public_map_row,"record_coord:3998:-37.810691,144.972317",3998,,,,Australian Broadcasting Corporation,/Users/jarlgiovanni/Desktop/bigfoot_research/public/data/frontend-data.json,Faust — more than we bargained for?,2019,-37.8106911,144.9723167,VIC,https://www.abc.net.au/radionational/programs/the-stage-show/faust-gounod-opera-australia-teddy-tahu-rhodes/11738010,"Princess Theatre Melbourne, VIC",apparition_location,exact_site,B,verified_gazetteer_point,frontend map_points row
canonical_frontend_public_map_row,"record_coord:4016:-42.882509,147.328123",4016,,,,Australian Broadcasting Corporation,/Users/jarlgiovanni/Desktop/bigfoot_research/public/data/frontend-data.json,What are Hobart's most famous ghost stories?,2019,-42.8825088,147.3281233,TAS,https://www.abc.net.au/news/2019-04-04/curious-hobart-famous-ghost-stories-tasmania/10962200,"Hobart, TAS",apparition_location,town,B,verified_gazetteer_point,frontend map_points row
canonical_frontend_public_map_row,"record_coord:4031:-42.888997,147.335129",4031,,,,Australian Broadcasting Corporation,/Users/jarlgiovanni/Desktop/bigfoot_research/public/data/frontend-data.json,What are Hobart's most famous ghost stories?,2019,-42.8889972,147.3351286,TAS,https://www.abc.net.au/news/2019-04-04/curious-hobart-famous-ghost-stories-tasmania/10962200,"Arthur Circus, TAS",apparition_location,exact_site,B,verified_gazetteer_point,frontend map_points row
canonical_frontend_public_map_row,"record_coord:4056:-42.887600,147.337043",4056,,,,Australian Broadcasting Corporation,/Users/jarlgiovanni/Desktop/bigfoot_research/public/data/frontend-data.json,What are Hobart's most famous ghost stories?,2019,-42.8876,147.3370428,TAS,https://www.abc.net.au/news/2019-04-04/curious-hobart-famous-ghost-stories-tasmania/10962200,"Princes Park, TAS",apparition_location,exact_site,B,verified_gazetteer_point,frontend map_points row
canonical_frontend_public_map_row,"record_coord:4057:-42.877320,147.327530",4057,,,,Australian Broadcasting Corporation,/Users/jarlgiovanni/Desktop/bigfoot_research/public/data/frontend-data.json,What are Hobart's most famous ghost stories?,2019,-42.8773197,147.3275298,TAS,https://www.abc.net.au/news/2019-04-04/curious-hobart-famous-ghost-stories-tasmania/10962200,"Hobart Convict Penitentiary, TAS",apparition_location,exact_site,B,verified_gazetteer_point,frontend map_points row
canonical_frontend_public_map_row,"record_coord:4058:-42.881159,147.334931",4058,,,,Australian Broadcasting Corporation,/Users/jarlgiovanni/Desktop/bigfoot_research/public/data/frontend-data.json,Henry Jones in Drunken Admiral Henry Jones apparition,2019,-42.8811591,147.3349313,TAS,https://www.abc.net.au/news/2019-04-04/curious-hobart-famous-ghost-stories-tasmania/10962200#drunken-admiral,"Drunken Admiral, TAS",apparition_location,exact_site,B,verified_gazetteer_point,frontend map_points row
canonical_frontend_public_map_row,"record_coord:4059:-42.887349,147.335762",4059,,,,Australian Broadcasting Corporation,/Users/jarlgiovanni/Desktop/bigfoot_research/public/data/frontend-data.json,Alex in Lenna of Hobart Alex and Harriet,2019,-42.8873486,147.3357623,TAS,https://www.abc.net.au/news/2019-04-04/curious-hobart-famous-ghost-stories-tasmania/10962200#lenna,"Lenna of Hobart Hotel, TAS",apparition_location,exact_site,B,verified_gazetteer_point,frontend map_points row
canonical_frontend_public_map_row,"record_coord:4060:-42.889286,147.331551",4060,,,,Australian Broadcasting Corporation,/Users/jarlgiovanni/Desktop/bigfoot_research/public/data/frontend-data.json,Polly in Narryna Polly ghost,2019,-42.8892857,147.3315508,TAS,https://www.abc.net.au/news/2019-04-04/curious-hobart-famous-ghost-stories-tasmania/10962200#narryna,"Narryna Heritage Museum, TAS",apparition_location,exact_site,B,verified_gazetteer_point,frontend map_points row
canonical_frontend_public_map_row,"record_coord:4064:-41.804885,147.403917",4064,,,,Australian Broadcasting Corporation,/Users/jarlgiovanni/Desktop/bigfoot_research/public/data/frontend-data.json,"On Drive with Piia; Ghost stories, adulting app and mental health",2019,-41.8048849,147.4039171,TAS,https://www.abc.net.au/listen/programs/northtas-drive/ghost-stories/10986996,"St Andrews Inn, TAS",apparition_location,exact_site,B,verified_gazetteer_point,frontend map_points row
canonical_frontend_public_map_row,"record_coord:4069:-26.941717,152.561157",4069,,,,Australian Broadcasting Corporation,/Users/jarlgiovanni/Desktop/bigfoot_research/public/data/frontend-data.json,"Spot on the map: Kilcoy, Queensland",2019,-26.9417175,152.561157,QLD,https://www.abc.net.au/radio/programs/overnights/kilcoy/11080898,"Kilcoy, QLD",apparition_location,town,B,verified_gazetteer_point,frontend map_points row
canonical_frontend_public_map_row,"record_coord:4400:-28.054176,153.186790",4400,,,,Australian Yowie Research / AYR Yowie Reports Map,/Users/jarlgiovanni/Desktop/bigfoot_research/public/data/frontend-data.json,"YouTube reports, interviews: Yowie Sighting (Audio Report #129) at Witheren near Canungra, Queensland (Nov 2019)",2019,-28.054176,153.18679,QLD,https://www.youtube.com/watch?v=pe5_smSBhnU,"Witheren near Canungra, QLD",source_visible_place,locality,stage_only_public_report_marker,verified_place,frontend map_points row
canonical_frontend_public_map_row,"record_coord:4403:-30.545610,153.002421",4403,,,,Australian Yowie Research / AYR Yowie Reports Map,/Users/jarlgiovanni/Desktop/bigfoot_research/public/data/frontend-data.json,"YouTube reports, interviews: Yowie Sighting (Audio Report #137) at Newry, New South Wales (March 2019)",2019,-30.54561,153.002421,NSW,https://www.youtube.com/watch?v=n-E_2MUzhBQ,"Newry, NSW",source_visible_place,locality,stage_only_public_report_marker,verified_place,frontend map_points row
canonical_frontend_public_map_row,"record_coord:4404:-26.432395,152.330037",4404,,,,Australian Yowie Research / AYR Yowie Reports Map,/Users/jarlgiovanni/Desktop/bigfoot_research/public/data/frontend-data.json,"Written reports: Yowie Sighting at Gallangowan State Forest, Queensland 2019",2019,-26.432395,152.330037,QLD,https://www.yowiehunters.com.au/queensland/2133-gallangowan-state-forest-queensland-2019,"Gallangowan State Forest, QLD",source_visible_place,locality,stage_only_public_report_marker,verified_place,frontend map_points row
canonical_frontend_public_map_row,"record_coord:4405:-31.875220,150.881530",4405,,,,Australian Yowie Research / AYR Yowie Reports Map,/Users/jarlgiovanni/Desktop/bigfoot_research/public/data/frontend-data.json,"YouTube reports, interviews: Yowie Sighting (Audio Report #147) near Wingen New South Wales (Aug 2019)",2019,-31.87522,150.88153,NSW,https://www.youtube.com/watch?v=aguG9AunLTY,"Wingen New South Wales (Aug, NSW",source_visible_place,locality,stage_only_public_report_marker,verified_place,frontend map_points row
canonical_frontend_public_map_row,"record_coord:4406:-33.488055,151.327493",4406,,,,Australian Yowie Research / AYR Yowie Reports Map,/Users/jarlgiovanni/Desktop/bigfoot_research/public/data/frontend-data.json,"YouTube reports, interviews: Yowie Sighting (Audio Report #151) near Woy Woy, New South Wales (Nov 2019)",2019,-33.4880548,151.3274925,NSW,https://www.youtube.com/watch?v=l3DeZH0LtPU,"Woy Woy, NSW",source_visible_place,locality,stage_only_public_report_marker,verified_gazetteer_point,frontend map_points row
canonical_frontend_public_map_row,"record_coord:4539:-17.425200,145.603600",4539,,,,Australian Yowie Research / AYR Yowie Reports Map,/Users/jarlgiovanni/Desktop/bigfoot_research/public/data/frontend-data.json,Reports from newspapers: 2019 - Courier Mail Yowie Article 15-07-2019,2019,-17.4252,145.6036,QLD,https://www.yowiehunters.com.au/media-clips/2097-2019-courier-mail-yowie-article,"2019 - Courier Mail Yowie Article 15-07-2019, QLD",source_visible_place,locality,stage_only_public_report_marker,verified_place,frontend map_points row
canonical_frontend_public_map_row,"record_coord:4540:-16.962700,145.743000",4540,,,,Australian Yowie Research / AYR Yowie Reports Map,/Users/jarlgiovanni/Desktop/bigfoot_research/public/data/frontend-data.json,Reports from newspapers: 2019 - Daily Mail Yowie Article (Cairns) 07-02-2019,2019,-16.9627,145.743,QLD,https://www.yowiehunters.com.au/media-clips/2047-2019-daily-mail-yowie-article-cairns,"2019 - Daily Mail Yowie Article (Cairns) 07-02-2019, QLD",source_visible_place,locality,stage_only_public_report_marker,verified_place,frontend map_points row
canonical_frontend_public_map_row,"record_coord:4541:-33.238727,150.226593",4541,,,,Australian Yowie Research / AYR Yowie Reports Map,/Users/jarlgiovanni/Desktop/bigfoot_research/public/data/frontend-data.json,Reports from newspapers: 2019 - Daily Mail Yowie Article 02-08-2019,2019,-33.238727,150.226593,NSW,https://www.yowiehunters.com.au/media-clips/2105-2019-daily-mail-yowie-article-02-08-2019,"2019 - Daily Mail Yowie Article 02-08-2019, NSW",source_visible_place,locality,stage_only_public_report_marker,verified_place,frontend map_points row
canonical_frontend_public_map_row,"record_coord:4542:-34.015288,150.448145",4542,,,,Australian Yowie Research / AYR Yowie Reports Map,/Users/jarlgiovanni/Desktop/bigfoot_research/public/data/frontend-data.json,Reports from newspapers: 2019 - Daily Mail Yowie Article 02-09-2019,2019,-34.015288,150.448145,NSW,https://www.yowiehunters.com.au/media-clips/2111-2019-daily-mail-yowie-article-02-09-2019,"2019 - Daily Mail Yowie Article 02-09-2019, NSW",source_visible_place,locality,stage_only_public_report_marker,verified_place,frontend map_points row
canonical_frontend_public_map_row,"record_coord:4543:-27.881600,153.130000",4543,,,,Australian Yowie Research / AYR Yowie Reports Map,/Users/jarlgiovanni/Desktop/bigfoot_research/public/data/frontend-data.json,Reports from newspapers: 2019 - Daily Mail Yowie Article 07-08-2019,2019,-27.8816,153.13,QLD,https://www.yowiehunters.com.au/media-clips/2106-2019-daily-mail-yowie-article-07-08-2019,"2019 - Daily Mail Yowie Article 07-08-2019, QLD",source_visible_place,locality,stage_only_public_report_marker,verified_place,frontend map_points row
canonical_frontend_public_map_row,"record_coord:4544:-17.345000,145.925000",4544,,,,Australian Yowie Research / AYR Yowie Reports Map,/Users/jarlgiovanni/Desktop/bigfoot_research/public/data/frontend-data.json,Reports from newspapers: 2019 - Daily Mail Yowie Article 26-07-2019,2019,-17.345,145.925,QLD,https://www.yowiehunters.com.au/media-clips/2104-2019-daily-mail-yowie-article-26-07-2019,"2019 - Daily Mail Yowie Article 26-07-2019, QLD",source_visible_place,locality,stage_only_public_report_marker,verified_place,frontend map_points row
canonical_frontend_public_map_row,"record_coord:4545:-28.070484,153.227225",4545,,,,Australian Yowie Research / AYR Yowie Reports Map,/Users/jarlgiovanni/Desktop/bigfoot_research/public/data/frontend-data.json,Reports from newspapers: 2019 - Daily Mail Yowie Article 29-01-2019,2019,-28.070484,153.227225,QLD,https://www.yowiehunters.com.au/media-clips/2039-daily-mail-yowie-article,"2019 - Daily Mail Yowie Article 29-01-2019, QLD",source_visible_place,locality,stage_only_public_report_marker,verified_place,frontend map_points row
canonical_frontend_public_map_row,"record_coord:4546:-26.943056,152.562989",4546,,,,Australian Yowie Research / AYR Yowie Reports Map,/Users/jarlgiovanni/Desktop/bigfoot_research/public/data/frontend-data.json,Reports from newspapers: 2019 - Daily Mail Yowie Article 31-09-2019,2019,-26.943056,152.562989,QLD,https://www.yowiehunters.com.au/media-clips/2126-2019-daily-mail-yowie-article-31-09-2019,"2019 - Daily Mail Yowie Article 31-09-2019, QLD",source_visible_place,locality,stage_only_public_report_marker,verified_place,frontend map_points row
canonical_frontend_public_map_row,"record_coord:4547:-28.201600,153.399900",4547,,,,Australian Yowie Research / AYR Yowie Reports Map,/Users/jarlgiovanni/Desktop/bigfoot_research/public/data/frontend-data.json,Reports from newspapers: 2019 - Gold Coast Bulletin Yowie Article 19-07-2019,2019,-28.2016,153.3999,QLD,https://www.yowiehunters.com.au/media-clips/2098-2019-gold-coast-bulletin-yowie-article-19-07-2019,"2019 - Gold Coast Bulletin Yowie Article 19-07-2019, QLD",source_visible_place,locality,stage_only_public_report_marker,verified_place,frontend map_points row
canonical_frontend_public_map_row,"record_coord:4548:-28.201600,153.408000",4548,,,,Australian Yowie Research / AYR Yowie Reports Map,/Users/jarlgiovanni/Desktop/bigfoot_research/public/data/frontend-data.json,Reports from newspapers: 2019 - Gold Coast Bulletin Yowie Article 20-07-2019,2019,-28.2016,153.408,QLD,https://www.yowiehunters.com.au/media-clips/2100-2019-gold-coast-bulletin-yowie-article-20-07-2019,"2019 - Gold Coast Bulletin Yowie Article 20-07-2019, QLD",source_visible_place,locality,stage_only_public_report_marker,verified_place,frontend map_points row
canonical_frontend_public_map_row,"record_coord:4549:-28.185800,153.362700",4549,,,,Australian Yowie Research / AYR Yowie Reports Map,/Users/jarlgiovanni/Desktop/bigfoot_research/public/data/frontend-data.json,Reports from newspapers: 2019 - Gold Coast Bulletin Yowie Article 24-07-2019,2019,-28.1858,153.3627,QLD,https://www.yowiehunters.com.au/media-clips/2103-2019-gold-coast-bulletin-24-07-2019,"2019 - Gold Coast Bulletin Yowie Article 24-07-2019, QLD",source_visible_place,locality,stage_only_public_report_marker,verified_place,frontend map_points row
canonical_frontend_public_map_row,"record_coord:4550:-28.066815,153.230337",4550,,,,Australian Yowie Research / AYR Yowie Reports Map,/Users/jarlgiovanni/Desktop/bigfoot_research/public/data/frontend-data.json,Reports from newspapers: 2019 - Gold Coast Bulletin Yowie Article 25-01-2019,2019,-28.066815,153.230337,QLD,https://www.yowiehunters.com.au/media-clips/2038-2019-gold-coast-bulletin,"2019 - Gold Coast Bulletin Yowie Article 25-01-2019, QLD",source_visible_place,locality,stage_only_public_report_marker,verified_place,frontend map_points row
canonical_frontend_public_map_row,"record_coord:4551:-28.654700,151.935000",4551,,,,Australian Yowie Research / AYR Yowie Reports Map,/Users/jarlgiovanni/Desktop/bigfoot_research/public/data/frontend-data.json,Reports from newspapers: 2019 - Northern Daily Leader Yowie Article 30-06-2019,2019,-28.6547,151.935,QLD,https://www.yowiehunters.com.au/media-clips/2092-2019-northern-daily-leader-yowie-article,"2019 - Northern Daily Leader Yowie Article 30-06-2019, QLD",source_visible_place,locality,stage_only_public_report_marker,verified_place,frontend map_points row
canonical_frontend_public_map_row,"record_coord:4552:-33.183330,150.250000",4552,,,,Australian Yowie Research / AYR Yowie Reports Map,/Users/jarlgiovanni/Desktop/bigfoot_research/public/data/frontend-data.json,"Sound recordings of calls, etc: on Facebook - Newnes, New South Wales - Possible Yowie Audio (March 2019)",2019,-33.18333,150.25,NSW,https://www.facebook.com/yowiehunters.com.au/videos/1630240427106167,"Sound recordings of calls, etc: on Facebook - Newnes, New South Wales - Possible Yowie Audio (March 2019), NSW",source_visible_place,locality,stage_only_public_report_marker,verified_place,frontend map_points row
canonical_frontend_public_map_row,"record_coord:4562:-31.716667,152.600000",4562,,,,Australian Yowie Research / AYR Yowie Reports Map,/Users/jarlgiovanni/Desktop/bigfoot_research/public/data/frontend-data.json,Photographs of footprints and handprints : Hannam Vale (2019),2019,-31.716667,152.6,NSW,https://www.yowiehunters.com.au/footprints,"Photographs of footprints and handprints : Hannam Vale, NSW",source_visible_place,locality,stage_only_public_report_marker,verified_place,frontend map_points row
canonical_frontend_public_map_row,"record_coord:22:-32.339356,116.066177",22,,,,Australian Yowie Research,/Users/jarlgiovanni/Desktop/bigfoot_research/public/data/frontend-data.json,"Jarrahdale, Western Australia 2020",2020,-32.3393559,116.066177,WA,https://www.yowiehunters.com.au/western-australia/2250-jarrahdale-western-australia-2020,"Jarrahdale, WA",reported_place,locality,high,verified_gazetteer_point,frontend map_points row
canonical_frontend_public_map_row,"record_coord:82:-37.424586,143.893967",82,,,,Australian Yowie Research,/Users/jarlgiovanni/Desktop/bigfoot_research/public/data/frontend-data.json,"Creswick, Victoria 2020",2020,-37.4245857,143.8939669,VIC,https://www.yowiehunters.com.au/victoria/2193-creswick-victoria-2020,"Creswick, VIC",reported_place,locality,high,verified_gazetteer_point,frontend map_points row
canonical_frontend_public_map_row,"record_coord:211:-27.423804,152.903316",211,,,,Australian Yowie Research,/Users/jarlgiovanni/Desktop/bigfoot_research/public/data/frontend-data.json,"Bellbird Grove, Queensland 2020",2020,-27.4238044,152.903316,QLD,https://www.yowiehunters.com.au/queensland/2177-bellbird-grove-queensland-2020,"Bellbird Grove, QLD",reported_place,locality,high,verified_gazetteer_point,frontend map_points row
canonical_frontend_public_map_row,"record_coord:247:-37.316192,144.146763",247,,,,Australian Yowie Research,/Users/jarlgiovanni/Desktop/bigfoot_research/public/data/frontend-data.json,"Hepburn Springs, Victoria 2020",2020,-37.3161925,144.1467627,VIC,https://www.yowiehunters.com.au/victoria/2140-hepburn-springs-victoria-2020,"Hepburn Springs, VIC",reported_place,locality,high,verified_gazetteer_point,frontend map_points row
canonical_frontend_public_map_row,"record_coord:359:-26.221246,152.151466",359,,,,Australian Yowie Research,/Users/jarlgiovanni/Desktop/bigfoot_research/public/data/frontend-data.json,"Kinbombi Falls, Queensland - 2020",2020,-26.2212465,152.1514665,QLD,https://www.yowiehunters.com.au/queensland/2298-kinbombi-falls-queensland-2020,"Kinbombi Falls, QLD",reported_place,locality,high,verified_gazetteer_point,frontend map_points row
canonical_frontend_public_map_row,"record_coord:371:-26.809659,152.990741",371,,,,Australian Yowie Research,/Users/jarlgiovanni/Desktop/bigfoot_research/public/data/frontend-data.json,"Landsborough, Queensland 2020",2020,-26.809659,152.9907408,QLD,https://www.yowiehunters.com.au/queensland/2225-landsborough-queensland-2020,"Landsborough, QLD",reported_place,locality,high,verified_gazetteer_point,frontend map_points row
canonical_frontend_public_map_row,"record_coord:581:-33.855896,151.268280",581,,,,Australian Yowie Research,/Users/jarlgiovanni/Desktop/bigfoot_research/public/data/frontend-data.json,"Strickland, New South Wales 2020",2020,-33.8558957,151.2682802,NSW,https://www.yowiehunters.com.au/new-south-wales/2178-strickland-new-south-wales-2020,"Strickland, NSW",reported_place,locality,high,verified_gazetteer_point,frontend map_points row
canonical_frontend_public_map_row,"record_coord:616:-33.728020,150.374063",616,,,,Australian Yowie Research,/Users/jarlgiovanni/Desktop/bigfoot_research/public/data/frontend-data.json,"Wentworth Falls, New South Wales 2020",2020,-33.72802,150.3740633,NSW,https://www.yowiehunters.com.au/new-south-wales/2276-wentworth-falls-new-south-wales-2020,"Wentworth Falls, NSW",reported_place,locality,high,verified_gazetteer_point,frontend map_points row
canonical_frontend_public_map_row,"record_coord:995:-28.002373,153.414599",995,,,,Australian Yowie Research,/Users/jarlgiovanni/Desktop/bigfoot_research/public/data/frontend-data.json,2020 - Coast to Coast Yowie Article 21-02-2020,2020,-28.0023731,153.4145987,QLD,https://www.yowiehunters.com.au/media-clips/2137-2020-coast-to-coast-21-02-2020,Gold Coast,source_visible_place_hint,locality,medium,verified_gazetteer_point,frontend map_points row
canonical_frontend_public_map_row,"record_coord:996:-28.002373,153.414599",996,,,,Australian Yowie Research,/Users/jarlgiovanni/Desktop/bigfoot_research/public/data/frontend-data.json,2020 - Gold Coast Bulletin Yowie Article 14-02-2020,2020,-28.0023731,153.4145987,QLD,https://www.yowiehunters.com.au/media-clips/2136-2020-gold-coast-bulletin-yowie-article-14-02-2020,"Gold Coast, QLD",reported_place,locality,medium,verified_gazetteer_point,frontend map_points row
canonical_frontend_public_map_row,"record_coord:997:-28.002373,153.414599",997,,,,Australian Yowie Research,/Users/jarlgiovanni/Desktop/bigfoot_research/public/data/frontend-data.json,2020 - Gold Coast Bulletin Yowie Article 18-07-2020,2020,-28.0023731,153.4145987,QLD,https://www.yowiehunters.com.au/media-clips/2201-2020-gold-coast-bulletin-yowie-18-07-2020,"Gold Coast, QLD",reported_place,locality,medium,verified_gazetteer_point,frontend map_points row
canonical_frontend_public_map_row,"record_coord:998:-28.002373,153.414599",998,,,,Australian Yowie Research,/Users/jarlgiovanni/Desktop/bigfoot_research/public/data/frontend-data.json,2020 - Gold Coast Bulletin Yowie Article 25-07-2020,2020,-28.0023731,153.4145987,QLD,https://www.yowiehunters.com.au/media-clips/2202-2020-gold-coast-bulletin-yowie-article-25-07-2020,"Gold Coast, QLD",reported_place,locality,medium,verified_gazetteer_point,frontend map_points row
canonical_frontend_public_map_row,"record_coord:999:-24.865325,152.351678",999,,,,Australian Yowie Research,/Users/jarlgiovanni/Desktop/bigfoot_research/public/data/frontend-data.json,2020 - News Mail Yowie Article 29-11-2020,2020,-24.8653253,152.3516785,QLD,https://www.yowiehunters.com.au/media-clips/2196-2020-news-mail-yowie-article-29-11-2020,Bundaberg,source_visible_place_hint,locality,medium,verified_gazetteer_point,frontend map_points row
canonical_frontend_public_map_row,"record_coord:1000:-28.655995,151.933827",1000,,,,Australian Yowie Research,/Users/jarlgiovanni/Desktop/bigfoot_research/public/data/frontend-data.json,2020 - Stanthorpe Border Post Yowie Article 07-07-2020,2020,-28.6559947,151.9338265,QLD,https://www.yowiehunters.com.au/media-clips/2200-2020-stanthorpe-border-post-yowie-article-07-07-2020,"Stanthorpe, QLD",reported_place,locality,medium,verified_gazetteer_point,frontend map_points row
canonical_frontend_public_map_row,"record_coord:1058:-27.561019,151.953351",1058,,,,Australian Yowie Research,/Users/jarlgiovanni/Desktop/bigfoot_research/public/data/frontend-data.json,2020 - Toowoomba Chronicle Yowie Article 07-07-2020,2020,-27.5610193,151.953351,QLD,https://www.yowiehunters.com.au/media-clips/2238-2020-toowoomba-chronicle-yowie-article-07-07-2020,"Toowoomba, QLD",reported_place,locality,medium,verified_gazetteer_point,frontend map_points row
canonical_frontend_public_map_row,"record_coord:1129:-18.513971,144.093632",1129,,,,Australian Yowie Research,/Users/jarlgiovanni/Desktop/bigfoot_research/public/data/frontend-data.json,2020 - Daily Mail Yowie Article 29-09-2020,2020,-18.5139714,144.0936324,QLD,https://www.yowiehunters.com.au/media-clips/2197-2020-daily-mail-yowie-article-29-09-2020,Einasleigh,source_visible_place_hint,locality,medium,verified_gazetteer_point,frontend map_points row
canonical_frontend_public_map_row,"record_coord:1130:-36.448500,148.234600",1130,,,,Australian Yowie Research,/Users/jarlgiovanni/Desktop/bigfoot_research/public/data/frontend-data.json,2020- Daily Mail Yowie Article 22-07-2020,2020,-36.4485,148.2346,NSW,https://www.yowiehunters.com.au/media-clips/2198-2020-daily-mail-yowie-article-22-07-2020,Kosciuszko,source_visible_place_hint,locality,medium,verified_gazetteer_point,frontend map_points row
canonical_frontend_public_map_row,"record_coord:3993:-37.277577,142.958168",3993,,,,Australian Broadcasting Corporation,/Users/jarlgiovanni/Desktop/bigfoot_research/public/data/frontend-data.json,Ghost tales and grisly histories give 'haunted' buildings their scary appeal. Here's how,2020,-37.2775765,142.9581683,VIC,https://www.abc.net.au/news/2020-02-20/ghost-tales-help-give-haunted-buildings-their-scary-appeal/11985080,"Aradale Asylum, VIC",apparition_location,exact_site,B,verified_gazetteer_point,frontend map_points row
canonical_frontend_public_map_row,"record_coord:3999:-33.798945,151.000762",3999,,,,Australian Broadcasting Corporation,/Users/jarlgiovanni/Desktop/bigfoot_research/public/data/frontend-data.json,Ghost tales and grisly histories give 'haunted' buildings their scary appeal. Here's how,2020,-33.7989451,151.0007621,NSW,https://www.abc.net.au/news/2020-02-20/ghost-tales-help-give-haunted-buildings-their-scary-appeal/11985080,"Parramatta Gaol, NSW",apparition_location,exact_site,B,verified_gazetteer_point,frontend map_points row
canonical_frontend_public_map_row,"record_coord:4043:-42.785427,147.063622",4043,,,,Australian Broadcasting Corporation,/Users/jarlgiovanni/Desktop/bigfoot_research/public/data/frontend-data.json,Meet the woman taking Tasmania's most haunted sites to the social media masses,2020,-42.7854275,147.0636218,TAS,https://www.abc.net.au/news/2020-09-02/tasmania-ghost-tours-live-streamed-to-thousands/12615942,"Willow Court Asylum, TAS",apparition_location,exact_site,B,verified_gazetteer_point,frontend map_points row
canonical_frontend_public_map_row,"record_coord:4044:-41.881977,145.335338",4044,,,,Australian Broadcasting Corporation,/Users/jarlgiovanni/Desktop/bigfoot_research/public/data/frontend-data.json,Meet the woman taking Tasmania's most haunted sites to the social media masses,2020,-41.8819768,145.3353375,TAS,https://www.abc.net.au/news/2020-09-02/tasmania-ghost-tours-live-streamed-to-thousands/12615942,"Gaiety Theatre Zeehan, TAS",apparition_location,exact_site,B,verified_gazetteer_point,frontend map_points row
canonical_frontend_public_map_row,"record_coord:4045:-42.077758,145.551718",4045,,,,Australian Broadcasting Corporation,/Users/jarlgiovanni/Desktop/bigfoot_research/public/data/frontend-data.json,Meet the woman taking Tasmania's most haunted sites to the social media masses,2020,-42.0777582,145.5517178,TAS,https://www.abc.net.au/news/2020-09-02/tasmania-ghost-tours-live-streamed-to-thousands/12615942,"Penghana Bed and Breakfast, TAS",apparition_location,exact_site,B,verified_gazetteer_point,frontend map_points row
canonical_frontend_public_map_row,"record_coord:4046:-41.436237,147.141396",4046,,,,Australian Broadcasting Corporation,/Users/jarlgiovanni/Desktop/bigfoot_research/public/data/frontend-data.json,Launceston's Princess Theatre celebrates colourful history,2020,-41.436237,147.1413958,TAS,https://www.abc.net.au/news/2020-11-17/princess-theatre-celebrates-50-years-launceston-history/12886618,"Princess Theatre Launceston, TAS",apparition_location,exact_site,B,verified_gazetteer_point,frontend map_points row
canonical_frontend_public_map_row,"record_coord:4068:-43.153135,147.869400",4068,,,,Australian Broadcasting Corporation,/Users/jarlgiovanni/Desktop/bigfoot_research/public/data/frontend-data.json,Imagine being grabbed around the ankle when there's no-one else in the room. Ghosts?,2020,-43.1531346,147.8694003,TAS,https://www.abc.net.au/listen/programs/hobart-evenings/ghosts/12299586,"Port Arthur Historic Site, TAS",apparition_location,exact_site,B,verified_gazetteer_point,frontend map_points row
canonical_frontend_public_map_row,"record_coord:4134:-37.970656,145.021282",4134,,,,State Library Victoria,/Users/jarlgiovanni/Desktop/bigfoot_research/public/data/frontend-data.json,tortured spirit in Black Rock House tortured spirit legend,2020,-37.9706564,145.0212822,VIC,https://blogs.slv.vic.gov.au/our-stories/the-secrets-of-black-rock-house/#tortured-spirit,"Black Rock, VIC",legend_associated_place,locality,B,verified_gazetteer_point,frontend map_points row
canonical_frontend_public_map_row,"record_coord:4137:-41.881977,145.335338",4137,,,,Australian Broadcasting Corporation,/Users/jarlgiovanni/Desktop/bigfoot_research/public/data/frontend-data.json,Ava in Gaiety Theatre Ava apparition,2020,-41.8819768,145.3353375,TAS,https://www.abc.net.au/news/2020-09-02/tasmania-ghost-tours-live-streamed-to-thousands/12615942#ava-gaiety-theatre,"Gaiety Theatre, Zeehan, TAS",apparition_location,exact_site,B,verified_gazetteer_point,frontend map_points row
canonical_frontend_public_map_row,"record_coord:4138:-42.785427,147.063622",4138,,,,Australian Broadcasting Corporation,/Users/jarlgiovanni/Desktop/bigfoot_research/public/data/frontend-data.json,ghostly figure of a nurse in Willow Court nurse in period dress,2020,-42.7854275,147.0636218,TAS,https://www.abc.net.au/news/2020-09-02/tasmania-ghost-tours-live-streamed-to-thousands/12615942#willow-court-nurse,"Willow Court Asylum, TAS",apparition_location,exact_site,B,verified_gazetteer_point,frontend map_points row
canonical_frontend_public_map_row,"record_coord:4154:-34.868293,147.575803",4154,,,,Australian Broadcasting Corporation,/Users/jarlgiovanni/Desktop/bigfoot_research/public/data/frontend-data.json,haunted house in Monte Cristo most haunted house,2020,-34.8682927,147.5758032,NSW,https://www.abc.net.au/listen/programs/conversations/lawrence-ryan/12366984,"Monte Cristo Homestead, NSW",legend_associated_place,exact_site,B,verified_gazetteer_point,frontend map_points row
canonical_frontend_public_map_row,"record_coord:148:-28.602703,153.350607",148,,,,Australian Yowie Research,/Users/jarlgiovanni/Desktop/bigfoot_research/public/data/frontend-data.json,"Nightcap NP, New South Wales 2022",2021,-28.6027032,153.3506066,NSW,https://www.yowiehunters.com.au/new-south-wales/2246-nightcap-np-new-south-wales-2022,"Nightcap National Park – Whian Whian State Conservation Area, NSW",reported_place,locality,high,verified_gazetteer_point,frontend map_points row
canonical_frontend_public_map_row,"record_coord:212:-24.865325,152.351678",212,,,,Australian Yowie Research,/Users/jarlgiovanni/Desktop/bigfoot_research/public/data/frontend-data.json,"Moore Park Beach / Bundaberg, Queensland 2021",2021,-24.8653253,152.3516785,QLD,https://www.yowiehunters.com.au/queensland/2224-moore-park-beach-bundaberg-queensland-2021,Bundaberg,source_visible_place_hint,locality,medium,verified_gazetteer_point,frontend map_points row
canonical_frontend_public_map_row,"record_coord:527:-33.092382,148.863861",527,,,,Australian Yowie Research,/Users/jarlgiovanni/Desktop/bigfoot_research/public/data/frontend-data.json,"Molong, New South Wales 2021",2021,-33.0923817,148.8638613,NSW,https://www.yowiehunters.com.au/new-south-wales/2255-molong-new-south-wales-2021,"Molong, NSW",reported_place,locality,high,verified_gazetteer_point,frontend map_points row
canonical_frontend_public_map_row,"record_coord:1001:-28.185749,153.271559",1001,,,,Australian Yowie Research,/Users/jarlgiovanni/Desktop/bigfoot_research/public/data/frontend-data.json,2021 - Coast to Coast Radio Yowie Article 24-05-2021,2021,-28.185749,153.2715593,QLD,https://www.yowiehunters.com.au/media-clips/2214-2021-coast-to-coast-radio-yowie-article-24-05-2021,"Springbrook, QLD",reported_place,locality,high,verified_gazetteer_point,frontend map_points row
canonical_frontend_public_map_row,"record_coord:1002:-31.272808,149.273323",1002,,,,Australian Yowie Research,/Users/jarlgiovanni/Desktop/bigfoot_research/public/data/frontend-data.json,2021 - Coonabarabran Times Yowie Article 05-12-2021,2021,-31.2728076,149.2733225,NSW,https://www.yowiehunters.com.au/media-clips/2227-2021-coonabarabran-times-yowie-article-05-12-2021,"Coonabarabran, NSW",reported_place,locality,medium,verified_gazetteer_point,frontend map_points row
canonical_frontend_public_map_row,"record_coord:1003:-27.468962,153.023501",1003,,,,Australian Yowie Research,/Users/jarlgiovanni/Desktop/bigfoot_research/public/data/frontend-data.json,2021 - Courier Mail Yowie Article 07-02-2021,2021,-27.4689623,153.0235009,QLD,https://www.yowiehunters.com.au/media-clips/2205-2021-courier-mail-yowie-article-07-02-2021,"Brisbane, QLD",reported_place,locality,medium,verified_gazetteer_point,frontend map_points row
canonical_frontend_public_map_row,"record_coord:1004:-28.002373,153.414599",1004,,,,Australian Yowie Research,/Users/jarlgiovanni/Desktop/bigfoot_research/public/data/frontend-data.json,2021 - Daily Mail Yowie Article 22-05-2021,2021,-28.0023731,153.4145987,QLD,https://www.yowiehunters.com.au/media-clips/2208-2021-daily-mail-yowie-article-22-05-2021,Gold Coast,source_visible_place_hint,locality,medium,verified_gazetteer_point,frontend map_points row
canonical_frontend_public_map_row,"record_coord:1005:-28.185749,153.271559",1005,,,,Australian Yowie Research,/Users/jarlgiovanni/Desktop/bigfoot_research/public/data/frontend-data.json,2021 - Fortean News Yowie Article 26-05-2021,2021,-28.185749,153.2715593,QLD,https://www.yowiehunters.com.au/media-clips/2213-2021-fortean-news-yowie-article-26-05-2021,"Springbrook, QLD",reported_place,locality,high,verified_gazetteer_point,frontend map_points row
canonical_frontend_public_map_row,"record_coord:1006:-28.002373,153.414599",1006,,,,Australian Yowie Research,/Users/jarlgiovanni/Desktop/bigfoot_research/public/data/frontend-data.json,2021 - Gold Coast Bulletin Yowie Article 06-02-2021,2021,-28.0023731,153.4145987,QLD,https://www.yowiehunters.com.au/media-clips/2203-2021-gold-coast-bulletin-yowie-article-06-02-2021,"Gold Coast, QLD",reported_place,locality,medium,verified_gazetteer_point,frontend map_points row
canonical_frontend_public_map_row,"record_coord:1007:-28.002373,153.414599",1007,,,,Australian Yowie Research,/Users/jarlgiovanni/Desktop/bigfoot_research/public/data/frontend-data.json,2021 - Gold Coast Bulletin Yowie Article 01-01-2021,2021,-28.0023731,153.4145987,QLD,https://www.yowiehunters.com.au/media-clips/2207-2021-gold-coast-bulletin-yowie-article-01-01-2021,"Gold Coast, QLD",reported_place,locality,medium,verified_gazetteer_point,frontend map_points row
canonical_frontend_public_map_row,"record_coord:1008:-28.002373,153.414599",1008,,,,Australian Yowie Research,/Users/jarlgiovanni/Desktop/bigfoot_research/public/data/frontend-data.json,2021 - Gold Coast Bulletin Yowie Article 06-02-2021,2021,-28.0023731,153.4145987,QLD,https://www.yowiehunters.com.au/media-clips/2215-2021-gold-coast-bulletin-yowie-article-06-02-2022,"Gold Coast, QLD",reported_place,locality,medium,verified_gazetteer_point,frontend map_points row
canonical_frontend_public_map_row,"record_coord:1009:-24.865325,152.351678",1009,,,,Australian Yowie Research,/Users/jarlgiovanni/Desktop/bigfoot_research/public/data/frontend-data.json,2021 - News Mail Yowie Article 12-02-2021,2021,-24.8653253,152.3516785,QLD,https://www.yowiehunters.com.au/media-clips/2204-2021-news-mail-yowie-article-12-02-2021,Bundaberg,source_visible_place_hint,locality,medium,verified_gazetteer_point,frontend map_points row
canonical_frontend_public_map_row,"record_coord:1010:-24.865325,152.351678",1010,,,,Australian Yowie Research,/Users/jarlgiovanni/Desktop/bigfoot_research/public/data/frontend-data.json,2021 - News Mail Yowie Article 11-02-2021,2021,-24.8653253,152.3516785,QLD,https://www.yowiehunters.com.au/media-clips/2235-2021-news-mail-yowie-article-11-02-2021,Bundaberg,source_visible_place_hint,locality,medium,verified_gazetteer_point,frontend map_points row
canonical_frontend_public_map_row,"record_coord:1011:-28.002373,153.414599",1011,,,,Australian Yowie Research,/Users/jarlgiovanni/Desktop/bigfoot_research/public/data/frontend-data.json,2021 - News.com Yowie Article 24-05-2021,2021,-28.0023731,153.4145987,QLD,https://www.yowiehunters.com.au/media-clips/2211-2021-news-com-yowie-article-24-05-2021,Gold Coast,source_visible_place_hint,locality,medium,verified_gazetteer_point,frontend map_points row
canonical_frontend_public_map_row,"record_coord:1012:-28.185749,153.271559",1012,,,,Australian Yowie Research,/Users/jarlgiovanni/Desktop/bigfoot_research/public/data/frontend-data.json,2021 - Paris Match Newspaper Yowie Article - 25-05-2021,2021,-28.185749,153.2715593,QLD,https://www.yowiehunters.com.au/media-clips/2216-2021-paris-match-newspaper-yowie-article-25-05-2021,"Springbrook, QLD",reported_place,locality,high,verified_gazetteer_point,frontend map_points row
canonical_frontend_public_map_row,"record_coord:1013:-28.002373,153.414599",1013,,,,Australian Yowie Research,/Users/jarlgiovanni/Desktop/bigfoot_research/public/data/frontend-data.json,2021- 7 News / Sunrise Yowie Article 24-05-2021,2021,-28.0023731,153.4145987,QLD,https://www.yowiehunters.com.au/media-clips/2209-2021-7-news-sunrise-24-05-2021,Gold Coast,source_visible_place_hint,locality,medium,verified_gazetteer_point,frontend map_points row
canonical_frontend_public_map_row,"record_coord:1014:-28.185749,153.271559",1014,,,,Australian Yowie Research,/Users/jarlgiovanni/Desktop/bigfoot_research/public/data/frontend-data.json,2021- Mysterious Universe Yowie Article 25-05-2021,2021,-28.185749,153.2715593,QLD,https://www.yowiehunters.com.au/media-clips/2212-2021-mysterious-universe-yowie-article-25-05-2021,"Springbrook, QLD",reported_place,locality,high,verified_gazetteer_point,frontend map_points row
canonical_frontend_public_map_row,"record_coord:1015:-28.185749,153.271559",1015,,,,Australian Yowie Research,/Users/jarlgiovanni/Desktop/bigfoot_research/public/data/frontend-data.json,2021- Sydney News Today Yowie Article 23-05-2021,2021,-28.185749,153.2715593,QLD,https://www.yowiehunters.com.au/media-clips/2210-2021-sydney-news-today-23-05-2021,"Springbrook, QLD",reported_place,locality,high,verified_gazetteer_point,frontend map_points row
canonical_frontend_public_map_row,"record_coord:1131:-26.701463,152.509912",1131,,,,Australian Yowie Research,/Users/jarlgiovanni/Desktop/bigfoot_research/public/data/frontend-data.json,2021 - Daily Mail Yowie Article 16-12-2021,2021,-26.701463,152.5099119,QLD,https://www.yowiehunters.com.au/media-clips/2230-2021-daily-mail-yowie-article-16-12-2021,Jimna,source_visible_place_hint,locality,medium,verified_gazetteer_point,frontend map_points row
canonical_frontend_public_map_row,"record_coord:1132:-26.701463,152.509912",1132,,,,Australian Yowie Research,/Users/jarlgiovanni/Desktop/bigfoot_research/public/data/frontend-data.json,2021 - The Sun UK Yowie Article 14-12-2021,2021,-26.701463,152.5099119,QLD,https://www.yowiehunters.com.au/media-clips/2231-2021-the-sun-uk-yowie-article-14-12-2021,Jimna,source_visible_place_hint,locality,medium,verified_gazetteer_point,frontend map_points row
canonical_frontend_public_map_row,"record_coord:2693:-37.809800,144.965200",2693,,,,State Library Victoria,/Users/jarlgiovanni/Desktop/bigfoot_research/public/data/frontend-data.json,ghosts in Spooky stories from the Library,2021,-37.8098,144.9652,VIC,https://blogs.slv.vic.gov.au/news/spooky-stories-from-the-library/,"State Library Victoria, Melbourne, VIC",apparition_location,exact_site,B,verified_gazetteer_point,frontend map_points row
canonical_frontend_public_map_row,"record_coord:2694:-37.809800,144.965200",2694,,,,State Library Victoria,/Users/jarlgiovanni/Desktop/bigfoot_research/public/data/frontend-data.json,ghost in Spooky stories from the Library,2021,-37.8098,144.9652,VIC,https://blogs.slv.vic.gov.au/news/spooky-stories-from-the-library/,"State Library Victoria, Melbourne, VIC",apparition_location,exact_site,B,verified_gazetteer_point,frontend map_points row
canonical_frontend_public_map_row,"record_coord:2695:-37.809800,144.965200",2695,,,,State Library Victoria,/Users/jarlgiovanni/Desktop/bigfoot_research/public/data/frontend-data.json,ghost in Spooky stories from the Library,2021,-37.8098,144.9652,VIC,https://blogs.slv.vic.gov.au/news/spooky-stories-from-the-library/,"State Library Victoria, Melbourne, VIC",apparition_location,exact_site,B,verified_gazetteer_point,frontend map_points row
canonical_frontend_public_map_row,"record_coord:2696:-37.809800,144.965200",2696,,,,State Library Victoria,/Users/jarlgiovanni/Desktop/bigfoot_research/public/data/frontend-data.json,ghosts in Spooky stories from the Library,2021,-37.8098,144.9652,VIC,https://blogs.slv.vic.gov.au/news/spooky-stories-from-the-library/,"State Library Victoria, Melbourne, VIC",apparition_location,exact_site,B,verified_gazetteer_point,frontend map_points row
canonical_frontend_public_map_row,"record_coord:2697:-37.809800,144.965200",2697,,,,State Library Victoria,/Users/jarlgiovanni/Desktop/bigfoot_research/public/data/frontend-data.json,ghost in Spooky stories from the Library,2021,-37.8098,144.9652,VIC,https://blogs.slv.vic.gov.au/news/spooky-stories-from-the-library/,"State Library Victoria, Melbourne, VIC",apparition_location,exact_site,B,verified_gazetteer_point,frontend map_points row
canonical_frontend_public_map_row,"record_coord:2698:-37.809800,144.965200",2698,,,,State Library Victoria,/Users/jarlgiovanni/Desktop/bigfoot_research/public/data/frontend-data.json,ghost in Spooky stories from the Library,2021,-37.8098,144.9652,VIC,https://blogs.slv.vic.gov.au/news/spooky-stories-from-the-library/,"State Library Victoria, Melbourne, VIC",apparition_location,exact_site,B,verified_gazetteer_point,frontend map_points row
canonical_frontend_public_map_row,"record_coord:2699:-37.809800,144.965200",2699,,,,State Library Victoria,/Users/jarlgiovanni/Desktop/bigfoot_research/public/data/frontend-data.json,ghosts in Spooky stories from the Library,2021,-37.8098,144.9652,VIC,https://blogs.slv.vic.gov.au/news/spooky-stories-from-the-library/,"State Library Victoria, Melbourne, VIC",apparition_location,exact_site,B,verified_gazetteer_point,frontend map_points row
canonical_frontend_public_map_row,"record_coord:2700:-37.809800,144.965200",2700,,,,State Library Victoria,/Users/jarlgiovanni/Desktop/bigfoot_research/public/data/frontend-data.json,ghosts in Spooky stories from the Library,2021,-37.8098,144.9652,VIC,https://blogs.slv.vic.gov.au/news/spooky-stories-from-the-library/,"State Library Victoria, Melbourne, VIC",apparition_location,exact_site,B,verified_gazetteer_point,frontend map_points row
canonical_frontend_public_map_row,"record_coord:2701:-37.809800,144.965200",2701,,,,State Library Victoria,/Users/jarlgiovanni/Desktop/bigfoot_research/public/data/frontend-data.json,spooky in Spooky stories from the Library,2021,-37.8098,144.9652,VIC,https://blogs.slv.vic.gov.au/news/spooky-stories-from-the-library/,"State Library Victoria, Melbourne, VIC",apparition_location,exact_site,B,verified_gazetteer_point,frontend map_points row
canonical_frontend_public_map_row,"record_coord:2702:-37.809800,144.965200",2702,,,,State Library Victoria,/Users/jarlgiovanni/Desktop/bigfoot_research/public/data/frontend-data.json,supernatural in Spooky stories from the Library,2021,-37.8098,144.9652,VIC,https://blogs.slv.vic.gov.au/news/spooky-stories-from-the-library/,"State Library Victoria, Melbourne, VIC",apparition_location,exact_site,B,verified_gazetteer_point,frontend map_points row
canonical_frontend_public_map_row,"record_coord:3976:-34.815026,147.672675",3976,,,,Australian Broadcasting Corporation,/Users/jarlgiovanni/Desktop/bigfoot_research/public/data/frontend-data.json,On a hill in Junee sits Monte Christo: Australia's most haunted house,2021,-34.8150256,147.672675,NSW,https://www.abc.net.au/listen/programs/newcastle-mornings/australias-most-haunted-house/13309560,"Junee, NSW",apparition_location,town,B,verified_gazetteer_point,frontend map_points row
canonical_frontend_public_map_row,"record_coord:4020:-27.616032,152.760835",4020,,,,Australian Broadcasting Corporation,/Users/jarlgiovanni/Desktop/bigfoot_research/public/data/frontend-data.json,Uncovering the past of one of Queensland's most haunted towns,2021,-27.6160323,152.7608348,QLD,https://www.abc.net.au/listen/programs/brisbane-sundaymorning/uncovering-the-past-of-one-of-queenslands-most-haunted-towns/13298112,"Ipswich, QLD",apparition_location,town,B,verified_gazetteer_point,frontend map_points row
canonical_frontend_public_map_row,"record_coord:4070:-26.701463,152.509912",4070,,,,Australian Broadcasting Corporation,/Users/jarlgiovanni/Desktop/bigfoot_research/public/data/frontend-data.json,Sighting of mythical 'Yowie' turns Queensland forest workers into believers,2021,-26.701463,152.5099119,QLD,https://www.abc.net.au/listen/programs/south-queensland-drive/yowies/13676682,"Jimna, QLD",apparition_location,locality,B,verified_gazetteer_point,frontend map_points row
canonical_frontend_public_map_row,"record_coord:23:-32.216052,115.838423",23,,,,Australian Yowie Research,/Users/jarlgiovanni/Desktop/bigfoot_research/public/data/frontend-data.json,"Alcoa Wetlands, Western Australia 2022",2022,-32.2160518,115.838423,WA,https://www.yowiehunters.com.au/western-australia/2292-alcoa-wetlands-western-australia-2022,"Alcoa Wetlands, WA",reported_place,locality,high,verified_gazetteer_point,frontend map_points row
canonical_frontend_public_map_row,"record_coord:495:-28.050657,153.187706",495,,,,Australian Yowie Research,/Users/jarlgiovanni/Desktop/bigfoot_research/public/data/frontend-data.json,"Witheren, Queensland 2022",2022,-28.0506572,153.1877059,QLD,https://www.yowiehunters.com.au/queensland/2256-witheren-queensland-2022,"Witheren, QLD",reported_place,locality,high,verified_gazetteer_point,frontend map_points row
canonical_frontend_public_map_row,"record_coord:507:-26.017191,152.370449",507,,,,Australian Yowie Research,/Users/jarlgiovanni/Desktop/bigfoot_research/public/data/frontend-data.json,"Woolooga, Queensland 2022",2022,-26.0171915,152.3704487,QLD,https://www.yowiehunters.com.au/queensland/2257-wonga-queensland-2022,"Woolooga, QLD",reported_place,locality,high,verified_gazetteer_point,frontend map_points row
canonical_frontend_public_map_row,"record_coord:1016:-28.185749,153.271559",1016,,,,Australian Yowie Research,/Users/jarlgiovanni/Desktop/bigfoot_research/public/data/frontend-data.json,2022 - 7 News Yowie Article 26-02-2022,2022,-28.185749,153.2715593,QLD,https://www.yowiehunters.com.au/media-clips/2229-2022-7-news-yowie-article-26-02-2022,"Springbrook, QLD",reported_place,locality,high,verified_gazetteer_point,frontend map_points row
canonical_frontend_public_map_row,"record_coord:1017:-28.002373,153.414599",1017,,,,Australian Yowie Research,/Users/jarlgiovanni/Desktop/bigfoot_research/public/data/frontend-data.json,2022 - Gold Coast Bulletin Yowie Article 22-06-2022,2022,-28.0023731,153.4145987,QLD,https://www.yowiehunters.com.au/media-clips/2251-2022-gold-coast-bulletin-yowie-article-22-06-2022,"Gold Coast, QLD",reported_place,locality,medium,verified_gazetteer_point,frontend map_points row
canonical_frontend_public_map_row,"record_coord:1018:-28.002373,153.414599",1018,,,,Australian Yowie Research,/Users/jarlgiovanni/Desktop/bigfoot_research/public/data/frontend-data.json,2022 - Gold Coast Bulletin Yowie Article 25-06-2022,2022,-28.0023731,153.4145987,QLD,https://www.yowiehunters.com.au/media-clips/2252-2022-gold-coast-bulletin-yowie-article-25-06-2022,"Gold Coast, QLD",reported_place,locality,medium,verified_gazetteer_point,frontend map_points row
canonical_frontend_public_map_row,"record_coord:4010:-31.888903,116.769148",4010,,,,Australian Broadcasting Corporation,/Users/jarlgiovanni/Desktop/bigfoot_research/public/data/frontend-data.json,"Ghosts of Castle, Settlers hotels and Old York Hospital spook and delight tourists in WA town",2022,-31.8889034,116.7691483,WA,https://www.abc.net.au/news/2022-05-19/ghosts-of-york-wa-haunt-locals-tourists/101082076,"York, WA",apparition_location,town,B,verified_gazetteer_point,frontend map_points row
canonical_frontend_public_map_row,"record_coord:4030:-31.889842,116.768216",4030,,,,Australian Broadcasting Corporation,/Users/jarlgiovanni/Desktop/bigfoot_research/public/data/frontend-data.json,"Ghosts of Castle, Settlers hotels and Old York Hospital spook and delight tourists in WA town",2022,-31.8898416,116.7682163,WA,https://www.abc.net.au/news/2022-05-19/ghosts-of-york-wa-haunt-locals-tourists/101082076,"Castle Hotel York, WA",apparition_location,exact_site,B,verified_gazetteer_point,frontend map_points row
canonical_frontend_public_map_row,"record_coord:4065:-33.261788,138.355852",4065,,,,Australian Broadcasting Corporation,/Users/jarlgiovanni/Desktop/bigfoot_research/public/data/frontend-data.json,Gladstone Gaol caretakers hang up their keys as 'haunted' building succumbs to lack of volunteers and visitors,2022,-33.2617877,138.3558523,SA,https://www.abc.net.au/news/2022-06-16/gladstone-gaol-overnight-stay-closed-sa-history/101158748,"Gladstone Gaol, SA",apparition_location,exact_site,B,verified_gazetteer_point,frontend map_points row
canonical_frontend_public_map_row,"record_coord:4076:-31.888773,116.767971",4076,,,,Australian Broadcasting Corporation,/Users/jarlgiovanni/Desktop/bigfoot_research/public/data/frontend-data.json,ghost in Settlers Inn Mrs Inkpen ghost,2022,-31.8887729,116.7679705,WA,https://www.abc.net.au/news/2022-05-19/ghosts-of-york-wa-haunt-locals-tourists/101082076#settlers,"Settlers Inn, York, WA",apparition_location,exact_site,B,verified_gazetteer_point,frontend map_points row
canonical_frontend_public_map_row,"record_coord:4077:-31.888903,116.769148",4077,,,,Australian Broadcasting Corporation,/Users/jarlgiovanni/Desktop/bigfoot_research/public/data/frontend-data.json,figures in Old York Hospital paranormal figures,2022,-31.8889034,116.7691483,WA,https://www.abc.net.au/news/2022-05-19/ghosts-of-york-wa-haunt-locals-tourists/101082076#old-york-hospital,"York, WA",reported_place,town,B,verified_gazetteer_point,frontend map_points row
canonical_frontend_public_map_row,"record_coord:4136:-32.047676,115.753984",4136,,,,Australian Broadcasting Corporation,/Users/jarlgiovanni/Desktop/bigfoot_research/public/data/frontend-data.json,spirits in Fremantle Arts Centre haunted claims,2022,-32.0476763,115.7539837,WA,https://www.abc.net.au/news/2022-05-04/fremantle-lunatic-asylum-womens-home-now-arts-centre/101033894#haunted-claims,"Fremantle Arts Centre, WA",legend_associated_place,exact_site,B,verified_gazetteer_point,frontend map_points row
canonical_frontend_public_map_row,"record_coord:4238:-43.153135,147.869400",4238,,,,Australian Broadcasting Corporation,/Users/jarlgiovanni/Desktop/bigfoot_research/public/data/frontend-data.json,Tasmanian cultural heritage curator Elspeth Wishart reflects on a fascinating career,2022,-43.1531346,147.8694003,TAS,https://www.abc.net.au/news/2022-07-14/tasmania-cultural-heritage-curator-elspeth-wishart-career/101218150,"Port Arthur Historic Site, TAS",narrative_setting,exact_site,B,verified_gazetteer_point,frontend map_points row
canonical_frontend_public_map_row,"record_coord:4250:-26.365674,152.857472",4250,,,,Australian Broadcasting Corporation,/Users/jarlgiovanni/Desktop/bigfoot_research/public/data/frontend-data.json,Finding true love at the barre,2022,-26.3656737,152.857472,QLD,https://www.abc.net.au/radionational/programs/the-stage-show/aus-ballet-romeo-and-juliet-phantom-of-the-opera-the-mousetrap/14071056,"Majestic Theatre, QLD",apparition_location,exact_site,B,verified_place,frontend map_points row
canonical_frontend_public_map_row,"record_coord:83:-36.625397,147.328317",83,,,,Australian Yowie Research,/Users/jarlgiovanni/Desktop/bigfoot_research/public/data/frontend-data.json,"Mitta Mitta, Victoria 2023",2023,-36.625397,147.3283168,VIC,https://www.yowiehunters.com.au/victoria/2271-mitta-mitta-victoria-2023,"Mitta Mitta, VIC",reported_place,locality,high,verified_gazetteer_point,frontend map_points row
canonical_frontend_public_map_row,"record_coord:213:-27.375249,152.779019",213,,,,Australian Yowie Research,/Users/jarlgiovanni/Desktop/bigfoot_research/public/data/frontend-data.json,"Mount Nebo, Queensland 2023",2023,-27.3752485,152.7790189,QLD,https://www.yowiehunters.com.au/queensland/2273-mount-nebo-queensland-2023,"Mt Nebo, QLD",reported_place,locality,high,verified_gazetteer_point,frontend map_points row
canonical_frontend_public_map_row,"record_coord:1019:-28.002373,153.414599",1019,,,,Australian Yowie Research,/Users/jarlgiovanni/Desktop/bigfoot_research/public/data/frontend-data.json,2023 - Gold Coast Bulletin Yowie Article 01-10-2023,2023,-28.0023731,153.4145987,QLD,https://www.yowiehunters.com.au/media-clips/2267-2023-gold-coast-bulletin-yowie-article-01-10-2023,"Gold Coast, QLD",reported_place,locality,medium,verified_gazetteer_point,frontend map_points row
canonical_frontend_public_map_row,"record_coord:3986:-42.785427,147.063622",3986,,,,Australian Broadcasting Corporation,/Users/jarlgiovanni/Desktop/bigfoot_research/public/data/frontend-data.json,'What is ethical and appropriate?': Should ghost tours be allowed at a former Tasmanian asylum?,2023,-42.7854275,147.0636218,TAS,https://www.abc.net.au/hobart/programs/mornings/should-ghost-tours-be-allowed-at-a-former-tasmanian-asylum/102586408,"Willow Court, TAS",apparition_location,exact_site,B,verified_gazetteer_point,frontend map_points row
canonical_frontend_public_map_row,"record_coord:4018:-34.567255,150.321236",4018,,,,Australian Broadcasting Corporation,/Users/jarlgiovanni/Desktop/bigfoot_research/public/data/frontend-data.json,The stories of Australia's ghosts,2023,-34.5672546,150.3212358,NSW,https://www.abc.net.au/listen/programs/overnights/the-stories-of-australian-ghosts/102927054,"Sutton Forest, NSW",apparition_location,locality,B,verified_gazetteer_point,frontend map_points row
canonical_frontend_public_map_row,"record_coord:4029:-27.468962,153.023501",4029,,,,Australian Broadcasting Corporation,/Users/jarlgiovanni/Desktop/bigfoot_research/public/data/frontend-data.json,The stories of Australia's ghosts,2023,-27.4689623,153.0235009,QLD,https://www.abc.net.au/listen/programs/overnights/the-stories-of-australian-ghosts/102927054,"Brisbane, QLD",apparition_location,locality,B,verified_gazetteer_point,frontend map_points row
canonical_frontend_public_map_row,"record_coord:4089:-28.919970,114.717275",4089,,,,National Trust and ABC public pages,/Users/jarlgiovanni/Desktop/bigfoot_research/public/data/frontend-data.json,Greenough ghost tour and sleepover,2023,-28.9199695,114.7172748,WA,https://www.nationaltrust.org.au/event/greenough-ghost-tour-sleepover/,"Greenough, WA",apparition_location,locality,B,verified_gazetteer_point,frontend map_points row
canonical_frontend_public_map_row,"record_coord:4240:-34.917942,138.584849",4240,,,,Australian Broadcasting Corporation,/Users/jarlgiovanni/Desktop/bigfoot_research/public/data/frontend-data.json,Old Adelaide Gaol gives former-Crows captain the creeps,2023,-34.9179424,138.5848489,SA,https://www.abc.net.au/listen/programs/adelaide-breakfast/adelaide-gaol/102797636,"Adelaide Gaol, SA",apparition_location,exact_site,B,verified_gazetteer_point,frontend map_points row
canonical_frontend_public_map_row,"record_coord:43:-40.900110,144.994700",43,,,,Australian Yowie Research,/Users/jarlgiovanni/Desktop/bigfoot_research/public/data/frontend-data.json,"Christmas Hills Reserve, Tasmania 2024",2024,-40.90011,144.9947,TAS,https://www.yowiehunters.com.au/tasmania/2274-christmas-hills-reserve-tasmania-2024,"Christmas Hills Reserve, TAS",reported_place,locality,high,verified_gazetteer_point,frontend map_points row
canonical_frontend_public_map_row,"record_coord:3985:-34.339951,138.915863",3985,,,,Australian Broadcasting Corporation,/Users/jarlgiovanni/Desktop/bigfoot_research/public/data/frontend-data.json,Adelaide - Australia's most haunted town,2024,-34.339951,138.915863,SA,https://www.abc.net.au/listen/programs/adelaide-afternoons/ghost-tours/104542916,"Kapunda, SA",apparition_location,town,B,verified_gazetteer_point,frontend map_points row
canonical_frontend_public_map_row,"record_coord:4049:-34.340779,138.915714",4049,,,,Australian Broadcasting Corporation,/Users/jarlgiovanni/Desktop/bigfoot_research/public/data/frontend-data.json,Adelaide - Australia's most haunted town,2024,-34.3407794,138.9157143,SA,https://www.abc.net.au/listen/programs/adelaide-afternoons/ghost-tours/104542916,"North Kapunda Hotel, SA",apparition_location,exact_site,B,verified_gazetteer_point,frontend map_points row
canonical_frontend_public_map_row,"record_coord:4050:-34.834275,138.512355",4050,,,,Australian Broadcasting Corporation,/Users/jarlgiovanni/Desktop/bigfoot_research/public/data/frontend-data.json,Thirsty ghosts haunt Port Adelaide's pubs,2024,-34.8342755,138.5123548,SA,https://www.abc.net.au/listen/programs/adelaide-breakfast/haunted-port/104541506,"Port Adelaide, SA",apparition_location,locality,B,verified_gazetteer_point,frontend map_points row
canonical_frontend_public_map_row,"record_coord:4052:-34.932460,138.556941",4052,,,,Australian Broadcasting Corporation,/Users/jarlgiovanni/Desktop/bigfoot_research/public/data/frontend-data.json,Haunted house sells for record price in Cowandilla,2024,-34.9324599,138.5569406,SA,https://www.abc.net.au/listen/programs/adelaide-breakfast/haunted-house/104084330,"Cowandilla, SA",apparition_location,locality,B,verified_gazetteer_point,frontend map_points row
canonical_frontend_public_map_row,"record_coord:4091:-41.439034,147.136768",4091,,,,National Trust and ABC public pages,/Users/jarlgiovanni/Desktop/bigfoot_research/public/data/frontend-data.json,Old Zincy and other tall tales: Tasmania's weirdest urban myths,2024,-41.4390338,147.136768,TAS,https://www.abc.net.au/listen/programs/hobart-drive/tasmanian-urban-myths/103995500,"Village Cinemas Launceston, TAS",apparition_location,exact_site,B,verified_gazetteer_point,frontend map_points row
canonical_frontend_public_map_row,"record_coord:4092:-41.094511,146.024731",4092,,,,National Trust and ABC public pages,/Users/jarlgiovanni/Desktop/bigfoot_research/public/data/frontend-data.json,Old Zincy and other tall tales: Tasmania's weirdest urban myths,2024,-41.0945112,146.024731,TAS,https://www.abc.net.au/listen/programs/hobart-drive/tasmanian-urban-myths/103995500,"Sulphur Creek, TAS",apparition_location,locality,B,verified_gazetteer_point,frontend map_points row
canonical_frontend_public_map_row,"record_coord:4126:-33.733114,150.473689",4126,,,,National Trust of Australia (NSW),/Users/jarlgiovanni/Desktop/bigfoot_research/public/data/frontend-data.json,Lady in White in Woodford Academy Lady in White,2024,-33.733114,150.4736891,NSW,https://www.nationaltrust.org.au/blog/spooky-stories-at-the-national-trust/#woodford-lady-in-white,"Woodford Academy, NSW",apparition_location,exact_site,B,verified_gazetteer_point,frontend map_points row
canonical_frontend_public_map_row,"record_coord:4127:-33.733114,150.473689",4127,,,,National Trust of Australia (NSW),/Users/jarlgiovanni/Desktop/bigfoot_research/public/data/frontend-data.json,Lady in Black in Woodford Academy Lady in Black,2024,-33.733114,150.4736891,NSW,https://www.nationaltrust.org.au/blog/spooky-stories-at-the-national-trust/#woodford-lady-in-black,"Woodford Academy, NSW",apparition_location,exact_site,B,verified_gazetteer_point,frontend map_points row
canonical_frontend_public_map_row,"record_coord:4128:-33.812152,150.997359",4128,,,,National Trust of Australia (NSW),/Users/jarlgiovanni/Desktop/bigfoot_research/public/data/frontend-data.json,Mary in Old Government House Mary apparition,2024,-33.8121519,150.9973594,NSW,https://www.nationaltrust.org.au/blog/spooky-stories-at-the-national-trust/#old-government-house-mary,"Old Government House, NSW",apparition_location,exact_site,B,verified_gazetteer_point,frontend map_points row
canonical_frontend_public_map_row,"record_coord:4129:-30.530062,151.660647",4129,,,,National Trust of Australia (NSW),/Users/jarlgiovanni/Desktop/bigfoot_research/public/data/frontend-data.json,Elsie White in Saumarez Homestead Elsie White ghost,2024,-30.530062,151.6606465,NSW,https://www.nationaltrust.org.au/blog/spooky-stories-at-the-national-trust/#saumarez-elsie-white,"Saumarez Homestead, NSW",apparition_location,exact_site,B,verified_gazetteer_point,frontend map_points row
canonical_frontend_public_map_row,"record_coord:4130:-33.812152,150.997359",4130,,,,National Trust of Australia (NSW),/Users/jarlgiovanni/Desktop/bigfoot_research/public/data/frontend-data.json,little girl in Old Government House little girl by the tree,2024,-33.8121519,150.9973594,NSW,https://www.nationaltrust.org.au/blog/spooky-stories-at-the-national-trust/#old-government-house-little-girl,"Old Government House, NSW",apparition_location,exact_site,B,verified_gazetteer_point,frontend map_points row
canonical_frontend_public_map_row,"record_coord:4131:-33.812152,150.997359",4131,,,,National Trust of Australia (NSW),/Users/jarlgiovanni/Desktop/bigfoot_research/public/data/frontend-data.json,cranky woman in Old Government House staircase whisper,2024,-33.8121519,150.9973594,NSW,https://www.nationaltrust.org.au/blog/spooky-stories-at-the-national-trust/#old-government-house-staircase,"Old Government House, NSW",apparition_location,exact_site,B,verified_gazetteer_point,frontend map_points row
canonical_frontend_public_map_row,"record_coord:4132:-37.819192,144.953397",4132,,,,State Library Victoria,/Users/jarlgiovanni/Desktop/bigfoot_research/public/data/frontend-data.json,Crowther's Christmas ghost in Crowther's Christmas ghost at Spencer Street,2024,-37.8191925,144.9533975,VIC,https://blogs.slv.vic.gov.au/our-stories/a-ghost-story-for-christmas/,"Southern Cross Station, Melbourne, VIC",narrative_setting,exact_site,B,verified_gazetteer_point,frontend map_points row
canonical_frontend_public_map_row,"record_coord:4135:-34.917942,138.584849",4135,,,,Australian Broadcasting Corporation,/Users/jarlgiovanni/Desktop/bigfoot_research/public/data/frontend-data.json,invisible man in Old Adelaide Gaol invisible man,2024,-34.9179424,138.5848489,SA,https://www.abc.net.au/listen/programs/weekendswithdeb/gaol-stories/103869128#invisible-man,"Adelaide Gaol, SA",apparition_location,exact_site,B,verified_gazetteer_point,frontend map_points row
canonical_frontend_public_map_row,"record_coord:4237:-43.153135,147.869400",4237,,,,Australian Broadcasting Corporation,/Users/jarlgiovanni/Desktop/bigfoot_research/public/data/frontend-data.json,Hobart Drive,2024,-43.1531346,147.8694003,TAS,https://www.abc.net.au/listen/programs/hobart-drive/hobart-drive/103876878,"Port Arthur Historic Site, TAS",narrative_setting,exact_site,B,verified_gazetteer_point,frontend map_points row
canonical_frontend_public_map_row,"record_coord:3966:-42.882509,147.328123",3966,,,,Australian Broadcasting Corporation,/Users/jarlgiovanni/Desktop/bigfoot_research/public/data/frontend-data.json,Tour guide shares ghost stories and chilling experiences from Port Arthur Historic Site,2025,-42.8825088,147.3281233,TAS,https://www.abc.net.au/listen/programs/hobart-your-afternoon/ghost-stories-port-arthur-historic-site/105699390,"Hobart, TAS",apparition_location,town,B,verified_gazetteer_point,frontend map_points row
canonical_frontend_public_map_row,"record_coord:3975:-34.868293,147.575803",3975,,,,Australian Broadcasting Corporation,/Users/jarlgiovanni/Desktop/bigfoot_research/public/data/frontend-data.json,Small town behind Australia's 'most haunted house' hopes next buyer will honour legacy,2025,-34.8682927,147.5758032,NSW,https://www.abc.net.au/news/2025-11-14/monte-cristo-homestead-for-sale-in-junee/106004346,"Monte Cristo Homestead, NSW",apparition_location,exact_site,B,verified_gazetteer_point,frontend map_points row
canonical_frontend_public_map_row,"record_coord:3994:-36.351650,146.690930",3994,,,,Australian Broadcasting Corporation,/Users/jarlgiovanni/Desktop/bigfoot_research/public/data/frontend-data.json,Dark tourism on the rise in regional Australia,2025,-36.35165,146.69093,VIC,https://www.abc.net.au/listen/programs/worldtoday/dark-tourism-on-the-rise-in-regional-australia-/104791892,"Beechworth Asylum, VIC",legend_associated_place,exact_site,high,verified_gazetteer_point,frontend map_points row
canonical_frontend_public_map_row,"record_coord:4048:-43.153135,147.869400",4048,,,,Australian Broadcasting Corporation,/Users/jarlgiovanni/Desktop/bigfoot_research/public/data/frontend-data.json,Tour guide shares ghost stories and chilling experiences from Port Arthur Historic Site,2025,-43.1531346,147.8694003,TAS,https://www.abc.net.au/listen/programs/hobart-your-afternoon/ghost-stories-port-arthur-historic-site/105699390,"Port Arthur Historic Site, TAS",apparition_location,exact_site,B,verified_gazetteer_point,frontend map_points row
canonical_frontend_public_map_row,"record_coord:4067:-42.124933,148.075733",4067,,,,Australian Broadcasting Corporation,/Users/jarlgiovanni/Desktop/bigfoot_research/public/data/frontend-data.json,The 'haunted' historic houses of Tasmania's east coast,2025,-42.124933,148.0757326,TAS,https://www.abc.net.au/listen/programs/hobart-saturdays/east-coast-tasmania-ghost-stories-noel-stanley/105824130,"Swansea, TAS",apparition_location,town,B,verified_gazetteer_point,frontend map_points row
canonical_frontend_public_map_row,"record_coord:4075:-13.275572,130.900626",4075,,,,Territory Stories,/Users/jarlgiovanni/Desktop/bigfoot_research/public/data/frontend-data.json,Yowie in Litchfield National Park yowie speculation,2025,-13.2755716,130.9006256,NT,https://hdl.handle.net/10070/988600,"Litchfield National Park, NT",reported_place,named_feature,B,verified_gazetteer_point,frontend map_points row
canonical_frontend_public_map_row,"record_coord:4133:-38.104648,144.779855",4133,,,,State Library Victoria,/Users/jarlgiovanni/Desktop/bigfoot_research/public/data/frontend-data.json,brother's spirit in Iolanthe spirit contact in Port Phillip Bay,2025,-38.1046482,144.7798547,VIC,https://blogs.slv.vic.gov.au/such-was-life/people-professions/sherlock-holmes-and-spiritualism-sir-arthur-conan-doyle-in-victoria/,"Port Phillip Bay, VIC",reported_place,named_feature,B,verified_gazetteer_point,frontend map_points row
canonical_frontend_public_map_row,"record_coord:4139:-42.154119,148.074668",4139,,,,Australian Broadcasting Corporation,/Users/jarlgiovanni/Desktop/bigfoot_research/public/data/frontend-data.json,Alice Maria King in Piermont Alice Maria King ghost story,2025,-42.1541194,148.0746678,TAS,https://www.abc.net.au/listen/programs/hobart-saturdays/east-coast-tasmania-ghost-stories-noel-stanley/105824130#piermont-alice,"Piermont Retreat, Swansea, TAS",apparition_location,exact_site,B,verified_gazetteer_point,frontend map_points row
canonical_frontend_public_map_row,"record_coord:4153:-43.153135,147.869400",4153,,,,Australian Broadcasting Corporation,/Users/jarlgiovanni/Desktop/bigfoot_research/public/data/frontend-data.json,Ghost stories in Port Arthur ghost stories,2025,-43.1531346,147.8694003,TAS,https://www.abc.net.au/listen/programs/hobart-your-afternoon/afternoons/105688410,"Port Arthur Historic Site, TAS",legend_associated_place,exact_site,B,verified_gazetteer_point,frontend map_points row
canonical_frontend_public_map_row,"record_coord:4235:-34.868293,147.575803",4235,,,,Australian Broadcasting Corporation,/Users/jarlgiovanni/Desktop/bigfoot_research/public/data/frontend-data.json,Tiwi Islands prepare for Cyclone Fina,2025,-34.8682927,147.5758032,NSW,https://www.abc.net.au/listen/programs/australia-wide/australia-wide/106015874,"Monte Cristo Homestead, NSW",apparition_location,exact_site,B,verified_gazetteer_point,frontend map_points row
canonical_frontend_public_map_row,"record_coord:4236:-43.153135,147.869400",4236,,,,Australian Broadcasting Corporation,/Users/jarlgiovanni/Desktop/bigfoot_research/public/data/frontend-data.json,Dark tourism on the rise in regional Australia,2025,-43.1531346,147.8694003,TAS,https://www.abc.net.au/listen/programs/worldtoday/dark-tourism-on-the-rise-in-regional-australia-/104791892,"Port Arthur Historic Site, TAS",narrative_setting,exact_site,B,verified_gazetteer_point,frontend map_points row
canonical_frontend_public_map_row,"record_coord:4242:-37.807800,144.965300",4242,,,,Australian Broadcasting Corporation,/Users/jarlgiovanni/Desktop/bigfoot_research/public/data/frontend-data.json,Melbourne sites with horrific histories embrace a little spookiness this Halloween,2025,-37.8078,144.9653,VIC,https://www.abc.net.au/news/2025-10-30/halloween-old-melbourne-gaol-pentridge-prison-labassa-mansion/105948238,"Old Melbourne Gaol, VIC",legend_associated_place,exact_site,B,verified_place,frontend map_points row
canonical_frontend_public_map_row,"record_coord:4257:-34.815026,147.672675",4257,,,,Australian Broadcasting Corporation,/Users/jarlgiovanni/Desktop/bigfoot_research/public/data/frontend-data.json,Tiwi Islands prepare for Cyclone Fina,2025,-34.8150256,147.672675,NSW,https://www.abc.net.au/listen/programs/australia-wide/australia-wide/106015874,"Junee, NSW",apparition_location,town,B,verified_gazetteer_point,frontend map_points row
canonical_frontend_public_map_row,"record_coord:1134:-37.702110,147.355978",1134,,,,Parks Victoria,/Users/jarlgiovanni/Desktop/bigfoot_research/public/data/frontend-data.json,Den of Nargun,2026,-37.70211,147.355978,VIC,https://www.parks.vic.gov.au/places-to-see/sites/den-of-nargun,"Den of Nargun, Mitchell River National Park, Victoria",legend_associated_place,named_feature,B,verified_institutional_coordinate,frontend map_points row
canonical_frontend_public_map_row,"record_coord:1137:-37.702110,147.355978",1137,,,,Gunaikurnai Land and Waters Aboriginal Corporation,/Users/jarlgiovanni/Desktop/bigfoot_research/public/data/frontend-data.json,Mitchell River National Park,2026,-37.70211,147.355978,VIC,https://gunaikurnai.org/our-country/joint-management/mitchell-river-national-park/,Mitchell River National Park,legend_associated_place,named_feature,B,verified_gazetteer_point,frontend map_points row
canonical_frontend_public_map_row,"record_coord:1141:-43.147019,147.851265",1141,,,,Port Arthur Historic Site,/Users/jarlgiovanni/Desktop/bigfoot_research/public/data/frontend-data.json,Ghost Tour - Port Arthur Historic Site,2026,-43.147019,147.851265,TAS,https://portarthur.org.au/ghost-tour/,Port Arthur Historic Site,legend_associated_place,named_feature,B,verified_gazetteer_point,frontend map_points row
canonical_frontend_public_map_row,"record_coord:1147:-34.915700,138.588900",1147,,,,Adelaide Gaol,/Users/jarlgiovanni/Desktop/bigfoot_research/public/data/frontend-data.json,Adelaide Gaol | Ghostly sightings,2026,-34.9157,138.5889,SA,https://www.adelaidegaol.sa.gov.au/visiting-the-gaol/self-guided-adelaide-tours/ghost-sightings,"Adelaide Gaol, Adelaide, South Australia",legend_associated_place,exact_site,B,verified_institutional_coordinate,frontend map_points row
canonical_frontend_public_map_row,"record_coord:1148:-42.879600,147.327500",1148,,,,National Trust Tasmania,/Users/jarlgiovanni/Desktop/bigfoot_research/public/data/frontend-data.json,Dark Ghost Tours - Afterlife Tales of the Hobart Convict Penitentiary,2026,-42.8796,147.3275,TAS,https://www.nationaltrust.org.au/event/dark-ghost-tours-afterlife-tales-of-the-hobart-convict-penitentiary/,"Hobart Convict Penitentiary, Hobart, Tasmania",legend_associated_place,exact_site,B,verified_institutional_coordinate,frontend map_points row
canonical_frontend_public_map_row,"record_coord:1149:-42.879600,147.327500",1149,,,,National Trust Tasmania,/Users/jarlgiovanni/Desktop/bigfoot_research/public/data/frontend-data.json,Hobart Penitentiary - Paranormal Investigation,2026,-42.8796,147.3275,TAS,https://www.nationaltrust.org.au/event/hobart_penitentiary_paranormal_investigation/,"Hobart Convict Penitentiary, Hobart, Tasmania",apparition_location,exact_site,B,verified_institutional_coordinate,frontend map_points row
canonical_frontend_public_map_row,"record_coord:1150:-37.807800,144.965300",1150,,,,National Trust Victoria,/Users/jarlgiovanni/Desktop/bigfoot_research/public/data/frontend-data.json,Ghost! What Ghosts? Night Tour at Old Melbourne Gaol,2026,-37.8078,144.9653,VIC,https://www.nationaltrust.org.au/event/ghost-what-ghosts-tour-at-old-melbourne-gaol/,"Old Melbourne Gaol, Melbourne, Victoria",legend_associated_place,exact_site,B,verified_institutional_coordinate,frontend map_points row
canonical_frontend_public_map_row,"record_coord:1151:-43.147019,147.851265",1151,,,,Port Arthur Historic Site,/Users/jarlgiovanni/Desktop/bigfoot_research/public/data/frontend-data.json,Ghost Tours at Port Arthur - Off Season Tasmania 2026,2026,-43.147019,147.851265,TAS,https://portarthur.org.au/ghost-tour-off-season/,"Port Arthur Historic Site, Tasmania",legend_associated_place,named_feature,B,verified_gazetteer_point,frontend map_points row
canonical_frontend_public_map_row,"record_coord:1152:-37.278606,142.930465",1152,,,,J Ward Ararat,/Users/jarlgiovanni/Desktop/bigfoot_research/public/data/frontend-data.json,The ghost of Governor Fiddimont,2026,-37.2786058,142.9304654,VIC,http://www.jward.org.au/stories/george-fiddimont/,"J Ward, Girdlestone Street, Ararat, Victoria",apparition_location,exact_site,C,verified_gazetteer_point,frontend map_points row
canonical_frontend_public_map_row,"record_coord:2711:-34.922500,138.604000",2711,,,,Adelaide Arcade,/Users/jarlgiovanni/Desktop/bigfoot_research/public/data/frontend-data.json,ghost in Adelaide Arcade history,2026,-34.9225,138.604,SA,https://adelaidearcade.com.au/history/,"Adelaide Arcade, Adelaide, SA",legend_associated_place,exact_site,B,verified_gazetteer_point,frontend map_points row
canonical_frontend_public_map_row,"record_coord:2712:-34.922500,138.604000",2712,,,,Adelaide Arcade,/Users/jarlgiovanni/Desktop/bigfoot_research/public/data/frontend-data.json,ghost in Adelaide Arcade history,2026,-34.9225,138.604,SA,https://adelaidearcade.com.au/history/,"Adelaide Arcade, Adelaide, SA",legend_associated_place,exact_site,B,verified_gazetteer_point,frontend map_points row
canonical_frontend_public_map_row,"record_coord:2713:-34.922500,138.604000",2713,,,,Adelaide Arcade,/Users/jarlgiovanni/Desktop/bigfoot_research/public/data/frontend-data.json,ghost in Adelaide Arcade history,2026,-34.9225,138.604,SA,https://adelaidearcade.com.au/history/,"Adelaide Arcade, Adelaide, SA",legend_associated_place,exact_site,B,verified_gazetteer_point,frontend map_points row
canonical_frontend_public_map_row,"record_coord:2714:-34.922500,138.604000",2714,,,,Adelaide Arcade,/Users/jarlgiovanni/Desktop/bigfoot_research/public/data/frontend-data.json,ghost in Adelaide Arcade history,2026,-34.9225,138.604,SA,https://adelaidearcade.com.au/history/,"Adelaide Arcade, Adelaide, SA",legend_associated_place,exact_site,B,verified_gazetteer_point,frontend map_points row
canonical_frontend_public_map_row,"record_coord:2715:-34.922500,138.604000",2715,,,,Adelaide Arcade,/Users/jarlgiovanni/Desktop/bigfoot_research/public/data/frontend-data.json,haunted in Adelaide Arcade history,2026,-34.9225,138.604,SA,https://adelaidearcade.com.au/history/,"Adelaide Arcade, Adelaide, SA",legend_associated_place,exact_site,B,verified_gazetteer_point,frontend map_points row
canonical_frontend_public_map_row,"record_coord:3980:-34.066700,150.816700",3980,,,,Australian Broadcasting Corporation,/Users/jarlgiovanni/Desktop/bigfoot_research/public/data/frontend-data.json,The spooky Aussie folklore of Fisher's Ghost,2026,-34.0667,150.8167,NSW,https://www.abc.net.au/listen/programs/nightlife/the-spooky-aussie-fokelore-of-fishers-ghost/106751534,"Campbelltown, NSW",apparition_location,town,B,verified_gazetteer_point,frontend map_points row
canonical_frontend_public_map_row,"record_coord:4035:-34.917942,138.584849",4035,,,,Adelaide Gaol,/Users/jarlgiovanni/Desktop/bigfoot_research/public/data/frontend-data.json,Frederick Carr in Ghostly sightings,2026,-34.9179424,138.5848489,SA,https://www.adelaidegaol.sa.gov.au/visiting-the-gaol/self-guided-adelaide-tours/ghost-sightings,"Adelaide Gaol, SA",apparition_location,exact_site,B,verified_gazetteer_point,frontend map_points row
canonical_frontend_public_map_row,"record_coord:4038:-34.917942,138.584849",4038,,,,Adelaide Gaol,/Users/jarlgiovanni/Desktop/bigfoot_research/public/data/frontend-data.json,Ben Ellis in Ghostly sightings,2026,-34.9179424,138.5848489,SA,https://www.adelaidegaol.sa.gov.au/visiting-the-gaol/self-guided-adelaide-tours/ghost-sightings,"Adelaide Gaol, SA",apparition_location,exact_site,B,verified_gazetteer_point,frontend map_points row
canonical_frontend_public_map_row,"record_coord:4041:-34.917942,138.584849",4041,,,,Adelaide Gaol,/Users/jarlgiovanni/Desktop/bigfoot_research/public/data/frontend-data.json,William Baker Ashton in Ghostly sightings,2026,-34.9179424,138.5848489,SA,https://www.adelaidegaol.sa.gov.au/visiting-the-gaol/self-guided-adelaide-tours/ghost-sightings#william-baker-ashton,"Adelaide Gaol, SA",apparition_location,exact_site,B,verified_gazetteer_point,frontend map_points row
canonical_frontend_public_map_row,"record_coord:4080:-12.460440,130.841047",4080,,,,Territory Stories,/Users/jarlgiovanni/Desktop/bigfoot_research/public/data/frontend-data.json,ghost in Mix 104.9 FM studios ghost,2026,-12.46044,130.8410469,NT,https://hdl.handle.net/10070/483467,"Darwin, NT",reported_place,town,B,verified_gazetteer_point,frontend map_points row
canonical_frontend_public_map_row,"record_coord:4082:-34.610124,138.752100",4082,,,,Town of Gawler Council,/Users/jarlgiovanni/Desktop/bigfoot_research/public/data/frontend-data.json,ghost in Dead Man's Pass tree ghost,2026,-34.6101243,138.7521001,SA,https://www.gawler.sa.gov.au/__data/assets/pdf_file/0024/727710/Driving-Tour-web.pdf,"Dead Mans Pass Reserve, Gawler, SA",legend_associated_place,named_feature,B,verified_gazetteer_point,frontend map_points row
canonical_frontend_public_map_row,"record_coord:4088:-42.877320,147.327530",4088,,,,National Trust and ABC public pages,/Users/jarlgiovanni/Desktop/bigfoot_research/public/data/frontend-data.json,Dark Ghost Tours - Afterlife Tales of the Hobart Convict Penitentiary,2026,-42.8773197,147.3275298,TAS,https://www.nationaltrust.org.au/event/dark-ghost-tours-afterlife-tales-of-the-hobart-convict-penitentiary/,"Hobart Convict Penitentiary, TAS",apparition_location,exact_site,B,verified_gazetteer_point,frontend map_points row
canonical_frontend_public_map_row,"record_coord:4090:-33.812152,150.997359",4090,,,,National Trust and ABC public pages,/Users/jarlgiovanni/Desktop/bigfoot_research/public/data/frontend-data.json,Paranormal Nights at Old Government House,2026,-33.8121519,150.9973594,NSW,https://www.nationaltrust.org.au/event/paranormal-nights-at-old-government-house/,"Old Government House, NSW",apparition_location,exact_site,B,verified_gazetteer_point,frontend map_points row
canonical_frontend_public_map_row,"record_coord:4093:-37.869449,144.829254",4093,,,,National Trust and ABC public pages,/Users/jarlgiovanni/Desktop/bigfoot_research/public/data/frontend-data.json,Ghost Tour in Altona Homestead Ghost Tour,2026,-37.8694488,144.8292539,VIC,https://www.nationaltrust.org.au/ahf/vic/australian-heritage-festival-events-that-go-bump-in-the-night/#altona-homestead-reviewed,"Altona Homestead, VIC",legend_associated_place,exact_site,B,verified_gazetteer_point,frontend map_points row
canonical_frontend_public_map_row,"record_coord:4094:-37.926102,144.792922",4094,,,,National Trust and ABC public pages,/Users/jarlgiovanni/Desktop/bigfoot_research/public/data/frontend-data.json,Ghost Tour in Point Cook Homestead Ghost Tour,2026,-37.9261016,144.7929218,VIC,https://www.nationaltrust.org.au/ahf/vic/australian-heritage-festival-events-that-go-bump-in-the-night/#point-cook-homestead-reviewed,"Point Cook Homestead, VIC",legend_associated_place,exact_site,B,verified_gazetteer_point,frontend map_points row
canonical_frontend_public_map_row,"record_coord:4095:-42.887165,147.334027",4095,,,,National Trust and ABC public pages,/Users/jarlgiovanni/Desktop/bigfoot_research/public/data/frontend-data.json,Ghost of Kelly Steps in Ghost of Kelly Steps,2026,-42.8871651,147.3340274,TAS,https://www.abc.net.au/listen/programs/hobart-drive/tasmanian-urban-myths/103995500#kelly-steps-reviewed,"Kelly's Steps, TAS",legend_associated_place,exact_site,B,verified_gazetteer_point,frontend map_points row
canonical_frontend_public_map_row,"record_coord:1135:-37.807819,144.965268",1135,,,,Old Melbourne Gaol,/Users/jarlgiovanni/Desktop/bigfoot_research/public/data/frontend-data.json,Ghosts? What Ghosts? - Night Tour,,-37.8078185,144.9652682,VIC,https://www.oldmelbournegaol.com.au/event/ghosts-what-ghosts-tour/,"Old Melbourne Gaol, Melbourne, VIC",legend_associated_place,exact_site,B,verified_gazetteer_point,frontend map_points row
canonical_frontend_public_map_row,"record_coord:1136:-32.055344,115.753456",1136,,,,Fremantle Prison,/Users/jarlgiovanni/Desktop/bigfoot_research/public/data/frontend-data.json,Torchlight Tour,,-32.0553437,115.7534563,WA,https://fremantleprison.com.au/tours/torchlight-tour/,"Fremantle Prison, WA",legend_associated_place,exact_site,B,verified_gazetteer_point,frontend map_points row
canonical_frontend_public_map_row,"record_coord:2850:-43.153135,147.869400",2850,,,,Project Gutenberg,/Users/jarlgiovanni/Desktop/bigfoot_research/public/data/frontend-data.json,ghosts in For the Term of His Natural Life,,-43.1531346,147.8694003,TAS,https://www.gutenberg.org/ebooks/3424.txt.utf-8,"Port Arthur Historic Site, TAS",narrative_setting,exact_site,high,verified_gazetteer_point,frontend map_points row
