frontend_join_key,record_id,narrative_unit_id,location_id,stable_id,title,date_published,lat,lng,source_name,source_url,source_file
0a075747f998f94c9deb6ef04ee4430091b0273ec4517704042143629a14d0c7,853,,,,1825 - Richmond River Herald 06-03-1825,1825,-28.8632035,153.0823096,Australian Yowie Research,https://www.yowiehunters.com.au/media-clips/2254-1825-richmond-river-herald-06-03-1825,/Users/jarlgiovanni/Desktop/bigfoot_research/public/data/frontend-data.json
4733b6f767aefd497c167535cd16d95c7f015d5ad29d38b9fef1bd95f4b50138,637,,,,1843 - Sydney Morning Herald,1843,-33.8698439,151.2082848,Australian Yowie Research,https://www.yowiehunters.com.au/historical-articles/1894-1843-sydney-morning-herald,/Users/jarlgiovanni/Desktop/bigfoot_research/public/data/frontend-data.json
30a8537684764f843e51ffc39bea126ea02c6dc03c25537957b00af639d25cf1,638,,,,1843 - Sydney Morning Herald 2,1843,-33.8698439,151.2082848,Australian Yowie Research,https://www.yowiehunters.com.au/historical-articles/1933-1843-sydney-morning-herald-2,/Users/jarlgiovanni/Desktop/bigfoot_research/public/data/frontend-data.json
5b521409922904b6efb3d2c796eb7fe3cc3b01aa6ec9c47621051e5aedc3c833,640,,,,1847 - Geelong Advertiser,1847,-38.1493248,144.3598241,Australian Yowie Research,https://www.yowiehunters.com.au/historical-articles/1645-geelong-advertiser-1847,/Users/jarlgiovanni/Desktop/bigfoot_research/public/data/frontend-data.json
a71056578de058e0a6fed759988c046c013392538df6c3eb586cd5fb9d58cb9e,641,,,,1847 - Sydney Morning Herald Article,1847,-33.8698439,151.2082848,Australian Yowie Research,https://www.yowiehunters.com.au/historical-articles/1488-sydney-morning-herald-article-1847,/Users/jarlgiovanni/Desktop/bigfoot_research/public/data/frontend-data.json
c6135e12732f73886d6bc06d3c8d5bbb292e66ee6f6b7d3eb2f79b4999eda8b1,44,,,,"Phillip Island, Victoria 1849",1849,-38.507178,145.1888103,Australian Yowie Research,https://www.yowiehunters.com.au/victoria/1259-phillip-island-vic-1849,/Users/jarlgiovanni/Desktop/bigfoot_research/public/data/frontend-data.json
3b6bdaf84175dbfaf7cc6b5ad0499d191af59b072f75a11ba7bacf2b5d1bbf03,2116,,,,"spirit in How did the Natives of Australia become Acquainted with the Demigods and Daemonia, and with the Superstitions of the Ancient Races?",1854,-31.9319845,115.9190544,Internet Archive,https://archive.org/download/jstor-3014132/3014132_djvu.txt,/Users/jarlgiovanni/Desktop/bigfoot_research/public/data/frontend-data.json
b088c5aaef576c65f6b5723f89069357de1cfe40a1185369f1e7f4a7c58cde7e,855,,,,1861 - The Argus Yowie Article,1861,-37.8142454,144.9631732,Australian Yowie Research,https://www.yowiehunters.com.au/media-clips/1774-1861-the-argus-yowie-article,/Users/jarlgiovanni/Desktop/bigfoot_research/public/data/frontend-data.json
ef88faa0d56fef281617df46ccdfb865261b870cc15526d6db8cb6fbc9961985,1760,,,,"spirit in Queensland, Australia",1861,-27.2397819,153.2539994,Internet Archive,https://archive.org/download/queenslandaustr00langgoog/queenslandaustr00langgoog_djvu.txt,/Users/jarlgiovanni/Desktop/bigfoot_research/public/data/frontend-data.json
26e9d29d1475eb9bb2b62b7a626f99f3301ac177bf95e5d2a74ea9ebcbb68155,1768,,,,"supernatural in Queensland, Australia",1861,-27.2397819,153.2539994,Internet Archive,https://archive.org/download/queenslandaustr00langgoog/queenslandaustr00langgoog_djvu.txt,/Users/jarlgiovanni/Desktop/bigfoot_research/public/data/frontend-data.json
26dff83d00f3c2a0bc786ecabc54f4776aad1feea5683d30fa8d130acd365908,1769,,,,"devil in Queensland, Australia",1861,-27.2397819,153.2539994,Internet Archive,https://archive.org/download/queenslandaustr00langgoog/queenslandaustr00langgoog_djvu.txt,/Users/jarlgiovanni/Desktop/bigfoot_research/public/data/frontend-data.json
c14cc03966b95f3977491c144b3aa31ed8bebec277490223d2e9f106a10fa6f1,1778,,,,"giant in Queensland, Australia",1861,-27.2397819,153.2539994,Internet Archive,https://archive.org/download/queenslandaustr00langgoog/queenslandaustr00langgoog_djvu.txt,/Users/jarlgiovanni/Desktop/bigfoot_research/public/data/frontend-data.json
8712c1eb54856d9fc0fa67dc617c50b10fa5ea89f71a74b630672afa877268be,3720,,,,"spirits in Queensland, Australia",1861,-27.2397819,153.2539994,Internet Archive,https://archive.org/download/queenslandaustr00langgoog/queenslandaustr00langgoog_djvu.txt,/Users/jarlgiovanni/Desktop/bigfoot_research/public/data/frontend-data.json
b4b290f823c5072aa8cb899aba3162c7ce2af3d31a1fbb8d96f7fe600507353d,3724,,,,"spirit in Queensland, Australia",1861,-27.2397819,153.2539994,Internet Archive,https://archive.org/download/queenslandaustr00langgoog/queenslandaustr00langgoog_djvu.txt,/Users/jarlgiovanni/Desktop/bigfoot_research/public/data/frontend-data.json
132d005cb0384655532255ed54d7f098d713a9526ba450723fc940f0910e6f86,643,,,,"1866 - Peter Harris Diary, Toowareenah NSW",1866,-31.4403083,148.9093839,Australian Yowie Research,https://www.yowiehunters.com.au/historical-articles/1874-1866-peter-harris-diary-toowareenah-nsw,/Users/jarlgiovanni/Desktop/bigfoot_research/public/data/frontend-data.json
a50cb0b84c5ef2db319f5ff0bc3993a228089a76013ce2059ac49a96d62e0d44,644,,,,1866 - Sydney Morning Herald,1866,-33.8698439,151.2082848,Australian Yowie Research,https://www.yowiehunters.com.au/historical-articles/1931-1866-sydney-morning-herald,/Users/jarlgiovanni/Desktop/bigfoot_research/public/data/frontend-data.json
2a12ba6d1602f811d19bb8a29bb71a028a7efd6ebb7109cbf3a5dffd7bb6bdc0,84,,,,"Braidwood, New South Wales 1870",1870,-35.4388907,149.7955552,Australian Yowie Research,https://www.yowiehunters.com.au/new-south-wales/1361-braidwood-new-south-wales-1870,/Users/jarlgiovanni/Desktop/bigfoot_research/public/data/frontend-data.json
fdc06d579710d6afcce5bc5e343e31912d80fa5be70d3f2852d2baa98562b55d,646,,,,1870 - The Naturalist Article,1870,-35.4388907,149.7955552,Australian Yowie Research,https://www.yowiehunters.com.au/historical-articles/1588-the-naturalist-article-1870,/Users/jarlgiovanni/Desktop/bigfoot_research/public/data/frontend-data.json
e7732e5c8feae9bb10d202405bc69cc064978581c4598a56d11471c0d882a4cf,604,,,,"Warneton, New South Wales 1871",1871,-31.0701491,152.7782276,Australian Yowie Research,https://www.yowiehunters.com.au/new-south-wales/1460-waneton-new-south-wales-1871,/Users/jarlgiovanni/Desktop/bigfoot_research/public/data/frontend-data.json
fe5586e0a4f77311a23ab7784099770c1cf7684083666bd117ab3831dba2c68d,647,,,,1871 - Darling Downa Gazette,1871,-20.2330678,148.5825667,Australian Yowie Research,https://www.yowiehunters.com.au/historical-articles/1640-darling-downa-gazette-1871,/Users/jarlgiovanni/Desktop/bigfoot_research/public/data/frontend-data.json
377e170e20a3e5473b5f93f2cb1aa4595dd80863d18aee18da9d03998371c6f6,648,,,,1871 - Illawarra Mercury Article,1871,-34.4614504,150.790409,Australian Yowie Research,https://www.yowiehunters.com.au/historical-articles/1481-illawarra-mercury-article-1871,/Users/jarlgiovanni/Desktop/bigfoot_research/public/data/frontend-data.json
44f0eeeb06df1cfa7376790fa09f53ac47b5011513ff9307ead4bc3c8c2e2b0a,649,,,,1871 - Illustrated Australian News,1871,-34.5230556,150.7327778,Australian Yowie Research,https://www.yowiehunters.com.au/historical-articles/1644-illustrated-australian-news-1871,/Users/jarlgiovanni/Desktop/bigfoot_research/public/data/frontend-data.json
82047e5950d3fa614e24a049dcc855c30af89962841629a60b08f25f00a07fd0,650,,,,"1871 - Queanbeyan Age, Jingera Sighted",1871,-35.3524518,149.2337634,Australian Yowie Research,https://www.yowiehunters.com.au/historical-articles/1930-1871-queanbeyan-age-jingera-sighted,/Users/jarlgiovanni/Desktop/bigfoot_research/public/data/frontend-data.json
3d492e4b03f907e56a774512fa4d62119c5000fed1f7d2e1254ed9b2e85a658e,652,,,,"1871 (1) - Empire, Sydney",1871,-33.8698439,151.2082848,Australian Yowie Research,https://www.yowiehunters.com.au/historical-articles/1643-empire-sydney-1871-1,/Users/jarlgiovanni/Desktop/bigfoot_research/public/data/frontend-data.json
31f9f4b5bfd8defb5dfb39cfd8253274b29804cbe007589e7963c175456208fb,653,,,,"1871 (2) - Empire, Sydney",1871,-33.8698439,151.2082848,Australian Yowie Research,https://www.yowiehunters.com.au/historical-articles/1642-empire-sydney-1871-2,/Users/jarlgiovanni/Desktop/bigfoot_research/public/data/frontend-data.json
84434662359f27c3a9e1ee530b83027a33f5c1bbc4686b4f3d7f1528f66668bd,654,,,,1871 (2) - Illawarra Mercury Article,1871,-34.4614504,150.790409,Australian Yowie Research,https://www.yowiehunters.com.au/historical-articles/1482-illawarra-mercury-article-1871-2,/Users/jarlgiovanni/Desktop/bigfoot_research/public/data/frontend-data.json
c6786fde3a299dcab2c08d1378998d9bed6af6b68547a15c494a45a4f542e8cb,655,,,,"1871 (3) - Empire, Sydney",1871,-33.8698439,151.2082848,Australian Yowie Research,https://www.yowiehunters.com.au/historical-articles/1641-empire-sydney-1871-3,/Users/jarlgiovanni/Desktop/bigfoot_research/public/data/frontend-data.json
3ed164d87782ee0ad1bc8d96f17972834d5cf0ab0653ffff23ac6002d400acc7,856,,,,1871 - Sydney Herald Yowie Article,1871,-33.8698439,151.2082848,Australian Yowie Research,https://www.yowiehunters.com.au/media-clips/1719-1871-sydney-herald-yowie-article,/Users/jarlgiovanni/Desktop/bigfoot_research/public/data/frontend-data.json
ce5f877beef964ccbb5b209058e5d16ea79f7f2a056ad47685c924b8c2a96293,1022,,,,1871 - Manaro Mercury Article,1871,-35.9907471,149.1064432,Australian Yowie Research,https://www.yowiehunters.com.au/historical-articles/1484-manaro-mercury-article-1871,/Users/jarlgiovanni/Desktop/bigfoot_research/public/data/frontend-data.json
265d5b665c71778d13ce150e1392d1607a18cca847d63849e113270601677305,656,,,,1872 - Monaro Mercury,1872,-36.9113175,149.2389375,Australian Yowie Research,https://www.yowiehunters.com.au/historical-articles/1650-monaro-mercury-1872,/Users/jarlgiovanni/Desktop/bigfoot_research/public/data/frontend-data.json
4b5c3be5e83f748f9d266631441e92775a5e4edb380e5bdfb243e5152046a5d3,657,,,,1874 - Cooma Express,1874,-35.4388907,149.7955552,Australian Yowie Research,https://www.yowiehunters.com.au/historical-articles/1651-cooma-express-1874,/Users/jarlgiovanni/Desktop/bigfoot_research/public/data/frontend-data.json
3fb89b8771c3b37cba81a90c4b1f226a7981fdc87770a0366ac76aa076625182,857,,,,1874 - Pyramul Hairyman Article,1874,-32.8818,149.6179,Australian Yowie Research,https://www.yowiehunters.com.au/media-clips/1779-1874-pyramul-hairyman-article,/Users/jarlgiovanni/Desktop/bigfoot_research/public/data/frontend-data.json
9a9d167be846eb229ac2d3cb10b539f7fb14d2aedd1700b510fd3145ed3df67f,3952,,,,ghosts in For the Term of His Natural Life,1874,-43.1531346,147.8694003,Project Gutenberg,https://www.gutenberg.org/ebooks/3424.txt.utf-8,/Users/jarlgiovanni/Desktop/bigfoot_research/public/data/frontend-data.json
197fad24b16f8cd5e65d6f7cc3845c7420dd5a1d4f4c8a2f37e82136f806eaa8,3953,,,,ghosts in For the Term of His Natural Life,1874,-43.1531346,147.8694003,Project Gutenberg,https://www.gutenberg.org/ebooks/3424.txt.utf-8,/Users/jarlgiovanni/Desktop/bigfoot_research/public/data/frontend-data.json
5b2f9055906c09a261176be75f253eba8c911f85e304fae8ea61bd9ee6a59381,3954,,,,apparition in For the Term of His Natural Life,1874,-43.1531346,147.8694003,Project Gutenberg,https://www.gutenberg.org/ebooks/3424.txt.utf-8,/Users/jarlgiovanni/Desktop/bigfoot_research/public/data/frontend-data.json
7741b842950fae0f77b0acfa7c21af041fdbd963ea4db7a5c2bc41e12adf1396,2076,,,,"spirits in Kámilarói, and Other Australian Languages",1875,-32.9192953,151.7795348,Internet Archive,https://archive.org/download/kmilariother00ridlrich/kmilariother00ridlrich_djvu.txt,/Users/jarlgiovanni/Desktop/bigfoot_research/public/data/frontend-data.json
d1a82a81c0df26b5ab1d137a2c1208ec88877795a2fbc5899c04159be7c5129b,2077,,,,"ghost in Kámilarói, and Other Australian Languages",1875,-27.2397819,153.2539994,Internet Archive,https://archive.org/download/kmilariother00ridlrich/kmilariother00ridlrich_djvu.txt,/Users/jarlgiovanni/Desktop/bigfoot_research/public/data/frontend-data.json
bfc492649179cf0da6c3fd52d2e96bbe222af1e9e1e25335da4e8b39db6dd79b,2078,,,,"ghost in Kámilarói, and Other Australian Languages",1875,-27.2397819,153.2539994,Internet Archive,https://archive.org/download/kmilariother00ridlrich/kmilariother00ridlrich_djvu.txt,/Users/jarlgiovanni/Desktop/bigfoot_research/public/data/frontend-data.json
7e6cb1c427ca1044f4f31809d04549be936c4a34f7fce3345900368ad2824721,2080,,,,"spirit in Kámilarói, and Other Australian Languages",1875,-34.4278083,150.893054,Internet Archive,https://archive.org/download/kmilariother00ridlrich/kmilariother00ridlrich_djvu.txt,/Users/jarlgiovanni/Desktop/bigfoot_research/public/data/frontend-data.json
5c8df7247802cd88151275fbf1119374ba7fa2108eaddc812b2e5ead1400eb84,3919,,,,"spirit in Kamilaroi, and other Australian languages",1875,-27.2397819,153.2539994,Internet Archive,https://archive.org/download/kmilariother00ridlrich/kmilariother00ridlrich_djvu.txt,/Users/jarlgiovanni/Desktop/bigfoot_research/public/data/frontend-data.json
d23c6d7991229ef8b7bb86514f7bc05f45baa25930d4d4968510a3c9dafe162c,3920,,,,"spirit in Kamilaroi, and other Australian languages",1875,-27.2397819,153.2539994,Internet Archive,https://archive.org/download/kmilariother00ridlrich/kmilariother00ridlrich_djvu.txt,/Users/jarlgiovanni/Desktop/bigfoot_research/public/data/frontend-data.json
7764934fdbf6ea2cbd304c62065cd1b7445f8dba507eceb34b1730e42d772ea9,3923,,,,"spirit in Kamilaroi, and other Australian languages",1875,-34.4278083,150.893054,Internet Archive,https://archive.org/download/kmilariother00ridlrich/kmilariother00ridlrich_djvu.txt,/Users/jarlgiovanni/Desktop/bigfoot_research/public/data/frontend-data.json
155f60f0ad876fde1e88542d15da5e2c16733184c02eb635e93c6c43b806bb9e,3924,,,,"spirits in Kamilaroi, and other Australian languages",1875,-32.9192953,151.7795348,Internet Archive,https://archive.org/download/kmilariother00ridlrich/kmilariother00ridlrich_djvu.txt,/Users/jarlgiovanni/Desktop/bigfoot_research/public/data/frontend-data.json
7347e2a25e79a7fac5d6ae452b2549d111e973b684be745e6dfeb057386d9c11,630,,,,"Wyangala Dam, New South Wales 1876",1876,-33.9747352,148.9497239,Australian Yowie Research,https://www.yowiehunters.com.au/new-south-wales/1474-wyangala-dam-new-south-wales-1876,/Users/jarlgiovanni/Desktop/bigfoot_research/public/data/frontend-data.json
344c76c7a5f5bb99765eeb2a53eab4752cf6ec47383f1d1b63b2efd61fa3e708,658,,,,"1876 - Portland Guardian, Victoria",1876,-33.8483333,148.8844444,Australian Yowie Research,https://www.yowiehunters.com.au/historical-articles/1632-portland-guardian-victoria-1876,/Users/jarlgiovanni/Desktop/bigfoot_research/public/data/frontend-data.json
b286a87a169031d91acb5ea50b10fd29cd1a7e5693ec4306cce7d692b50c2346,858,,,,1876 - Illawarra Mercury Yowie Article,1876,-34.4614504,150.790409,Australian Yowie Research,https://www.yowiehunters.com.au/media-clips/2164-1876-illawarra-mercury-yowie-article,/Users/jarlgiovanni/Desktop/bigfoot_research/public/data/frontend-data.json
26edda9b210fca4026fab2a7c9f8d345e2c42c48769bb9076c1940f7480b2a35,1023,,,,"1876 - Freemans Journal, Walla Walla",1876,-33.8698439,151.2082848,Australian Yowie Research,https://www.yowiehunters.com.au/historical-articles/1634-freemans-journal-walla-walla-1876,/Users/jarlgiovanni/Desktop/bigfoot_research/public/data/frontend-data.json
211181312252660b6b48543a0908b5f405862b027a1a83539b58d8e896516b98,1024,,,,1876 - Town and Country Article,1876,-33.8698439,151.2082848,Australian Yowie Research,https://www.yowiehunters.com.au/historical-articles/1627-town-and-country-article-nov-1876,/Users/jarlgiovanni/Desktop/bigfoot_research/public/data/frontend-data.json
9533f6969bc50c7d001202dc140e6ecd361ce30a617911334d4c53271d282cd4,660,,,,1877 - Maitland Mercury,1877,-32.7316683,151.5511123,Australian Yowie Research,https://www.yowiehunters.com.au/historical-articles/1646-maitland-mercury-1877,/Users/jarlgiovanni/Desktop/bigfoot_research/public/data/frontend-data.json
f498c07d12c18f37654d214d6f4f659adba31039fbef3405ceced907d68b981a,661,,,,1877 - Sydney Morning Herald Article,1877,-33.8698439,151.2082848,Australian Yowie Research,https://www.yowiehunters.com.au/historical-articles/1556-sydney-morning-herald-1877,/Users/jarlgiovanni/Desktop/bigfoot_research/public/data/frontend-data.json
a4fd28f34d355c58b431df39a7c83337f7982acdb2df849f8c40fb8f3ee232c6,859,,,,1877 - Sydney Morning Herald Yowie Article,1877,-33.8698439,151.2082848,Australian Yowie Research,https://www.yowiehunters.com.au/media-clips/1701-1877-sydney-morning-herald-yowie-article,/Users/jarlgiovanni/Desktop/bigfoot_research/public/data/frontend-data.json
4d885b4bb7bd39f0fd76e93826994c92f2f27f1254aeb2b3e7f842b634b912ee,662,,,,"1878 - Freemans Journal Article, Pyramul",1878,-32.8818,149.6179,Australian Yowie Research,https://www.yowiehunters.com.au/historical-articles/1558-the-freemans-journal-article-1878,/Users/jarlgiovanni/Desktop/bigfoot_research/public/data/frontend-data.json
d476882fe1795dccc02ebc43affabff2e663837eeac4b7cd2d38be17c53daaf9,663,,,,1878 - Lismore Star Article,1878,-28.8077608,153.2791883,Australian Yowie Research,https://www.yowiehunters.com.au/historical-articles/1512-star-magazine-article-1878,/Users/jarlgiovanni/Desktop/bigfoot_research/public/data/frontend-data.json
f12b1f044cfa63de16e6ebc340c2eb6eec313293b66ab1ef801aa4c72f144847,664,,,,"1878 - Singleton Argus, Yowie Sighted",1878,-32.602355,151.1132887,Australian Yowie Research,https://www.yowiehunters.com.au/historical-articles/1929-1878-singleton-argus-yowie-sighted,/Users/jarlgiovanni/Desktop/bigfoot_research/public/data/frontend-data.json
ed0d1028908105f6ee2162904a704bdcbd82d8778b49631bc99935ba94366e26,860,,,,1878 - Freemans Journal Pyramul Hairyman,1878,-32.8818,149.6179,Australian Yowie Research,https://www.yowiehunters.com.au/media-clips/1717-1878-freemans-journal-pyramul-hairyman,/Users/jarlgiovanni/Desktop/bigfoot_research/public/data/frontend-data.json
835b370965d8676c3c23b2cfcd51ccdadc31fa862b3acc2c96e4058d71b2f0e0,861,,,,1878 - Northern Star Lismore Yowie Article,1878,-28.8077608,153.2791883,Australian Yowie Research,https://www.yowiehunters.com.au/media-clips/1721-1878-northern-star-lismore-yowie-article,/Users/jarlgiovanni/Desktop/bigfoot_research/public/data/frontend-data.json
983c2345371d20dcb7f51573f35c39f1cded2b32ebe58194b51bb8cc684b552f,1694,,,,"supernatural in The aborigines of Victoria, volume 2",1878,-37.8301386,140.7842627,Internet Archive,https://archive.org/download/aboriginesofvict02smyt/aboriginesofvict02smyt_djvu.txt,/Users/jarlgiovanni/Desktop/bigfoot_research/public/data/frontend-data.json
b3fe140982df690b872a0e9b7e73924158f4c4ab4a8a9c035ec07949a9962c41,1695,,,,"supernatural in The aborigines of Victoria, volume 2",1878,-37.8301386,140.7842627,Internet Archive,https://archive.org/download/aboriginesofvict02smyt/aboriginesofvict02smyt_djvu.txt,/Users/jarlgiovanni/Desktop/bigfoot_research/public/data/frontend-data.json
d711257d6488855b2086f073acdf5ff9aa5f09dd8425248798aab2894414fa8e,1750,,,,"ghost in The aborigines of Victoria, volume 1",1878,-34.7523871,149.7198009,Internet Archive,https://archive.org/download/aboriginesofvict01smyt/aboriginesofvict01smyt_djvu.txt,/Users/jarlgiovanni/Desktop/bigfoot_research/public/data/frontend-data.json
c43c70393d64333e2c83d0a84bbe91b14cde07121f82e75efe3fc4dcd9a8af74,3437,,,,"spirits in The Aborigines of Victoria, volume 1",1878,-34.7211905,135.8592218,Internet Archive,https://archive.org/download/aboriginesofvict01smyt/aboriginesofvict01smyt_hocr_searchtext.txt.gz,/Users/jarlgiovanni/Desktop/bigfoot_research/public/data/frontend-data.json
83e372d87635f55e30e3785e1da5f15633970612cc03e4fb7fba03ded3456ff6,3467,,,,"spirit in The Aborigines of Victoria, volume 1",1878,-34.7523871,149.7198009,Internet Archive,https://archive.org/download/aboriginesofvict01smyt/aboriginesofvict01smyt_hocr_searchtext.txt.gz,/Users/jarlgiovanni/Desktop/bigfoot_research/public/data/frontend-data.json
d49db3db68a6835981a9f92852019085a70b5e89ebb1e52b01afc884ffff5e32,3476,,,,"ghosts in The Aborigines of Victoria, volume 1",1878,-34.7523871,149.7198009,Internet Archive,https://archive.org/download/aboriginesofvict01smyt/aboriginesofvict01smyt_hocr_searchtext.txt.gz,/Users/jarlgiovanni/Desktop/bigfoot_research/public/data/frontend-data.json
36c08a5150735bda1489dbacb8b83fcd169a1680b976c711f9a10df89c35b73f,3525,,,,"spirit in The Aborigines of Victoria, volume 2",1878,-31.9319845,115.9190544,Internet Archive,https://archive.org/download/aboriginesofvict02smyt/aboriginesofvict02smyt_djvu.txt,/Users/jarlgiovanni/Desktop/bigfoot_research/public/data/frontend-data.json
5e1f374744d77b8551d7cdcba6f50c1c23ccb883d8046096bf79c97541a12702,3529,,,,"spirit in The Aborigines of Victoria, volume 2",1878,-31.9319845,115.9190544,Internet Archive,https://archive.org/download/aboriginesofvict02smyt/aboriginesofvict02smyt_djvu.txt,/Users/jarlgiovanni/Desktop/bigfoot_research/public/data/frontend-data.json
f105725bd61b6facaccd9da9fcb5ff9781be0caaabf0eba3f3b4471f06ab7c1d,3532,,,,"spirit in The Aborigines of Victoria, volume 2",1878,-31.9319845,115.9190544,Internet Archive,https://archive.org/download/aboriginesofvict02smyt/aboriginesofvict02smyt_djvu.txt,/Users/jarlgiovanni/Desktop/bigfoot_research/public/data/frontend-data.json
ca6fe1c6037600a6d37835f831b499b67112d51a81715ed47a7dbd6022cd02a6,3533,,,,"spirit in The Aborigines of Victoria, volume 2",1878,-31.9319845,115.9190544,Internet Archive,https://archive.org/download/aboriginesofvict02smyt/aboriginesofvict02smyt_djvu.txt,/Users/jarlgiovanni/Desktop/bigfoot_research/public/data/frontend-data.json
ce3b4a3b56e168a4f8bc01d2062c8b287949fe2cbf576208d07ef21a37cb4dd8,3961,,,,"devil in The Aborigines of Victoria, volume 1",1878,-35.0916656,149.4208438,Internet Archive,https://archive.org/download/aboriginesofvict01smyt/aboriginesofvict01smyt_djvu.txt,/Users/jarlgiovanni/Desktop/bigfoot_research/public/data/frontend-data.json
9def9942b8b8a9524bff40a8c63c547b992d2d6f7ce9b5681be6701e77650201,666,,,,"1880 - Gippsland Times, 7ft Yowie",1880,-37.8744827,146.9111788,Australian Yowie Research,https://www.yowiehunters.com.au/historical-articles/1927-1880-gippsland-times-7ft-yowie,/Users/jarlgiovanni/Desktop/bigfoot_research/public/data/frontend-data.json
c6a23f869a84d4bcd43f5d23ddb17894ce0eaf4cf3194db6e79f0b5806f8ddde,667,,,,1880 - Melbourne Argus,1880,-37.8142454,144.9631732,Australian Yowie Research,https://www.yowiehunters.com.au/historical-articles/1844-1880-melbourne-argus,/Users/jarlgiovanni/Desktop/bigfoot_research/public/data/frontend-data.json
2fc96a8bad62be090e4fe976eee3c268eb39b96f0f05111f82f4953a56801eaf,668,,,,1880 - Southland Times (NZ),1880,-34.44304,137.6987969,Australian Yowie Research,https://www.yowiehunters.com.au/historical-articles/1654-southland-times-nz-1880,/Users/jarlgiovanni/Desktop/bigfoot_research/public/data/frontend-data.json
fbc8aba5f76d31c2482b711b77e4fc49b008d8748d75b8f3ed0e1aec73c16a69,669,,,,1880 - Sydney Morning Herald,1880,-33.8698439,151.2082848,Australian Yowie Research,https://www.yowiehunters.com.au/historical-articles/1625-sydney-morning-herald-july-1880,/Users/jarlgiovanni/Desktop/bigfoot_research/public/data/frontend-data.json
fb4311a0276f9b988f43369b37aac7b49eee60ff5b7eae265c6e8b68bb0d73c4,671,,,,1880's - Arthur Bicknell ' Wood Devil ' Story,1880,-27.4923416,153.041873,Australian Yowie Research,https://www.yowiehunters.com.au/historical-articles/2288-1880s-arthur-bicknell-wood-devil-story,/Users/jarlgiovanni/Desktop/bigfoot_research/public/data/frontend-data.json
3d62154a636fe5ab704e7df42cbf058a79af6aa4672658d8ee3e039ee6fed81f,1611,,,,supernatural in Kamilaroi and Kurnai,1880,-38.1046482,144.7798547,Internet Archive,https://archive.org/download/kamilaroikurnaig00fiso/kamilaroikurnaig00fiso_djvu.txt,/Users/jarlgiovanni/Desktop/bigfoot_research/public/data/frontend-data.json
c0ae5befd1a68d5c8dc9db147b3a032e8cef99894f244b4786a75c4ebba69813,3560,,,,spirit in The Booandik Tribe of South Australian Aborigines,1880,-37.8301386,140.7842627,Internet Archive,https://archive.org/download/booandiktribeso00smitgoog/booandiktribeso00smitgoog_djvu.txt,/Users/jarlgiovanni/Desktop/bigfoot_research/public/data/frontend-data.json
634db97790dbbb9a30609157055d481fa5a67b14c4c03d3ca0307a07095efb2c,3570,,,,spirit in The Booandik Tribe of South Australian Aborigines,1880,-37.8301386,140.7842627,Internet Archive,https://archive.org/download/booandiktribeso00smitgoog/booandiktribeso00smitgoog_djvu.txt,/Users/jarlgiovanni/Desktop/bigfoot_research/public/data/frontend-data.json
ea4dbacc3965f2cd8a4874869d0a7f7f04044e89b66c654167edbcaf5f47c184,3226,,,,"spirits in Australian Aborigines: the languages and customs of several tribes of aborigines in the western district of Victoria, Australia",1881,-38.1046482,144.7798547,Internet Archive,https://archive.org/download/australianaborig81daws/australianaborig81daws_djvu.txt,/Users/jarlgiovanni/Desktop/bigfoot_research/public/data/frontend-data.json
308fc463e82c09ab8505ffa082b6f9022d3cb187d22aba5a9e3aa43d96b733d2,673,,,,1882 - Colac Herald,1882,-32.4361913,152.5299305,Australian Yowie Research,https://www.yowiehunters.com.au/historical-articles/1952-1882-colac-herald,/Users/jarlgiovanni/Desktop/bigfoot_research/public/data/frontend-data.json
035e21afdb8c149d460be61dcfc5f97bf6d25d183a0cc82120fb4de2e0b30b9b,674,,,,"1882 - Illawarra Mercury, Australian Gorilla",1882,-34.4614504,150.790409,Australian Yowie Research,https://www.yowiehunters.com.au/historical-articles/1924-1882-illawarra-mercury-australian-gorilla,/Users/jarlgiovanni/Desktop/bigfoot_research/public/data/frontend-data.json
105dabebf0034622c9c1b067d84d1ff1fd67c7702483167a1dad84855ad3fb69,862,,,,1882 - The West Australian Yowie Article,1882,-34.3156059,115.1605864,Australian Yowie Research,https://www.yowiehunters.com.au/media-clips/2170-1882-the-west-australian-yowie-article,/Users/jarlgiovanni/Desktop/bigfoot_research/public/data/frontend-data.json
42a861e01e1e65307db7723a9b1ee69e7f1a6c44a1b25a2883e78f7a6071fffb,678,,,,1883 - Illawarra Mercury Article,1883,-34.4614504,150.790409,Australian Yowie Research,https://www.yowiehunters.com.au/historical-articles/1483-illawarra-mercury-article-1883,/Users/jarlgiovanni/Desktop/bigfoot_research/public/data/frontend-data.json
8bcc6e32d8a96e70fd964852810a528a3105087bfd6594dfeb29fc50ad47a6af,2546,,,,ghosts in Old Melbourne Memories,1884,-37.8142454,144.9631732,Project Gutenberg,https://www.gutenberg.org/ebooks/53784.txt.utf-8,/Users/jarlgiovanni/Desktop/bigfoot_research/public/data/frontend-data.json
ce362b3c997cbef106b302326871a38f25005e2b0fdb4698c24226056938b749,2547,,,,haunted in Old Melbourne Memories,1884,-37.8142454,144.9631732,Project Gutenberg,https://www.gutenberg.org/ebooks/53784.txt.utf-8,/Users/jarlgiovanni/Desktop/bigfoot_research/public/data/frontend-data.json
f1c6a3d8ea62962b1ed3e9de6fd9dfa65a5547e69f6bcce6b9d2fa5b19d71906,2548,,,,haunted in Old Melbourne Memories,1884,-37.8142454,144.9631732,Project Gutenberg,https://www.gutenberg.org/ebooks/53784.txt.utf-8,/Users/jarlgiovanni/Desktop/bigfoot_research/public/data/frontend-data.json
535f00fac50c9d75661844079c4c0d3cf07ba501b01439620014b503486c5495,2549,,,,haunted in Old Melbourne Memories,1884,-37.8142454,144.9631732,Project Gutenberg,https://www.gutenberg.org/ebooks/53784.txt.utf-8,/Users/jarlgiovanni/Desktop/bigfoot_research/public/data/frontend-data.json
f6017cf2be14b1e7677407489e97330f122b5ec9731411fba62ca97b06b66a14,2550,,,,spirit in Old Melbourne Memories,1884,-37.8142454,144.9631732,Project Gutenberg,https://www.gutenberg.org/ebooks/53784.txt.utf-8,/Users/jarlgiovanni/Desktop/bigfoot_research/public/data/frontend-data.json
3415ee7d0d74a217e049a8fc4835ac65d73b857199b25a2043448e5769e0fb93,2551,,,,devil in Old Melbourne Memories,1884,-37.8142454,144.9631732,Project Gutenberg,https://www.gutenberg.org/ebooks/53784.txt.utf-8,/Users/jarlgiovanni/Desktop/bigfoot_research/public/data/frontend-data.json
9ea4efe0073548816b79f024348e788b23a7103d459d611d6cda514819fe9e7c,2552,,,,devil in Old Melbourne Memories,1884,-37.8142454,144.9631732,Project Gutenberg,https://www.gutenberg.org/ebooks/53784.txt.utf-8,/Users/jarlgiovanni/Desktop/bigfoot_research/public/data/frontend-data.json
8e833980b280a3076eea871ab1afda6ea4a3dd8a89de00afd69725a54b30e0b5,2553,,,,devil in Old Melbourne Memories,1884,-37.8142454,144.9631732,Project Gutenberg,https://www.gutenberg.org/ebooks/53784.txt.utf-8,/Users/jarlgiovanni/Desktop/bigfoot_research/public/data/frontend-data.json
b9b5c94feb0a5a34e0cb9d3e11a4fd12aa1c42dad61c7c97b31367747fe43dba,2554,,,,devil in Old Melbourne Memories,1884,-37.8142454,144.9631732,Project Gutenberg,https://www.gutenberg.org/ebooks/53784.txt.utf-8,/Users/jarlgiovanni/Desktop/bigfoot_research/public/data/frontend-data.json
b0c0b48edd3510f75756d1bdf25dac61657b132bbf6425502bd10dfea5c05d8f,2555,,,,giant in Old Melbourne Memories,1884,-37.8142454,144.9631732,Project Gutenberg,https://www.gutenberg.org/ebooks/53784.txt.utf-8,/Users/jarlgiovanni/Desktop/bigfoot_research/public/data/frontend-data.json
c6aa7f3d6cb95d24a481d396b6c6ba29845f8c56127b50f16a1050e9a8d832ca,2556,,,,giant in Old Melbourne Memories,1884,-37.8142454,144.9631732,Project Gutenberg,https://www.gutenberg.org/ebooks/53784.txt.utf-8,/Users/jarlgiovanni/Desktop/bigfoot_research/public/data/frontend-data.json
fe73491f510f233c27ce1db2819a17431e6fa8d94ad80723ec3cf252a5d47e39,2557,,,,giant in Old Melbourne Memories,1884,-37.8142454,144.9631732,Project Gutenberg,https://www.gutenberg.org/ebooks/53784.txt.utf-8,/Users/jarlgiovanni/Desktop/bigfoot_research/public/data/frontend-data.json
41e98e6757d1bb8f450e804e9d4349342e6ae6f618d526dc7c1200772e69c368,2558,,,,giant in Old Melbourne Memories,1884,-37.8142454,144.9631732,Project Gutenberg,https://www.gutenberg.org/ebooks/53784.txt.utf-8,/Users/jarlgiovanni/Desktop/bigfoot_research/public/data/frontend-data.json
81fce41ad58548be8bbb344f62b90f0bfddcf34ff44897921874e2f21f838176,3691,,,,spirit in Diary of ten years eventful life of an early settler in Western Australia,1884,-31.9558967,115.8605784,Internet Archive,https://archive.org/download/diaryoftenyearse00mooriala/diaryoftenyearse00mooriala_djvu.txt,/Users/jarlgiovanni/Desktop/bigfoot_research/public/data/frontend-data.json
6d4f70eb4040a95de94390908c1c71d2e7f108e45fb8097686c6847dad45be63,3697,,,,spirits in Diary of ten years eventful life of an early settler in Western Australia,1884,-32.0534086,115.7586172,Internet Archive,https://archive.org/download/diaryoftenyearse00mooriala/diaryoftenyearse00mooriala_djvu.txt,/Users/jarlgiovanni/Desktop/bigfoot_research/public/data/frontend-data.json
04bb0d28e87780cce7aa84104c31ca179318ec17c28d1a0d9bbd511236e6ea6c,3709,,,,spirit in Diary of ten years eventful life of an early settler in Western Australia,1884,-31.9558967,115.8605784,Internet Archive,https://archive.org/download/diaryoftenyearse00mooriala/diaryoftenyearse00mooriala_djvu.txt,/Users/jarlgiovanni/Desktop/bigfoot_research/public/data/frontend-data.json
6fcc495e059b55b7860d9aa86b54146b243c978cb02ccc0823dea08ff6eb6d6d,3712,,,,spirit in Diary of ten years eventful life of an early settler in Western Australia,1884,-31.9319845,115.9190544,Internet Archive,https://archive.org/download/diaryoftenyearse00mooriala/diaryoftenyearse00mooriala_djvu.txt,/Users/jarlgiovanni/Desktop/bigfoot_research/public/data/frontend-data.json
cd4210ed0eca62f0b8245045066cf4b6050067f488afde3f8a67642ddceae414,1030,,,,1885 - Australian Town and Country Yowie Article,1885,-33.8698439,151.2082848,Australian Yowie Research,https://www.yowiehunters.com.au/media-clips/2155-1885-australian-town-and-country-yowie-article,/Users/jarlgiovanni/Desktop/bigfoot_research/public/data/frontend-data.json
810cd3ba6f86c7cdf01cbbe836f8512012f56df16aec043c7f5cbbc18391a15b,679,,,,1886 - Brisbane Courier,1886,-27.4689623,153.0235009,Australian Yowie Research,https://www.yowiehunters.com.au/historical-articles/1557-brisbane-courier-1886,/Users/jarlgiovanni/Desktop/bigfoot_research/public/data/frontend-data.json
eb9d13a5ccae41707a836440d82f226a6f7880a930e353f2820b6a93e652876c,680,,,,1886 - Queanbeyan Age,1886,-35.3524518,149.2337634,Australian Yowie Research,https://www.yowiehunters.com.au/historical-articles/1635-queanbeyan-age-1886,/Users/jarlgiovanni/Desktop/bigfoot_research/public/data/frontend-data.json
cdf7717d7a733bb26e2c8d74dece18c3ecc2b2220c26a4dce372d70368b9255e,1880,,,,"ghost in The Australian Race, volume 1",1886,-34.7523871,149.7198009,Internet Archive,https://archive.org/download/australianracei01currgoog/australianracei01currgoog_djvu.txt,/Users/jarlgiovanni/Desktop/bigfoot_research/public/data/frontend-data.json
353d7cd7674be8e8bf92b6cba0d3649792c37f8e4f87c43ce88f6010ca683e3a,1886,,,,"spirit in The Australian Race, volume 1",1886,-31.9558967,115.8605784,Internet Archive,https://archive.org/download/australianracei01currgoog/australianracei01currgoog_djvu.txt,/Users/jarlgiovanni/Desktop/bigfoot_research/public/data/frontend-data.json
4881fd79585abd0a4011770a9828bf2a6d78b30a258cbbf2ba0f57286906b95e,1893,,,,"spirit in The Australian Race, volume 1",1886,-28.4803638,137.2979051,Internet Archive,https://archive.org/download/australianracei01currgoog/australianracei01currgoog_djvu.txt,/Users/jarlgiovanni/Desktop/bigfoot_research/public/data/frontend-data.json
d4187d17340b15c356383d27c9c18151c21b8157fd508e13013d81d1ad0f4871,1978,,,,"ghosts in The Australian Race, volume 2",1886,-34.7211905,135.8592218,Internet Archive,https://archive.org/download/australianracei00currgoog/australianracei00currgoog_djvu.txt,/Users/jarlgiovanni/Desktop/bigfoot_research/public/data/frontend-data.json
b4788eeef4922bf748586f3c1bdd8b87b197d8911fd8c2d9d0f2d97631d3f69d,2797,,,,ghost in The Mystery of a Hansom Cab,1886,-37.8142454,144.9631732,Project Gutenberg,https://www.gutenberg.org/ebooks/4223.txt.utf-8,/Users/jarlgiovanni/Desktop/bigfoot_research/public/data/frontend-data.json
3bccdbc8055e4f859541adfc495bfe42df39615d9d6275f9b1a79106950abe79,2798,,,,ghost in The Mystery of a Hansom Cab,1886,-37.8142454,144.9631732,Project Gutenberg,https://www.gutenberg.org/ebooks/4223.txt.utf-8,/Users/jarlgiovanni/Desktop/bigfoot_research/public/data/frontend-data.json
cbe37ec926a3a4114617153a796bad503f8e288de5b4134614eeff9e8726c598,2799,,,,ghost in The Mystery of a Hansom Cab,1886,-37.8142454,144.9631732,Project Gutenberg,https://www.gutenberg.org/ebooks/4223.txt.utf-8,/Users/jarlgiovanni/Desktop/bigfoot_research/public/data/frontend-data.json
51d91f126e5a8cccb6dea19f863f5c7e7550afcd5a21d9ee4ccf11b69a4e4c51,2800,,,,ghost in The Mystery of a Hansom Cab,1886,-37.8142454,144.9631732,Project Gutenberg,https://www.gutenberg.org/ebooks/4223.txt.utf-8,/Users/jarlgiovanni/Desktop/bigfoot_research/public/data/frontend-data.json
782ee43486ed5c2977953a31d1e902c1e2f07c58707b5bd1ad6f3b9c66966bea,2801,,,,ghosts in The Mystery of a Hansom Cab,1886,-37.8142454,144.9631732,Project Gutenberg,https://www.gutenberg.org/ebooks/4223.txt.utf-8,/Users/jarlgiovanni/Desktop/bigfoot_research/public/data/frontend-data.json
bd624b669c1c0872e29858289e4d63121d831c5127bed3406790e631a6f7bd6b,2802,,,,haunted in The Mystery of a Hansom Cab,1886,-37.8142454,144.9631732,Project Gutenberg,https://www.gutenberg.org/ebooks/4223.txt.utf-8,/Users/jarlgiovanni/Desktop/bigfoot_research/public/data/frontend-data.json
6236c6aa1e18a0abbc1acb94fbacba824fa7343c0935d1fa959bb6457104042b,2805,,,,spirits in The Mystery of a Hansom Cab,1886,-37.8142454,144.9631732,Project Gutenberg,https://www.gutenberg.org/ebooks/4223.txt.utf-8,/Users/jarlgiovanni/Desktop/bigfoot_research/public/data/frontend-data.json
50c1f6d4b2bc542cdec473a64d000fdc8318848bb7920905f727b428bc8af1d7,2806,,,,spirit in The Mystery of a Hansom Cab,1886,-37.8142454,144.9631732,Project Gutenberg,https://www.gutenberg.org/ebooks/4223.txt.utf-8,/Users/jarlgiovanni/Desktop/bigfoot_research/public/data/frontend-data.json
8b33324487c25deb4a4ddeb81613b1935950e2eeb73e5e4f9d38063261a534b7,2810,,,,witch in The Mystery of a Hansom Cab,1886,-37.8142454,144.9631732,Project Gutenberg,https://www.gutenberg.org/ebooks/4223.txt.utf-8,/Users/jarlgiovanni/Desktop/bigfoot_research/public/data/frontend-data.json
dae1cefa3d6044867e9f03329ccd00e2e098c7bae12d5d5392cd65f4b1cbe9e8,2811,,,,witch in The Mystery of a Hansom Cab,1886,-37.8142454,144.9631732,Project Gutenberg,https://www.gutenberg.org/ebooks/4223.txt.utf-8,/Users/jarlgiovanni/Desktop/bigfoot_research/public/data/frontend-data.json
9b7cc9cfd548adc2b044551d223403cbb546b978c60226fb33e4cd2ac9e3601b,1976,,,,Fisher's Ghost in Fisher's Ghost,1887,-34.0667,150.8167,Internet Archive,https://archive.org/download/australianstorie00suttiala/australianstorie00suttiala_djvu.txt,/Users/jarlgiovanni/Desktop/bigfoot_research/public/data/frontend-data.json
7d9666e3e2357ec4b22aa3b5f90a1ca8097c81f70019ac1e215150d5dff5280b,1176,,,,Princess Theatre History - Federici,1888,-37.810997,144.972658,Marriner Group,https://marrinergroup.com.au/princess-theatre-history,/Users/jarlgiovanni/Desktop/bigfoot_research/public/data/frontend-data.json
a533cece6342a3ff86c8ee01e7c04c1ce3e657f790bd2bfac50c5429d99da983,2956,,,,ghost in Madame Midas,1888,-37.5623013,143.8605645,Project Gutenberg,https://www.gutenberg.org/ebooks/4946.txt.utf-8,/Users/jarlgiovanni/Desktop/bigfoot_research/public/data/frontend-data.json
b6ae2d7b8e1e2e9fce3431e106abb68139479125095e622b472b97f4887a3923,2960,,,,spirit in Madame Midas,1888,-37.5623013,143.8605645,Project Gutenberg,https://www.gutenberg.org/ebooks/4946.txt.utf-8,/Users/jarlgiovanni/Desktop/bigfoot_research/public/data/frontend-data.json
3fdff79a32f13814c65b6a418b2c46d81df8e47edfd0c179d10d0993268cbaf6,682,,,,"1889 - Bowral Free Press, Australian Gorilla",1889,-34.4816626,150.4177868,Australian Yowie Research,https://www.yowiehunters.com.au/historical-articles/1923-1889-bowral-free-press-australian-gorilla,/Users/jarlgiovanni/Desktop/bigfoot_research/public/data/frontend-data.json
169df071cc5ebb051951efbbd7271af83cec34226e67b5b91d39df90cd8a877a,1025,,,,1889 - Kiama Independent,1889,-34.6958202,150.7959123,Australian Yowie Research,https://www.yowiehunters.com.au/historical-articles/1636-kiama-independent-1889,/Users/jarlgiovanni/Desktop/bigfoot_research/public/data/frontend-data.json
7ccde6760fdf8735568fbafd5964c828ba4a9c68fba3899c4059dba0588b73c7,1797,,,,devil in Among cannibals,1889,-27.2397819,153.2539994,Internet Archive,https://archive.org/download/amongcannibalsac1889lumh/amongcannibalsac1889lumh_djvu.txt,/Users/jarlgiovanni/Desktop/bigfoot_research/public/data/frontend-data.json
bc4afc60f867857a2210b3dc3b45491bc69a343e11950908c17c7ec2603f78bb,1807,,,,giant in Among cannibals,1889,-27.2397819,153.2539994,Internet Archive,https://archive.org/download/amongcannibalsac1889lumh/amongcannibalsac1889lumh_djvu.txt,/Users/jarlgiovanni/Desktop/bigfoot_research/public/data/frontend-data.json
5962c0bb25763622e220317deb6851c6f2c0b4b2203b2326687fe21cba1bb99c,3955,,,,spirits in Among Cannibals,1889,-18.2484306,145.6112083,Internet Archive,https://archive.org/download/amongcannibalsac1889lumh/amongcannibalsac1889lumh_djvu.txt,/Users/jarlgiovanni/Desktop/bigfoot_research/public/data/frontend-data.json
a4f3ac4a3b93fdd9865a65555fbc59ed1898996ab93ca51a691e530ecb46f3bc,3956,,,,devil in Among Cannibals,1889,-18.2484306,145.6112083,Internet Archive,https://archive.org/download/amongcannibalsac1889lumh/amongcannibalsac1889lumh_djvu.txt,/Users/jarlgiovanni/Desktop/bigfoot_research/public/data/frontend-data.json
18eec518298a69022f3dbd6aa629fcdda48cc9ab04907c1f13a8a0c7b22923c2,3957,,,,devil in Among Cannibals,1889,-18.2484306,145.6112083,Internet Archive,https://archive.org/download/amongcannibalsac1889lumh/amongcannibalsac1889lumh_djvu.txt,/Users/jarlgiovanni/Desktop/bigfoot_research/public/data/frontend-data.json
83f08b62a2eebb5cd16ce69d33d16ca78ec5aa2fd5f423739e0536ba32306c0b,3958,,,,devil in Among Cannibals,1889,-18.2484306,145.6112083,Internet Archive,https://archive.org/download/amongcannibalsac1889lumh/amongcannibalsac1889lumh_djvu.txt,/Users/jarlgiovanni/Desktop/bigfoot_research/public/data/frontend-data.json
9cfbdaa3fbd4ef6f33942364510fd887976c1f6693d02422a8af44e2fe41acad,3959,,,,devil in Among Cannibals,1889,-18.2484306,145.6112083,Internet Archive,https://archive.org/download/amongcannibalsac1889lumh/amongcannibalsac1889lumh_djvu.txt,/Users/jarlgiovanni/Desktop/bigfoot_research/public/data/frontend-data.json
0277806a363c032bc19bbc9cd9b85beb3a4a3ea807ce795bc635edc1d833ab02,3960,,,,wizard in Among Cannibals,1889,-18.2484306,145.6112083,Internet Archive,https://archive.org/download/amongcannibalsac1889lumh/amongcannibalsac1889lumh_djvu.txt,/Users/jarlgiovanni/Desktop/bigfoot_research/public/data/frontend-data.json
cabc0cfdd523a6b59b2831c33b614c2b0c2765da472d8c4e1ae525eaf1c51dca,684,,,,1891 - Bathurst Times Article,1891,-33.9802583,150.1004909,Australian Yowie Research,https://www.yowiehunters.com.au/historical-articles/1546-bathurst-times-1891,/Users/jarlgiovanni/Desktop/bigfoot_research/public/data/frontend-data.json
07da228cd6292de8d2a153865a01856a2d11c32469e0f4a1a0bfb41355875148,685,,,,1892 - Maitland Mercury,1892,-32.7316683,151.5511123,Australian Yowie Research,https://www.yowiehunters.com.au/historical-articles/1652-maitland-mercury-1892,/Users/jarlgiovanni/Desktop/bigfoot_research/public/data/frontend-data.json
cb135f3857384419ab8b9722b3fe00d725ea4ceab101491b0fbd897d4b631280,863,,,,1892 - Sydney Mail Yowie Article,1892,-33.8698439,151.2082848,Australian Yowie Research,https://www.yowiehunters.com.au/media-clips/2169-1892-sydney-mail-yowie-article,/Users/jarlgiovanni/Desktop/bigfoot_research/public/data/frontend-data.json
3f874b3c8f29ffea3954966fc2dbf23f215cfb0c3dd2da8963894634649031cd,2024,,,,evil spirit in Notes on the Aborigines of New South Wales,1892,-32.9192953,151.7795348,Internet Archive,https://archive.org/download/notesonaborigine00hill/notesonaborigine00hill_djvu.txt,/Users/jarlgiovanni/Desktop/bigfoot_research/public/data/frontend-data.json
a529df83fc1091055969af41d90e23da8d3034a1faf231a8c03bb7949a5fc4c3,2028,,,,Boonbolong in Notes on the Aborigines of New South Wales,1892,-32.9192953,151.7795348,Internet Archive,https://archive.org/download/notesonaborigine00hill/notesonaborigine00hill_djvu.txt,/Users/jarlgiovanni/Desktop/bigfoot_research/public/data/frontend-data.json
b7157ea529062183e07b1c3ba11b1c70e3513e39d9fe7ec4a9ecde2412b3c6ff,686,,,,1893 - Goulburn Penny Post Article,1893,-34.7523871,149.7198009,Australian Yowie Research,https://www.yowiehunters.com.au/historical-articles/1490-goulburn-penny-post-article-1893,/Users/jarlgiovanni/Desktop/bigfoot_research/public/data/frontend-data.json
090ba0f534953d9f8914b853c84130af62b62816f9e15a27df3a7bcc6a0ffe1d,687,,,,1893 (2) - Goulburn Penny Post Article,1893,-34.7523871,149.7198009,Australian Yowie Research,https://www.yowiehunters.com.au/historical-articles/1491-goulburn-penny-post-article-1893-2,/Users/jarlgiovanni/Desktop/bigfoot_research/public/data/frontend-data.json
44b3956b257d175d9392486af4be4d8521d75877d00fc465a97f92709e77c1c5,688,,,,1894 - Queanbeyan Observer Article,1894,-35.3524518,149.2337634,Australian Yowie Research,https://www.yowiehunters.com.au/historical-articles/1492-queenbeyan-observer-article-1894,/Users/jarlgiovanni/Desktop/bigfoot_research/public/data/frontend-data.json
0ec76554d038d4ee99286c9ca5b8379f8da21b08712be0c3c5aba605fa12f425,864,,,,1894 - Queanbeyan Observer Yowie Article,1894,-35.3524518,149.2337634,Australian Yowie Research,https://www.yowiehunters.com.au/media-clips/1724-1894-queanbeyan-observer-1894,/Users/jarlgiovanni/Desktop/bigfoot_research/public/data/frontend-data.json
cd8face8b14ab82dd86bfc5838990f9c744897519d8c387754bf07ff1d48b5a4,865,,,,1895 - Bowral Free Press Yowie Article,1895,-34.4816626,150.4177868,Australian Yowie Research,https://www.yowiehunters.com.au/media-clips/2159-1895-bowral-free-press-yowie-article,/Users/jarlgiovanni/Desktop/bigfoot_research/public/data/frontend-data.json
9a23df939e6b27a1c93f310bbf80dbb056ed6e8d062ab3f3ec1d3e0750da4fad,3963,,,,ghost in While the Billy Boils,1896,-29.9960307,145.2940392,Project Gutenberg,https://www.gutenberg.org/ebooks/7144.txt.utf-8,/Users/jarlgiovanni/Desktop/bigfoot_research/public/data/frontend-data.json
39f21ad8746c7129b98b2ae814c0d0d16835b0af70f2dd972048a39b26622ec0,1491,,,,ghost in Australian fairy tales,1897,-33.609741,150.4052237,Project Gutenberg,https://www.gutenberg.org/files/68225/68225-0.txt,/Users/jarlgiovanni/Desktop/bigfoot_research/public/data/frontend-data.json
bf97389038cd7eabfd9aad036fbd7536805eee07515e40a29b19c28fcad69ba4,1494,,,,ghost in Australian fairy tales,1897,-33.609741,150.4052237,Project Gutenberg,https://www.gutenberg.org/files/68225/68225-0.txt,/Users/jarlgiovanni/Desktop/bigfoot_research/public/data/frontend-data.json
3586c9bed6e20c07469fd5a54a13a6317c96a93088b03f8d8f1d48c0f1240860,2366,,,,giants in Australian fairy tales,1897,-33.609741,150.4052237,Project Gutenberg,https://www.gutenberg.org/files/68225/68225-0.txt,/Users/jarlgiovanni/Desktop/bigfoot_research/public/data/frontend-data.json
a374dc2084662f12a0c0d87bb918d2c5d64690f714669b257ed504d18c465da2,2368,,,,ghosts in Australian fairy tales,1897,-33.609741,150.4052237,Project Gutenberg,https://www.gutenberg.org/files/68225/68225-0.txt,/Users/jarlgiovanni/Desktop/bigfoot_research/public/data/frontend-data.json
81c4b994e62d07509ec772ce4550ca7fc0f4c6ece44d67f2bedb1eca118e6ecc,3951,,,,ghosts in Australian Fairy Tales,1897,-33.609741,150.4052237,Project Gutenberg,https://www.gutenberg.org/files/68225/68225-0.txt,/Users/jarlgiovanni/Desktop/bigfoot_research/public/data/frontend-data.json
b3d3ec1f4a0710a264a29ed7cc0a4848707ee61afd5181b0d74f829ceb3dadbf,2437,,,,ghosts in Below And On Top and Other Stories,1898,-36.7590183,144.2826718,Project Gutenberg Australia,https://gutenberg.net.au/ebooks05/0501011.txt,/Users/jarlgiovanni/Desktop/bigfoot_research/public/data/frontend-data.json
5ebc1968d42ec8f7454284c1091bba075e2fb016529b1d322edb52aec5060a06,1582,,,,Baiame in Eaglehawk and Crow,1899,-34.4614504,150.790409,Internet Archive,https://archive.org/download/eaglehawkcrowstu00math/eaglehawkcrowstu00math_djvu.txt,/Users/jarlgiovanni/Desktop/bigfoot_research/public/data/frontend-data.json
ae36b0494d781790cc8b4d805151dd82fef7a99b65387427b4b00708185e0579,1722,,,,witch in The Aborigines of Tasmania,1899,-42.8825088,147.3281233,Internet Archive,https://archive.org/download/aboriginestasma00tylogoog/aboriginestasma00tylogoog_djvu.txt,/Users/jarlgiovanni/Desktop/bigfoot_research/public/data/frontend-data.json
d3a1bbe7da3789a5b18ca1310e46a8897c8ea79f43733011f67dbbc5f0bb31ca,1724,,,,giant in The Aborigines of Tasmania,1899,-42.8825088,147.3281233,Internet Archive,https://archive.org/download/aboriginestasma00tylogoog/aboriginestasma00tylogoog_djvu.txt,/Users/jarlgiovanni/Desktop/bigfoot_research/public/data/frontend-data.json
3df2ac87066eb0143bb61f0891cfd43c1973a24793a8771bdc3d49e3ffacc479,3902,,,,spirits in The Aborigines of Tasmania,1899,-41.4340813,147.1373496,Internet Archive,https://archive.org/download/aboriginestasma00tylogoog/aboriginestasma00tylogoog_djvu.txt,/Users/jarlgiovanni/Desktop/bigfoot_research/public/data/frontend-data.json
1f5d41e84bb2abb16b609447159c83290cfa3c73ca5fb65433e81ca43f71269a,2559,,,,ghost in In Bad Company,1901,-36.7590183,144.2826718,Project Gutenberg,https://www.gutenberg.org/ebooks/51314.txt.utf-8,/Users/jarlgiovanni/Desktop/bigfoot_research/public/data/frontend-data.json
655ac2ae5351ece8ff7069e4b538b2068d19ae89303ca6675795340e16847218,348,,,,"Byron Bay, New South Wales 1902",1902,-28.6483333,153.6177778,Australian Yowie Research,https://www.yowiehunters.com.au/new-south-wales/1366-byron-bay-new-south-wales-1902,/Users/jarlgiovanni/Desktop/bigfoot_research/public/data/frontend-data.json
a3b1c96fb149d40da38d8217b1f4243f26efd1b6eb44c99400dac24551d86a22,866,,,,1902 - Blue Mountains Yowie Article,1902,-33.609741,150.4052237,Australian Yowie Research,https://www.yowiehunters.com.au/media-clips/2158-1902-blue-mountains-yowie-article,/Users/jarlgiovanni/Desktop/bigfoot_research/public/data/frontend-data.json
e027eee94fffd01a0ba181398d8442a5460b668e898ffdf2185a864eba483db3,691,,,,"1903 - Nepean Times, Penrith",1903,-33.7511954,150.6941711,Australian Yowie Research,https://www.yowiehunters.com.au/historical-articles/1631-nepean-times-penrith-1903,/Users/jarlgiovanni/Desktop/bigfoot_research/public/data/frontend-data.json
3cf7788c3ab3d53a2b4862cf7bfe8882b00da31a2e5ab9d5fc47a44758b53e91,692,,,,1903 - Queanbeyan Age,1903,-35.3524518,149.2337634,Australian Yowie Research,https://www.yowiehunters.com.au/historical-articles/1637-queanbeyan-age-1903,/Users/jarlgiovanni/Desktop/bigfoot_research/public/data/frontend-data.json
4b4fc4576749973a2a7f6f8b23e24e4c17ca06c58697c19bf3c7303cfa5d3ed2,694,,,,1903 (1) - Queanbeyan Observer Article,1903,-35.3524518,149.2337634,Australian Yowie Research,https://www.yowiehunters.com.au/historical-articles/1493-quuenbeyan-observer-article-1903,/Users/jarlgiovanni/Desktop/bigfoot_research/public/data/frontend-data.json
7846d6d767523493b49b4ea3938ada71da24d7e542ea9eae913cf672f9c09dc7,695,,,,1903 (2) - Queanbeyan Observer Article,1903,-35.3524518,149.2337634,Australian Yowie Research,https://www.yowiehunters.com.au/historical-articles/1494-queanbeyan-observer-article-1903-2,/Users/jarlgiovanni/Desktop/bigfoot_research/public/data/frontend-data.json
bcbfb05e493d22999c51db23daf45008a46c6df0d1262c063aaffa55f04440d7,696,,,,1903 (3) - Queanbeyan Obsever Article,1903,-35.3524518,149.2337634,Australian Yowie Research,https://www.yowiehunters.com.au/historical-articles/1495-queanbeyan-obsever-article-1903-3,/Users/jarlgiovanni/Desktop/bigfoot_research/public/data/frontend-data.json
854647cf36f21984a64849711a38b77504a2cac03e5c52a52ad82a0833ce3eb9,867,,,,1903 - Delegate Argus Yowie Article,1903,-37.8142454,144.9631732,Australian Yowie Research,https://www.yowiehunters.com.au/media-clips/2161-1903-delegate-argus-yowie-article,/Users/jarlgiovanni/Desktop/bigfoot_research/public/data/frontend-data.json
7751c40e0e55fce1a32d2b431ba6a149a9ca1192e9f01ae4f77278094f5ca4c8,868,,,,1903 - Queanbeyan Observer Yowie Article 07-08-1903,1903,-35.3524518,149.2337634,Australian Yowie Research,https://www.yowiehunters.com.au/media-clips/2240-1903-queanbeyan-observer-yowie-article-07-08-1903,/Users/jarlgiovanni/Desktop/bigfoot_research/public/data/frontend-data.json
e7be803abc861a5b7516483f96430fcbdcb70d53832fb3aa2d4ed6cb06736c1a,3289,,,,spirit in The Northern Tribes of Central Australia,1904,-28.4803638,137.2979051,Internet Archive,https://archive.org/download/northerntribesof00spen/northerntribesof00spen_djvu.txt,/Users/jarlgiovanni/Desktop/bigfoot_research/public/data/frontend-data.json
66d23a137c1cc03c120f01ba93439a28930ace8d452342e2c2d76d15424e9b96,697,,,,1905 - Casino and Kyogle Advertiser Yowie Article,1905,-28.8629114,153.0483736,Australian Yowie Research,https://www.yowiehunters.com.au/historical-articles/2015-1905-casino-and-kyogle-advertiser-yowie-article,/Users/jarlgiovanni/Desktop/bigfoot_research/public/data/frontend-data.json
3eb4ec22f5e625662c1383521d8e4bc495f78c8f30d51dcbe6a5ad347ae0d970,869,,,,1905 - Molong Express Yowie Article,1905,-33.0923817,148.8638613,Australian Yowie Research,https://www.yowiehunters.com.au/media-clips/2149-1905-molong-express-yowie-article,/Users/jarlgiovanni/Desktop/bigfoot_research/public/data/frontend-data.json
6f6f85bfa2b2161c211370b197eacf18f15456a2fc7f7b3215acf64be2646e1e,870,,,,1905 - Narromine News Yowie Article,1905,-32.2317016,147.9528517,Australian Yowie Research,https://www.yowiehunters.com.au/media-clips/2165-1905-narromine-news-yowie-article,/Users/jarlgiovanni/Desktop/bigfoot_research/public/data/frontend-data.json
2b147732c9629c7a09aa0f17c42c6f808dc0c0e9d1a5db911cdcab840c79a084,1026,,,,1905 - Western Champion,1905,-23.052892,145.8209434,Australian Yowie Research,https://www.yowiehunters.com.au/historical-articles/1638-western-champion-1905,/Users/jarlgiovanni/Desktop/bigfoot_research/public/data/frontend-data.json
dc04ae32c0b79d8f6e43d5841c07ce742892dd79ef0398df6b1ffe1e2728ab3b,698,,,,1906 - Singleton Argus,1906,-32.602355,151.1132887,Australian Yowie Research,https://www.yowiehunters.com.au/historical-articles/1639-singleton-argus-1906,/Users/jarlgiovanni/Desktop/bigfoot_research/public/data/frontend-data.json
e39f90d6b29c71ddd3e3d17facc67e6800120daa5b35b58b6835b47f571058dc,871,,,,1906 - Bega Budget Yowie Article,1906,-36.6780983,149.8408283,Australian Yowie Research,https://www.yowiehunters.com.au/media-clips/2156-1906-bega-budget-yowie-article,/Users/jarlgiovanni/Desktop/bigfoot_research/public/data/frontend-data.json
c753991b75ac971c1b3351369cb441994357063cf3555f8098bea0a77e5b2c18,872,,,,1906 - Cowan NSW Yowie Article,1906,-33.5888297,151.1698568,Australian Yowie Research,https://www.yowiehunters.com.au/media-clips/2009-1906-cowan-nsw-yowie-article,/Users/jarlgiovanni/Desktop/bigfoot_research/public/data/frontend-data.json
18e0f122033c767d3cc806f875edff29930276a75adf8be3bba4e06a9c3f3650,873,,,,1906 - Gippsland Times Yowie Article,1906,-37.8744827,146.9111788,Australian Yowie Research,https://www.yowiehunters.com.au/media-clips/2162-1906-gippsland-times-yowie-article,/Users/jarlgiovanni/Desktop/bigfoot_research/public/data/frontend-data.json
b5bfc240764834c0c7310fb32b03e76698af9376d1abcab0781009143664134a,874,,,,1906 - Tenterfield Courrier Yowie Article,1906,-28.83843,152.2813166,Australian Yowie Research,https://www.yowiehunters.com.au/media-clips/2153-1906-tenterfield-courrier-yowie-article,/Users/jarlgiovanni/Desktop/bigfoot_research/public/data/frontend-data.json
a0be9b77f24807b06591af7a480160aa8836c57a3e3a2303c3057cfd1b2de750,700,,,,1907 - The Hairyman by Henry Lawson,1907,-33.609741,150.4052237,Australian Yowie Research,https://www.yowiehunters.com.au/historical-articles/2017-1907-the-hairyman-by-henry-lawson,/Users/jarlgiovanni/Desktop/bigfoot_research/public/data/frontend-data.json
de1d89f515e490e899f383969d1df5a979aac4b962510f9aff1f710cfce79bcb,3074,,,,spirit in Notes on the Aborigines of New South Wales,1907,-34.7211905,135.8592218,Internet Archive,https://archive.org/download/notesonaborigine00math/notesonaborigine00math_djvu.txt,/Users/jarlgiovanni/Desktop/bigfoot_research/public/data/frontend-data.json
6ae38f57085160c9fc275f6764860c6813cc9893edf2eae68e1b8889282f3872,701,,,,1909 - Brisbane Workers Newspaper,1909,-27.4689623,153.0235009,Australian Yowie Research,https://www.yowiehunters.com.au/historical-articles/1626-brisbane-workers-newspaper-1909,/Users/jarlgiovanni/Desktop/bigfoot_research/public/data/frontend-data.json
22a2d89c8e16ffc60a9dc49d89546d11cb2c20dc92f1c53fd811acdc392572bf,875,,,,1909 - Bundaberg Mail & Burnett Advtertiser Yowie Article 10-09-1909,1909,-24.8653253,152.3516785,Australian Yowie Research,https://www.yowiehunters.com.au/media-clips/2052-1909-bundaberg-mail-burnett-advtertiser-yowie-article,/Users/jarlgiovanni/Desktop/bigfoot_research/public/data/frontend-data.json
323f8156789b7f62e4ac6787010053affea7300b9473a3c3c4505dbd2040c462,876,,,,1909 - Richmond River Herald Yowie Article,1909,-28.8632035,153.0823096,Australian Yowie Research,https://www.yowiehunters.com.au/media-clips/2167-1909-richmond-river-herald-yowie-article,/Users/jarlgiovanni/Desktop/bigfoot_research/public/data/frontend-data.json
57ea7cdf7fcfee1aee9bac8eced8e63d01c4025a4ee8791952b7e897815adab9,1077,,,,1909 - Northern Districts Advertiser 28-06-1909,1909,-32.8175,149.3752778,Australian Yowie Research,https://www.yowiehunters.com.au/media-clips/2241-1909-northern-districts-advertiser-28-06-1909,/Users/jarlgiovanni/Desktop/bigfoot_research/public/data/frontend-data.json
36b2c9452dfc04b0b756d5651eddf5a0b6010cb44e591330a47d6f1f5a1018d5,2995,,,,ghosts in The Getting of Wisdom,1910,-37.8142454,144.9631732,Project Gutenberg,https://www.gutenberg.org/ebooks/3728.txt.utf-8,/Users/jarlgiovanni/Desktop/bigfoot_research/public/data/frontend-data.json
58c052969a85d36f44b8942bf552b7aeeb7b1e6a3095dae38dce23cde44de1a9,2996,,,,ghosts in The Getting of Wisdom,1910,-37.8142454,144.9631732,Project Gutenberg,https://www.gutenberg.org/ebooks/3728.txt.utf-8,/Users/jarlgiovanni/Desktop/bigfoot_research/public/data/frontend-data.json
afc221eed1ff074051465efe0218cf486e61cc65ce77572c6bc50e669b8a5d5c,2997,,,,ghost in The Getting of Wisdom,1910,-37.8142454,144.9631732,Project Gutenberg,https://www.gutenberg.org/ebooks/3728.txt.utf-8,/Users/jarlgiovanni/Desktop/bigfoot_research/public/data/frontend-data.json
5732055bd03f159653a150cd62b238742a6ff6181e4e1cdb903d4b491e8bd70d,3003,,,,ghosts in The Getting of Wisdom,1910,-37.8142454,144.9631732,Project Gutenberg,https://www.gutenberg.org/ebooks/3728.txt.utf-8,/Users/jarlgiovanni/Desktop/bigfoot_research/public/data/frontend-data.json
4d73359b2a07979accfad65b53bb0147d06beab68e2124a5a7a631a6e0dec8d8,308,,,,"Bombala, New South Wales 1912",1912,-36.9113175,149.2389375,Australian Yowie Research,https://www.yowiehunters.com.au/new-south-wales/1358-bombala-new-south-wales-1912,/Users/jarlgiovanni/Desktop/bigfoot_research/public/data/frontend-data.json
3790c052efb72117d335099fb21f71d664242482295efb0dfc64f16db639a269,703,,,,1912 - Goulburn Penny Post Article,1912,-34.7523871,149.7198009,Australian Yowie Research,https://www.yowiehunters.com.au/historical-articles/1498-goulburn-penny-post-article-1912,/Users/jarlgiovanni/Desktop/bigfoot_research/public/data/frontend-data.json
956333559d5f7d8d646aa21cb486893dd5a146d833a2e45df5b117d928d344f2,704,,,,1912 - Queanbeyan Age Article,1912,-35.3524518,149.2337634,Australian Yowie Research,https://www.yowiehunters.com.au/historical-articles/1500-queanbeyan-age-article-1912,/Users/jarlgiovanni/Desktop/bigfoot_research/public/data/frontend-data.json
f51de4afea91cdf837814467ce0609b65ab58433130163f7d4fb8126cc04e403,705,,,,1912 - Sydney Morning Herald,1912,-33.8698439,151.2082848,Australian Yowie Research,https://www.yowiehunters.com.au/historical-articles/1529-sydney-morning-herald-1912,/Users/jarlgiovanni/Desktop/bigfoot_research/public/data/frontend-data.json
3c8fb6ed59635621f67c1ab6c00c0a92ee66656e8ca217132857ef0c1ade8616,706,,,,1912 - Sydney Morning Herald Article,1912,-33.8698439,151.2082848,Australian Yowie Research,https://www.yowiehunters.com.au/historical-articles/1497-sydney-morning-herald-article-1912,/Users/jarlgiovanni/Desktop/bigfoot_research/public/data/frontend-data.json
d2736239f80f83f48b822f71cf508f52e4ea9ce5d6e857fd2006a0f9f85d80be,708,,,,1912 (2) - Sydney Sun Article,1912,-33.8698439,151.2082848,Australian Yowie Research,https://www.yowiehunters.com.au/historical-articles/1501-sydney-sun-article-1912-2,/Users/jarlgiovanni/Desktop/bigfoot_research/public/data/frontend-data.json
c9cd9d3a5980e9b20812d81063ba555ff5b48ceb0b866ef72f4be5ac6f8fe752,877,,,,1912 - Adelaide Chronicle Yowie Article,1912,-34.9281805,138.5999312,Australian Yowie Research,https://www.yowiehunters.com.au/media-clips/2014-1912-adelaide-chronicle-yowie-article,/Users/jarlgiovanni/Desktop/bigfoot_research/public/data/frontend-data.json
2a1507094ac19b3cb4667e854e4ec1998d04d3edc351155cbf5f3b1bc0861b33,881,,,,1912 - Sydney Morning Heald Yowie Article,1912,-33.8698439,151.2082848,Australian Yowie Research,https://www.yowiehunters.com.au/media-clips/1853-1912-sydney-morning-heald,/Users/jarlgiovanni/Desktop/bigfoot_research/public/data/frontend-data.json
7c76dcd655e3661c7a84d44fde7850b857e0be873cd20d39c0e0328b964f3a86,882,,,,1912- Bega Budget Yowie Article,1912,-36.6780983,149.8408283,Australian Yowie Research,https://www.yowiehunters.com.au/media-clips/1852-1912-bega-budget,/Users/jarlgiovanni/Desktop/bigfoot_research/public/data/frontend-data.json
2a15313de857d3c9289e3724c5f6e4288b62497c7b7bd6a6750527434bae8bee,1031,,,,1912 - Sunday Mail Yowie Article,1912,-27.4689623,153.0235009,Australian Yowie Research,https://www.yowiehunters.com.au/media-clips/1775-1912-sunday-mail-yowie-article,/Users/jarlgiovanni/Desktop/bigfoot_research/public/data/frontend-data.json
b87c0bb2433846bb05025e71eb055743fbef494171489810662a49374465a5dd,3059,,,,"spirits in Across Australia, volume 1",1912,-28.4803638,137.2979051,Internet Archive,https://archive.org/download/acrossaustralia01spenuoft/acrossaustralia01spenuoft_djvu.txt,/Users/jarlgiovanni/Desktop/bigfoot_research/public/data/frontend-data.json
b7f65f6655131d3d4e94477e36861377954d1227b738db3a860b63a663b21b01,3060,,,,"spirits in Across Australia, volume 1",1912,-28.4803638,137.2979051,Internet Archive,https://archive.org/download/acrossaustralia01spenuoft/acrossaustralia01spenuoft_djvu.txt,/Users/jarlgiovanni/Desktop/bigfoot_research/public/data/frontend-data.json
b1968b94741561d58df2b9b800f185c97b257f596fc90383902c9aea15d81a00,3061,,,,"spirit in Across Australia, volume 1",1912,-28.4803638,137.2979051,Internet Archive,https://archive.org/download/acrossaustralia01spenuoft/acrossaustralia01spenuoft_djvu.txt,/Users/jarlgiovanni/Desktop/bigfoot_research/public/data/frontend-data.json
5e9d954c82d8b6a9323f2108af0bfcfacc99f65577ed7b0afac41428b1632128,3070,,,,"magic man in Across Australia, volume 1",1912,-28.4803638,137.2979051,Internet Archive,https://archive.org/download/acrossaustralia01spenuoft/acrossaustralia01spenuoft_djvu.txt,/Users/jarlgiovanni/Desktop/bigfoot_research/public/data/frontend-data.json
18d9820612fc43dbc06f6b15d5f52d4c7ac42265e6a4e3bd9f4fbd876bbed2b9,3095,,,,"spirits in Across Australia, volume 2",1912,-23.6983884,133.8812885,Internet Archive,https://archive.org/download/acrossaustralia02spen/acrossaustralia02spen_djvu.txt,/Users/jarlgiovanni/Desktop/bigfoot_research/public/data/frontend-data.json
d60e166e3a4c2a3bf2772bb41f982c00b2d886bf8ff8fd61ec0e0a9a7222d226,3142,,,,"spirits in Across Australia, volume 2",1912,-24.9214046,133.6838744,Internet Archive,https://archive.org/download/acrossaustralia02spen/acrossaustralia02spen_djvu.txt,/Users/jarlgiovanni/Desktop/bigfoot_research/public/data/frontend-data.json
0e90eaf644d5aa83e753400b9faf89e8714bbb1e570386d821eb93dc93c50a00,3149,,,,"devil in Across Australia, volume 2",1912,-24.9214046,133.6838744,Internet Archive,https://archive.org/download/acrossaustralia02spen/acrossaustralia02spen_djvu.txt,/Users/jarlgiovanni/Desktop/bigfoot_research/public/data/frontend-data.json
ea46e8eecbadeee73c0ad8d168028c20988329f2fe3edcfa511330009d1ec004,3153,,,,"medicine man in Across Australia, volume 2",1912,-23.6983884,133.8812885,Internet Archive,https://archive.org/download/acrossaustralia02spen/acrossaustralia02spen_djvu.txt,/Users/jarlgiovanni/Desktop/bigfoot_research/public/data/frontend-data.json
c5c326ea93e060a3d1b86fef5d96903a556392f8c6e4ddbb996d3f150480b008,3155,,,,"medicine man in Across Australia, volume 2",1912,-23.6983884,133.8812885,Internet Archive,https://archive.org/download/acrossaustralia02spen/acrossaustralia02spen_djvu.txt,/Users/jarlgiovanni/Desktop/bigfoot_research/public/data/frontend-data.json
c37120b0332db12248a81aa300a7cb7fad4d5ba6c16028d94819601a9d9ad2dc,3163,,,,"medicine man in Across Australia, volume 2",1912,-24.9214046,133.6838744,Internet Archive,https://archive.org/download/acrossaustralia02spen/acrossaustralia02spen_djvu.txt,/Users/jarlgiovanni/Desktop/bigfoot_research/public/data/frontend-data.json
0828eb2e9a8da5b6492e883105de3feab0c421fbcd59d9f33d542fcee33409ce,883,,,,1913 - Bombala Times Yowie Article,1913,-36.9113175,149.2389375,Australian Yowie Research,https://www.yowiehunters.com.au/media-clips/2144-1913-bombala-times-yowie-article,/Users/jarlgiovanni/Desktop/bigfoot_research/public/data/frontend-data.json
56fa8eac161d23d8f5906e7781715b1dd04c0a7b0feb9fcded9b28029f7e212b,884,,,,1913 - Maitland Daily Mercury Yowie Article,1913,-32.7316683,151.5511123,Australian Yowie Research,https://www.yowiehunters.com.au/media-clips/2011-1913-maitland-daily-mercury-yowie-article,/Users/jarlgiovanni/Desktop/bigfoot_research/public/data/frontend-data.json
38efb69118412643fd7d36cb12e10035c5b0ae00a956e66e7cbd9c1965814edc,3818,,,,spirit in Native Tribes of the Northern Territory of Australia,1914,-33.4166482,149.5803725,Internet Archive,https://archive.org/download/cu31924028623076/cu31924028623076_djvu.txt,/Users/jarlgiovanni/Desktop/bigfoot_research/public/data/frontend-data.json
ec6276f7f0b11c823efbd20ac00879cc4eaca047edd0fc3c05b76ad0f6f69181,3824,,,,spirits in Native Tribes of the Northern Territory of Australia,1914,-14.6873399,134.3765274,Internet Archive,https://archive.org/download/cu31924028623076/cu31924028623076_djvu.txt,/Users/jarlgiovanni/Desktop/bigfoot_research/public/data/frontend-data.json
57f6b4e8bcfd950473312b4807cf080062ed2984613b7f98796a232c91d91007,3825,,,,spirits in Native Tribes of the Northern Territory of Australia,1914,-14.6873399,134.3765274,Internet Archive,https://archive.org/download/cu31924028623076/cu31924028623076_djvu.txt,/Users/jarlgiovanni/Desktop/bigfoot_research/public/data/frontend-data.json
580b8f899887e65604f0467971f85c3fa9ddfca2a30a09322d7b901433fb76b0,3962,,,,ghost in Australia Felix,1917,-37.5623013,143.8605645,Project Gutenberg,https://www.gutenberg.org/ebooks/3832.txt.utf-8,/Users/jarlgiovanni/Desktop/bigfoot_research/public/data/frontend-data.json
9cc9e27e0ccd30df0a4b04ddc9ef0983132e3406d724510e02f6fa7a4e3bcc73,85,,,,"Charlton, New South Wales 1923",1923,-33.6770642,149.6215064,Australian Yowie Research,https://www.yowiehunters.com.au/new-south-wales/1369-charlton-new-south-wales-1923,/Users/jarlgiovanni/Desktop/bigfoot_research/public/data/frontend-data.json
28f52a83147bca2351c3ddfe1ea5b5f62b5132ab3193616457569c6096a5070b,1414,,,,little woman in Tales of the Dandenongs First Series,1925,-37.8333,145.35,Project Gutenberg Australia,https://gutenberg.net.au/ebooks21/2100371h.html,/Users/jarlgiovanni/Desktop/bigfoot_research/public/data/frontend-data.json
46ddd4fc986ec69d02c414a5223c9f2a9c527f28f8a079857b4e9e0f854012e7,1457,,,,fairy in Tales of the Dandenongs Second Series,1925,-37.8333,145.35,Project Gutenberg Australia,https://gutenberg.net.au/ebooks21/2100341h.html,/Users/jarlgiovanni/Desktop/bigfoot_research/public/data/frontend-data.json
4bb54f5f638e62d5dd075af52425bf8e9d0c28cfe9eb2dafea03e5d3015255b9,1458,,,,spirit in Tales of the Dandenongs Third Series,1925,-37.8333,145.35,Project Gutenberg Australia,https://gutenberg.net.au/ebooks21/2100481h.html,/Users/jarlgiovanni/Desktop/bigfoot_research/public/data/frontend-data.json
e0217f1d97cb32fbd828abc067f814133209f33a7a47837327897f19315d58ac,1459,,,,spirit in Tales of the Dandenongs Third Series,1925,-37.8333,145.35,Project Gutenberg Australia,https://gutenberg.net.au/ebooks21/2100481h.html,/Users/jarlgiovanni/Desktop/bigfoot_research/public/data/frontend-data.json
023fc2fd7f77e4d0ac3d9ec7b87794cc2c02b032592f3b9c74630be5ea68f5ff,1460,,,,witch in Tales of the Dandenongs Third Series,1925,-37.8333,145.35,Project Gutenberg Australia,https://gutenberg.net.au/ebooks21/2100481h.html,/Users/jarlgiovanni/Desktop/bigfoot_research/public/data/frontend-data.json
fe97c3aa0ad4f7d1d45a1bd014b37347a25e2004da37df4ac7bd9b6b4d9a407e,1461,,,,witch in Tales of the Dandenongs Third Series,1925,-37.8333,145.35,Project Gutenberg Australia,https://gutenberg.net.au/ebooks21/2100481h.html,/Users/jarlgiovanni/Desktop/bigfoot_research/public/data/frontend-data.json
bafcc7cb8e10403659af2be2f8d07c38fbe5691b03ef77a453f981e9d7ef6be0,1462,,,,witch in Tales of the Dandenongs Third Series,1925,-37.8333,145.35,Project Gutenberg Australia,https://gutenberg.net.au/ebooks21/2100481h.html,/Users/jarlgiovanni/Desktop/bigfoot_research/public/data/frontend-data.json
ae52bd62ae96aa09ba7fb7e6c002f178ce8c5a30472b3d0d56c0ed59622bbc36,1463,,,,witch in Tales of the Dandenongs Third Series,1925,-37.8333,145.35,Project Gutenberg Australia,https://gutenberg.net.au/ebooks21/2100481h.html,/Users/jarlgiovanni/Desktop/bigfoot_research/public/data/frontend-data.json
7eee97f3a6ffffd121f622c11005d26e8eaa380e0da554a7932389f7a7a8ec61,1464,,,,spirit in Tales of the Dandenongs Third Series,1925,-37.8333,145.35,Project Gutenberg Australia,https://gutenberg.net.au/ebooks21/2100481h.html,/Users/jarlgiovanni/Desktop/bigfoot_research/public/data/frontend-data.json
fc1d52b5a83c6e0cf8ac15bef72a7fe5a00749232b628b6b267b22be34d8a967,1465,,,,spirit in Tales of the Dandenongs Third Series,1925,-37.8333,145.35,Project Gutenberg Australia,https://gutenberg.net.au/ebooks21/2100481h.html,/Users/jarlgiovanni/Desktop/bigfoot_research/public/data/frontend-data.json
70b7f91c2bcb293a945c5219d040fa2d503fc4d8486d7813dca6501dbf8a2ec2,1466,,,,giant in Tales of the Dandenongs Fourth Series,1925,-37.8333,145.35,Project Gutenberg Australia,https://gutenberg.net.au/ebooks21/2100381h.html,/Users/jarlgiovanni/Desktop/bigfoot_research/public/data/frontend-data.json
9adc9bfeaa6b4add402a3bdb6c0a1b909fd163379a16446e8f3b2dc23e9b18d5,1467,,,,ghost in Tales of the Dandenongs Fourth Series,1925,-37.8333,145.35,Project Gutenberg Australia,https://gutenberg.net.au/ebooks21/2100381h.html,/Users/jarlgiovanni/Desktop/bigfoot_research/public/data/frontend-data.json
ec21ba1d4ee11eaf03eec7a06e79d69657265920675f87e114c30e4e75460af8,1468,,,,little woman in Tales of the Dandenongs Fourth Series,1925,-37.8333,145.35,Project Gutenberg Australia,https://gutenberg.net.au/ebooks21/2100381h.html,/Users/jarlgiovanni/Desktop/bigfoot_research/public/data/frontend-data.json
a9f5f4a8426d8ebb3efea31a381e26668c7aa11d2ab3aaed932b11ee680aa113,1469,,,,little woman in Tales of the Dandenongs Fourth Series,1925,-37.8333,145.35,Project Gutenberg Australia,https://gutenberg.net.au/ebooks21/2100381h.html,/Users/jarlgiovanni/Desktop/bigfoot_research/public/data/frontend-data.json
2c87d003f9bb3cbe3762f8fdd542f509506a05b4e9ded920494960e11094683f,1470,,,,little woman in Tales of the Dandenongs Fourth Series,1925,-37.8333,145.35,Project Gutenberg Australia,https://gutenberg.net.au/ebooks21/2100381h.html,/Users/jarlgiovanni/Desktop/bigfoot_research/public/data/frontend-data.json
f7279e0a6decacf78fa9b8e2fcb73a790a0b9cfcf9a4662e7dc19dcb317522e6,2333,,,,fairy in Tales of the Dandenongs First Series,1925,-37.8333,145.35,Project Gutenberg Australia,https://gutenberg.net.au/ebooks21/2100371h.html,/Users/jarlgiovanni/Desktop/bigfoot_research/public/data/frontend-data.json
2787f090ab190172e804e3f01bbf2b8f22e32c94d6cbf24b1115dc29fb97453d,2334,,,,giant in Tales of the Dandenongs First Series,1925,-37.8333,145.35,Project Gutenberg Australia,https://gutenberg.net.au/ebooks21/2100371h.html,/Users/jarlgiovanni/Desktop/bigfoot_research/public/data/frontend-data.json
721dbffc0c32625aecab26431969591d41d98172f74e2dd93fc3d2fa84425b66,2335,,,,giant in Tales of the Dandenongs First Series,1925,-37.8333,145.35,Project Gutenberg Australia,https://gutenberg.net.au/ebooks21/2100371h.html,/Users/jarlgiovanni/Desktop/bigfoot_research/public/data/frontend-data.json
a76e2562c495413157cd371b32378f6eacc759e1c42c3daab1bf6726e4a8bac6,2336,,,,spirit in Tales of the Dandenongs First Series,1925,-37.8333,145.35,Project Gutenberg Australia,https://gutenberg.net.au/ebooks21/2100371h.html,/Users/jarlgiovanni/Desktop/bigfoot_research/public/data/frontend-data.json
cedd093334b6200e8e84ef6e1d336f33b728474976757ecfcd207e97bf97cfa2,2337,,,,giant in Tales of the Dandenongs First Series,1925,-37.8333,145.35,Project Gutenberg Australia,https://gutenberg.net.au/ebooks21/2100371h.html,/Users/jarlgiovanni/Desktop/bigfoot_research/public/data/frontend-data.json
ce021b511354f360ab392fb298d05e96d179410ad54356bad6c5ef43eaf3d22c,2338,,,,spirit in Tales of the Dandenongs First Series,1925,-37.8333,145.35,Project Gutenberg Australia,https://gutenberg.net.au/ebooks21/2100371h.html,/Users/jarlgiovanni/Desktop/bigfoot_research/public/data/frontend-data.json
6251dea0176b977921bc6541dae8363a1c1ddf080ef5c92d38dda5887c50cb4d,2339,,,,devil in Tales of the Dandenongs Third Series,1925,-37.8333,145.35,Project Gutenberg Australia,https://gutenberg.net.au/ebooks21/2100481h.html,/Users/jarlgiovanni/Desktop/bigfoot_research/public/data/frontend-data.json
ba27201881e63f42fc35ce8d719ce81fc0ee6f0d6076a151e12089e7069ff18a,2340,,,,devil in Tales of the Dandenongs Third Series,1925,-37.8333,145.35,Project Gutenberg Australia,https://gutenberg.net.au/ebooks21/2100481h.html,/Users/jarlgiovanni/Desktop/bigfoot_research/public/data/frontend-data.json
16bc8349bf80991a7b0ac6b74cd6f5061ccb5d6dfc01132fb2f6aa9cc0bdd95d,2341,,,,devil in Tales of the Dandenongs Third Series,1925,-37.8333,145.35,Project Gutenberg Australia,https://gutenberg.net.au/ebooks21/2100481h.html,/Users/jarlgiovanni/Desktop/bigfoot_research/public/data/frontend-data.json
ba7e62e5c9034127befd29fb9c561d41cbfc86ffaccb5bd1aae8213305f7e883,2342,,,,spirit in Tales of the Dandenongs Fourth Series,1925,-37.8333,145.35,Project Gutenberg Australia,https://gutenberg.net.au/ebooks21/2100381h.html,/Users/jarlgiovanni/Desktop/bigfoot_research/public/data/frontend-data.json
81acf3a9fe1ce3904b008d1d50bf5603e43c2a91c96900a410c38a59648f5caa,2343,,,,spirit in Tales of the Dandenongs Fourth Series,1925,-37.8333,145.35,Project Gutenberg Australia,https://gutenberg.net.au/ebooks21/2100381h.html,/Users/jarlgiovanni/Desktop/bigfoot_research/public/data/frontend-data.json
f2f43958cd80aef8b998b404fa193ae71b9965567896b3145eefc8f3b83bd8e1,710,,,,"1927 - Brindabella Article, John Gale",1927,-35.3092958,149.0063023,Australian Yowie Research,https://www.yowiehunters.com.au/historical-articles/1496-john-gale-brindabella-article-1927,/Users/jarlgiovanni/Desktop/bigfoot_research/public/data/frontend-data.json
964775d68958eb1d68b1f0ba6ee1fdcc128abb7201fd7f0319738e4f897fc3b6,711,,,,"1927 - History of ACT Legends, John Gale",1927,-35.2975906,149.1012676,Australian Yowie Research,https://www.yowiehunters.com.au/historical-articles/1655-history-of-act-legends-john-gale-1927,/Users/jarlgiovanni/Desktop/bigfoot_research/public/data/frontend-data.json
46927f309c057debff6d2d905a913af856b41621bb3f4ff2b44ec373eaffd220,885,,,,1927 - Canberra History & Legends by J. Gale,1927,-35.2975906,149.1012676,Australian Yowie Research,https://www.yowiehunters.com.au/media-clips/1716-1927-canberra-history-legends-by-j-gale,/Users/jarlgiovanni/Desktop/bigfoot_research/public/data/frontend-data.json
299347ab18a94f8a865ee16ed384cc2b199fd94e54a43469c2360a4619bcd7a0,886,,,,1927 - History and Legends of the A.C.T. by John Gale,1927,-35.3092958,149.0063023,Australian Yowie Research,https://www.yowiehunters.com.au/media-clips/2163-1927-history-and-legends-of-the-a-c-t-by-john-gale,/Users/jarlgiovanni/Desktop/bigfoot_research/public/data/frontend-data.json
2806a2070cb14af099fd9f1a7f1e46a51b459033ca6de807056f07afe75a9f36,4416,,,,Reports from newspapers: 1927 - Canberra History and Legends by J. Gale,1927,-35.368056,148.658222,Australian Yowie Research / AYR Yowie Reports Map,https://www.yowiehunters.com.au/media-clips/1716-1927-canberra-history-legends-by-j-gale,/Users/jarlgiovanni/Desktop/bigfoot_research/public/data/frontend-data.json
b847dbddc8071aa9e035fd2dd3df6562e5dda10e981a0a25663113eea85e5d8b,4417,,,,Reports from newspapers: 1927 - History and Legends of the A.C.T. by John Gale,1927,-35.156461,148.585336,Australian Yowie Research / AYR Yowie Reports Map,https://www.yowiehunters.com.au/media-clips/2163-1927-history-and-legends-of-the-a-c-t-by-john-gale,/Users/jarlgiovanni/Desktop/bigfoot_research/public/data/frontend-data.json
777c750437fbeaa5f49df253fb279a53652d8b27719ee995d75fee906c6d5eae,712,,,,1928 - Brisbane Courier,1928,-27.4689623,153.0235009,Australian Yowie Research,https://www.yowiehunters.com.au/historical-articles/1633-brisbane-courier-queensland-1928,/Users/jarlgiovanni/Desktop/bigfoot_research/public/data/frontend-data.json
23d0dd120fe0d7c051a4f490cc91e0e5bb4abec093c611e6cd71d511fdf03fcc,382,,,,"Crescent Head, New South Wales 1930",1930,-31.19,152.9761111,Australian Yowie Research,https://www.yowiehunters.com.au/new-south-wales/1686-crescent-head-new-south-wales-1930,/Users/jarlgiovanni/Desktop/bigfoot_research/public/data/frontend-data.json
e35da422a45e64904036ae3544a9a187c7a0f8eea2678fd174437399ed5da1ab,4261,,,,"YouTube reports, interviews: Yowie Sighting (Audio Report #49) at Crescent Head, New South Wales (1930)",1930,-31.19,152.9761111,Australian Yowie Research / AYR Yowie Reports Map,https://www.youtube.com/watch?v=r3_nE8Rk4F4,/Users/jarlgiovanni/Desktop/bigfoot_research/public/data/frontend-data.json
f0942591c481d5cbd35327859c8ea999211f305d3177eaa903f651d03d4f8310,4262,,,,"YouTube reports, interviews: Yowie Sightings (Audio Report #48) around Stanthorpe in the 1930s",1930,-28.733177,151.9649,Australian Yowie Research / AYR Yowie Reports Map,https://www.youtube.com/watch?v=1AxyMBWGACU,/Users/jarlgiovanni/Desktop/bigfoot_research/public/data/frontend-data.json
3f515eea34c7e628d4e8b65404f62cd689465a03acaa06806cb8289900bb2c5f,149,,,,"Charters Towers, Queensland 1932",1932,-20.0714089,146.2709824,Australian Yowie Research,https://www.yowiehunters.com.au/queensland/1280-charters-towers-qld-1932,/Users/jarlgiovanni/Desktop/bigfoot_research/public/data/frontend-data.json
745e75ac930af774498026c9885ee8b4c78fc779f95f5c3575cef1cd3d20cdd0,4418,,,,Reports from newspapers: 1932 - Northern Territory Times Yowie Article,1932,-36.313056,146.839167,Australian Yowie Research / AYR Yowie Reports Map,https://www.yowiehunters.com.au/media-clips/2166-1932-northern-territory-times-yowie-article,/Users/jarlgiovanni/Desktop/bigfoot_research/public/data/frontend-data.json
2241ea6feaa90bd5f0809ee46ac85d94f28dd044898cf2d1bedc5778a84be6ba,457,,,,"Stanthorpe, Queensland 1934",1934,-28.6559947,151.9338265,Australian Yowie Research,https://www.yowiehunters.com.au/queensland/1334-stanthorpe-qld-1934,/Users/jarlgiovanni/Desktop/bigfoot_research/public/data/frontend-data.json
3cae3745dda6501f54c86da20f8a3e9d8b505d750e8aecc699aaef3125a1df18,713,,,,"1932 - Stanthorpe, Queensland",1934,-28.6559947,151.9338265,Australian Yowie Research,https://www.yowiehunters.com.au/historical-articles/1527-stanthorpe-queensland-1932,/Users/jarlgiovanni/Desktop/bigfoot_research/public/data/frontend-data.json
baebadee8e89214fa9dfe6232c4be70b54dab2013128db9d6fed2fe3eb871c1f,714,,,,1934 - The Cairns Post,1934,-16.9206657,145.7721854,Australian Yowie Research,https://www.yowiehunters.com.au/historical-articles/2263-1934-the-cairns-post,/Users/jarlgiovanni/Desktop/bigfoot_research/public/data/frontend-data.json
ed3d79b249cba8a084ae76a70c9920616562de9287ad4786dd6d5aa8aa337f11,514,,,,"Lismore, New South wales 1935",1935,-28.8077608,153.2791883,Australian Yowie Research,https://www.yowiehunters.com.au/new-south-wales/1411-lismore-new-south-wales-1935,/Users/jarlgiovanni/Desktop/bigfoot_research/public/data/frontend-data.json
53879d11098e2ca3c846a1ea00bdf2e260f02c6274e1b03ab239b0e56746dfe6,824,,,,1935 - Sydney Morning Herald,1935,-33.8698439,151.2082848,Australian Yowie Research,https://www.yowiehunters.com.au/historical-articles/1504-sydney-morning-herald-1935,/Users/jarlgiovanni/Desktop/bigfoot_research/public/data/frontend-data.json
0d180d18c96eea2b6a212fd70dee7dc39ca557476fcdfc558aac18422365ae09,4421,,,,Reports from newspapers: 1970s - Northern Star Re:1935 Lismore Yowie Sighting,1935,-28.833667,153.283333,Australian Yowie Research / AYR Yowie Reports Map,https://www.yowiehunters.com.au/media-clips/1692-northern-star-regarding-1935-lismore-yowie-sighting,/Users/jarlgiovanni/Desktop/bigfoot_research/public/data/frontend-data.json
29812755ead94d315dcf2807985885d1c2fea3518b59093a0cbbf2ff7bdeabe6,4601,,,,"Witness sketches: Maria River, New Souith Wales (1935)",1935,-31.380008,152.827288,Australian Yowie Research / AYR Yowie Reports Map,https://www.yowiehunters.com.au/witness-sketches,/Users/jarlgiovanni/Desktop/bigfoot_research/public/data/frontend-data.json
463619e252a43551a2b1dc223009755e7a1793b4486f36feaf3faef14410c788,4409,,,,Videos: 1936 Apparition of Yowie or Pareidolia,1936,-35.516667,148.15,Australian Yowie Research / AYR Yowie Reports Map,https://www.youtube.com/watch?v=6D5R4WF9HjI,/Users/jarlgiovanni/Desktop/bigfoot_research/public/data/frontend-data.json
67e956258c0e9e7156db76b8d23a104e704a78d84dc7bf95843e85f42e8ac576,405,,,,"Nanango, Queensland 1938",1938,-26.6764195,151.9851744,Australian Yowie Research,https://www.yowiehunters.com.au/queensland/1315-nanango-qld-1938,/Users/jarlgiovanni/Desktop/bigfoot_research/public/data/frontend-data.json
e9c4244a8d321bff42cbd5d684796941f2215be04f45ed11c05e87fafa8581fa,825,,,,"1938 - Nanango, Yowie Report",1938,-26.6764195,151.9851744,Australian Yowie Research,https://www.yowiehunters.com.au/historical-articles/1528-nanango-queensland-1938,/Users/jarlgiovanni/Desktop/bigfoot_research/public/data/frontend-data.json
e350650147fd5985f378a775d03096d02a8795ee4af42691e7817d8f556f9060,4263,,,,"YouTube reports, interviews: Yowie Sighting (Audio Report #20) near Nanango, Queensland (1938-39)",1938,-26.6764195,151.9851744,Australian Yowie Research / AYR Yowie Reports Map,https://www.youtube.com/watch?v=Vjs5J28XCiI,/Users/jarlgiovanni/Desktop/bigfoot_research/public/data/frontend-data.json
11dd0073c03bb3096729224e9c860dba93bb10ddecb092222cd7272785e3fe40,150,,,,"Aramara, Queensland 1950",1950,-25.5514395,152.3346752,Australian Yowie Research,https://www.yowiehunters.com.au/queensland/1267-aramara-qld-1950,/Users/jarlgiovanni/Desktop/bigfoot_research/public/data/frontend-data.json
80a5c32d3260d9b95ca84406cefef6991a87c7777d369df4adf4648b16cc1150,256,,,,"Moe, Victoria 1950",1950,-38.1855104,146.2477028,Australian Yowie Research,https://www.yowiehunters.com.au/victoria/1254-moe-vic-1950,/Users/jarlgiovanni/Desktop/bigfoot_research/public/data/frontend-data.json
9f618e56a44f7592b68110e473fe1cd669927e8f83044e3e193eccd233d5c4ec,4264,,,,"Written reports: Yowie Sighting at Aramara, Queensland 1950",1950,-25.6113,152.3213,Australian Yowie Research / AYR Yowie Reports Map,https://www.yowiehunters.com.au/queensland/1267-aramara-qld-1950,/Users/jarlgiovanni/Desktop/bigfoot_research/public/data/frontend-data.json
62fcb2309dcf052fa37df020299a1706ce8b90298d3b20ee86ab59c03521815a,4332,,,,"Written reports: Yowie Sighting at Moe, Victoria 1950",1950,-38.177049,146.2619888,Australian Yowie Research / AYR Yowie Reports Map,https://www.yowiehunters.com.au/victoria/1254-moe-vic-1950,/Users/jarlgiovanni/Desktop/bigfoot_research/public/data/frontend-data.json
6ca071df79a69f099f95427ee6e4e295a035c960171d76e87d077b452c3598d8,634,,,,"Young, New South Wales 1955",1955,-34.3129164,148.2955025,Australian Yowie Research,https://www.yowiehunters.com.au/new-south-wales/1866-young-new-south-wales-1955,/Users/jarlgiovanni/Desktop/bigfoot_research/public/data/frontend-data.json
3c11268612d621f6e916f3318c510675c5c78ec11ced039d51b3a2281a6df050,4265,,,,"YouTube reports, interviews: Yowie Sighting (Audio Report #98) near Young, New South Wales (1955)",1955,-34.3129164,148.2955025,Australian Yowie Research / AYR Yowie Reports Map,https://www.youtube.com/watch?v=qpbYt4LkcV4,/Users/jarlgiovanni/Desktop/bigfoot_research/public/data/frontend-data.json
11fc0ffd6bcfd54fa5ee786c1737c04fbea73a8b2da7dd3b78f9f2b93431e067,543,,,,"Mungay Creek, New South Wales 1960",1960,-30.9068,152.6762,Australian Yowie Research,https://www.yowiehunters.com.au/new-south-wales/1427-mungay-creek-new-south-wales-1960,/Users/jarlgiovanni/Desktop/bigfoot_research/public/data/frontend-data.json
413876d7d21f52b9f458d8de26c81ef740655a13769c0056a08bff0c5b0e7b1b,4669,,,,FISHER'S GHOST,1960,-34.0667,150.8167,Internet Archive Advanced Search,https://archive.org/details/ccc_fishersghost,/Users/jarlgiovanni/Desktop/bigfoot_research/public/data/frontend-data.json
29c45706743ff58b2b0f1455cd01d57e6d22fee68a1a817ed672c0c970dfd39d,4670,,,,FISHER'S GHOST,1960,-34.0667,150.8167,Internet Archive Advanced Search,https://archive.org/details/FISHERSGHOST,/Users/jarlgiovanni/Desktop/bigfoot_research/public/data/frontend-data.json
f27059cd2c0c296b7947e69a659960a9185b01f19c7d9a074adbada27c9ed1db,4671,,,,"FISHER'S GHOST MURDER SITE, CAMPBELLTOWN, NSW, 1826",1960,-34.0667,150.8167,Internet Archive Advanced Search,https://archive.org/details/site-of-fisher-s-murder,/Users/jarlgiovanni/Desktop/bigfoot_research/public/data/frontend-data.json
40d05c1e8c19fe898df8d6b0c65a4328697041679d90559518c49fa620661e59,4672,,,,"FISHER'S GHOST:-(THE ORIGINAL, COMPLETE MANUSCRIPT, LOCATED IN CAMPBELLTOWN CITY LIBRARY, NSW).",1960,-34.0667,150.8167,Internet Archive Advanced Search,https://archive.org/details/TheGhostOfFrederickFisher_154,/Users/jarlgiovanni/Desktop/bigfoot_research/public/data/frontend-data.json
8d1d8b49790484c4b7169e9198c8900746976e61d8b9411fa00b90a366e21652,4673,,,,IMG 4860 ( 1) FISHER' S GHOST BRIDGE,1960,-34.0667,150.8167,Internet Archive Advanced Search,https://archive.org/details/img-4860-1-fisher-s-ghost-bridge,/Users/jarlgiovanni/Desktop/bigfoot_research/public/data/frontend-data.json
78057f0fc6d8221b0180176d372da720e52550eaafba785516d5b35dda2c6014,4674,,,,FISHER'S GHOST MURDER SITE,1960,-34.0667,150.8167,Internet Archive Advanced Search,https://archive.org/details/site-of-fisher-s-murder_202311,/Users/jarlgiovanni/Desktop/bigfoot_research/public/data/frontend-data.json
9cd5e1d6fff33e88b894510ed128c1ad322a6d009458c8e0f9b7c08bd1091efa,86,,,,"Dungay Creek, New South Wales 1962",1962,-31.0815329,152.6117998,Australian Yowie Research,https://www.yowiehunters.com.au/new-south-wales/1669-dungay-new-south-wales-1963,/Users/jarlgiovanni/Desktop/bigfoot_research/public/data/frontend-data.json
1767c0bbf483f660130d3b5e88e0d3384e98bd6227be86a3f06477ce04482f6d,400,,,,"Dungay Creek, New South Wales 1962",1962,-31.0815329,152.6117998,Australian Yowie Research,https://www.yowiehunters.com.au/new-south-wales/2080-dungay-creek-new-south-wales-1962,/Users/jarlgiovanni/Desktop/bigfoot_research/public/data/frontend-data.json
d68ab3cbbd5ab5e98736beaa3debe599d9e89631070b61667f15e72bf065f426,402,,,,"Dungay Creek, New South Wales 1962",1962,-31.0815329,152.6117998,Australian Yowie Research,https://www.yowiehunters.com.au/new-south-wales/2081-dungay-creek-new-south-wales-1963,/Users/jarlgiovanni/Desktop/bigfoot_research/public/data/frontend-data.json
e1022ee81cc2537a43b5feb68fb5a078d795ec4fbc5552c974d66a235cade705,827,,,,"1962 - Macleay Argus, Dungay Creek Yowie Article",1962,-31.0815329,152.6117998,Australian Yowie Research,https://www.yowiehunters.com.au/historical-articles/1426-mungay-creek-new-south-wales-1950,/Users/jarlgiovanni/Desktop/bigfoot_research/public/data/frontend-data.json
f049eef688813fd1f73cdeaa2e412e8c4874021f9169e69f2c5db788d9a6bd03,888,,,,1964 - Sydney Herald Yowie Article,1964,-33.8698439,151.2082848,Australian Yowie Research,https://www.yowiehunters.com.au/media-clips/2160-1964-sydney-herald-yowie-article,/Users/jarlgiovanni/Desktop/bigfoot_research/public/data/frontend-data.json
ae8430c7afcfed491beb334df0f2f7563714a37382056bc8a630688df81b8a83,4419,,,,Reports from newspapers: 1964 - Sydney Herald Yowie Article,1964,-34.85,149.95,Australian Yowie Research / AYR Yowie Reports Map,https://www.yowiehunters.com.au/media-clips/2160-1964-sydney-herald-yowie-article,/Users/jarlgiovanni/Desktop/bigfoot_research/public/data/frontend-data.json
8632ef8a84887cb8b535d8af48d6fcd5da4f38f1b7f08aec8054abeac1eeeaf0,465,,,,"Tewantin, Queensland 1965",1965,-26.3920057,153.0391832,Australian Yowie Research,https://www.yowiehunters.com.au/queensland/1341-twantin-qld-1965,/Users/jarlgiovanni/Desktop/bigfoot_research/public/data/frontend-data.json
92713d923e18880674ad83702f3ffa3d8d39365ab8a8ec8fb2c0978968f37c16,509,,,,"Wyandra, Queensland 1965",1965,-27.27195,146.0871592,Australian Yowie Research,https://www.yowiehunters.com.au/queensland/1343-wyandra-qld-1965,/Users/jarlgiovanni/Desktop/bigfoot_research/public/data/frontend-data.json
edb89078bd88f48fb1c80ccf244a404a846ab6fb66509a0775faea838b5b3c57,889,,,,1965 - Sydney Sun Yowie Article,1965,-33.8698439,151.2082848,Australian Yowie Research,https://www.yowiehunters.com.au/media-clips/1747-1965-sydney-sun-yowie-article,/Users/jarlgiovanni/Desktop/bigfoot_research/public/data/frontend-data.json
db725a3b1613560cbfe25abbd53dbab78fff5ec5cd4af48aeed53fe1824984f8,4420,,,,Reports from newspapers: 1965 - Sydney Sun Yowie Article,1965,-27.2463,145.9783,Australian Yowie Research / AYR Yowie Reports Map,https://www.yowiehunters.com.au/media-clips/1747-1965-sydney-sun-yowie-article,/Users/jarlgiovanni/Desktop/bigfoot_research/public/data/frontend-data.json
ede96180d888e8a5e81fe2cbd44f9372cf7d646c7618046d0e057f363a1a4812,556,,,,"Oxley Island, New South Wales 1967",1967,-31.9132089,152.5666119,Australian Yowie Research,https://www.yowiehunters.com.au/new-south-wales/1436-oxley-island-new-south-wales-1967,/Users/jarlgiovanni/Desktop/bigfoot_research/public/data/frontend-data.json
7a3a8aaad3099e483e32ed0e0d8690c1143644e565a5d21ab3101a2b81f18149,87,,,,"Woy Woy, New South Wales 1968",1968,-33.4880548,151.3274925,Australian Yowie Research,https://www.yowiehunters.com.au/new-south-wales/1832-woy-woy-new-south-wales-1968,/Users/jarlgiovanni/Desktop/bigfoot_research/public/data/frontend-data.json
7260265861c1010fa1bf7358b8be9f12ee9161c7e791e081035baf0e0eae6327,482,,,,"Kempsey, New South Wales 1968",1968,-30.9056457,152.5228021,Australian Yowie Research,https://www.yowiehunters.com.au/new-south-wales/1404-kempsey-new-south-wales-1968,/Users/jarlgiovanni/Desktop/bigfoot_research/public/data/frontend-data.json
f5ec7d7dab722a8bc0c8e9ea6642a68537f8404dcc626a2ccbb7f033c1a89e08,227,,,,"Bangalow, New South Wales 1969",1969,-28.6816667,153.5177778,Australian Yowie Research,https://www.yowiehunters.com.au/new-south-wales/1346-bangalow-new-south-wales-1969,/Users/jarlgiovanni/Desktop/bigfoot_research/public/data/frontend-data.json
adf238d1430338e83327dbf887b7e452cf26ea714787fba8b303032d72f2f80a,45,,,,"Sherbrooke Forest, Victoria 1970",1970,-37.8904969,145.3176068,Australian Yowie Research,https://www.yowiehunters.com.au/victoria/2174-sherbrooke-forest-victoria-1970,/Users/jarlgiovanni/Desktop/bigfoot_research/public/data/frontend-data.json
7f61b63c87e5843028b8cd6f1f81d38b2b881234f05eae858b815b46846ee131,251,,,,"Bathurst, New South Wales 1970",1970,-33.4166482,149.5803725,Australian Yowie Research,https://www.yowiehunters.com.au/new-south-wales/1670-bathurst-new-south-wales-1970,/Users/jarlgiovanni/Desktop/bigfoot_research/public/data/frontend-data.json
3aea929fc3fea6a97ce0031ef41ad799b3a27c49e11d07b89675602356df4ac5,525,,,,"Mogo, New South Wales 1977",1970,-35.7830222,150.1426078,Australian Yowie Research,https://www.yowiehunters.com.au/new-south-wales/1416-mogo-new-south-wales,/Users/jarlgiovanni/Desktop/bigfoot_research/public/data/frontend-data.json
4a04dc1119570afddffc3de535acea057b04b6cbc879b3c59a4ea6376c60c5e8,890,,,,1970 - Courier Mail Yowie Article,1970,-27.4689623,153.0235009,Australian Yowie Research,https://www.yowiehunters.com.au/media-clips/2242-1970-courier-mail-yowie-article,/Users/jarlgiovanni/Desktop/bigfoot_research/public/data/frontend-data.json
163b883c94f3187ef730b315e5f00c754b177e4dc41b4ae8f36ffeb1408387ad,891,,,,1970's - Northern Star Re:1935 Lismore Yowie Sighting,1970,-28.8077608,153.2791883,Australian Yowie Research,https://www.yowiehunters.com.au/media-clips/1692-northern-star-regarding-1935-lismore-yowie-sighting,/Users/jarlgiovanni/Desktop/bigfoot_research/public/data/frontend-data.json
4bd6f9487ab954a9031efdfb063e8e35a6a3034c54f7b5913293ee09ba8f9496,4266,,,,"YouTube reports, interviews: Yowie Sighting (Audio Report #160) in Sherbrooke Forest, Victoria (1970)",1970,-37.8904969,145.3176068,Australian Yowie Research / AYR Yowie Reports Map,https://www.youtube.com/watch?v=cG7pzLwlGiE,/Users/jarlgiovanni/Desktop/bigfoot_research/public/data/frontend-data.json
98a8cd3762535cc47bc0e553d0c1ffa8004b4ad8baa9eae056739e508c7b3e24,531,,,,"Mount Lindesay, New South Wales 1972",1972,-30.2028986,150.1451144,Australian Yowie Research,https://www.yowiehunters.com.au/new-south-wales/2043-mount-lindesay-new-south-wales-1972,/Users/jarlgiovanni/Desktop/bigfoot_research/public/data/frontend-data.json
6b3cef446722966eb18362a08fb20cce82ea0d6418fd3505017befb5e908fe5e,4267,,,,"YouTube reports, interviews: Yowie Sighting (Audio Report #133) at Mount Lindesay, New South Wales (Dec 1972)",1972,-28.342851,152.670412,Australian Yowie Research / AYR Yowie Reports Map,https://www.youtube.com/watch?v=6Xjpk2e3ehI,/Users/jarlgiovanni/Desktop/bigfoot_research/public/data/frontend-data.json
0e4d1b331e4bdf0cb99b603e15b50bd7280f7456fd79c0097e1c01499e1f7f1e,4335,,,,"Written reports: Yowie Sighting at Mount Lindesay, New South Wales 1972",1972,-28.342851,152.670412,Australian Yowie Research / AYR Yowie Reports Map,https://www.yowiehunters.com.au/new-south-wales/2043-mount-lindesay-new-south-wales-1972,/Users/jarlgiovanni/Desktop/bigfoot_research/public/data/frontend-data.json
aadf1c10b7b3b1dcf27477d438c2f97f9ce2dc8703c026be864a2b2daf26b864,88,,,,"Middle Brother Mountain, New South Wales 1973",1973,-33.2675463,149.2936532,Australian Yowie Research,https://www.yowiehunters.com.au/new-south-wales/1942-little-brother-mountain-new-south-wales-1973,/Users/jarlgiovanni/Desktop/bigfoot_research/public/data/frontend-data.json
e1ff185374720ce7593665a410aa83ee21bd2d4d0bbd5f74182a02186d75bf73,151,,,,"Burleigh, Queensland 1973",1973,-20.314865,143.0410557,Australian Yowie Research,https://www.yowiehunters.com.au/queensland/2051-burleigh-queensland-1973,/Users/jarlgiovanni/Desktop/bigfoot_research/public/data/frontend-data.json
5c12fcf68e65bc41a558e949f229c1f4c32ff131c3db16a0aebb11ea126ebb9d,275,,,,"Bexhill, New South Wales 1973",1973,-28.7631637,153.3480115,Australian Yowie Research,https://www.yowiehunters.com.au/new-south-wales/1825-bexhill-new-south-wales-1973,/Users/jarlgiovanni/Desktop/bigfoot_research/public/data/frontend-data.json
b5c637a3153ec807215c0483911508d2781b06706d41d2d8a31935997c605dc3,524,,,,"Minto, New South Wales 1973",1973,-34.0316667,150.8511111,Australian Yowie Research,https://www.yowiehunters.com.au/new-south-wales/1415-monto-new-south-wales-1973,/Users/jarlgiovanni/Desktop/bigfoot_research/public/data/frontend-data.json
aa972c82bd60b37953042e3f5bf0d34add2fa2c48cb9d7a169901c70d462a407,1032,,,,1973 - Daily Telegraph Yowie Article,1973,-33.8698439,151.2082848,Australian Yowie Research,https://www.yowiehunters.com.au/media-clips/1757-1973-daily-telegraph-yowie-article,/Users/jarlgiovanni/Desktop/bigfoot_research/public/data/frontend-data.json
a6b712002fc369faebbc4208832272a46ee6ab1ce5c3bb57eca1cfcca8b0e9ee,1033,,,,1973 - Daily Telegraph Yowie Article 2,1973,-33.8698439,151.2082848,Australian Yowie Research,https://www.yowiehunters.com.au/media-clips/1758-1973-daily-telegraph-yowie-article-2,/Users/jarlgiovanni/Desktop/bigfoot_research/public/data/frontend-data.json
bfcff7e06c2dbdddce5ba7ede8f8a50e18a31d91bbdf0b0f6d4332d575542f40,4268,,,,"YouTube reports, interviews: Yowie Sighting (Audio Report #68) at Bexhill, New South Wales (1973)",1973,-28.7631637,153.3480115,Australian Yowie Research / AYR Yowie Reports Map,https://www.youtube.com/watch?v=6iG71pJcr_I,/Users/jarlgiovanni/Desktop/bigfoot_research/public/data/frontend-data.json
6d51fca709560abfacc884b6ced89bdf80f5e830af200468112e6b48b94a4961,4269,,,,"YouTube reports, interviews: Yowie Sighting (Audio Report #111) at Middle Brother N.P., New South Wales (1973)",1973,-31.692977,152.695401,Australian Yowie Research / AYR Yowie Reports Map,https://www.youtube.com/watch?v=yA_yTaljIqk,/Users/jarlgiovanni/Desktop/bigfoot_research/public/data/frontend-data.json
38c567f0233ac738466c4e7a81fb03586bf8f4c279f844f3980ac6dc331922dc,4422,,,,Reports from newspapers: 1973 - Daily Telegraph Yowie Article,1973,-34.029389,150.857833,Australian Yowie Research / AYR Yowie Reports Map,https://www.yowiehunters.com.au/media-clips/1757-1973-daily-telegraph-yowie-article,/Users/jarlgiovanni/Desktop/bigfoot_research/public/data/frontend-data.json
1a25fcd7f0437612992a7ab338ab7c0c589b6fd4c2cb830d237e7b15ebd8b146,4423,,,,Reports from newspapers: 1973 - Daily Telegraph Yowie Article 2,1973,-34.022389,150.847833,Australian Yowie Research / AYR Yowie Reports Map,https://www.yowiehunters.com.au/media-clips/1758-1973-daily-telegraph-yowie-article-2,/Users/jarlgiovanni/Desktop/bigfoot_research/public/data/frontend-data.json
ef50dd26175e679e115793924e9c47ab99d6a4db9765c94fc5a5b3d3d8d6aed2,354,,,,"Casino, New South Wales 1974",1974,-28.8629114,153.0483736,Australian Yowie Research,https://www.yowiehunters.com.au/new-south-wales/1884-casino-new-south-wales-1974,/Users/jarlgiovanni/Desktop/bigfoot_research/public/data/frontend-data.json
0dbf946cced538ccf84151d06efa89c604062a5dd06c5cc69251bfb9554d3ea5,430,,,,"Grafton, New South Wales 1974",1974,-29.6816773,152.9336357,Australian Yowie Research,https://www.yowiehunters.com.au/new-south-wales/1392-grafton-new-south-wales-1974,/Users/jarlgiovanni/Desktop/bigfoot_research/public/data/frontend-data.json
bee699a44a4ac856d52f9ee5cb7de29fad16c5ee4a87c134dc2907a1b89db75a,4587,,,,"Witness sketches: Between Casino and Whiporie, New South Wales (1974)",1974,-28.897618,152.990119,Australian Yowie Research / AYR Yowie Reports Map,https://www.yowiehunters.com.au/witness-sketches,/Users/jarlgiovanni/Desktop/bigfoot_research/public/data/frontend-data.json
d82351b3791f0b3de29f6f8f33f12da9ce39352a663e387b269b06ac53c0b5fa,89,,,,"Katoomba, New South Wales 1975",1975,-33.713759,150.3121633,Australian Yowie Research,https://www.yowiehunters.com.au/new-south-wales/1808-katoomba-new-south-wales-1975,/Users/jarlgiovanni/Desktop/bigfoot_research/public/data/frontend-data.json
f95366a9b8bbdd5651a082fb80804a462c83f5664398ec26016fd6734c65c45e,296,,,,"Blue Knob, New South Wales 1975",1975,-30.6984,152.55604,Australian Yowie Research,https://www.yowiehunters.com.au/new-south-wales/2301-blue-knob-new-south-wales-1975,/Users/jarlgiovanni/Desktop/bigfoot_research/public/data/frontend-data.json
9b419f73a041d6ebb7c8fe3a08fdf90f0fdd80c13226de2faed07f1bff17160b,4413,,,,Videos: Lake George Yowie Sighting NSW 1975,1975,-34.738601,149.762048,Australian Yowie Research / AYR Yowie Reports Map,https://www.youtube.com/watch?v=XVGTFPyQtKk,/Users/jarlgiovanni/Desktop/bigfoot_research/public/data/frontend-data.json
ffee1c55adf63b7fc104d6646d681531695eef89ded616a92fefb492847349e1,374,,,,"Cooma, New South Wales 1976",1976,-36.2356785,149.1261779,Australian Yowie Research,https://www.yowiehunters.com.au/new-south-wales/1374-cooma-new-south-wales-1976,/Users/jarlgiovanni/Desktop/bigfoot_research/public/data/frontend-data.json
9cd7e2eabacd90e902c5dbde3d50dc56e47be8d79666831e53ddecc535b7f4b2,504,,,,"Lake George, New South Wales 1976",1976,-35.0916656,149.4208438,Australian Yowie Research,https://www.yowiehunters.com.au/new-south-wales/1855-lake-george-new-south-wales-1976,/Users/jarlgiovanni/Desktop/bigfoot_research/public/data/frontend-data.json
6e4a96147d27b4c7e5f1f9026f740161578f7257ffed167ea57e89e2a6d726b8,560,,,,"Pilliga, New South Wales 1976",1976,-30.351605,148.8888022,Australian Yowie Research,https://www.yowiehunters.com.au/new-south-wales/1919-pilliga-new-south-wales-1976,/Users/jarlgiovanni/Desktop/bigfoot_research/public/data/frontend-data.json
3e0faad5a99099ff7ea9d7fe084d122bf00e587f0debda8c7027fa39d586e886,621,,,,"Woodenbong, New South Wales 1976",1976,-28.3913455,152.6120214,Australian Yowie Research,https://www.yowiehunters.com.au/new-south-wales/1470-woodenbong-new-south-wales-1980,/Users/jarlgiovanni/Desktop/bigfoot_research/public/data/frontend-data.json
385ec98a55a08c33c26409b83c51f4768d25d9eea3d8a56d31fe39a04dcccf27,828,,,,1976 - Macleay Argus Yowie Article,1976,-30.9056457,152.5228021,Australian Yowie Research,https://www.yowiehunters.com.au/historical-articles/2062-1976-macleay-argus-yowie-article,/Users/jarlgiovanni/Desktop/bigfoot_research/public/data/frontend-data.json
131062ce87b6472d2c51d9d12846d783d1169d99535e33873d913a19fb7b8b5c,892,,,,1976 - Macleay Argus Yowie Article,1976,-30.9064024,152.590455,Australian Yowie Research,https://www.yowiehunters.com.au/media-clips/1771-1976-macleay-argus-yowie-article,/Users/jarlgiovanni/Desktop/bigfoot_research/public/data/frontend-data.json
0349674e69a4819598801e5130b27a7ded9e62e704fd10060e1c66b6d82a4029,893,,,,1976 - Sydney Sun Yowie Article,1976,-33.8698439,151.2082848,Australian Yowie Research,https://www.yowiehunters.com.au/media-clips/1714-1976-sydney-sun-yowie-article,/Users/jarlgiovanni/Desktop/bigfoot_research/public/data/frontend-data.json
c477fd959c34e5671e57d8c6518af291691320cfbbb4a30f15d6633a20e67810,894,,,,1976 - Telegraph Canberra area Yowie Article,1976,-35.2975906,149.1012676,Australian Yowie Research,https://www.yowiehunters.com.au/media-clips/1725-1976-telegraph-canberra-area-yowie-article,/Users/jarlgiovanni/Desktop/bigfoot_research/public/data/frontend-data.json
995a6f37056c9b81f3026e53105f9ed4bb65380e3573356f1f5ed19ceb857378,1034,,,,1976 - Sun Herald Yowie Article,1976,-33.8698439,151.2082848,Australian Yowie Research,https://www.yowiehunters.com.au/media-clips/1760-1976-sun-herald-yowie-article,/Users/jarlgiovanni/Desktop/bigfoot_research/public/data/frontend-data.json
8920f909a1b5b0fe708f945f8471d7fd832f5b6d23aec84c5b666d66f1b20d78,4424,,,,Reports from newspapers: 1976 - Macleay Argus Yowie Article,1976,-30.863601,152.256302,Australian Yowie Research / AYR Yowie Reports Map,https://www.yowiehunters.com.au/media-clips/1771-1976-macleay-argus-yowie-article,/Users/jarlgiovanni/Desktop/bigfoot_research/public/data/frontend-data.json
0e4ac8d8c606b2b1ff8181ff96e805e64be375e740d553dd46fc322e9ab461d9,4425,,,,Reports from newspapers: 1976 - Sydney Sun Yowie Article,1976,-36.225,149.125833,Australian Yowie Research / AYR Yowie Reports Map,https://www.yowiehunters.com.au/media-clips/1714-1976-sydney-sun-yowie-article,/Users/jarlgiovanni/Desktop/bigfoot_research/public/data/frontend-data.json
21afd2fa94ff7715d6c34d77ca1009cad89d4622b696097cff45fbeb2a089ae2,90,,,,"Bateman's Bay, New South Wales 1977",1977,-35.7072183,150.178289,Australian Yowie Research,https://www.yowiehunters.com.au/new-south-wales/1349-batemans-bay-new-south-wales-1977,/Users/jarlgiovanni/Desktop/bigfoot_research/public/data/frontend-data.json
1101c88db919c700b4fc38910745f2c3cffccfac080a54ba39bd4c620d5108c2,91,,,,"Talingbo, New South Wales 1977",1977,-35.5819244,148.3029977,Australian Yowie Research,https://www.yowiehunters.com.au/new-south-wales/1449-talingbo-new-south-wales,/Users/jarlgiovanni/Desktop/bigfoot_research/public/data/frontend-data.json
21c7ff3fef6fd5c934297f1548d191762e6ee4dd7be5a70ef77a99c839ae3ebf,443,,,,"Springbrook, Queensland 1977",1977,-28.185749,153.2715593,Australian Yowie Research,https://www.yowiehunters.com.au/queensland/1325-springbrook-qld-1977,/Users/jarlgiovanni/Desktop/bigfoot_research/public/data/frontend-data.json
0a706ca1a828e0da9528c0bcb8d1b603dc41d052b885c011e16842bd1fbce606,474,,,,"Karuah River, New South Wales 1977",1977,-32.2925234,151.8837462,Australian Yowie Research,https://www.yowiehunters.com.au/new-south-wales/1572-karuah-river-new-south-wales-1977,/Users/jarlgiovanni/Desktop/bigfoot_research/public/data/frontend-data.json
55b3c47fd84974d40d2dfa74556f923991c0a2213332d8d82c5edb0311074da1,557,,,,"Oxley Island, New South Wales 1977",1977,-31.9132089,152.5666119,Australian Yowie Research,https://www.yowiehunters.com.au/new-south-wales/1437-oxley-island-new-south-wales-1977,/Users/jarlgiovanni/Desktop/bigfoot_research/public/data/frontend-data.json
dd7c83ad0541fd2716c763eddaa1ce67b8606c2ea5ef5e70445c0aa409257638,558,,,,"Pambula, New South Wales 1977",1977,-36.928848,149.8752844,Australian Yowie Research,https://www.yowiehunters.com.au/new-south-wales/1438-pambula-new-south-wales-1977,/Users/jarlgiovanni/Desktop/bigfoot_research/public/data/frontend-data.json
af928368a0fde6f4e457743e27ad4312e289fa2f579a0a3ee5e69b906f6aecc7,593,,,,"Timsvale, New South Wales 1977",1977,-30.2200329,152.8713966,Australian Yowie Research,https://www.yowiehunters.com.au/new-south-wales/1453-timsvale-new-sout-wales-1977,/Users/jarlgiovanni/Desktop/bigfoot_research/public/data/frontend-data.json
a44de10adffc464d1aaad67c9cb7961b0aca5b9be8d8200ae571efdcb1dc283b,622,,,,"Woodenbong, New South Wales 1977",1977,-28.3913455,152.6120214,Australian Yowie Research,https://www.yowiehunters.com.au/new-south-wales/1515-woodenbong-new-south-wales-1977,/Users/jarlgiovanni/Desktop/bigfoot_research/public/data/frontend-data.json
6c86881be24bf5839224dacf05a2b5dc6a7e2c8197abc27839d38577a46dc9d8,895,,,,1977 - Gold Coast Bulletin Yowie Article,1977,-28.0023731,153.4145987,Australian Yowie Research,https://www.yowiehunters.com.au/media-clips/1727-1977-gold-coast-bulletin,/Users/jarlgiovanni/Desktop/bigfoot_research/public/data/frontend-data.json
979effcbaa0b46dc6837991c7348c0bb5ce3040ec79ef318183b627a93fa53bf,896,,,,1977 - Gold Coast Bulletin Yowie Article 2,1977,-28.0023731,153.4145987,Australian Yowie Research,https://www.yowiehunters.com.au/media-clips/1745-1977-gold-coast-bulletin-yowie-article-2,/Users/jarlgiovanni/Desktop/bigfoot_research/public/data/frontend-data.json
9677345ba8e89f65f3bba21b3f149a7bd4791fee5288bc0920ef2b4affeb1584,897,,,,1977 - Lismore Northern Star Yowie Article,1977,-28.8077608,153.2791883,Australian Yowie Research,https://www.yowiehunters.com.au/media-clips/1773-1977-lismore-northern-star-yowie-article,/Users/jarlgiovanni/Desktop/bigfoot_research/public/data/frontend-data.json
18cbf74a8baf346c38f77a8cd8b9056cbe5b080a789eb98a0acfc3cef61217d6,898,,,,1977 - Lismore Nothern Star Yowie Article,1977,-28.8077608,153.2791883,Australian Yowie Research,https://www.yowiehunters.com.au/media-clips/1761-1976-lismore-nothern-star-yowie-article,/Users/jarlgiovanni/Desktop/bigfoot_research/public/data/frontend-data.json
0c4f08e79b89f17f37c1b7929774f0753b6109c0a5d14d559ddf0f42f6df94d9,899,,,,1977 - Tambarumba Times Yowie Article,1977,-35.5819244,148.3029977,Australian Yowie Research,https://www.yowiehunters.com.au/media-clips/1749-1977-tambarumba-times-yowie-article,/Users/jarlgiovanni/Desktop/bigfoot_research/public/data/frontend-data.json
0fa2d3e17e8f6aaeb2cd5a59df2a53b0599259c07dc446479fa0ba171104731f,900,,,,1977 - Unknown Origin. Re: Springbrook,1977,-28.185749,153.2715593,Australian Yowie Research,https://www.yowiehunters.com.au/media-clips/1746-1977-unknown-origin-re-springbrook,/Users/jarlgiovanni/Desktop/bigfoot_research/public/data/frontend-data.json
a72885eabb85c756a57ffd14f92a9ed9c3c5d18ffcd504380b4258cbb6915440,1035,,,,1977 - Manning River Times Yowie (Betty Gee),1977,-31.8517188,152.1004561,Australian Yowie Research,https://www.yowiehunters.com.au/media-clips/1706-1977-manning-river-times-yowie-betty-gee,/Users/jarlgiovanni/Desktop/bigfoot_research/public/data/frontend-data.json
def4b3dfdddc789ada859494b24082abf17936c47ac4338189dee480a93b5612,1036,,,,1977 - Melba Cullen's 1930 Encounter at Crescent Head,1977,-31.19,152.9761111,Australian Yowie Research,https://www.yowiehunters.com.au/media-clips/1691-1977-report-pertaining-to-melba-cullen-crescent-head-1930,/Users/jarlgiovanni/Desktop/bigfoot_research/public/data/frontend-data.json
cae8f70d3f5936e710be3882c786fe4fd85ff7ab9f4110f126d2041c6435b0e1,4270,,,,"Written reports: Yowie Sighting at Enoggera Creek, Queensland 1977",1977,-27.4017,152.8059,Australian Yowie Research / AYR Yowie Reports Map,https://www.yowiehunters.com.au/queensland/1286-enoggera-creek-qld-1977,/Users/jarlgiovanni/Desktop/bigfoot_research/public/data/frontend-data.json
6b200bdf23b2acb208d594ad184682480a97c01f3237816a3679699d350a7828,4324,,,,"Written reports: Yowie Sighting at Bateman s Bay, New South Wales 1977",1977,-35.708056,150.172444,Australian Yowie Research / AYR Yowie Reports Map,https://www.yowiehunters.com.au/new-south-wales/1349-batemans-bay-new-south-wales-1977,/Users/jarlgiovanni/Desktop/bigfoot_research/public/data/frontend-data.json
60fadbcbc4fe78cfbca2067bbb302171d88e3280b456db7ef0a97ab65031b150,4426,,,,Reports from newspapers: 1977 - Gold Coast Bulletin Yowie Article,1977,-28.13,153.279167,Australian Yowie Research / AYR Yowie Reports Map,https://www.yowiehunters.com.au/media-clips/1727-1977-gold-coast-bulletin,/Users/jarlgiovanni/Desktop/bigfoot_research/public/data/frontend-data.json
25066ec9667143a90f9658caf165252d614b9514f7756546bf350854ff782ff2,4427,,,,Reports from newspapers: 1977 - Gold Coast Bulletin Yowie Article 2,1977,-28.135,153.274167,Australian Yowie Research / AYR Yowie Reports Map,https://www.yowiehunters.com.au/media-clips/1745-1977-gold-coast-bulletin-yowie-article-2,/Users/jarlgiovanni/Desktop/bigfoot_research/public/data/frontend-data.json
80b4666082407cab229150140bee4a1fe13d6b4fd9c67747af34f060a7305d1b,4428,,,,Reports from newspapers: 1977 - Lismore Northern Star Yowie Article,1977,-28.373333,152.58,Australian Yowie Research / AYR Yowie Reports Map,https://www.yowiehunters.com.au/media-clips/1773-1977-lismore-northern-star-yowie-article,/Users/jarlgiovanni/Desktop/bigfoot_research/public/data/frontend-data.json
61c57cf20d772d6d2eaf14111d5bc7b35f3096c6edb1c7b93c42d292cd012f04,4429,,,,Reports from newspapers: 1977 - Manning River Times Yowie (Betty Gee),1977,-31.8985,152.5846,Australian Yowie Research / AYR Yowie Reports Map,https://www.yowiehunters.com.au/media-clips/1706-1977-manning-river-times-yowie-betty-gee,/Users/jarlgiovanni/Desktop/bigfoot_research/public/data/frontend-data.json
3f096658c179dec23959b2202d3c7090b7775d4f6c5f89069d8e16958458c1c3,4430,,,,Reports from newspapers: 1977 - Tambarumba Times Yowie Article,1977,-35.566667,148.3,Australian Yowie Research / AYR Yowie Reports Map,https://www.yowiehunters.com.au/media-clips/1749-1977-tambarumba-times-yowie-article,/Users/jarlgiovanni/Desktop/bigfoot_research/public/data/frontend-data.json
14fa0da63b7980e06d3dbaac45d49f4d14da7a3ea70fc5f4907c92ef4f01f339,4431,,,,Reports from newspapers: 1977 - Unknown Origin. Re: Springbrook,1977,-28.183333,153.283333,Australian Yowie Research / AYR Yowie Reports Map,https://www.yowiehunters.com.au/media-clips/1746-1977-unknown-origin-re-springbrook,/Users/jarlgiovanni/Desktop/bigfoot_research/public/data/frontend-data.json
2f1fb5c36ad88b1b48486f7aebc240eca6c50695c52fc62f8af801b371e6127c,92,,,,"Mogo, New South Wales 1978",1978,-35.7830222,150.1426078,Australian Yowie Research,https://www.yowiehunters.com.au/new-south-wales/2141-mogo-new-south-wales-1978,/Users/jarlgiovanni/Desktop/bigfoot_research/public/data/frontend-data.json
40640e70fc183cd7b9ddcd2682388aaf638035a934343093f41ae96d90098b35,152,,,,"Canungra, Queensland 1978",1978,-28.0385865,153.1419128,Australian Yowie Research,https://www.yowiehunters.com.au/queensland/1284-cunungra-qld-1978,/Users/jarlgiovanni/Desktop/bigfoot_research/public/data/frontend-data.json
bdf0bb2b1194ed769f0577ecdc30db4c9dcce0dab946c2e1f799634271b0e9b2,153,,,,"Nerang, Queensland 1978",1978,-27.9896566,153.3365942,Australian Yowie Research,https://www.yowiehunters.com.au/queensland/2054-nerang-queensland-1978,/Users/jarlgiovanni/Desktop/bigfoot_research/public/data/frontend-data.json
6a7778fbce84aa163362f411d6fa1602975c083be689facc6c6c720dfb4ebacf,265,,,,"Mount Warrenheip, Victoria 1978",1978,-37.5765814,143.9582352,Australian Yowie Research,https://www.yowiehunters.com.au/victoria/2180-mount-warrenheip-victoria-1978,/Users/jarlgiovanni/Desktop/bigfoot_research/public/data/frontend-data.json
bd27df2769357a24033f986e11785a89de87d75076992cbf9e3fd2e9a8c3762e,288,,,,"Coomera, Queensland 1978",1978,-27.9534104,153.247946,Australian Yowie Research,https://www.yowiehunters.com.au/queensland/1281-coomera-qld-1978,/Users/jarlgiovanni/Desktop/bigfoot_research/public/data/frontend-data.json
794d1dd0f7caf1d7fa28bd47025cce498de0882487122ff92d3707faae534b99,307,,,,"Currumbin, Queensland 1978",1978,-28.1369655,153.4799277,Australian Yowie Research,https://www.yowiehunters.com.au/queensland/2050-currumbin-queensland-1978,/Users/jarlgiovanni/Desktop/bigfoot_research/public/data/frontend-data.json
1b6742ade5649d792d7b63f8b7ef87ed22a80935656dadbf376c78ca9706e8e1,445,,,,"Springbrook, Queensland 1978",1978,-28.185749,153.2715593,Australian Yowie Research,https://www.yowiehunters.com.au/queensland/1326-springbrook-qld-1978,/Users/jarlgiovanni/Desktop/bigfoot_research/public/data/frontend-data.json
5112b9cb5fa6c589b7765098dbce3b08ce216efda4dc2cdba2d5674ab99ce710,447,,,,"Springbrook, Queensland 1978",1978,-28.185749,153.2715593,Australian Yowie Research,https://www.yowiehunters.com.au/queensland/1327-springbrook-qld-1978-sp-22191,/Users/jarlgiovanni/Desktop/bigfoot_research/public/data/frontend-data.json
e28af47f5cc8a25f8cc6778207db0138cb71edc4f495532dcd257284c3056427,462,,,,"Jackadgery, New South Wales 1978",1978,-29.5816646,152.5511068,Australian Yowie Research,https://www.yowiehunters.com.au/new-south-wales/1401-jackadgery-new-south-wales-1978,/Users/jarlgiovanni/Desktop/bigfoot_research/public/data/frontend-data.json
0b8cc006ecb749d34ef95ebe2e22fa8e1ff168011129c09ed4b2bd586742b40a,540,,,,"Mudgee - Ulan, New South Wales 1978",1978,-32.5980702,149.5886383,Australian Yowie Research,https://www.yowiehunters.com.au/new-south-wales/2122-mudgee-ulan-new-south-wales-1978,/Users/jarlgiovanni/Desktop/bigfoot_research/public/data/frontend-data.json
6e60db0c064fb1686f5cef5577709ea7c6a850b5404aa3c37d325824a52f04bf,547,,,,"Narooma, New South Wales 1978",1978,-36.2190152,150.1317243,Australian Yowie Research,https://www.yowiehunters.com.au/new-south-wales/1428-narooma-new-south-wales-1978,/Users/jarlgiovanni/Desktop/bigfoot_research/public/data/frontend-data.json
92e820550de6c4e20d1184b6aee6181047e813db2cc6af7e758cb359c9fbce42,561,,,,"Pilliga, New South Wales 1978",1978,-30.351605,148.8888022,Australian Yowie Research,https://www.yowiehunters.com.au/new-south-wales/1441-pilliga-new-south-wales-1978,/Users/jarlgiovanni/Desktop/bigfoot_research/public/data/frontend-data.json
fa1f94286ddac11a2d1cf83dd3247221367832e7242d33b663b52f48318d52f6,598,,,,"Tweed Heads, New South Wales 1978",1978,-28.1786639,153.5369986,Australian Yowie Research,https://www.yowiehunters.com.au/new-south-wales/1454-tweed-heads-new-south-wales-1978,/Users/jarlgiovanni/Desktop/bigfoot_research/public/data/frontend-data.json
2b976793baf6eac05101b09499bdca01822c899fb64f3d4ca54ff1a8167712dc,831,,,,"1978 - Bilambil Yowie Article, Daily News",1978,-28.2245935,153.4659475,Australian Yowie Research,https://www.yowiehunters.com.au/historical-articles/1606-bilambil-yowie-article-daily-news-1978,/Users/jarlgiovanni/Desktop/bigfoot_research/public/data/frontend-data.json
58c3a85bc59eda720ec9cf7c0947931c0c07078511156b93a9931dec09fd916b,901,,,,1978 - Canberra Times,1978,-35.2975906,149.1012676,Australian Yowie Research,https://www.yowiehunters.com.au/media-clips/1908-1978-canberra-times,/Users/jarlgiovanni/Desktop/bigfoot_research/public/data/frontend-data.json
52b2a918183b70aa8e91e6658c2cd19742d56afb1d0ad36cd76997275f978641,902,,,,1978 - Gold Coast Bulletin (Nerang) 25-08-1978,1978,-28.0023731,153.4145987,Australian Yowie Research,https://www.yowiehunters.com.au/media-clips/2053-1978-gold-coast-bulletin-nerang,/Users/jarlgiovanni/Desktop/bigfoot_research/public/data/frontend-data.json
0cbeb99a1375f4b3b0f55d1b2c8535917e8705426b2a9a9c7e96522ce220bf45,903,,,,1978 - Gold Coast Bulletin Yowie Article,1978,-28.0023731,153.4145987,Australian Yowie Research,https://www.yowiehunters.com.au/media-clips/1729-1978-gold-coast-bulletin-yowie-article,/Users/jarlgiovanni/Desktop/bigfoot_research/public/data/frontend-data.json
774808f085907d890b53061b0fd41974a0988c321f624a3d351273851e659c20,904,,,,1978 - Gold Coast Bulletin Yowie Article,1978,-28.0023731,153.4145987,Australian Yowie Research,https://www.yowiehunters.com.au/media-clips/1754-1968-gold-coast-bulletin-yowie-article,/Users/jarlgiovanni/Desktop/bigfoot_research/public/data/frontend-data.json
2266cf4ee4673be8f78598ed96ef7812dd836e1193119c6b11d745016096d18d,905,,,,1978 - Gold Coast Bulletin Yowie Article,1978,-28.0023731,153.4145987,Australian Yowie Research,https://www.yowiehunters.com.au/media-clips/2083-1978-gold-coast-bulletin-yowie-article-2,/Users/jarlgiovanni/Desktop/bigfoot_research/public/data/frontend-data.json
7ebb857a654b5250f9e10c64714ed43f90078ffad7340a670bf5067856a4b9b8,906,,,,1978 - Moruya Examiner Yowie Article,1978,-35.9098127,150.0820002,Australian Yowie Research,https://www.yowiehunters.com.au/media-clips/2150-1978-moruya-examiner-yowie-article,/Users/jarlgiovanni/Desktop/bigfoot_research/public/data/frontend-data.json
eb97f01d754a1d25a56093ceff153183cfd3a00272544df4607a85f92951c207,1080,,,,1978 - Daily News Yowie Article,1978,-28.2245935,153.4659475,Australian Yowie Research,https://www.yowiehunters.com.au/media-clips/1778-1978-daily-news-yowie-article,/Users/jarlgiovanni/Desktop/bigfoot_research/public/data/frontend-data.json
36719a8660ccc66bfc56094eee04b524249b534feeac5ddb071346e63fcbe085,4271,,,,"Written reports: Yowie Sighting at Coomera, Queensland 1978",1978,-27.8722,153.3147,Australian Yowie Research / AYR Yowie Reports Map,https://www.yowiehunters.com.au/queensland/1281-coomera-qld-1978,/Users/jarlgiovanni/Desktop/bigfoot_research/public/data/frontend-data.json
e25b2cde8e7e7127b07bbb420f3fbf7320d901a6746aba0d5c5fb2785e5caf9e,4272,,,,"YouTube reports, interviews: Yowie Sighting (Audio Report #144) between Mudgee and Ulan, New South Wales (Oct 1978)",1978,-32.53191,149.65459,Australian Yowie Research / AYR Yowie Reports Map,https://www.youtube.com/watch?v=N84zGqXLoIA,/Users/jarlgiovanni/Desktop/bigfoot_research/public/data/frontend-data.json
9d6581f359d78d6fb957e4b8902ba3f2f8a523b6907977df825d7dd79a7e55c0,4322,,,,"Written reports: Yowie Sighting at Barclays Island, New South Wales 1978",1978,-35.58682,150.183446,Australian Yowie Research / AYR Yowie Reports Map,https://www.yowiehunters.com.au/new-south-wales/1347-barclays-island-new-south-wales-1978,/Users/jarlgiovanni/Desktop/bigfoot_research/public/data/frontend-data.json
b828700091cff5c61cf54c96c3e6de66563a37b74def1960656fffdcd36597eb,4340,,,,"Written reports: Yowie Sighting at Mudgee - Ulan, New South Wales 1978",1978,-32.434967,149.687027,Australian Yowie Research / AYR Yowie Reports Map,https://www.yowiehunters.com.au/new-south-wales/2122-mudgee-ulan-new-south-wales-1978,/Users/jarlgiovanni/Desktop/bigfoot_research/public/data/frontend-data.json
893bd14dda21a7ee0bef4422706eb78156518354f671d93155ab197af32f9d1c,4407,,,,"YouTube reports, interviews: Yowie / Bigfoot Sighting (Audio Report #170) at Warrenheip, Victoria (April-May 1978)",1978,-37.588372,143.984435,Australian Yowie Research / AYR Yowie Reports Map,https://www.youtube.com/watch?v=YiGUbpKCqhw,/Users/jarlgiovanni/Desktop/bigfoot_research/public/data/frontend-data.json
40e1007b1f20ffa6bb34968a9370506dd219886e7b79cbe92d36b671b1a0fc7c,4432,,,,Reports from newspapers: 1978 - Canberra Times,1978,-35.463429,148.941223,Australian Yowie Research / AYR Yowie Reports Map,https://www.yowiehunters.com.au/media-clips/1908-1978-canberra-times,/Users/jarlgiovanni/Desktop/bigfoot_research/public/data/frontend-data.json
5f2b7641fc709ad19a351431f831328d4419e0a1dd208c6f3edd2d0e243d387f,4433,,,,Reports from newspapers: 1978 - Daily News Yowie Article,1978,-28.233333,153.466667,Australian Yowie Research / AYR Yowie Reports Map,https://www.yowiehunters.com.au/media-clips/1778-1978-daily-news-yowie-article,/Users/jarlgiovanni/Desktop/bigfoot_research/public/data/frontend-data.json
255ddd023023a407c005f9e2102b1b42bdf7bc1ee63f33f89fd342e0656d1294,4434,,,,Reports from newspapers: 1978 - Gold Coast Bulletin (Nerang) 25-08-1978,1978,-27.9902,153.3358,Australian Yowie Research / AYR Yowie Reports Map,https://www.yowiehunters.com.au/media-clips/2053-1978-gold-coast-bulletin-nerang,/Users/jarlgiovanni/Desktop/bigfoot_research/public/data/frontend-data.json
8c8818aa75d2b9d21f71bcb9b7f4c6d5175d79c20f0b461243b0e35cc1ca7763,4435,,,,Reports from newspapers: 1978 - Gold Coast Bulletin Yowie Article,1978,-28.183333,153.293333,Australian Yowie Research / AYR Yowie Reports Map,https://www.yowiehunters.com.au/media-clips/1729-1978-gold-coast-bulletin-yowie-article,/Users/jarlgiovanni/Desktop/bigfoot_research/public/data/frontend-data.json
e6597b4ef2f5358aee1d599bcff05284232f1109c8a0a987abd961379f346a7e,4436,,,,Reports from newspapers: 1978 - Gold Coast Bulletin Yowie Article,1978,-28.183333,153.293333,Australian Yowie Research / AYR Yowie Reports Map,https://www.yowiehunters.com.au/media-clips/2083-1978-gold-coast-bulletin-yowie-article-2,/Users/jarlgiovanni/Desktop/bigfoot_research/public/data/frontend-data.json
f11b7e3af1af8a5780c4ac57da6ecb03f0296c2f8096088a6108334966ff93a8,4437,,,,Reports from newspapers: 1978 - Moruya Examiner Yowie Article,1978,-36.2,150.133333,Australian Yowie Research / AYR Yowie Reports Map,https://www.yowiehunters.com.au/media-clips/2150-1978-moruya-examiner-yowie-article,/Users/jarlgiovanni/Desktop/bigfoot_research/public/data/frontend-data.json
65cc2f0db1adabc5657851708f8151da4598c7f78f5a5006a9934aa29c69907f,4597,,,,"Witness sketches: Springbrook, Queensland (1978)",1978,-28.19172,153.26297,Australian Yowie Research / AYR Yowie Reports Map,https://www.yowiehunters.com.au/witness-sketches,/Users/jarlgiovanni/Desktop/bigfoot_research/public/data/frontend-data.json
911e4c826a6ee315c16f54e6c88bb7bc35483dab25030b542f6006f90cb17e92,4603,,,,"Witness sketches: Nerang, Queensland (1978)",1978,-27.988907,153.334872,Australian Yowie Research / AYR Yowie Reports Map,https://www.yowiehunters.com.au/witness-sketches,/Users/jarlgiovanni/Desktop/bigfoot_research/public/data/frontend-data.json
6e6fa6861daa7a5757572f0ca4ddd8e57049d06ea156d97d222f2d3315bbad14,4605,,,,"Witness sketches: Coonabarabran, New South Wales (1978)",1978,-31.251387,149.287709,Australian Yowie Research / AYR Yowie Reports Map,https://www.yowiehunters.com.au/witness-sketches,/Users/jarlgiovanni/Desktop/bigfoot_research/public/data/frontend-data.json
cc09af1eb3c6958644fbc1cdd625264c16899a582a7a4c15716ce97436387f59,31,,,,"Darwin (Fannie Bay), Northern Territory 1979",1979,-12.4354118,130.8378317,Australian Yowie Research,https://www.yowiehunters.com.au/northern-territory/2138-darwin-fannie-bay-northern-territory-1979,/Users/jarlgiovanni/Desktop/bigfoot_research/public/data/frontend-data.json
9a3da09941f52e239160930cbf4be06680e27643bbbc2c48dafc7be961128e89,93,,,,"Bateman's Bay, New South Wales 1979",1979,-35.7072183,150.178289,Australian Yowie Research,https://www.yowiehunters.com.au/new-south-wales/1350-batemans-bay-new-south-wales-1979,/Users/jarlgiovanni/Desktop/bigfoot_research/public/data/frontend-data.json
3a27b7c0484255839635e2823e571a4b30fb3f16f7d0a0cf6b5dee15168e606a,94,,,,"Wentworth Falls, New South Wales 1979",1979,-33.72802,150.3740633,Australian Yowie Research,https://www.yowiehunters.com.au/new-south-wales/1468-wentworth-falls-new-south-wales-1979,/Users/jarlgiovanni/Desktop/bigfoot_research/public/data/frontend-data.json
03eafd144655dd829e970a633de12ad01b3d196ec10da6c8a3267863fd05f142,154,,,,"Charters Towers, Queensland 1979 (2)",1979,-20.0714089,146.2709824,Australian Yowie Research,https://www.yowiehunters.com.au/queensland/1279-charters-towers-qld-1979-2,/Users/jarlgiovanni/Desktop/bigfoot_research/public/data/frontend-data.json
fa5125eb092562622952b067d74993a92e351db81721cf12f3b2745a6959186d,155,,,,"Mt. Isa, Queensland 1979",1979,-20.7289898,139.4931522,Australian Yowie Research,https://www.yowiehunters.com.au/queensland/1918-mt-isa-queensland-1979,/Users/jarlgiovanni/Desktop/bigfoot_research/public/data/frontend-data.json
6cbf033c50a6419c57681934a39b2386e10f71cd166ace7a1b661146a263efa7,273,,,,"Charters Towers, Queensland 1979 (1)",1979,-20.0714089,146.2709824,Australian Yowie Research,https://www.yowiehunters.com.au/queensland/1278-charters-towers-qld-1979,/Users/jarlgiovanni/Desktop/bigfoot_research/public/data/frontend-data.json
ee8153fcd6067b53e9a14091c21b9b9b2f66bb4edc697caad2c0192bf3c6b5fe,317,,,,"Enoggera Creek, Queensland 1977",1979,-27.4419106,152.9826794,Australian Yowie Research,https://www.yowiehunters.com.au/queensland/1286-enoggera-creek-qld-1977,/Users/jarlgiovanni/Desktop/bigfoot_research/public/data/frontend-data.json
39df5b313031ec422c69f609dce6627540e76b4c1b06febc4e278a82ac4f24f7,353,,,,"Kilkivan, Queensland 1979",1979,-26.080292,152.2473652,Australian Yowie Research,https://www.yowiehunters.com.au/queensland/1301-kilkivan-qld-1979,/Users/jarlgiovanni/Desktop/bigfoot_research/public/data/frontend-data.json
ac987ad65335ea3231f186d1e8d5c395caad32f6b0d49365c766363b4b5e5b4c,389,,,,"Mt. Cootha, Queensland 1979",1979,-27.4850319,152.9589108,Australian Yowie Research,https://www.yowiehunters.com.au/queensland/2076-mt-cootha-queensland-1979,/Users/jarlgiovanni/Desktop/bigfoot_research/public/data/frontend-data.json
ec204d2edf844487b4d029e3854463f476acaae818810442bf30f60b939be067,427,,,,"Palm Beach, Queensland 1979",1979,-28.1155325,153.4583936,Australian Yowie Research,https://www.yowiehunters.com.au/queensland/2179-palm-beach-queensland-1979,/Users/jarlgiovanni/Desktop/bigfoot_research/public/data/frontend-data.json
85a8b49d89f35e63bc16fe5210b94b33ab11011c358c76495df0ee0c95ffdb9d,502,,,,"Lake Cargelligo, New South Wales 1979",1979,-33.2981001,146.3734587,Australian Yowie Research,https://www.yowiehunters.com.au/new-south-wales/1406-lake-cargelligo-new-south-wales-1979,/Users/jarlgiovanni/Desktop/bigfoot_research/public/data/frontend-data.json
075d8166fd20fe138cdbbbefd255f7562a7e9a3604aeea622299151b46d36e51,548,,,,"Narromine, New South Wales 1979",1979,-32.2317016,147.9528517,Australian Yowie Research,https://www.yowiehunters.com.au/new-south-wales/1429-narromine-new-south-wales-1979,/Users/jarlgiovanni/Desktop/bigfoot_research/public/data/frontend-data.json
d3d201f3952887e23fcbc3a41818eb9fef734abcf3d3776c9f4e99fd070c5f8b,562,,,,"Pilliga, New South Wales 1979",1979,-30.351605,148.8888022,Australian Yowie Research,https://www.yowiehunters.com.au/new-south-wales/1440-pilliga-new-south-wales-1979,/Users/jarlgiovanni/Desktop/bigfoot_research/public/data/frontend-data.json
6242a6161d3d5dd8f093d1567fdc265607bbb3cdf8dafa964f15efb26db03df3,563,,,,"Pilliga, New South Wales 1979",1979,-30.351605,148.8888022,Australian Yowie Research,https://www.yowiehunters.com.au/new-south-wales/1442-pilliga-new-south-wales-1979-sp-19667,/Users/jarlgiovanni/Desktop/bigfoot_research/public/data/frontend-data.json
1f5d3dc1619dc4608a2e851f2b476212fb3dfb99114068e6a9c5a5c11762512d,632,,,,"Yarrangobilly, New South Wales 1979",1979,-35.6483333,148.4677778,Australian Yowie Research,https://www.yowiehunters.com.au/new-south-wales/1475-yarrangobilly-new-south-wales-1979,/Users/jarlgiovanni/Desktop/bigfoot_research/public/data/frontend-data.json
a05f410c15eb6b3a9ac61b508ffb8865df2c658c0cf3f3bb5f1bd3b671c9d6a0,832,,,,1979 - Kilkivan Yowie Article,1979,-26.080292,152.2473652,Australian Yowie Research,https://www.yowiehunters.com.au/historical-articles/1605-kilkivan-yowie-article-1979,/Users/jarlgiovanni/Desktop/bigfoot_research/public/data/frontend-data.json
2ce7e0c868e18735c99a0e144b08dd703a8a72660a6f8422bd7c1e6e9f08d2ba,907,,,,1979 - Daily Telegraph Yowie Article,1979,-33.72802,150.3740633,Australian Yowie Research,https://www.yowiehunters.com.au/media-clips/2157-1979-daily-telegraph-yowie-article,/Users/jarlgiovanni/Desktop/bigfoot_research/public/data/frontend-data.json
da67f824e3a24f4117974df411ac57a34ee50ae9916b2b0a7b5331bc7ff80d02,908,,,,1979 - Gold Coast Bulletin Yowie Article,1979,-28.0023731,153.4145987,Australian Yowie Research,https://www.yowiehunters.com.au/media-clips/2146-1979-gold-coast-bulletin-yowie-article,/Users/jarlgiovanni/Desktop/bigfoot_research/public/data/frontend-data.json
d89b5f704c340ee28e67e500ed997053a739fd09c22342fc713d914d4608ee9f,909,,,,1979 - Murgon Yowie Newspaper Article,1979,-26.2441735,151.936075,Australian Yowie Research,https://www.yowiehunters.com.au/media-clips/1735-1979-murgon-yowie-newspaper-article,/Users/jarlgiovanni/Desktop/bigfoot_research/public/data/frontend-data.json
ecf082be9b025ba04c8496ae568918d2877483fb9caf5b9c9211656c9e84dc28,910,,,,1979 - Pilliga/Coonabarabran Yowie Article,1979,-31.2728076,149.2733225,Australian Yowie Research,https://www.yowiehunters.com.au/media-clips/1699-1979-pilliga-coonabarabran-yowie-article,/Users/jarlgiovanni/Desktop/bigfoot_research/public/data/frontend-data.json
91aff94a49a198c12593c58cee89302f345cfd41ac44358e053209ce47c17f4e,912,,,,1979 - Townsville Daily Bulletin Yowie Article,1979,-19.2569391,146.8239537,Australian Yowie Research,https://www.yowiehunters.com.au/media-clips/1733-1979-townsville-daily-bulletin-yowie-article,/Users/jarlgiovanni/Desktop/bigfoot_research/public/data/frontend-data.json
ecd2e4a8539e78b0b56ed495315b6ebe287632e502060fe18839dc5bb76d1d79,913,,,,1979 - Townsville Daily Bulletin Yowie Article 2,1979,-31.2728076,149.2733225,Australian Yowie Research,https://www.yowiehunters.com.au/media-clips/1755-1979-townsville-daily-bulletin-yowie-article-2,/Users/jarlgiovanni/Desktop/bigfoot_research/public/data/frontend-data.json
3309c7c2105195f42130d02619d48a9a2dd59adedefbfb93bccc600eab03aea7,1037,,,,1979 - Bay Post Yowie Article,1979,-35.7072183,150.178289,Australian Yowie Research,https://www.yowiehunters.com.au/media-clips/1753-1979-bay-post-yowie-article,/Users/jarlgiovanni/Desktop/bigfoot_research/public/data/frontend-data.json
6f73855f810d63896e6c3ee4b125866574bda36a604030b3ec3a341dd855ad4c,1038,,,,1979 - Northern Miner Yowie Article,1979,-20.0714089,146.2709824,Australian Yowie Research,https://www.yowiehunters.com.au/media-clips/1732-1979-northern-miner-yowie-article,/Users/jarlgiovanni/Desktop/bigfoot_research/public/data/frontend-data.json
61c8f350483493851b9ad61af5a9dca79e0fbd9353d9d28ce14194df387ea2d4,4273,,,,"YouTube reports, interviews: Yowie Sighting (Audio Report #100) near Mt Isa, Queensland (1979)",1979,-21.328357,139.227093,Australian Yowie Research / AYR Yowie Reports Map,https://www.youtube.com/watch?v=b6UOyC4B_Rs,/Users/jarlgiovanni/Desktop/bigfoot_research/public/data/frontend-data.json
bddd0f750535606fcdf31864beb4c9e5cb3dbf532fa15a2d1ea32e6ffe7299ad,4274,,,,"Written reports: Yowie Sighting at Mt. Cootha, Queensland 1979",1979,-27.4806,152.9541,Australian Yowie Research / AYR Yowie Reports Map,https://www.yowiehunters.com.au/queensland/2076-mt-cootha-queensland-1979,/Users/jarlgiovanni/Desktop/bigfoot_research/public/data/frontend-data.json
4204b78c73e53fd2de824897bf4b7c2f98efedbfb658cc8857e9f705d806c2f6,4325,,,,"Written reports: Yowie Sighting at Bateman s Bay, New South Wales 1979",1979,-35.708056,150.172444,Australian Yowie Research / AYR Yowie Reports Map,https://www.yowiehunters.com.au/new-south-wales/1350-batemans-bay-new-south-wales-1979,/Users/jarlgiovanni/Desktop/bigfoot_research/public/data/frontend-data.json
a7e47c4423e9411c5f39402a8355e80de203d8451eaf8ab52349861266cc73ad,4408,,,,"YouTube reports, interviews: Yowie Sighting (Audio Report #165) at Palm Beach, Queensland (1979)",1979,-28.1155325,153.4583936,Australian Yowie Research / AYR Yowie Reports Map,https://www.youtube.com/watch?v=VlkKCS-bva4,/Users/jarlgiovanni/Desktop/bigfoot_research/public/data/frontend-data.json
013d8a06c1323f999a26f00bcf27791deb129e8b1b38bb125cfd3f0f45156bc9,4438,,,,Reports from newspapers: 1979 - Bay Post Yowie Article,1979,-35.705933,150.247977,Australian Yowie Research / AYR Yowie Reports Map,https://www.yowiehunters.com.au/media-clips/1753-1979-bay-post-yowie-article,/Users/jarlgiovanni/Desktop/bigfoot_research/public/data/frontend-data.json
97369ad54eb2ad83c7f68df45936e69bac89a612f0e9e02879d53f8213943839,4439,,,,Reports from newspapers: 1979 - Daily Telegraph Yowie Article,1979,-33.826389,151.078056,Australian Yowie Research / AYR Yowie Reports Map,https://www.yowiehunters.com.au/media-clips/2157-1979-daily-telegraph-yowie-article,/Users/jarlgiovanni/Desktop/bigfoot_research/public/data/frontend-data.json
019774f1f895af7843201e87320df51643f4bcc008a2f921dad9b07f5436cef4,4440,,,,Reports from newspapers: 1979 - Gold Coast Bulletin Yowie Article,1979,-27.8955,153.3994,Australian Yowie Research / AYR Yowie Reports Map,https://www.yowiehunters.com.au/media-clips/2146-1979-gold-coast-bulletin-yowie-article,/Users/jarlgiovanni/Desktop/bigfoot_research/public/data/frontend-data.json
1192ca6908637d05a9cd9da7328e4e98eb27b44097e03dd790496ff164d955eb,4441,,,,Reports from newspapers: 1979 - Murgon Yowie Newspaper Article,1979,-26.233333,151.95,Australian Yowie Research / AYR Yowie Reports Map,https://www.yowiehunters.com.au/media-clips/1735-1979-murgon-yowie-newspaper-article,/Users/jarlgiovanni/Desktop/bigfoot_research/public/data/frontend-data.json
3c29fe952787daed33ce35e0b334a84194861c9d37c7037d923e91ca7f71c2fa,4442,,,,Reports from newspapers: 1979 - Northern Miner Yowie Article,1979,-20.086773,146.259449,Australian Yowie Research / AYR Yowie Reports Map,https://www.yowiehunters.com.au/media-clips/1732-1979-northern-miner-yowie-article,/Users/jarlgiovanni/Desktop/bigfoot_research/public/data/frontend-data.json
fea60006332016f9ec5db095f21e90dcf761c89a1e871b6d01b550a9891b77a6,4443,,,,Reports from newspapers: 1979 - People Magazine Yowie Article - Liz James,1979,-29.565029,153.114131,Australian Yowie Research / AYR Yowie Reports Map,https://www.yowiehunters.com.au/media-clips/1696-1979-people-magazine-yowie-article,/Users/jarlgiovanni/Desktop/bigfoot_research/public/data/frontend-data.json
324e14fe906de69528c32b410dfafb13105f806797faaa6c899dd12a49812f90,4444,,,,Reports from newspapers: 1979 - Pilliga/Coonabarabran Yowie Article,1979,-30.867216,149.454487,Australian Yowie Research / AYR Yowie Reports Map,https://www.yowiehunters.com.au/media-clips/1699-1979-pilliga-coonabarabran-yowie-article,/Users/jarlgiovanni/Desktop/bigfoot_research/public/data/frontend-data.json
ce43b3210e3389b3280434b50f5421770023b0943405aaa356188749a6b53f26,4445,,,,Reports from newspapers: 1979 - The Cronicle QLD Yowie Article,1979,-26.163807,152.170355,Australian Yowie Research / AYR Yowie Reports Map,https://www.yowiehunters.com.au/media-clips/1720-1979-the-cronicle-qld-yowie-article,/Users/jarlgiovanni/Desktop/bigfoot_research/public/data/frontend-data.json
e111ab3f38c0bb6243b3a1e8a22f2b043134653b73a370be15b1dbc547891610,4446,,,,Reports from newspapers: 1979 - Townsville Daily Bulletin Yowie Article,1979,-20.1,146.266667,Australian Yowie Research / AYR Yowie Reports Map,https://www.yowiehunters.com.au/media-clips/1733-1979-townsville-daily-bulletin-yowie-article,/Users/jarlgiovanni/Desktop/bigfoot_research/public/data/frontend-data.json
8d383532d7ecd342666bd33be978544b95c1c5ebe45c7a118254c5da5affa350,46,,,,"Colac, Victoria 1980",1980,-38.3399766,143.5858537,Australian Yowie Research,https://www.yowiehunters.com.au/victoria/1593-colac-victoria-1980,/Users/jarlgiovanni/Desktop/bigfoot_research/public/data/frontend-data.json
d67ca7dc9f5ee3df834328179c95762303cc3abc159c6cfaa42e516a031cd89f,95,,,,"Coffs Harbour, New South Wales 1980",1980,-30.2985996,153.1094116,Australian Yowie Research,https://www.yowiehunters.com.au/new-south-wales/1371-coffs-harbour-new-south-wales-1980,/Users/jarlgiovanni/Desktop/bigfoot_research/public/data/frontend-data.json
125aad75414451cc1005c2f263223b6764c7da9fae14c8ec769fac04b90414ef,96,,,,"Wee Jasper & Uki, New South Wales 1980",1980,-28.4152778,153.3305556,Australian Yowie Research,https://www.yowiehunters.com.au/new-south-wales/1466-wee-jasper-new-south-wales-1980,/Users/jarlgiovanni/Desktop/bigfoot_research/public/data/frontend-data.json
e68de03a91f74fcd00096690bd2027f904e226b9ef2cf488214b8a0933919da2,156,,,,"Kilcoy, Queensland 1980",1980,-26.9417175,152.561157,Australian Yowie Research,https://www.yowiehunters.com.au/queensland/1299-kilcoy-qld-1980,/Users/jarlgiovanni/Desktop/bigfoot_research/public/data/frontend-data.json
06768846465d24ea421d1cba85a66e42381bfbc7b5dfcbcd1e8035baae9274c9,157,,,,"Springbrook, Queensland 1980",1980,-28.185749,153.2715593,Australian Yowie Research,https://www.yowiehunters.com.au/queensland/1328-springbrook-qld-1980,/Users/jarlgiovanni/Desktop/bigfoot_research/public/data/frontend-data.json
2aba4c0624b4a83efa561e3e8a807c90ae1af06991843faf89daaa5626c0a282,221,,,,"Ashford, New South Wales 1980",1980,-29.3257299,151.0945365,Australian Yowie Research,https://www.yowiehunters.com.au/new-south-wales/2032-ashford-new-south-wales-1980,/Users/jarlgiovanni/Desktop/bigfoot_research/public/data/frontend-data.json
bfc8fa32096531db12dfe109b78987af31b36c3062e15d278873d431ef25a4ff,234,,,,"Beerwah, Queensland 1980",1980,-26.8573095,152.9604137,Australian Yowie Research,https://www.yowiehunters.com.au/queensland/1270-benewah-qld-1980,/Users/jarlgiovanni/Desktop/bigfoot_research/public/data/frontend-data.json
8bcda68a41656381285de7afdac4710fc17009017f50b912c6630aef3258f0c2,245,,,,"Baryulgil, New South Wales 1980",1980,-29.2193959,152.6041527,Australian Yowie Research,https://www.yowiehunters.com.au/new-south-wales/1843-baryulgil-new-south-wales-1980,/Users/jarlgiovanni/Desktop/bigfoot_research/public/data/frontend-data.json
392eb226fd7dd148cc145e90a199d5358a77af6fd640c3c982574b5984f2ebd7,262,,,,"Mount Buller, Victoria 1980's",1980,-37.2694615,146.4008688,Australian Yowie Research,https://www.yowiehunters.com.au/victoria/2275-mount-buller-victoria-1980s,/Users/jarlgiovanni/Desktop/bigfoot_research/public/data/frontend-data.json
c2a5c6aec1ad96f011a786444f450cb92b5053d9be40696c6690bd1e5ff4480a,362,,,,"Clyde Mountain, New South Wales 1980",1980,-35.5536851,149.9501548,Australian Yowie Research,https://www.yowiehunters.com.au/new-south-wales/1370-clyde-mountain-new-south-wales-1980,/Users/jarlgiovanni/Desktop/bigfoot_research/public/data/frontend-data.json
2ae01e4dc4363e8024fc3aa9c3ff8098b210cddfd28d6c3b64d11e346a2a5b5e,364,,,,"Coffs Harbour, New South Wales 1980",1980,-30.2985996,153.1094116,Australian Yowie Research,https://www.yowiehunters.com.au/new-south-wales/1372-coffs-harbour-new-south-wales-1980-sp-24339,/Users/jarlgiovanni/Desktop/bigfoot_research/public/data/frontend-data.json
2a73a05a53567c1e6c22c15325e7f29b7d7df2d85fbb9baf8077272d55d409d3,395,,,,"Mt. Tamborine, Queensland 1980",1980,-27.9684035,153.1967792,Australian Yowie Research,https://www.yowiehunters.com.au/queensland/1311-mt-tamborine-qld-1980,/Users/jarlgiovanni/Desktop/bigfoot_research/public/data/frontend-data.json
413368510d8f6d79cf30c26e09c3feba98886ee2be818827710b5c86cd6b718a,441,,,,"Slacks Creek, Queensland 1980",1980,-27.638501,153.1287129,Australian Yowie Research,https://www.yowiehunters.com.au/queensland/1950-slacks-creek-queensland-1980,/Users/jarlgiovanni/Desktop/bigfoot_research/public/data/frontend-data.json
671e20a5d533fd7fdb8842d195e676b5b8f516aa8a1bc8fb6bb58584f1593a6d,485,,,,"Wauchope, New South Wales 1980",1980,-31.4557879,152.734664,Australian Yowie Research,https://www.yowiehunters.com.au/queensland/2245-wauchope-new-south-wales-1980,/Users/jarlgiovanni/Desktop/bigfoot_research/public/data/frontend-data.json
89b775c932f478c9d63cf60eedc20a6b8198b9f2d0dcc0737c5be5dc088e82e7,486,,,,"Kiandra, New South Wales 1980",1980,-35.8754308,148.4957535,Australian Yowie Research,https://www.yowiehunters.com.au/new-south-wales/1405-kiandra-new-south-wales-1980,/Users/jarlgiovanni/Desktop/bigfoot_research/public/data/frontend-data.json
a8954d6df5a427436c8dd3798a37fe6fb7c0e7e144e16bf6c66fa7c52c10fae5,490,,,,"Korora Basin, New South Wales 1980",1980,-30.2483333,153.1344444,Australian Yowie Research,https://www.yowiehunters.com.au/new-south-wales/1473-woolgoolga-new-south-wales-1980,/Users/jarlgiovanni/Desktop/bigfoot_research/public/data/frontend-data.json
cba93e4be2830568a69e0b641202fbe4bc673ae00720cca3ea4841e2541e50b3,501,,,,"Wongawallen, Queensland 1980",1980,-27.9024629,153.1095731,Australian Yowie Research,https://www.yowiehunters.com.au/queensland/2066-wongawallen-queensland-1980,/Users/jarlgiovanni/Desktop/bigfoot_research/public/data/frontend-data.json
293c118b560007d6d4c521f93027c4e90615de6587bd780b469b3326576f3409,594,,,,"Torrington, New South Wales 1980",1980,-29.3112985,151.6967475,Australian Yowie Research,https://www.yowiehunters.com.au/new-south-wales/1673-torringtom-new-south-wales-1980,/Users/jarlgiovanni/Desktop/bigfoot_research/public/data/frontend-data.json
4afc38a9153c36b69bc47cd5502e9345efe211ee949231f0da4595932666f67e,914,,,,1980 - Canberra Times Yowie Article,1980,-35.2975906,149.1012676,Australian Yowie Research,https://www.yowiehunters.com.au/media-clips/1728-1980-canberra-times-yowie-article,/Users/jarlgiovanni/Desktop/bigfoot_research/public/data/frontend-data.json
ccdb2ed2c255ffab3a9016f5fb54afded30cac8ff8aa2bc101142cfabedad840,915,,,,1980's? - Macleay Argus Yowie Report,1980,-30.9064024,152.590455,Australian Yowie Research,https://www.yowiehunters.com.au/media-clips/1705-1980-s-macleay-argus-yowie-report,/Users/jarlgiovanni/Desktop/bigfoot_research/public/data/frontend-data.json
7fd8772cce570bd33bb7b72b2a5190b1404dede7aefe37449cfe9e70ea625a03,1082,,,,1980 - People Magazine Yowie Article,1980,-26.9071836,152.6144617,Australian Yowie Research,https://www.yowiehunters.com.au/media-clips/2151-1980-people-magazine-yowie-article,/Users/jarlgiovanni/Desktop/bigfoot_research/public/data/frontend-data.json
27f69c3ed4b1860e888c2b85994d552684dffb9d8489f6b5e2fa39b3795ea9cb,1083,,,,1980 - Track Magazine Yowie Article,1980,-31.4557879,152.734664,Australian Yowie Research,https://www.yowiehunters.com.au/media-clips/2244-1980-track-magazine-yowie-article,/Users/jarlgiovanni/Desktop/bigfoot_research/public/data/frontend-data.json
a12ceed56bbec369688f420f4e6209f0bd98c35e4516f7575116032f52ee8149,4275,,,,"Written reports: Yowie Sighting at Wongawallen, Queensland 1980",1980,-27.8886104,153.235785,Australian Yowie Research / AYR Yowie Reports Map,https://www.yowiehunters.com.au/queensland/2066-wongawallen-queensland-1980,/Users/jarlgiovanni/Desktop/bigfoot_research/public/data/frontend-data.json
7b9df1168f71fbf8e3cb10d13226df3380e8edb67e382fd9f9173473b4319e47,4318,,,,"Written reports: Yowie Sighting at Wee Jasper and Uki, New South Wales 1980",1980,-35.1,148.663667,Australian Yowie Research / AYR Yowie Reports Map,https://www.yowiehunters.com.au/new-south-wales/1466-wee-jasper-new-south-wales-1980,/Users/jarlgiovanni/Desktop/bigfoot_research/public/data/frontend-data.json
b869d695357515623e041feda94a97b7d60b41c65a6931f5b8f1f124508c363b,4447,,,,Reports from newspapers: 1980 - Canberra Times Yowie Article,1980,-30.333333,153.083333,Australian Yowie Research / AYR Yowie Reports Map,https://www.yowiehunters.com.au/media-clips/1728-1980-canberra-times-yowie-article,/Users/jarlgiovanni/Desktop/bigfoot_research/public/data/frontend-data.json
24882834cca4220fb78e87d9eb013f3ba81e783d248908e4c8898f0af9a5fb12,4448,,,,Reports from newspapers: 1980 - People Magazine Yowie Article,1980,-26.943056,152.563889,Australian Yowie Research / AYR Yowie Reports Map,https://www.yowiehunters.com.au/media-clips/2151-1980-people-magazine-yowie-article,/Users/jarlgiovanni/Desktop/bigfoot_research/public/data/frontend-data.json
b63ccf4c3f31b0820541c9deefb4d94304dc365c9c08b887d81ef8bf3413793f,4449,,,,Reports from newspapers: 1980s - (early) Yowie Articles - Unknown Source,1980,-28.68,153.324667,Australian Yowie Research / AYR Yowie Reports Map,https://www.yowiehunters.com.au/media-clips/1693-early-80-s-yowie-article-unknown-source,/Users/jarlgiovanni/Desktop/bigfoot_research/public/data/frontend-data.json
89d09815b8a42596609ad0f9dc4f628af8146e76d549b0203db1e3fc9c36fbae,4450,,,,Reports from newspapers: 1980s - Macleay Argus Yowie Article,1980,-31.107954,152.801667,Australian Yowie Research / AYR Yowie Reports Map,https://www.yowiehunters.com.au/media-clips/1713-1980s-macleay-argus-yowie-article,/Users/jarlgiovanni/Desktop/bigfoot_research/public/data/frontend-data.json
87b95f7e923520f2cd57843416dcd82956c8795cf2c9871b812e82fa95f206b0,4451,,,,Reports from newspapers: 1980s - Macleay Argus Yowie Report,1980,-28.283333,153.366667,Australian Yowie Research / AYR Yowie Reports Map,https://www.yowiehunters.com.au/media-clips/1705-1980-s-macleay-argus-yowie-report,/Users/jarlgiovanni/Desktop/bigfoot_research/public/data/frontend-data.json
f2b8f158c3f2e0b64bdaf174f9ef55a04cde034ca8abdb580bf64eb422985a2e,4616,,,,"AYR report index: Wee Jasper & Uki, New South Wales 1980",1980,-35.1,148.663667,Australian Yowie Research state report indexes,https://www.yowiehunters.com.au/new-south-wales/1466-wee-jasper-new-south-wales-1980,/Users/jarlgiovanni/Desktop/bigfoot_research/public/data/frontend-data.json
9404b3229aa4a622c387d91c204cec08815a7cee65eaab608cb5bde45790417d,158,,,,"Cunninghams Gap, Queensland 1981",1981,-28.0498514,152.3945729,Australian Yowie Research,https://www.yowiehunters.com.au/queensland/2055-cuninghams-gap-queensland-1981,/Users/jarlgiovanni/Desktop/bigfoot_research/public/data/frontend-data.json
14b1cc354d2401b2782b92bd51ef930a09cd5a36334baa1d8bd256800136b5b5,376,,,,"Cooma, New South Wales 1981",1981,-36.2356785,149.1261779,Australian Yowie Research,https://www.yowiehunters.com.au/new-south-wales/1990-cooma-new-south-wales-1981,/Users/jarlgiovanni/Desktop/bigfoot_research/public/data/frontend-data.json
eb32827800ce7004ecb9c466b58eacce7179d43e6bac3ec8a1f3e846e08d0430,404,,,,"Dunoon, New South Wales 1981",1981,-28.6840311,153.3154089,Australian Yowie Research,https://www.yowiehunters.com.au/new-south-wales/1380-dunoon-new-south-wales-1981,/Users/jarlgiovanni/Desktop/bigfoot_research/public/data/frontend-data.json
5198d1a079dfab8f108d759e7d9cea14b2f69a75a989a5672641377e9b577c0c,916,,,,1981 - Canberra Times Yowie Article,1981,-35.2975906,149.1012676,Australian Yowie Research,https://www.yowiehunters.com.au/media-clips/1904-1981-canberra-times-yowie-article,/Users/jarlgiovanni/Desktop/bigfoot_research/public/data/frontend-data.json
d57217b018d8323410475c253cffca5df513fd43cd61a922d335e59e592c16d0,917,,,,1981 - Lismore Northern Star Yowie Article,1981,-28.8077608,153.2791883,Australian Yowie Research,https://www.yowiehunters.com.au/media-clips/1756-1981-lismore-northern-star-yowie-article,/Users/jarlgiovanni/Desktop/bigfoot_research/public/data/frontend-data.json
bc7166e0c77c9d86f462ac20a9d6a55f01866544f89f43a7577db1994518c2d1,918,,,,1981 - Lismore Northern Star Yowie Article,1981,-28.8077608,153.2791883,Australian Yowie Research,https://www.yowiehunters.com.au/media-clips/2147-1981-lismore-northern-star-yowie-article-2,/Users/jarlgiovanni/Desktop/bigfoot_research/public/data/frontend-data.json
b5317dc191266cc880d56d787b0ef8408f782ad557dd81871b6f65d94fcff00d,919,,,,1981 - Lismore Northern Star Yowie Article,1981,-28.8077608,153.2791883,Australian Yowie Research,https://www.yowiehunters.com.au/media-clips/2148-1981-lismore-northern-star-yowie-article-3,/Users/jarlgiovanni/Desktop/bigfoot_research/public/data/frontend-data.json
75420ef3ea20e6ae37089aa30fa3de71cd5ec5b308ac3f94acd5871dcda9b5fd,4452,,,,Reports from newspapers: 1981 - Canberra Times Yowie Article,1981,-34.816667,148.9,Australian Yowie Research / AYR Yowie Reports Map,https://www.yowiehunters.com.au/media-clips/1904-1981-canberra-times-yowie-article,/Users/jarlgiovanni/Desktop/bigfoot_research/public/data/frontend-data.json
bf48a1bcb5bb93bde7dce7134d927c66951c47aadc7d7a17fb71ae56f17ea64b,4453,,,,Reports from newspapers: 1981 - Lismore Northern Star Yowie Article,1981,-28.685333,153.321667,Australian Yowie Research / AYR Yowie Reports Map,https://www.yowiehunters.com.au/media-clips/2147-1981-lismore-northern-star-yowie-article-2,/Users/jarlgiovanni/Desktop/bigfoot_research/public/data/frontend-data.json
430c294b8aada7896632b53c4f5200a40fb6e0451509484484f58af82b571717,4454,,,,Reports from newspapers: 1981 - Lismore Northern Star Yowie Article,1981,-28.685333,153.321667,Australian Yowie Research / AYR Yowie Reports Map,https://www.yowiehunters.com.au/media-clips/2148-1981-lismore-northern-star-yowie-article-3,/Users/jarlgiovanni/Desktop/bigfoot_research/public/data/frontend-data.json
1bab7cdbf69e39959baa0958b321f1f56018f5fcbe4a7930168b82340b807e59,4594,,,,"Witness sketches: Cooma, New South Wales (1981)",1981,-36.23517,149.12408,Australian Yowie Research / AYR Yowie Reports Map,https://www.yowiehunters.com.au/witness-sketches,/Users/jarlgiovanni/Desktop/bigfoot_research/public/data/frontend-data.json
ad50c65bd392e5af868434a47a1049f2d910656ee4bfdc93d0b7e70bcd6f3d2e,48,,,,"Cranbourne, Victoria 1982",1982,-38.0997308,145.2807256,Australian Yowie Research,https://www.yowiehunters.com.au/victoria/1244-cranbourne-vic-1982,/Users/jarlgiovanni/Desktop/bigfoot_research/public/data/frontend-data.json
74d9db8d2ceb96b6983857be86c7d395154c5074ab751e3e14dff46810f0d78d,97,,,,"Ophir, New South Wales 1982",1982,-33.1285,149.2429,Australian Yowie Research,https://www.yowiehunters.com.au/new-south-wales/1435-ophir-new-south-wales-1982,/Users/jarlgiovanni/Desktop/bigfoot_research/public/data/frontend-data.json
07b45b73f0aca5c2fc59faf8e1b1bbccc6c4580818e825bba46d0deccb7f6d05,159,,,,"Worongary, Queensland 1982",1982,-28.0360735,153.339128,Australian Yowie Research,https://www.yowiehunters.com.au/queensland/2075-worongary-queensland-1982,/Users/jarlgiovanni/Desktop/bigfoot_research/public/data/frontend-data.json
741ebb0dd95302e883fec7a64cd38f89bf4458bdba5e5195e385a5dc034959b9,228,,,,"Beachmere, Queensland 1982",1982,-27.1303586,153.0520041,Australian Yowie Research,https://www.yowiehunters.com.au/queensland/1809-beachmere-queensland-1982,/Users/jarlgiovanni/Desktop/bigfoot_research/public/data/frontend-data.json
f8da41e683ba14f9ae1b4d986717e1322736c4143d2f426af2d34f2306e6e816,250,,,,"Macclesfield, Victoria 1982",1982,-37.887001,145.475186,Australian Yowie Research,https://www.yowiehunters.com.au/victoria/1252-macclesfield-vic-1982,/Users/jarlgiovanni/Desktop/bigfoot_research/public/data/frontend-data.json
368c4eb3d7f0db9a134d44d488e980a3618254fa0f7cd86882f93732908ae2d1,318,,,,"Bowen Mountain, New South Wales 1982",1982,-33.5735614,150.6256438,Australian Yowie Research,https://www.yowiehunters.com.au/new-south-wales/1360-bowen-mountain-new-south-wales-1982,/Users/jarlgiovanni/Desktop/bigfoot_research/public/data/frontend-data.json
0522710c52073f97c362bd752c531ff135e38c0c430922346d5d25c9b5774cdd,332,,,,"Broken Hill, New South Wales 1982",1982,-31.965,141.4511111,Australian Yowie Research,https://www.yowiehunters.com.au/new-south-wales/1817-broken-hill-new-south-wales-1982,/Users/jarlgiovanni/Desktop/bigfoot_research/public/data/frontend-data.json
4be89bcb09a238b41aab3193193df7e918a4a8c46b75f27f5df177d03f1407b0,449,,,,"Springbrook, Queensland 1982",1982,-28.185749,153.2715593,Australian Yowie Research,https://www.yowiehunters.com.au/queensland/1329-springbrook-qld-1982,/Users/jarlgiovanni/Desktop/bigfoot_research/public/data/frontend-data.json
4727ff190f42e43c3bbd50762bb8d6ab7a0660da5a21f0d596a352e1baa847ad,481,,,,"Tully, Queensland 1985",1982,-17.9429225,145.9285816,Australian Yowie Research,https://www.yowiehunters.com.au/queensland/1598-tully-queensland-1985,/Users/jarlgiovanni/Desktop/bigfoot_research/public/data/frontend-data.json
df56d07e9dd57ceb31ecc421957b80d7df42ee5cdc1f0d071ae2b02ce233d052,566,,,,"Pilliga, New South Wales 2010",1982,-30.351605,148.8888022,Australian Yowie Research,https://www.yowiehunters.com.au/new-south-wales/1444-pilliga-new-south-wales-2010,/Users/jarlgiovanni/Desktop/bigfoot_research/public/data/frontend-data.json
a2ea933a1dd059b7be198358e456dfd4fa98f77eb60d1e10b1c3e61e2eb8ce05,584,,,,"Sunny Corner, New South Wales 1982",1982,-33.3842823,149.8884022,Australian Yowie Research,https://www.yowiehunters.com.au/new-south-wales/1936-sunny-corner-new-south-wales-1982,/Users/jarlgiovanni/Desktop/bigfoot_research/public/data/frontend-data.json
0cd1e3fef45a536553d12edba82b72a5642bb938deb83f14c02d0b9778d0aba3,602,,,,"Walgett, New South Wales 1982",1982,-29.7882659,148.2389866,Australian Yowie Research,https://www.yowiehunters.com.au/new-south-wales/1458-walget-new-south-wales-1982,/Users/jarlgiovanni/Desktop/bigfoot_research/public/data/frontend-data.json
775d02c11ce72795cc96c8e01afa26827ec7d3179069c4fb0289c16239ff968e,633,,,,"Yarrangobilly, New South Wales 1982",1982,-35.6483333,148.4677778,Australian Yowie Research,https://www.yowiehunters.com.au/new-south-wales/1476-yarrangobilly-new-south-wales-1982,/Users/jarlgiovanni/Desktop/bigfoot_research/public/data/frontend-data.json
e4ac0e525b7f8010f969f12e8a01d2d41af4d7df155edd3a66e709c4650864bc,4276,,,,"YouTube reports, interviews: Yowie Sighting (Audio Report #108) at Sunny Corner, New South Wales (1982)",1982,-33.3842823,149.8884022,Australian Yowie Research / AYR Yowie Reports Map,https://www.youtube.com/watch?v=-4OS9_7uSXo,/Users/jarlgiovanni/Desktop/bigfoot_research/public/data/frontend-data.json
8f93467765308c1b1204ce7d7af45cc49c428fb09688c399fd771cadeeb0a2ad,4591,,,,"Witness sketches: Near Parkes, New South Wales (1982)",1982,-32.8225409,147.9761363,Australian Yowie Research / AYR Yowie Reports Map,https://www.yowiehunters.com.au/witness-sketches,/Users/jarlgiovanni/Desktop/bigfoot_research/public/data/frontend-data.json
45b2cb6575e7faf733491fb0db1a2c27e98fd1436b51011878265d75d0556893,14,,,,"Kalamundra, Western Australia 1983",1983,-32.0038075,116.1022069,Australian Yowie Research,https://www.yowiehunters.com.au/western-australia/1135-kalamundra-1983,/Users/jarlgiovanni/Desktop/bigfoot_research/public/data/frontend-data.json
38e9a7b23e723d80f098ceddce247c24bb56d556a5075ea12132e5ad73654207,53,,,,"Cranbourne, Victoria 1987",1983,-38.0997308,145.2807256,Australian Yowie Research,https://www.yowiehunters.com.au/victoria/1245-cranbourne-vic-1987,/Users/jarlgiovanni/Desktop/bigfoot_research/public/data/frontend-data.json
0098289a96b51a15f98a7a1fb3f4e89942dfead5186c824083a2da5ce871f50e,98,,,,"Evans Head, New South Wales 1983",1983,-29.1174093,153.4312097,Australian Yowie Research,https://www.yowiehunters.com.au/new-south-wales/1383-evans-head-new-south-wales-1983,/Users/jarlgiovanni/Desktop/bigfoot_research/public/data/frontend-data.json
610058d78d4586b96bb33ac009e4b40159d2ff2d01757b5d9ff81695bdfbe9be,321,,,,"Fraser Island, Queensland 1983",1983,-25.24672,153.1468044,Australian Yowie Research,https://www.yowiehunters.com.au/queensland/1864-fraser-island-queensland-1983,/Users/jarlgiovanni/Desktop/bigfoot_research/public/data/frontend-data.json
43e5287acbb56a1f44c35e0bb04de61d1cfff19f24231bee00c3f5d2cb36c558,352,,,,"Canberra, A.C.T. 1983",1983,-35.2975906,149.1012676,Australian Yowie Research,https://www.yowiehunters.com.au/new-south-wales/1367-canberra-act-1983,/Users/jarlgiovanni/Desktop/bigfoot_research/public/data/frontend-data.json
9f82e18934e171359a4d732592d217ee922bb21282698d6f9ae950757427fedd,533,,,,"Mt. Kembla, New South Wales 1983",1983,-34.4421839,150.8067132,Australian Yowie Research,https://www.yowiehunters.com.au/new-south-wales/1419-mt-kembla-new-south-wales-1983,/Users/jarlgiovanni/Desktop/bigfoot_research/public/data/frontend-data.json
13c12a30ea080353f4220a8fc4c817f825993701b27834cd9139004729686bc0,552,,,,"Oberon, New South Wales 1983",1983,-33.8455931,149.8326162,Australian Yowie Research,https://www.yowiehunters.com.au/new-south-wales/1432-oberon-new-south-wales-1983,/Users/jarlgiovanni/Desktop/bigfoot_research/public/data/frontend-data.json
580902b4d7e035b46e11e45f87b0bf794efd5657d094ebc55b84a04620253ed5,920,,,,1983 - Border Post Yowie Article,1983,-28.6559947,151.9338265,Australian Yowie Research,https://www.yowiehunters.com.au/media-clips/2145-1983-border-post-yowie-article,/Users/jarlgiovanni/Desktop/bigfoot_research/public/data/frontend-data.json
e7ae4dcc279e990bba741d043544bfee4c7a871dc08ae2edd98841d6d28c1a64,1085,,,,1983 - The Pinkney Report Yowie Article,1983,-32.0038075,116.1022069,Australian Yowie Research,https://www.yowiehunters.com.au/media-clips/1750-1983-the-pinkney-report-yowie-article,/Users/jarlgiovanni/Desktop/bigfoot_research/public/data/frontend-data.json
bd877ec46ed1a6d8191a9917f069df4cd3bb31aed3a509a9623f8572b803a581,4277,,,,"YouTube reports, interviews: Yowie Sighting (Audio Report #66) at Kalamunda - Western Australia (1983)",1983,-31.946253,116.046943,Australian Yowie Research / AYR Yowie Reports Map,https://www.youtube.com/watch?v=oRLoaLMgYRUr,/Users/jarlgiovanni/Desktop/bigfoot_research/public/data/frontend-data.json
6667e3f2b9b2cb694aa03a961905934fd362200246fa6c80b51828870b180ee5,4278,,,,"YouTube reports, interviews: Yowie Sighting (Audio Report #140) at Mount Kembla, New South Wales (Nov 1983)",1983,-34.44214,150.79568,Australian Yowie Research / AYR Yowie Reports Map,https://www.youtube.com/watch?v=9QOQM5BaI3o,/Users/jarlgiovanni/Desktop/bigfoot_research/public/data/frontend-data.json
e41325f7bd9de73abd348b5ab1951a579f14372162604ccf6dc0f9d90c2f1d7d,4298,,,,"Written reports: Yowie Sighting at Canberra, A.C.T. 1983",1983,-35.293056,149.126944,Australian Yowie Research / AYR Yowie Reports Map,https://www.yowiehunters.com.au/new-south-wales/1367-canberra-act-1983,/Users/jarlgiovanni/Desktop/bigfoot_research/public/data/frontend-data.json
ce0ef8e7df5e87196fccce995c9af0751f6b6c69802e6c0d39bd5205c6dacdb3,4455,,,,Reports from newspapers: 1983 - Border Post Yowie Article,1983,-28.6547,151.9,Australian Yowie Research / AYR Yowie Reports Map,https://www.yowiehunters.com.au/media-clips/2145-1983-border-post-yowie-article,/Users/jarlgiovanni/Desktop/bigfoot_research/public/data/frontend-data.json
417dea516c26248490b3769ed2d192f4f177c7cee1aabae38cb020591c401524,4456,,,,Reports from newspapers: 1983 - The Pinkney Report Yowie Article,1983,-31.974,116.058,Australian Yowie Research / AYR Yowie Reports Map,https://www.yowiehunters.com.au/media-clips/1750-1983-the-pinkney-report-yowie-article,/Users/jarlgiovanni/Desktop/bigfoot_research/public/data/frontend-data.json
e3a6e6f0449a51db55b251d6e486b3e4b1138c39933ed68ab4c15198042be122,4558,,,,"Photographs of footprints and handprints : Bungonia â€“ Bundanoon, New South Wales (1983)",1983,-34.768773,150.168423,Australian Yowie Research / AYR Yowie Reports Map,https://www.yowiehunters.com.au/footprints,/Users/jarlgiovanni/Desktop/bigfoot_research/public/data/frontend-data.json
ca5741409765c016daf63aea1d9c1b0988484dfcbb58aeaf0fffc6af864d40e7,49,,,,"Noojee, Victoria 1984",1984,-37.8352675,145.9443211,Australian Yowie Research,https://www.yowiehunters.com.au/victoria/1257-noojee-vic-1984,/Users/jarlgiovanni/Desktop/bigfoot_research/public/data/frontend-data.json
8ca3853f0fd9a653076cffcebc758ae1501f229a101bf928d4bd59f1ce6ce70d,50,,,,"Toolangi, Victoria 1984",1984,-37.4898686,145.5117704,Australian Yowie Research,https://www.yowiehunters.com.au/victoria/1680-toolangi-victoria-1984,/Users/jarlgiovanni/Desktop/bigfoot_research/public/data/frontend-data.json
3286f60ad80ae3e1ffc2ec67275a66962a9ce4b29e8481b21f0f03aca5fc21c5,99,,,,"Brooklyn, New South Wales 1984",1984,-33.5479285,151.2260175,Australian Yowie Research,https://www.yowiehunters.com.au/new-south-wales/1394-hawkesburry-river-new-south-wales-1984,/Users/jarlgiovanni/Desktop/bigfoot_research/public/data/frontend-data.json
6104b0a357c104bceb7eac1980ac9cde6307fc31f0654e59d7f2f4ff51a4a70f,160,,,,"Springbrook, Queensland 1984",1984,-28.185749,153.2715593,Australian Yowie Research,https://www.yowiehunters.com.au/queensland/1330-springbrook-qld-1984,/Users/jarlgiovanni/Desktop/bigfoot_research/public/data/frontend-data.json
105bedbac55c438d56a20b9654ee662a6d446b70155443c7900fbd16f1cbf608,254,,,,"Bathurst, New South Wales 1984",1984,-33.4166482,149.5803725,Australian Yowie Research,https://www.yowiehunters.com.au/new-south-wales/1353-bathurst-new-south-wales-1984,/Users/jarlgiovanni/Desktop/bigfoot_research/public/data/frontend-data.json
d1f874f3ca81487997f2c4affb07b211b9437eda71ac8cc4fda6fd9c3a68595b,261,,,,"Canarvon Gorge, Queensland 1984",1984,-24.99435,148.3337905,Australian Yowie Research,https://www.yowiehunters.com.au/queensland/1275-canarvon-gorge-qld-1984,/Users/jarlgiovanni/Desktop/bigfoot_research/public/data/frontend-data.json
f47727c70134775cc8050bdd90afd4866dfa92da77e1bfa6bbd3334f99ddbd2f,271,,,,"Noojee, Victoria 1984",1984,-37.8352675,145.9443211,Australian Yowie Research,https://www.yowiehunters.com.au/victoria/1621-noojee-victoria-1984,/Users/jarlgiovanni/Desktop/bigfoot_research/public/data/frontend-data.json
ff165a3764fa5612871907b758cf4167445b6141db5fe6b10f871c7808015e94,299,,,,"Blue Mountains, New South Wales 1984",1984,-33.609741,150.4052237,Australian Yowie Research,https://www.yowiehunters.com.au/new-south-wales/1562-blue-mountains-new-south-wales-1984,/Users/jarlgiovanni/Desktop/bigfoot_research/public/data/frontend-data.json
0b8ea3cf50f36cb663be4e066a3eaeab5d6a6b56dd3a22bc8c14487a899aeee1,342,,,,"Bundanoon, New South Wales 1984",1984,-34.6562168,150.2997071,Australian Yowie Research,https://www.yowiehunters.com.au/new-south-wales/1365-bundanoon-new-south-wales-1984,/Users/jarlgiovanni/Desktop/bigfoot_research/public/data/frontend-data.json
06c85c7ac27f10dd94f394213e4f438047c901221b73c7383899ef301136f6f1,344,,,,"Bundarra, New South Wales 1984",1984,-30.1697551,151.0739435,Australian Yowie Research,https://www.yowiehunters.com.au/new-south-wales/1836-bundarra-new-south-wales-1984,/Users/jarlgiovanni/Desktop/bigfoot_research/public/data/frontend-data.json
cde9e2d46e22ba79fed272df80d75f67555b27c32dda4523227a0b3811e0804d,479,,,,"Tugun, Queensland 1984",1984,-28.148821,153.4904018,Australian Yowie Research,https://www.yowiehunters.com.au/queensland/2048-tugun-queensland-1984,/Users/jarlgiovanni/Desktop/bigfoot_research/public/data/frontend-data.json
fe9bfdcde13680ab41bb7aa186408081c51ba708f6f9096a2e3ff1a6cdf810ab,499,,,,"Wongawallan, Queensland 1984",1984,-27.8886104,153.235785,Australian Yowie Research,https://www.yowiehunters.com.au/queensland/1550-wongawallan-queensland-1984-sp-28881,/Users/jarlgiovanni/Desktop/bigfoot_research/public/data/frontend-data.json
efebdb5c0c0c5a23ea433cad90dfe58374584090e8f833504a4412624e5b2ac0,574,,,,"Royal National Park, New South Wales 1984",1984,-34.1121995,151.0267269,Australian Yowie Research,https://www.yowiehunters.com.au/new-south-wales/1828-royal-national-park-new-south-wales-1984,/Users/jarlgiovanni/Desktop/bigfoot_research/public/data/frontend-data.json
0ec5b1bd74f6aa32e9ccfe91309a0e07f712c8aed9c65683df91ddf3e247c837,4279,,,,"Written reports: Yowie Sighting at Canarvon Gorge, Queensland 1984",1984,-24.99435,148.3337905,Australian Yowie Research / AYR Yowie Reports Map,https://www.yowiehunters.com.au/queensland/1275-canarvon-gorge-qld-1984,/Users/jarlgiovanni/Desktop/bigfoot_research/public/data/frontend-data.json
ef13af0eff830145c0e22aa380a25936ded491e25b91dee2c31cd75dbab6bf76,4312,,,,"Written reports: Yowie Sighting at Toolangi, Victoria 1984",1984,-37.533333,145.466667,Australian Yowie Research / AYR Yowie Reports Map,https://www.yowiehunters.com.au/victoria/1680-toolangi-victoria-1984,/Users/jarlgiovanni/Desktop/bigfoot_research/public/data/frontend-data.json
bc89faac385a682bca8c775dfffab671306a171aa189507cb222e0de4464112e,47,,,,"Kinglake West & Eden Park, Victoria late 1980's",1985,-37.450214,145.258423,Australian Yowie Research,https://www.yowiehunters.com.au/victoria/2284-kinglake-west-eden-park-victoria-late-1980s,/Users/jarlgiovanni/Desktop/bigfoot_research/public/data/frontend-data.json
034d148770fbc18d78b76ee67594b4a614c0d4557054a4a1d9e0c75d5dd68d11,51,,,,"Avonsleigh, Victoria 1985",1985,-37.9208356,145.4688212,Australian Yowie Research,https://www.yowiehunters.com.au/victoria/1954-avonsleigh-victoria-1985,/Users/jarlgiovanni/Desktop/bigfoot_research/public/data/frontend-data.json
4c69ddfc3341c9b2ca552317f45f7b72b04dcd13af69209bc60594ee4399ca40,52,,,,"Darriman, Victoria 1985",1985,-38.4096475,146.8987864,Australian Yowie Research,https://www.yowiehunters.com.au/victoria/1246-darriman-vic-1985,/Users/jarlgiovanni/Desktop/bigfoot_research/public/data/frontend-data.json
8f2c69c928abb8e722ceabedda0ec7318569c51f1157261dbf42cab151d87e8b,100,,,,"Sunny Corner, New South Wales 1985",1985,-33.3842823,149.8884022,Australian Yowie Research,https://www.yowiehunters.com.au/new-south-wales/1910-sunny-corner-new-south-wales-1985,/Users/jarlgiovanni/Desktop/bigfoot_research/public/data/frontend-data.json
c2183631bc1772588dfffd0a7d843424b325503f8360db4e1b9ad384d7805dc9,161,,,,"Gympie (East), Queensland 1985",1985,-26.1791812,152.7329612,Australian Yowie Research,https://www.yowiehunters.com.au/queensland/1862-gympie-east-queensland-1985,/Users/jarlgiovanni/Desktop/bigfoot_research/public/data/frontend-data.json
ca521902721965e74a63c236d47f97376fe5815ba5eda443a78da6e9a3abee67,162,,,,"Worongary, Queensland 1985",1985,-28.0360735,153.339128,Australian Yowie Research,https://www.yowiehunters.com.au/queensland/2185-worongary-queensland-1985,/Users/jarlgiovanni/Desktop/bigfoot_research/public/data/frontend-data.json
2e7c6fc1d9b6f41f0907ffe37c98b652f40cbf10aeeab7fc90f138c5b10ecfeb,216,,,,"Advancetown, Queensland 1985",1985,-28.061915,153.27813,Australian Yowie Research,https://www.yowiehunters.com.au/queensland/1968-advancetown-queensland-1985,/Users/jarlgiovanni/Desktop/bigfoot_research/public/data/frontend-data.json
93aa986958e4e65ab3f5dc7d23685ad2cd01de6b0ac51bf708248dadf034ef90,217,,,,"Benambra, Victoria 1985",1985,-36.889754,147.8016192,Australian Yowie Research,https://www.yowiehunters.com.au/victoria/1974-benambra-victoria-1985,/Users/jarlgiovanni/Desktop/bigfoot_research/public/data/frontend-data.json
e2f4d21219c3018a129108e6f3ff5bf3dc05c21f6ec3dd15f99820cc604eb7dd,420,,,,"Glenreagh, New South Wales 1985",1985,-30.0512038,152.9787186,Australian Yowie Research,https://www.yowiehunters.com.au/new-south-wales/2116-glenreagh-new-south-wales-1985,/Users/jarlgiovanni/Desktop/bigfoot_research/public/data/frontend-data.json
aa9e34aa5a536112f7e51f1c35495639c8eedd5b257e3b868ecb230a8edca328,459,,,,"Stanthorpe, Queensland 1985",1985,-28.6559947,151.9338265,Australian Yowie Research,https://www.yowiehunters.com.au/queensland/2285-stanthorpe-queensland-1985,/Users/jarlgiovanni/Desktop/bigfoot_research/public/data/frontend-data.json
a05cd7dbc098675edc24fc71e91125eac5df3ce1f50b2659290e5e81379ce503,595,,,,"Torrington, New South Wales 1985",1985,-29.3112985,151.6967475,Australian Yowie Research,https://www.yowiehunters.com.au/new-south-wales/1940-torrington-new-south-wales-1985,/Users/jarlgiovanni/Desktop/bigfoot_research/public/data/frontend-data.json
03847533a70c840cf36b01d1b637a374c0793ff8eea1e53a79451384cef51a98,626,,,,"Woollamia, New South Wales 1985",1985,-35.018794,150.6597209,Australian Yowie Research,https://www.yowiehunters.com.au/new-south-wales/2061-woollamia-new-south-wales-1985,/Users/jarlgiovanni/Desktop/bigfoot_research/public/data/frontend-data.json
9f6803d61252cbd619bb6ff69e9cbf7ae102c26648fce3d691ed29e60e6b970f,4280,,,,"Written reports: Yowie Sighting near Moore River, WA (Jan 1985)",1985,-31.355007,115.609902,Australian Yowie Research / AYR Yowie Reports Map,https://www.yowiehunters.com.au/western-australia/1098-moore-river-1985,/Users/jarlgiovanni/Desktop/bigfoot_research/public/data/frontend-data.json
35211216068fd16cf51472d1ac7f9b6ca8155bd6d5d1c36af47cb7c1757a3114,4281,,,,"YouTube reports, interviews: Yowie Sighting (Audio Report #143) at Torrington, New South Wales (1985)",1985,-29.3112985,151.6967475,Australian Yowie Research / AYR Yowie Reports Map,https://www.youtube.com/watch?v=UerZwSFYRqA,/Users/jarlgiovanni/Desktop/bigfoot_research/public/data/frontend-data.json
c422ef9ef4f17d6a709ebc74ae6656baa779c7be127e00f3ab097c9de0e1c3ca,4282,,,,"YouTube reports, interviews: Yowie Sighting (Audio Report #72) at Sunny Corner, New South Wales (1985)",1985,-33.3842823,149.8884022,Australian Yowie Research / AYR Yowie Reports Map,https://www.youtube.com/watch?v=B61rHyOVYf4,/Users/jarlgiovanni/Desktop/bigfoot_research/public/data/frontend-data.json
2eff7593f761a140fa76e8cf1317253a50fbe75782c9c3e737ee38beaacd145a,4600,,,,"Witness sketches: Woolamia, New South Wales (1985)",1985,-35.013792,150.641612,Australian Yowie Research / AYR Yowie Reports Map,https://www.yowiehunters.com.au/witness-sketches,/Users/jarlgiovanni/Desktop/bigfoot_research/public/data/frontend-data.json
561b82d5cac50a6fa7bf2820a831650de0cc4f53a3bf463324c2abf7866d91b2,4602,,,,"Witness sketches: Tully, Queensland (1985)",1985,-17.93264,145.92277,Australian Yowie Research / AYR Yowie Reports Map,https://www.yowiehunters.com.au/witness-sketches,/Users/jarlgiovanni/Desktop/bigfoot_research/public/data/frontend-data.json
e3c6d8ecbc5e9768393c31d097b028d0e6be45f3060d1f553b1125f3b339bbb2,163,,,,"Mt. Superbus, Queensland 1986",1986,-28.2184485,152.4603351,Australian Yowie Research,https://www.yowiehunters.com.au/queensland/1310-mt-superus-qld-1986,/Users/jarlgiovanni/Desktop/bigfoot_research/public/data/frontend-data.json
7f0414f0784afa39b5cfc2d1ee13e400251defa6fdc0145976821b42d2536ad4,222,,,,"Atherton, Queensland 1986",1986,-17.2667108,145.4768923,Australian Yowie Research,https://www.yowiehunters.com.au/queensland/2199-atherton-queensland-1986,/Users/jarlgiovanni/Desktop/bigfoot_research/public/data/frontend-data.json
61ff37b57c6ddff76cef9c93a36ff60457e58995787cf9786a766df011844cd3,241,,,,"Harrietville, Victoria 1986",1986,-36.8923168,147.0638695,Australian Yowie Research,https://www.yowiehunters.com.au/victoria/1250-harietville-vic-1986,/Users/jarlgiovanni/Desktop/bigfoot_research/public/data/frontend-data.json
1c8b8d87b10d7380194be15a8998ac6aa5b6337c435c1d1bd949e753e24c6cb3,267,,,,"Canungra, Queensland 1986",1986,-28.0385865,153.1419128,Australian Yowie Research,https://www.yowiehunters.com.au/queensland/1871-canungra-queensland-1986,/Users/jarlgiovanni/Desktop/bigfoot_research/public/data/frontend-data.json
8753a4ca498d25aab7de8e468ece330340aaf5d2ee2e87edc73122819fd97e9c,426,,,,"Gosford, New South Wales 1986",1986,-33.415,151.3511111,Australian Yowie Research,https://www.yowiehunters.com.au/new-south-wales/1684-gosford-new-south-wales-1986,/Users/jarlgiovanni/Desktop/bigfoot_research/public/data/frontend-data.json
27088c5e6a9612277baf05b701805d16397c2786aa352b12fa2a4fb09e721be0,431,,,,"Redbank Plains, Queensland 1986",1986,-27.6513182,152.8479458,Australian Yowie Research,https://www.yowiehunters.com.au/queensland/1578-redbank-plains-queensland-1986,/Users/jarlgiovanni/Desktop/bigfoot_research/public/data/frontend-data.json
8a7f2b045fdc5de7c0c4bc92b9236576dd08959396f464c59b0a078425f880f1,534,,,,"Mt. Kembla, New South Wales 1986",1986,-34.4421839,150.8067132,Australian Yowie Research,https://www.yowiehunters.com.au/new-south-wales/1420-mt-kembla-new-south-wales-1986,/Users/jarlgiovanni/Desktop/bigfoot_research/public/data/frontend-data.json
15a9321f825109e4e1e0946eba547c7d91b8edd35521497cf183bf724aebdab7,4283,,,,"YouTube reports, interviews: Yowie Sighting (Audio Report #138) at Mt Kembla, New South Wales (1986)",1986,-34.4421839,150.8067132,Australian Yowie Research / AYR Yowie Reports Map,https://www.youtube.com/watch?v=EaJQ_LgyrCM,/Users/jarlgiovanni/Desktop/bigfoot_research/public/data/frontend-data.json
aeaf090fe273a91766476dbf9891264b79cdfe19e80073fd6b72d7777e22e2ea,4309,,,,"Written reports: Yowie Sighting at Gosford, New South Wales 1986",1986,-33.423586,151.341732,Australian Yowie Research / AYR Yowie Reports Map,https://www.yowiehunters.com.au/new-south-wales/1684-gosford-new-south-wales-1986,/Users/jarlgiovanni/Desktop/bigfoot_research/public/data/frontend-data.json
b51f02994f3942d841fcf416a681e3083b1456f9fee04604799538cb5cb28337,4313,,,,"Written reports: Yowie Sighting at Harrietville, Victoria 1986",1986,-36.8923168,147.0638695,Australian Yowie Research / AYR Yowie Reports Map,https://www.yowiehunters.com.au/victoria/1250-harietville-vic-1986,/Users/jarlgiovanni/Desktop/bigfoot_research/public/data/frontend-data.json
b17efc9a66adc714b17115383f0b5ed91e8154a577953fcd4a9820b3d486d2b1,4555,,,,"Photographs of footprints and handprints : Barrington Tops, New South Wales (1986)",1986,-31.921164,151.526978,Australian Yowie Research / AYR Yowie Reports Map,https://www.yowiehunters.com.au/footprints,/Users/jarlgiovanni/Desktop/bigfoot_research/public/data/frontend-data.json
4df690a95b43700e5d4e674ef28543a32eb64bf0f7860afc7f98af1f3dd4ce5b,32,,,,"Yambah Station, Northern Territory 1987",1987,-23.126721,133.8348877,Australian Yowie Research,https://www.yowiehunters.com.au/northern-territory/271-yambah-station-1987,/Users/jarlgiovanni/Desktop/bigfoot_research/public/data/frontend-data.json
2cf10620cca41a14d580f32d7aa44b807470c57f77b3f4e700389f4337988f14,40,,,,"Lake Dulverton, Tasmania 1987 (1)",1987,-42.3040616,147.3763267,Australian Yowie Research,https://www.yowiehunters.com.au/tasmania/273-lake-dulverton-jan-1987,/Users/jarlgiovanni/Desktop/bigfoot_research/public/data/frontend-data.json
45d74ce66ee675a1075445d928f7b8e65f03f4374f4dc21c2fb395ce256da3e5,41,,,,"Lake Dulverton, Tasmania 1987 (2)",1987,-41.4340813,147.1373496,Australian Yowie Research,https://www.yowiehunters.com.au/tasmania/1240-lake-dulverton-tas-1987-2,/Users/jarlgiovanni/Desktop/bigfoot_research/public/data/frontend-data.json
7b7e4deb158efedc8317320a36f20169517f7e5d7348a728f3e62313a4ca7ccc,54,,,,"Lyndhurst, Victoria 1987",1987,-38.0685384,145.2307493,Australian Yowie Research,https://www.yowiehunters.com.au/victoria/1251-lyndhurst-vic-1987,/Users/jarlgiovanni/Desktop/bigfoot_research/public/data/frontend-data.json
ee7be5cbc3099c3104307d193cecf63644918fd599e9170b62d7b11e344b9d24,101,,,,"Border Ranges and Blue Knob, New South Wales 1987 & 2015",1987,-28.3944444,153.0672222,Australian Yowie Research,https://www.yowiehunters.com.au/new-south-wales/2283-border-ranges-and-blue-knob-new-south-wales-1987-2015,/Users/jarlgiovanni/Desktop/bigfoot_research/public/data/frontend-data.json
526fbc68d4dd8c2e7928c747498fcb350362e335d6d56b43bf8faff6d431bc88,229,,,,"Dufty's Beach - Murray River, Victoria 1987",1987,-35.9731123,145.8474714,Australian Yowie Research,https://www.yowiehunters.com.au/victoria/2184-dufty-s-beach-murray-river-victoria-1987,/Users/jarlgiovanni/Desktop/bigfoot_research/public/data/frontend-data.json
a19a603f787e54d8edef7038ad269b38d75cf98c71e120322f54a66701741dd7,410,,,,"Engadine, New South Wales 1987",1987,-34.0650134,151.0138225,Australian Yowie Research,https://www.yowiehunters.com.au/new-south-wales/1382-engadine-new-south-wales-1987,/Users/jarlgiovanni/Desktop/bigfoot_research/public/data/frontend-data.json
ad1bb4698ccdfeaa1d8ece85a5ae7e8f4815a439873435d819d6662552023e37,484,,,,"Kiah, New South Wales 1987",1987,-37.1481965,149.8555282,Australian Yowie Research,https://www.yowiehunters.com.au/new-south-wales/2287-eden-new-south-wales-1987,/Users/jarlgiovanni/Desktop/bigfoot_research/public/data/frontend-data.json
363398b95029b4a0414a99a9baa55280e948dd3c6921b27903394ae3a46958f4,613,,,,"Wee Jasper, New South Wales 1987",1987,-35.1105708,148.6759186,Australian Yowie Research,https://www.yowiehunters.com.au/new-south-wales/1467-wee-jasper-new-south-wales-1987,/Users/jarlgiovanni/Desktop/bigfoot_research/public/data/frontend-data.json
c23c7c78014b5401cd68f2d0869ccf4516d8ac400a6ec86f24dbb1f704ab228a,620,,,,"Wombeyan Caves, New South Wales 1987",1987,-34.3084619,149.9688296,Australian Yowie Research,https://www.yowiehunters.com.au/new-south-wales/2195-wombeyan-caves-new-south-wales-1987,/Users/jarlgiovanni/Desktop/bigfoot_research/public/data/frontend-data.json
b2b6d75db1b6f5ab37114b938df3f9d481327e79c0385060af2ed0076972ccfd,834,,,,1987 - Yambah Station Yowie Article,1987,-23.126721,133.8348877,Australian Yowie Research,https://www.yowiehunters.com.au/historical-articles/1608-yambah-station-yowie-article-1987,/Users/jarlgiovanni/Desktop/bigfoot_research/public/data/frontend-data.json
335d3a8f2bad50d6a18d1154110d2ecdf5dd4ba0b213e8e66618638726fc9d56,921,,,,1987 - Launceston Examiner 1987-01-06,1987,-41.4340813,147.1373496,Australian Yowie Research,https://www.yowiehunters.com.au/media-clips/2237-1987-unknown-source-15-03-1987,/Users/jarlgiovanni/Desktop/bigfoot_research/public/data/frontend-data.json
0eee7a19aa5c029ac410eb383fdbe05ddf0524dc1262c185d847b09d7ac41dcd,922,,,,1987 - News Perth Ape Monster,1987,-31.9558967,115.8605784,Australian Yowie Research,https://www.yowiehunters.com.au/media-clips/1711-1987-news-perth-ape-monster,/Users/jarlgiovanni/Desktop/bigfoot_research/public/data/frontend-data.json
e5662067da899a071edf1b5c9167d5199d495e15c480af9fa80f4e7d4b367a0f,923,,,,1987 - NT News Yowie Article,1987,-23.126721,133.8348877,Australian Yowie Research,https://www.yowiehunters.com.au/media-clips/1752-1987-nt-news-yowie-article,/Users/jarlgiovanni/Desktop/bigfoot_research/public/data/frontend-data.json
f5b57bbb53f2be97bca9c203301a5505a301e9876afd9e2bbc4f3247e7c7a194,924,,,,1987 - People Magazine Yowie Report,1987,-42.3040616,147.3763267,Australian Yowie Research,https://www.yowiehunters.com.au/media-clips/1769-1987-people-magazine-yowie-report,/Users/jarlgiovanni/Desktop/bigfoot_research/public/data/frontend-data.json
7c91d2996591771f92ce7542b5cb498c1dcd25519bd5e1c403a72bafea8fedb0,925,,,,1987 - Sunday Press Yowie Article,1987,-23.126721,133.8348877,Australian Yowie Research,https://www.yowiehunters.com.au/media-clips/1765-1987-sunday-press-yowie-article,/Users/jarlgiovanni/Desktop/bigfoot_research/public/data/frontend-data.json
e709bdff269fb417370981562be46cae2edbd0194ce634390be2f1e1e49f36af,926,,,,1987 - Sydney Mirror Woronora Yowie Article,1987,-34.0248014,151.0454079,Australian Yowie Research,https://www.yowiehunters.com.au/media-clips/1697-1987-sydney-mirror-woronora-yowie,/Users/jarlgiovanni/Desktop/bigfoot_research/public/data/frontend-data.json
761d50061c0f31e549567c6f29667fdbb7227c2e3c69261623393c77275e0acf,927,,,,1987 - Sydney Morning Herald. Woronora Yowie Article,1987,-34.0248014,151.0454079,Australian Yowie Research,https://www.yowiehunters.com.au/media-clips/1694-1987-july-sydney-morning-herald-woronora-yowie-article,/Users/jarlgiovanni/Desktop/bigfoot_research/public/data/frontend-data.json
c231e43e0e94c8b2ace2626d7ef5decf71b9a060ca775ce745ee79c9c410fc23,928,,,,1987 - Sydney Sun Yowie Article,1987,-33.8698439,151.2082848,Australian Yowie Research,https://www.yowiehunters.com.au/media-clips/2152-1987-sydney-sun-yowie-article,/Users/jarlgiovanni/Desktop/bigfoot_research/public/data/frontend-data.json
9a7bd767faea1c1f50b92363abd0ac18554a1ac6eab477c00394af5969948b3e,4303,,,,"Written reports: Yowie Sighting at Cranbourne, Victoria 1987",1987,-38.0997308,145.2807256,Australian Yowie Research / AYR Yowie Reports Map,https://www.yowiehunters.com.au/victoria/1245-cranbourne-vic-1987,/Users/jarlgiovanni/Desktop/bigfoot_research/public/data/frontend-data.json
e7096e1deb14eb005f4c265c453d79b809d45e3e9120a50db1afc8324bab1803,4457,,,,Reports from newspapers: 1987 - News Perth Ape Monster,1987,-42.309794,147.393549,Australian Yowie Research / AYR Yowie Reports Map,https://www.yowiehunters.com.au/media-clips/1711-1987-news-perth-ape-monster,/Users/jarlgiovanni/Desktop/bigfoot_research/public/data/frontend-data.json
8994d3434b6955a83193dc48370f021694022c5edc3822b6a91ad11df96a95d8,4458,,,,Reports from newspapers: 1987 - NT News Yowie Article,1987,-23.132391,133.694829,Australian Yowie Research / AYR Yowie Reports Map,https://www.yowiehunters.com.au/media-clips/1752-1987-nt-news-yowie-article,/Users/jarlgiovanni/Desktop/bigfoot_research/public/data/frontend-data.json
5c36ece09c81ab9f3e24da13982d3ca852ef07e3ced4d770dcd9bfb7f9499e19,4459,,,,Reports from newspapers: 1987 - Sydney Mirror Woronora Yowie Article,1987,-34.114532,150.939979,Australian Yowie Research / AYR Yowie Reports Map,https://www.yowiehunters.com.au/media-clips/1697-1987-sydney-mirror-woronora-yowie,/Users/jarlgiovanni/Desktop/bigfoot_research/public/data/frontend-data.json
25c3d16501b0f8a80c63d55d081754cf8cc0af53d0ec84e4216fce724f8a7742,4460,,,,Reports from newspapers: 1987 - Sydney Morning Herald. Woronora Yowie Article,1987,-34.110532,150.930979,Australian Yowie Research / AYR Yowie Reports Map,https://www.yowiehunters.com.au/media-clips/1694-1987-july-sydney-morning-herald-woronora-yowie-article,/Users/jarlgiovanni/Desktop/bigfoot_research/public/data/frontend-data.json
a79cc4d2673a93c5bf11f706d33204a897681eedef49d872432d55119113d4c0,4604,,,,"Witness sketches: Gootchie, Queensland (1987)",1987,-25.85482,152.55443,Australian Yowie Research / AYR Yowie Reports Map,https://www.yowiehunters.com.au/witness-sketches,/Users/jarlgiovanni/Desktop/bigfoot_research/public/data/frontend-data.json
6353baff5ac10639ad21187e67fd90fb13c3ccdc4cf318e2fdad4296a07800a3,4630,,,,"AYR report index: Lake Dulverton, Tasmania 1987 (2)",1987,-42.3040616,147.3763267,Australian Yowie Research state report indexes,https://www.yowiehunters.com.au/tasmania/1240-lake-dulverton-tas-1987-2,/Users/jarlgiovanni/Desktop/bigfoot_research/public/data/frontend-data.json
8ddd09c91c8e425aa881b8a106d9dd947512310627514d37e7f9b546fca0e65c,55,,,,"Emerald, Victoria 1988",1988,-37.9321282,145.4407282,Australian Yowie Research,https://www.yowiehunters.com.au/victoria/1248-emerald-vic-1988,/Users/jarlgiovanni/Desktop/bigfoot_research/public/data/frontend-data.json
31a3122a28a49857386d3eef390cadda27591691bf23f4460e006c84b70e62e4,102,,,,"Mt. Kembla, New South Wales 1988",1988,-34.4421839,150.8067132,Australian Yowie Research,https://www.yowiehunters.com.au/new-south-wales/1421-mt-kembla-new-south-wales-1988,/Users/jarlgiovanni/Desktop/bigfoot_research/public/data/frontend-data.json
84b0ae54591c70a0f6ad8f6f196d948980e31c87cf37df3153c62ef8d6ad54a7,253,,,,"Mansfield, Victoria 1988",1988,-36.9242155,146.1463677,Australian Yowie Research,https://www.yowiehunters.com.au/victoria/1253-mansfield-vic-1988,/Users/jarlgiovanni/Desktop/bigfoot_research/public/data/frontend-data.json
33cc9f0a4123f97cd6f64baef5919e38639307056ecfef3bf494bcccfcf7b19f,369,,,,"Lamington NP, Queensland 1988",1988,-28.2440481,153.1573088,Australian Yowie Research,https://www.yowiehunters.com.au/queensland/1662-lamington-np-queensland-1988,/Users/jarlgiovanni/Desktop/bigfoot_research/public/data/frontend-data.json
4d94ede017299137c2e47dc77d4a3c2883c2a138b07bd6e2b3fb1e7ef53e0a31,550,,,,"Nowra, New South Wales 1988",1988,-34.8741198,150.6004709,Australian Yowie Research,https://www.yowiehunters.com.au/new-south-wales/1430-nowra-new-south-wales-1988,/Users/jarlgiovanni/Desktop/bigfoot_research/public/data/frontend-data.json
3e93e90ad48406d3fac8538dbf98645cd0cb6f11d5f2ddc1a4ace7c1d1f69b97,601,,,,"Vulcan State Forest, New South Wales 1988",1988,-33.8857125,149.8249296,Australian Yowie Research,https://www.yowiehunters.com.au/new-south-wales/1667-vulcan-state-forest-new-south-wales-1988,/Users/jarlgiovanni/Desktop/bigfoot_research/public/data/frontend-data.json
88103ddd610d38ded17a3965f07a391094e9807a7b2576d60d98834478568068,607,,,,"Watagans, New South Wales 1988",1988,-33.0758112,151.4539993,Australian Yowie Research,https://www.yowiehunters.com.au/new-south-wales/1462-watigans-new-south-wales-1988,/Users/jarlgiovanni/Desktop/bigfoot_research/public/data/frontend-data.json
3ff9d97eeb0501a5ef5f8f1302e100478dd0b58d96c55aef2e854845545d36b6,929,,,,1988 - Unkown Origin of Emerald Encounter,1988,-23.5263118,148.1618622,Australian Yowie Research,https://www.yowiehunters.com.au/media-clips/1781-1988-unkown-origin-of-emerald-encounter,/Users/jarlgiovanni/Desktop/bigfoot_research/public/data/frontend-data.json
9dd7dc2f2905a02b057aaf98e8f7a24db5fb8460c8dcd60309fe646133c477bf,4317,,,,"Written reports: Yowie Sighting at Watagans, New South Wales 1988",1988,-33.0095237,151.3768922,Australian Yowie Research / AYR Yowie Reports Map,https://www.yowiehunters.com.au/new-south-wales/1462-watigans-new-south-wales-1988,/Users/jarlgiovanni/Desktop/bigfoot_research/public/data/frontend-data.json
a0d042c01664f3c71cb0005be80b52d0544d3142f98eecdc1d67b803eb56d649,4328,,,,"Written reports: Yowie Sighting at Mansfield, Victoria 1988",1988,-37.0521177,146.0881445,Australian Yowie Research / AYR Yowie Reports Map,https://www.yowiehunters.com.au/victoria/1253-mansfield-vic-1988,/Users/jarlgiovanni/Desktop/bigfoot_research/public/data/frontend-data.json
1fe098f32d9224765526c069b045075633fb50991322e5f6e413db61c236aba1,4350,,,,"Written reports: Yowie Sighting at Lamington NP, Queensland 1988",1988,-28.142222,153.115278,Australian Yowie Research / AYR Yowie Reports Map,https://www.yowiehunters.com.au/queensland/1662-lamington-np-queensland-1988,/Users/jarlgiovanni/Desktop/bigfoot_research/public/data/frontend-data.json
4f49d3ad9e9eb6cfb9db6d7391e8cf7ec5e52ec9b5fa3e5a2de2c4dddee6f939,4461,,,,Reports from newspapers: 1988 - Unkown Origin of Emerald Encounter,1988,-37.933056,145.436944,Australian Yowie Research / AYR Yowie Reports Map,https://www.yowiehunters.com.au/media-clips/1781-1988-unkown-origin-of-emerald-encounter,/Users/jarlgiovanni/Desktop/bigfoot_research/public/data/frontend-data.json
ae5aa979fad16d65702850b7394002a127944bd95f0b12746f301cd88ee4f0a5,4607,,,,"Witness sketches: Vulcan State Forest, New South Wales (1988)",1988,-33.78061,149.76421,Australian Yowie Research / AYR Yowie Reports Map,https://www.yowiehunters.com.au/witness-sketches,/Users/jarlgiovanni/Desktop/bigfoot_research/public/data/frontend-data.json
f17af48182282a2c0b2adb6b732aad7552fcf67be4804e7c39d31d8f6ecfefd2,164,,,,"Gympie (East), Queensland 1989",1989,-26.1900447,152.6600256,Australian Yowie Research,https://www.yowiehunters.com.au/queensland/1861-gympie-east-queensland-1989,/Users/jarlgiovanni/Desktop/bigfoot_research/public/data/frontend-data.json
1c54d7d393a42552f0f9f2ae28e8b36afb88d6708eab7519c249c9f288fa2b0a,433,,,,"Redbank Plains, Queensland 1989",1989,-27.5994539,152.8724921,Australian Yowie Research,https://www.yowiehunters.com.au/queensland/1935-redbank-plains-queensland-1989,/Users/jarlgiovanni/Desktop/bigfoot_research/public/data/frontend-data.json
29b10c867d68b6c4da2f882e81ab66d2983f666bc6ea4e140eca39ed7baa64c1,494,,,,"Kowmung River, New South Wales 1989",1989,-34.0039056,150.2020591,Australian Yowie Research,https://www.yowiehunters.com.au/new-south-wales/1688-kowmung-river-new-south-wales-1989,/Users/jarlgiovanni/Desktop/bigfoot_research/public/data/frontend-data.json
8e1dd22e9acd81567fa18102226b4cc24789aeb4ef4b1623f21a0a09abbec5e5,4284,,,,"YouTube reports, interviews: Yowie Sighting (Audio Report #112) at Redbank, Queensland (Aug 1989)",1989,-27.5994539,152.8724921,Australian Yowie Research / AYR Yowie Reports Map,https://www.youtube.com/watch?v=izUL_yzzUeI,/Users/jarlgiovanni/Desktop/bigfoot_research/public/data/frontend-data.json
5d781a6bcaa3d854e6680d8a33c12453450958782d9f3bffb43065446451c714,4285,,,,"Written reports: Yowie Sighting at Redbank Plains, Queensland 1989",1989,-27.6513182,152.8479458,Australian Yowie Research / AYR Yowie Reports Map,https://www.yowiehunters.com.au/queensland/1935-redbank-plains-queensland-1989,/Users/jarlgiovanni/Desktop/bigfoot_research/public/data/frontend-data.json
4db5fc67f702433b91e4f94112cd653b030cbac9e17ad456aedf45d06e49bb21,4286,,,,"Written reports: Yowie Sighting at Gympie (East), Queensland 1989",1989,-26.43239,152.601,Australian Yowie Research / AYR Yowie Reports Map,https://www.yowiehunters.com.au/queensland/1861-gympie-east-queensland-1989,/Users/jarlgiovanni/Desktop/bigfoot_research/public/data/frontend-data.json
dc64158b52e2be7d0ac6ea38fb6420aeb0ed1a537b1bb97802fd63dbfd275918,56,,,,"Dellicknora, Victoria 1990",1990,-37.0960487,148.697021,Australian Yowie Research,https://www.yowiehunters.com.au/victoria/1247-dellicknora-vic-1990,/Users/jarlgiovanni/Desktop/bigfoot_research/public/data/frontend-data.json
ebc9734ab3e8b7e181e675773701067f0032f84128f15694563b3c178e5c0e95,58,,,,"Hepburn Springs, Victoria 1993",1990,-37.3161925,144.1467627,Australian Yowie Research,https://www.yowiehunters.com.au/victoria/2171-hepburn-springs-victoria-1993,/Users/jarlgiovanni/Desktop/bigfoot_research/public/data/frontend-data.json
75eb5841ddbe109dbda2c246578f7cbd30dddd1566d0e0cd53d831117eec960d,103,,,,"Bateman's Bay, New South Wales 1990",1990,-35.7293379,150.1947997,Australian Yowie Research,https://www.yowiehunters.com.au/new-south-wales/1351-batemans-bay-new-south-wales-1990,/Users/jarlgiovanni/Desktop/bigfoot_research/public/data/frontend-data.json
41f620471713172ddb7e03a54fda7f1b6a67d6f19fde91d324d1e1ae4ec72955,104,,,,"Fingal Head, New South Wales 1990",1990,-28.203,153.5668,Australian Yowie Research,https://www.yowiehunters.com.au/new-south-wales/1386-fingal-head-new-south-wales-1990,/Users/jarlgiovanni/Desktop/bigfoot_research/public/data/frontend-data.json
597ef49c4facb16f6cc52eb1b490d00245d9470d00e7e23c7eb87310e97830f3,105,,,,"Tallong, New South Wales 1990",1990,-34.7192248,150.0863205,Australian Yowie Research,https://www.yowiehunters.com.au/new-south-wales/2027-tallong-new-south-wales-1990,/Users/jarlgiovanni/Desktop/bigfoot_research/public/data/frontend-data.json
bf8091ce3d734274d7cfcc644adc55bdd37ed7c1d411a1e074247ccbdeaba3df,165,,,,"Eudlo, Queensland 1990",1990,-26.730535,152.9390644,Australian Yowie Research,https://www.yowiehunters.com.au/queensland/1287-eudlo-qld-1990,/Users/jarlgiovanni/Desktop/bigfoot_research/public/data/frontend-data.json
fb7bb1cdf14497cc2772a1fd8d775c3d57bb28b01fd137979c9a2e0d6d94526d,252,,,,"Cairns, Queensland 1990",1990,-16.9206657,145.7721854,Australian Yowie Research,https://www.yowiehunters.com.au/queensland/2044-cairns-queensland-1990,/Users/jarlgiovanni/Desktop/bigfoot_research/public/data/frontend-data.json
7e5cd413c3a49e68b018a0e1bcff125851df92f9d6684cba7cb22dd56a65c6c2,257,,,,"Bathurst, New South Wales 1990",1990,-33.4166482,149.5803725,Australian Yowie Research,https://www.yowiehunters.com.au/new-south-wales/1354-bathurst-new-south-wales-1990,/Users/jarlgiovanni/Desktop/bigfoot_research/public/data/frontend-data.json
7ea84eaf8d6dc7725df970dcdf3ebc6d26472617aa4777861a4b33febc6a0e0e,268,,,,"Myrrhee, Victoria 1990",1990,-36.744227,146.3048256,Australian Yowie Research,https://www.yowiehunters.com.au/victoria/1256-myhree-vic-1990,/Users/jarlgiovanni/Desktop/bigfoot_research/public/data/frontend-data.json
3e80b1cb1f8bff33541fc17cabaf4e88c95eaba20d6d5213b9d4b6beebf1a1a0,302,,,,"Blue Mountains, New South Wales 1990",1990,-33.609741,150.4052237,Australian Yowie Research,https://www.yowiehunters.com.au/new-south-wales/1357-blue-mountains-new-south-wales-1990,/Users/jarlgiovanni/Desktop/bigfoot_research/public/data/frontend-data.json
9254df464ec771d578168235241ed2a44863fcc3860191e93ad959d80f1569f7,324,,,,"Brisbane National Water Park, New South Wales 1990",1990,-33.5157145,151.2697774,Australian Yowie Research,https://www.yowiehunters.com.au/new-south-wales/1851-brisbane-national-water-park-new-south-wales-1990,/Users/jarlgiovanni/Desktop/bigfoot_research/public/data/frontend-data.json
7ca582a12461b28b83edd8e75234e435f217400c09fd9e8afb831a26d257d0e8,334,,,,"Brown Mountain, New South Wales 1990",1990,-36.59732,149.38325,Australian Yowie Research,https://www.yowiehunters.com.au/new-south-wales/1951-brown-mountain-new-south-wales-1990,/Users/jarlgiovanni/Desktop/bigfoot_research/public/data/frontend-data.json
7d00cf62e428e9e88088cec8c73d283080fd9f16e2f82f97afa78a95aafb0f51,391,,,,"Mt. Glorious, Queensland 1990",1990,-27.322891,152.7643027,Australian Yowie Research,https://www.yowiehunters.com.au/queensland/1308-mt-glorious-qld-1990,/Users/jarlgiovanni/Desktop/bigfoot_research/public/data/frontend-data.json
8016204993dcfad973275368d8c6a6e151f7bbcf38643af8b52a4fbddf6260a3,464,,,,"Jackadgery, New South Wales 1990",1990,-29.5816646,152.5511068,Australian Yowie Research,https://www.yowiehunters.com.au/new-south-wales/1595-jackadgery-new-south-wales-1990,/Users/jarlgiovanni/Desktop/bigfoot_research/public/data/frontend-data.json
8883286b818ea3ee9c34d2e98138654a704b4d7374dddf70a4021daf236970b1,470,,,,"Jenolan Caves, New South Wales 1990",1990,-33.7460183,150.9530285,Australian Yowie Research,https://www.yowiehunters.com.au/new-south-wales/1402-jenolan-caves-new-south-wales-1990,/Users/jarlgiovanni/Desktop/bigfoot_research/public/data/frontend-data.json
9a896cee448fafd7b246b0000556a8f5f7c12731f00b720e19f3b948c9b390d4,471,,,,"Tomson River, Queensland 1990",1990,-25.6268775,151.6370233,Australian Yowie Research,https://www.yowiehunters.com.au/queensland/1338-tomsons-river-qld-1990,/Users/jarlgiovanni/Desktop/bigfoot_research/public/data/frontend-data.json
bd9ce9d58a20b82d9f04b5c7833edf3c54596d8cdf56d60eeb6dbb732297f7fd,496,,,,"Krambach, New South Wales 1990",1990,-32.0521151,152.2606101,Australian Yowie Research,https://www.yowiehunters.com.au/new-south-wales/2289-krambach-new-south-wales-1990,/Users/jarlgiovanni/Desktop/bigfoot_research/public/data/frontend-data.json
929b3d01c0f653198937c81a7743bedc20b41c17bc26d39b28ea228d32ea558b,553,,,,"Oberon, New South Wales 1990",1990,-33.8455931,149.8326162,Australian Yowie Research,https://www.yowiehunters.com.au/new-south-wales/1549-oberon-new-south-wales-1990,/Users/jarlgiovanni/Desktop/bigfoot_research/public/data/frontend-data.json
8ae27faa6cc438cc3fa539f6b00b04bab29e77dfcb2fa03831c7cf0ed8fa1780,588,,,,"Tenterfield, New South Wales 1990",1990,-28.83843,152.2813166,Australian Yowie Research,https://www.yowiehunters.com.au/new-south-wales/2074-tenterfield-new-south-wales-1990,/Users/jarlgiovanni/Desktop/bigfoot_research/public/data/frontend-data.json
a08739311166a7d86d4867dac10371ed76349ee35b18ce6b2af8859270ea3c9d,930,,,,1990 - Grafton Examiner Yowie Article,1990,-29.6816773,152.9336357,Australian Yowie Research,https://www.yowiehunters.com.au/media-clips/1759-1990-grafton-examiner-yowie-article,/Users/jarlgiovanni/Desktop/bigfoot_research/public/data/frontend-data.json
ba766f4071b87fb154ab2dcd4cc6ed6e71119c5e4350bd9c1184f65ada336d13,931,,,,1990 - Krambach Yowie Aricle,1990,-32.0521151,152.2606101,Australian Yowie Research,https://www.yowiehunters.com.au/media-clips/1768-1990-krambach-yowie-aricle,/Users/jarlgiovanni/Desktop/bigfoot_research/public/data/frontend-data.json
05096df74319a430e17f8d0166c526d0b01c2f46687ff5f8bc05aeaa28ad51b4,1086,,,,1990 - Treasure Islander Yowie Article,1990,-42.3040616,147.3763267,Australian Yowie Research,https://www.yowiehunters.com.au/media-clips/1770-1990-treasure-islander-yowie-article,/Users/jarlgiovanni/Desktop/bigfoot_research/public/data/frontend-data.json
aec05a3287fb27f65f1a0b9e5c0177f56ea6b7868077188ffdd72164604c662d,1088,,,,1990- People Magazine Yowie Article 27-02-1990,1990,-23.28883,131.36449,Australian Yowie Research,https://www.yowiehunters.com.au/media-clips/2253-1990-people-magazine-yowie-article-27-02-1990,/Users/jarlgiovanni/Desktop/bigfoot_research/public/data/frontend-data.json
dbf73ae97e4e326057ef8ce639a6836cf6b7db0741887bd8376bd6426c173b61,4079,,,,ghost in His Master's Ghost at Montsalvat,1990,-37.7280499,145.1525699,Australian Screen Online,https://aso.gov.au/titles/tv/more-winners-his-masters-ghost/,/Users/jarlgiovanni/Desktop/bigfoot_research/public/data/frontend-data.json
d2826db16c8d09705ed8a94abb1c2b8ec385276db10074889db94be9649be769,4287,,,,"Written reports: Yowie Sighting at Tomson River, Queensland 1990",1990,-25.167222,142.89,Australian Yowie Research / AYR Yowie Reports Map,https://www.yowiehunters.com.au/queensland/1338-tomsons-river-qld-1990,/Users/jarlgiovanni/Desktop/bigfoot_research/public/data/frontend-data.json
39e39cc3f01cf9c7a34de16d72a7f5f844ce6abf9e9eb37fe4771badb8010004,4288,,,,"YouTube reports, interviews: Yowie Sighting (Audio Report #67) at Keiraville, New South Wales (1990)",1990,-34.4092539,150.8729729,Australian Yowie Research / AYR Yowie Reports Map,https://www.youtube.com/watch?v=xwB6-XeJh0k,/Users/jarlgiovanni/Desktop/bigfoot_research/public/data/frontend-data.json
856dc1b884d3b1a5a58fd53e5bf70274126a22c0601175f2412f60900d947f79,4289,,,,"YouTube reports, interviews: Yowie Sighting (Audio Report #130) near Cairns, Queensland (1990)",1990,-16.9206657,145.7721854,Australian Yowie Research / AYR Yowie Reports Map,https://www.youtube.com/watch?v=MAHDidJ2OpM,/Users/jarlgiovanni/Desktop/bigfoot_research/public/data/frontend-data.json
afa4de30e845fe2213405b45e53e647dae6626db0845fa156abb63d6a943aec1,4290,,,,"YouTube reports, interviews: Yowie Sighting (Audio Report #152) near Woy Woy Pt. 1, New South Wales (1990)",1990,-33.49,151.32,Australian Yowie Research / AYR Yowie Reports Map,https://www.youtube.com/watch?v=EH1XyNhTFQM,/Users/jarlgiovanni/Desktop/bigfoot_research/public/data/frontend-data.json
6c0be36e13981ba8d3a7b947c78397e701e9c023f2386d836ca26f02112d2369,4291,,,,"YouTube reports, interviews: Yowie Sighting (Audio Report #131) near Tallong, New South Wales (Summer 1990)",1990,-34.7192248,150.0863205,Australian Yowie Research / AYR Yowie Reports Map,https://www.youtube.com/watch?v=L7sSxHIvs4c,/Users/jarlgiovanni/Desktop/bigfoot_research/public/data/frontend-data.json
35d3c8202a1586c629551ef1b22121de207c2a07e05eeb1a78603c3dab090965,4299,,,,"Written reports: Yowie Sighting at Oberon, New South Wales 1990",1990,-33.8455931,149.8326162,Australian Yowie Research / AYR Yowie Reports Map,https://www.yowiehunters.com.au/new-south-wales/1549-oberon-new-south-wales-1990,/Users/jarlgiovanni/Desktop/bigfoot_research/public/data/frontend-data.json
f791294b1093ad32c247a60871f2f4f4fd0fede8922eb4b45e11b9b7163ad78a,4316,,,,"Written reports: Yowie Sighting at Jenolan Caves, New South Wales 1990",1990,-33.820556,150.021389,Australian Yowie Research / AYR Yowie Reports Map,https://www.yowiehunters.com.au/new-south-wales/1402-jenolan-caves-new-south-wales-1990,/Users/jarlgiovanni/Desktop/bigfoot_research/public/data/frontend-data.json
155993d6c992503b82398fdce8fddd9962217b8e5f31336b9810649a910f17ec,4337,,,,"Written reports: Yowie Sighting at Brisbane National Water Park, New South Wales 1990",1990,-33.46231,151.255301,Australian Yowie Research / AYR Yowie Reports Map,https://www.yowiehunters.com.au/new-south-wales/1851-brisbane-national-water-park-new-south-wales-1990,/Users/jarlgiovanni/Desktop/bigfoot_research/public/data/frontend-data.json
e8c3ae9a5e0fc865eb1a4a33de72e8fbfec6b46c288366d456ea0dff415f766e,4344,,,,"Written reports: Yowie Sighting at Myrrhee, Victoria 1990",1990,-36.731052,146.321842,Australian Yowie Research / AYR Yowie Reports Map,https://www.yowiehunters.com.au/victoria/1256-myhree-vic-1990,/Users/jarlgiovanni/Desktop/bigfoot_research/public/data/frontend-data.json
b1fbd9836793b566132e5b8336bf3753dc94cfee142b6a4dd5e589bc669e0bc8,4412,,,,"Videos: Julie Clarkes Yowie Encounter at Krambach, NSW (1990)",1990,-32.0521151,152.2606101,Australian Yowie Research / AYR Yowie Reports Map,https://www.youtube.com/watch?v=O5ux1q6nujs,/Users/jarlgiovanni/Desktop/bigfoot_research/public/data/frontend-data.json
806b2ddb5ef88c644db468c526ade27aeca0ce6f790bb97966796fc07f5b9aeb,4415,,,,Videos: Woodenbong Yowie Prime News Mid 1990s,1990,-28.378333,152.605,Australian Yowie Research / AYR Yowie Reports Map,https://www.youtube.com/watch?v=L61cvGb8r4I,/Users/jarlgiovanni/Desktop/bigfoot_research/public/data/frontend-data.json
30484d1be7f7c9905078909d15f9b2deb68045a75f35df3f65f12e7ae9e168d8,4462,,,,Reports from newspapers: 1990 - Grafton Examiner Yowie Article,1990,-29.137046,152.994911,Australian Yowie Research / AYR Yowie Reports Map,https://www.yowiehunters.com.au/media-clips/1759-1990-grafton-examiner-yowie-article,/Users/jarlgiovanni/Desktop/bigfoot_research/public/data/frontend-data.json
d78f4edcf68efbc4024cd2bc664b7d3876256caa6aee6b584864fea45ceb7f7c,4463,,,,Reports from newspapers: 1990 - Krambach Yowie Aricle,1990,-32.051793,152.2666,Australian Yowie Research / AYR Yowie Reports Map,https://www.yowiehunters.com.au/media-clips/1768-1990-krambach-yowie-aricle,/Users/jarlgiovanni/Desktop/bigfoot_research/public/data/frontend-data.json
539adff2bcbc0d6f1c3dd9f50c2ba0870dc5aec6755edb8732e1b4e34ee958a1,4576,,,,"Photographs associated with the location: on Facebook - Cotter Dam, ACT (1990)",1990,-35.32097,148.93749,Australian Yowie Research / AYR Yowie Reports Map,https://www.facebook.com/yowiehunters.com.au/photos/a.204141293015158/2948194975276429?type=3&theater,/Users/jarlgiovanni/Desktop/bigfoot_research/public/data/frontend-data.json
0cef62fa22d6dd1b30e5380226e04042c33ac3d57706c47b3fe3130f6477e404,4596,,,,"Witness sketches: Eudlo, Queensland (1990",1990,-26.72963,152.95395,Australian Yowie Research / AYR Yowie Reports Map,https://www.yowiehunters.com.au/witness-sketches,/Users/jarlgiovanni/Desktop/bigfoot_research/public/data/frontend-data.json
314bb9fb9028d398adb55a6a7a6b82766c3352560f07a25cf0c39f46746a5bdf,15,,,,"Australind, Western Australia 1991",1991,-33.2807362,115.7204483,Australian Yowie Research,https://www.yowiehunters.com.au/western-australia/1812-australind-western-australia-1991,/Users/jarlgiovanni/Desktop/bigfoot_research/public/data/frontend-data.json
ad9a6a6ec8cd565348e75b9cbcf8882b31200b61844665da2fad6660390d10bd,57,,,,"Lake Buffalo, Victoria 1991",1991,-36.7375936,146.6567954,Australian Yowie Research,https://www.yowiehunters.com.au/victoria/1920-lake-buffalo-victoria-1991,/Users/jarlgiovanni/Desktop/bigfoot_research/public/data/frontend-data.json
ba83e7152aac115af1871e5fb7975c47a2722d11afa015a085a8c0ea3919ce42,166,,,,"Canungra, Queensland 1991",1991,-28.0385865,153.1419128,Australian Yowie Research,https://www.yowiehunters.com.au/queensland/1943-canungra-queensland-1991,/Users/jarlgiovanni/Desktop/bigfoot_research/public/data/frontend-data.json
72c99418f5903de92d976f6ec91741f6855eb23597bdb68201f8ecfebb3644b2,301,,,,"Yarambulla, Victoria 1991",1991,-36.7673752,146.7728946,Australian Yowie Research,https://www.yowiehunters.com.au/victoria/1266-yarambulla-vic-1991,/Users/jarlgiovanni/Desktop/bigfoot_research/public/data/frontend-data.json
eed30413a1e68df4842160d2c882bc339c6e45e880f5151876a52e5320430ab4,387,,,,"Mt Nathan, Queensland 1991",1991,-27.9801695,153.2654056,Australian Yowie Research,https://www.yowiehunters.com.au/queensland/1596-mt-nathan-queensland-1991,/Users/jarlgiovanni/Desktop/bigfoot_research/public/data/frontend-data.json
64ad7053bdb37c009a9fcf768e70841db6cc8d300e20619d7d0d29a8484280ba,408,,,,"Emu Plains, New South Wales 1991",1991,-33.7483333,150.6677778,Australian Yowie Research,https://www.yowiehunters.com.au/new-south-wales/2248-emu-plains-new-south-wales-1991,/Users/jarlgiovanni/Desktop/bigfoot_research/public/data/frontend-data.json
ad6606d21baab05933c384ec6aaf181f67c41abaf916847066b0f2b07903fc86,554,,,,"Oberon, New South Wales 1991",1991,-33.8455931,149.8326162,Australian Yowie Research,https://www.yowiehunters.com.au/new-south-wales/1433-oberon-new-south-wales-1991,/Users/jarlgiovanni/Desktop/bigfoot_research/public/data/frontend-data.json
b462654e25c90e5f967bf0416b345412da8814ac2014fbe69dae8802bee3d4cc,597,,,,"Tuglow, New South Wales 1991",1991,-33.9483333,149.9344444,Australian Yowie Research,https://www.yowiehunters.com.au/new-south-wales/2067-tuglow-new-south-wales-1991,/Users/jarlgiovanni/Desktop/bigfoot_research/public/data/frontend-data.json
b85a0e204dedbc9c15b21a659a06a22d7f2a120b5d2b2a9c302b72810c014d42,4326,,,,"Written reports: Yowie Sighting at Yarambulla, Victoria 1991",1991,-36.68788,146.846304,Australian Yowie Research / AYR Yowie Reports Map,https://www.yowiehunters.com.au/victoria/1266-yarambulla-vic-1991,/Users/jarlgiovanni/Desktop/bigfoot_research/public/data/frontend-data.json
177abd97cb30611444e7270694ecea5e923e78842aba0c5c3ff2cbbe1a002cf0,4386,,,,"YouTube reports, interviews: Yowie Sighting (Audio Report #92) at Australind, Western Australia (1991)",1991,-33.2807362,115.7204483,Australian Yowie Research / AYR Yowie Reports Map,https://www.youtube.com/watch?v=ExSbLU3BAZo,/Users/jarlgiovanni/Desktop/bigfoot_research/public/data/frontend-data.json
d4ef2deb28b6a68ec0290585670ff3e2e96abdf177307b44b1f3c44ee00bbbb4,24,,,,"Willunga, South Australia 1992",1992,-35.2711681,138.5554231,Australian Yowie Research,https://www.yowiehunters.com.au/south-australia/241-willungra-1992,/Users/jarlgiovanni/Desktop/bigfoot_research/public/data/frontend-data.json
53570dc8f0272c3081b3476fbcdb9cec652d7ea62aded99e19eaa603bcfb51cd,25,,,,"Yalata, South Australia 1993",1992,-31.4803513,131.8426235,Australian Yowie Research,https://www.yowiehunters.com.au/south-australia/1849-yalata-south-australia-1993,/Users/jarlgiovanni/Desktop/bigfoot_research/public/data/frontend-data.json
dadc079be83bf4db226ec126117dc6eeb0a1b2830cd0b34af4f4e9a714f391fe,42,,,,"Smithton, Tasmania 1992",1992,-40.8415455,145.1282245,Australian Yowie Research,https://www.yowiehunters.com.au/tasmania/2028-smithton-tasmania-1992,/Users/jarlgiovanni/Desktop/bigfoot_research/public/data/frontend-data.json
356ee73fb4bbfcfb1ec32f470194bb062ba7794b82d4d6c4f0e936e068dc4eae,106,,,,"Callala Bay, New South Wales 1992",1992,-34.9950846,150.7178837,Australian Yowie Research,https://www.yowiehunters.com.au/new-south-wales/2266-callala-bay-new-south-wales-1992,/Users/jarlgiovanni/Desktop/bigfoot_research/public/data/frontend-data.json
bae4bd5cdd1e58378d20682a3db1e7db9fc5265bdd1776f992aaa4f168d3d5d9,167,,,,"Tin Can Bay, Queensland 1992 (1)",1992,-25.9497504,152.9133105,Australian Yowie Research,https://www.yowiehunters.com.au/queensland/1336-tin-can-bay-qld-1992,/Users/jarlgiovanni/Desktop/bigfoot_research/public/data/frontend-data.json
bbeed9cb82a80f2db61b2fbd1747d5928c4740560df6bb9cfc2f0297dcb5fa3d,397,,,,"Mt. Tamborine, Queensland 1992",1992,-27.9684035,153.1967792,Australian Yowie Research,https://www.yowiehunters.com.au/queensland/1312-mt-tamborine-qld-1992,/Users/jarlgiovanni/Desktop/bigfoot_research/public/data/frontend-data.json
a49d8ffb7a32758341464d821995451b35880e01994bb967ce96b71a8522743a,460,,,,"Ingleburn, New South Wales 1992",1992,-33.9983333,150.8511111,Australian Yowie Research,https://www.yowiehunters.com.au/new-south-wales/1400-ingleburn-new-south-wales-1992,/Users/jarlgiovanni/Desktop/bigfoot_research/public/data/frontend-data.json
eedf7c2ea8c9e60dbc6cbb52f239a34187856f7dd9e0e00605154d3263c9b803,932,,,,1992 - Lismore Northern Star Yowie Footprints,1992,-28.8077608,153.2791883,Australian Yowie Research,https://www.yowiehunters.com.au/media-clips/1712-1992-lismore-northern-star-yowie-footprints,/Users/jarlgiovanni/Desktop/bigfoot_research/public/data/frontend-data.json
36160d57f6f59731ce45a2a4fab223a08944b2da3c5fd74ad5997228850eeba3,933,,,,1992 - Noosa News Yowie Report,1992,-26.3182442,152.9307975,Australian Yowie Research,https://www.yowiehunters.com.au/media-clips/1695-1992-noosa-news-yowie-report,/Users/jarlgiovanni/Desktop/bigfoot_research/public/data/frontend-data.json
a8ea666340c07aabaffb9b7e291923de6492caa90490da9279f95f1bd930a525,934,,,,1992 - Shark Bay / 40 Mile Yowie Article - Source Unknown,1992,-25.52149,113.7540291,Australian Yowie Research,https://www.yowiehunters.com.au/media-clips/2168-1992-shark-bay-40-mile-yowie-article-source-unknown,/Users/jarlgiovanni/Desktop/bigfoot_research/public/data/frontend-data.json
0f6a33e11f3cafcbf54348215c8d9309cbdd52be2b57f1ca7a7d0ba01d054ee6,4292,,,,"Written reports: Yowie Sighting at Tin Can Bay, Queensland 1992 (1)",1992,-25.8828544,152.9461788,Australian Yowie Research / AYR Yowie Reports Map,https://www.yowiehunters.com.au/queensland/1336-tin-can-bay-qld-1992,/Users/jarlgiovanni/Desktop/bigfoot_research/public/data/frontend-data.json
a00c6e8aa6a33578d274e03bf0e54527b1f2cca7745cafa9590932d9d4ac0d3e,4293,,,,"Written reports: Yowie Sighting at Tin Can Bay, Queensland 1992 (2)",1992,-25.8828544,152.9461788,Australian Yowie Research / AYR Yowie Reports Map,https://www.yowiehunters.com.au/queensland/1335-tin-can-bay-qld-1992-2,/Users/jarlgiovanni/Desktop/bigfoot_research/public/data/frontend-data.json
a51d25967686a2cb13f187fd7eab8819fe9f3bbe2f79607c1904b7785ef0e1ff,4320,,,,"Written reports: Yowie Sighting at Willungra, South Australia 1992",1992,-35.274023,138.553529,Australian Yowie Research / AYR Yowie Reports Map,https://www.yowiehunters.com.au/south-australia/241-willungra-1992,/Users/jarlgiovanni/Desktop/bigfoot_research/public/data/frontend-data.json
b89317f7574886787472c84b078d868f497d5d93124386dfe220e83aba9ac570,4464,,,,Reports from newspapers: 1992 - Lismore Northern Star Yowie Footprints,1992,-28.95,153.0,Australian Yowie Research / AYR Yowie Reports Map,https://www.yowiehunters.com.au/media-clips/1712-1992-lismore-northern-star-yowie-footprints,/Users/jarlgiovanni/Desktop/bigfoot_research/public/data/frontend-data.json
1351306f4dd6a1e8e8b4fe512073e2e41cbf6ee25d18d0ab1d98610de6a6a7c9,4465,,,,Reports from newspapers: 1992 - Noosa News Yowie Report,1992,-26.3916,153.0386,Australian Yowie Research / AYR Yowie Reports Map,https://www.yowiehunters.com.au/media-clips/1695-1992-noosa-news-yowie-report,/Users/jarlgiovanni/Desktop/bigfoot_research/public/data/frontend-data.json
6b7f148e9fd6ad0864002ff8348f15976359ff1c02cc8742c447332e99aa92ee,4466,,,,Reports from newspapers: 1992 - Shark Bay / 40 Mile Yowie Article - Source Unknown,1992,-26.0,113.5,Australian Yowie Research / AYR Yowie Reports Map,https://www.yowiehunters.com.au/media-clips/2168-1992-shark-bay-40-mile-yowie-article-source-unknown,/Users/jarlgiovanni/Desktop/bigfoot_research/public/data/frontend-data.json
380d45e3e223f21cfad44a08e11e3c22bca15a9c07ab500172ad516392f71e7b,16,,,,"Exmouth, Western Australia 1993",1993,-21.9324401,114.1258094,Australian Yowie Research,https://www.yowiehunters.com.au/western-australia/2016-exmouth-western-australia-1993,/Users/jarlgiovanni/Desktop/bigfoot_research/public/data/frontend-data.json
66d8c15c2053a652c4565ad04ade8e2f96b1327934d489571b9609aaa498a20d,107,,,,"Leeville, New South Wales 1993",1993,-28.9483333,153.0011111,Australian Yowie Research,https://www.yowiehunters.com.au/new-south-wales/1408-leeville-new-south-wales-1993,/Users/jarlgiovanni/Desktop/bigfoot_research/public/data/frontend-data.json
636545356ef280374e9924d651f43b85e0f9aabe828dfb0288583c88f349abb5,168,,,,"Kilcoy, Queensland 1993",1993,-26.851381,152.5784605,Australian Yowie Research,https://www.yowiehunters.com.au/queensland/1300-kilcoy-qld-1993,/Users/jarlgiovanni/Desktop/bigfoot_research/public/data/frontend-data.json
f265c2610ab9feade43e3c523c2d1241d28cafe053d4afe0976b1e97d5dc3d87,236,,,,"Barrington Tops, New South Wales 1993",1993,-32.0233333,151.4844444,Australian Yowie Research,https://www.yowiehunters.com.au/new-south-wales/1820-barrington-tops-new-south-wales-1993,/Users/jarlgiovanni/Desktop/bigfoot_research/public/data/frontend-data.json
ffb90e15c41564ffff03ed457e3acfa6df6fcd9c06cb71bd5b0d9bfbf29a9006,264,,,,"Canarvon Gorge, Queensland 1993",1993,-24.99435,148.3337905,Australian Yowie Research,https://www.yowiehunters.com.au/queensland/1276-canarvon-gorge-qld-1993,/Users/jarlgiovanni/Desktop/bigfoot_research/public/data/frontend-data.json
7fd1962afc8698a554163923329c1d4090e5bd5802b4640e6a02bddb2c2eadcc,416,,,,"Glenfield, New South Wales 1993",1993,-33.9722422,150.8930882,Australian Yowie Research,https://www.yowiehunters.com.au/new-south-wales/2087-glenfield-new-south-wales-1993,/Users/jarlgiovanni/Desktop/bigfoot_research/public/data/frontend-data.json
60b29654db67a5d80de0184b6f97fcad0f133c61336dcd5a7e522b96cd4c2284,458,,,,"Ingalba, New South Wales 1993",1993,-30.8498661,152.8044049,Australian Yowie Research,https://www.yowiehunters.com.au/new-south-wales/2189-ingalba-new-south-wales-1993,/Users/jarlgiovanni/Desktop/bigfoot_research/public/data/frontend-data.json
9219fb8d2f9a432c2d6aa9e3f4c4b9630ac0a34f7d4d843b67bf7fb2042a76d0,535,,,,"Mt. Kembla, New South Wales 1993",1993,-34.4421839,150.8067132,Australian Yowie Research,https://www.yowiehunters.com.au/new-south-wales/1422-mt-kembla-new-south-wales-1993,/Users/jarlgiovanni/Desktop/bigfoot_research/public/data/frontend-data.json
15f5706396d9492ddc20e876c4a70042f42e5eece8b17e483113aa133b0c88f6,836,,,,"1993 - Mt Spurgeon, Yowie Article",1993,-16.4333333,145.2,Australian Yowie Research,https://www.yowiehunters.com.au/historical-articles/1611-mt-spurgeon-yowie-article,/Users/jarlgiovanni/Desktop/bigfoot_research/public/data/frontend-data.json
2f06a87a658f451a27bcc5f83681f7f5f7600ac93bf8932e4ee22254d1f33b52,935,,,,1993 - Lismore Northern Star Yowie Article,1993,-28.8077608,153.2791883,Australian Yowie Research,https://www.yowiehunters.com.au/media-clips/1723-1993-lismore-northern-star-yowie-article,/Users/jarlgiovanni/Desktop/bigfoot_research/public/data/frontend-data.json
baa08f96a4ba0110b2c06ebd37091876a3cc08a2285bffc1496a99e14a41324a,4294,,,,"YouTube reports, interviews: Yowie Sighting (Audio Report #120) at Exmouth , Western Australia (March 1993)",1993,-21.9324401,114.1258094,Australian Yowie Research / AYR Yowie Reports Map,https://www.youtube.com/watch?v=4Pjkbh_ImZ00,/Users/jarlgiovanni/Desktop/bigfoot_research/public/data/frontend-data.json
a21c81e24a0e6bc84ba82523fd32d3cc795335bf89456faa4883d5e184fa3017,4295,,,,"Written reports: Yowie Sighting at Kilcoy, Queensland 1993",1993,-26.9417175,152.561157,Australian Yowie Research / AYR Yowie Reports Map,https://www.yowiehunters.com.au/queensland/1300-kilcoy-qld-1993,/Users/jarlgiovanni/Desktop/bigfoot_research/public/data/frontend-data.json
c8470c4732c18bf3b5831c8ceb295af4733f71d04b8ae387eb4e1524f7948af2,4467,,,,Reports from newspapers: 1993 - Lismore Northern Star Yowie Article,1993,-28.85,153.01,Australian Yowie Research / AYR Yowie Reports Map,https://www.yowiehunters.com.au/media-clips/1723-1993-lismore-northern-star-yowie-article,/Users/jarlgiovanni/Desktop/bigfoot_research/public/data/frontend-data.json
446b24b8addd1e3ef1bf7592a61edd6e8054e13e4a83eb46d9f01ebf0e0de5ea,4613,,,,"AYR report index: Ingalba, New South Wales 1993",1993,-30.829239,152.821177,Australian Yowie Research state report indexes,https://www.yowiehunters.com.au/new-south-wales/2189-ingalba-new-south-wales-1993,/Users/jarlgiovanni/Desktop/bigfoot_research/public/data/frontend-data.json
f67aee73193a7569bc6b9b4136af57370346b2a2ee0c6dff4b8aba3a41a60b53,108,,,,"Mulgoa, New South Wales 1994",1994,-33.8371562,150.6504013,Australian Yowie Research,https://www.yowiehunters.com.au/new-south-wales/1807-mulgoa-new-south-wales-1994,/Users/jarlgiovanni/Desktop/bigfoot_research/public/data/frontend-data.json
d92f3d104d8c6b64bd9f67bc5088864e89c2445730b257b30a7aee6224edbba5,269,,,,"Bellingen, New South Wales 1994",1994,-30.3739913,152.71921,Australian Yowie Research,https://www.yowiehunters.com.au/new-south-wales/1944-bellingen-new-south-wales-1994,/Users/jarlgiovanni/Desktop/bigfoot_research/public/data/frontend-data.json
700bfe1be0166a335f0f1c741d2448b2383641446c05c413b702150f911dd676,444,,,,"Hazelbrook, New South Wales 1994",1994,-33.7219948,150.4534122,Australian Yowie Research,https://www.yowiehunters.com.au/new-south-wales/1397-hazelbrook-new-south-wales-1995,/Users/jarlgiovanni/Desktop/bigfoot_research/public/data/frontend-data.json
2345680de59d64e1ca67acd6401cfce4d040001bdfd3a8487a8249f0ebb235a8,448,,,,"Helensburgh, New South Wales 1994",1994,-34.1908519,150.9822187,Australian Yowie Research,https://www.yowiehunters.com.au/new-south-wales/1961-helensburgh-new-south-wales-1994,/Users/jarlgiovanni/Desktop/bigfoot_research/public/data/frontend-data.json
02cf756c2d924d152474df230ebec4788a3bc5940ea781b1be9473108a73ce7d,936,,,,1994 - Brisbane Daily Yowie Article,1994,-27.4689623,153.0235009,Australian Yowie Research,https://www.yowiehunters.com.au/media-clips/1734-1994-brisbane-daily-yowie-article,/Users/jarlgiovanni/Desktop/bigfoot_research/public/data/frontend-data.json
4c77c4976e6cb81ed3e30549ad42074c46f9a6990235d6d0a7fb7649581ca812,937,,,,1994 - Canberra Times Out Of Shadows Launch,1994,-35.2975906,149.1012676,Australian Yowie Research,https://www.yowiehunters.com.au/media-clips/1905-1994-canberra-times-out-of-shadows-launch,/Users/jarlgiovanni/Desktop/bigfoot_research/public/data/frontend-data.json
d131c3fd07fed2d1a81765a50ae7efd9c9d547139582fad7dd553bcb029b4128,938,,,,1994 - Sunshine Coast Magazine Yowie Article,1994,-26.7079095,152.8508329,Australian Yowie Research,https://www.yowiehunters.com.au/media-clips/1730-1994-sunshine-coast-magazine-yowie-article,/Users/jarlgiovanni/Desktop/bigfoot_research/public/data/frontend-data.json
8fac3fd74e056720f868fda1a6c5e39bbf78133660238a2a2a156076fe2af988,4296,,,,"YouTube reports, interviews: Yowie Sighting (Audio Report #110) near Bellingen, New South Wales (1994)",1994,-30.3739913,152.71921,Australian Yowie Research / AYR Yowie Reports Map,https://www.youtube.com/watch?v=ayTnH5JowpE,/Users/jarlgiovanni/Desktop/bigfoot_research/public/data/frontend-data.json
9e8111324d2ce67d534314fc616083739b6f07b1ab34b6fa626eeccb14a580fc,4468,,,,Reports from newspapers: 1994 - Brisbane Daily Yowie Article,1994,-25.031828,148.183339,Australian Yowie Research / AYR Yowie Reports Map,https://www.yowiehunters.com.au/media-clips/1734-1994-brisbane-daily-yowie-article,/Users/jarlgiovanni/Desktop/bigfoot_research/public/data/frontend-data.json
b8a2fb254010081d3630dc53e780c9e01c8ff7ff602ff50d1878ce44333f32c9,4469,,,,Reports from newspapers: 1994 - Canberra Times Out Of Shadows Launch,1994,-35.516806,148.966357,Australian Yowie Research / AYR Yowie Reports Map,https://www.yowiehunters.com.au/media-clips/1905-1994-canberra-times-out-of-shadows-launch,/Users/jarlgiovanni/Desktop/bigfoot_research/public/data/frontend-data.json
1f1448338bda94d688f44ffe6f18d37766daaa0d9c1a00bc3d90041872838881,4470,,,,Reports from newspapers: 1994 - Sunshine Coast Magazine Yowie Article,1994,-26.948056,152.553889,Australian Yowie Research / AYR Yowie Reports Map,https://www.yowiehunters.com.au/media-clips/1730-1994-sunshine-coast-magazine-yowie-article,/Users/jarlgiovanni/Desktop/bigfoot_research/public/data/frontend-data.json
0856e0e1ff8a244a44794cdd794e8220770b181747d82cf4e2d7f86069c52328,26,,,,"Roxby Downs, South Australia 1995",1995,-30.5652584,136.8941825,Australian Yowie Research,https://www.yowiehunters.com.au/south-australia/1144-roxby-downs-1995,/Users/jarlgiovanni/Desktop/bigfoot_research/public/data/frontend-data.json
5f65777596ef499c023fef5be820f1221f79018534a8da015947a26dc67f19d5,33,,,,"Berry Springs, Northern Territory 1995",1995,-12.7220385,131.0048008,Australian Yowie Research,https://www.yowiehunters.com.au/northern-territory/1912-berry-springs-northern-territory-1995,/Users/jarlgiovanni/Desktop/bigfoot_research/public/data/frontend-data.json
94fb99c0db832885cc61a03eb586932d008fbac2bdd23d3a84e7aadc92d75cd3,109,,,,"Kempsey, New Sout Wales 1995",1995,-30.9056457,152.5228021,Australian Yowie Research,https://www.yowiehunters.com.au/new-south-wales/2063-kempsey-new-sout-wales-1995,/Users/jarlgiovanni/Desktop/bigfoot_research/public/data/frontend-data.json
3efce025ae74bc83f1aac5f5b9d257409713dcc64f349533d156bb5b647b087b,169,,,,"McPherson Ranges, Queensland 1995",1995,-28.3069019,153.1430019,Australian Yowie Research,https://www.yowiehunters.com.au/queensland/1576-mcpherson-ranges-queensland-1995,/Users/jarlgiovanni/Desktop/bigfoot_research/public/data/frontend-data.json
bdad17ecae16deb058a65e00fa810e5028bbe289483bd28017c2b97699645bef,170,,,,"Rockhampton, Queensland 1995",1995,-23.3782137,150.5134227,Australian Yowie Research,https://www.yowiehunters.com.au/queensland/1323-rockhampton-qld-1995,/Users/jarlgiovanni/Desktop/bigfoot_research/public/data/frontend-data.json
b965f4d376c9ce7187b2885c504966b394a0022dd0818dd80dd75526ffca5805,259,,,,"Moe, Victoria 1995",1995,-38.177049,146.2619888,Australian Yowie Research,https://www.yowiehunters.com.au/victoria/1255-moe-vic-1995,/Users/jarlgiovanni/Desktop/bigfoot_research/public/data/frontend-data.json
fa222926e16ead78d9dece9329e9a7137255767db4f8d4e7739dfa1b685ca5f4,260,,,,"Bathurst, New South Wales 1995",1995,-33.4166482,149.5803725,Australian Yowie Research,https://www.yowiehunters.com.au/new-south-wales/1355-bathurst-new-south-wales-1995,/Users/jarlgiovanni/Desktop/bigfoot_research/public/data/frontend-data.json
ad677435f4550544e74424afd02c7a0f93e78959f7e62eba522ecbcc90f59df0,312,,,,"Bonalbo, New South Wales 1995",1995,-28.7356087,152.6214537,Australian Yowie Research,https://www.yowiehunters.com.au/new-south-wales/1960-bonalbo-new-south-wales-1995,/Users/jarlgiovanni/Desktop/bigfoot_research/public/data/frontend-data.json
c1c6075c49bf1ea32c8bf1c3620b90afc8a9eeca85070118f9fc59e5cdb9454d,315,,,,"Eagle Heights, Queensland 1995",1995,-27.9218796,153.2034386,Australian Yowie Research,https://www.yowiehunters.com.au/queensland/2064-eagle-heights-queensland-1995,/Users/jarlgiovanni/Desktop/bigfoot_research/public/data/frontend-data.json
16d7388d6a688f04cb7766ba5bb0b0efc583f6fd351f2bdea093d4366debf938,322,,,,"Braidwood, New South Wales 1995",1995,-35.4388907,149.7955552,Australian Yowie Research,https://www.yowiehunters.com.au/new-south-wales/1362-braidwood-new-south-wales-1995,/Users/jarlgiovanni/Desktop/bigfoot_research/public/data/frontend-data.json
0f0ff56c66e0387fc52f676bca2ba311ae92b9d9cc6717d2a5ebbe684fb09829,366,,,,"Coffs Harbour, New South Wales 1995",1995,-30.2985996,153.1094116,Australian Yowie Research,https://www.yowiehunters.com.au/new-south-wales/1947-coffs-harbour-new-south-wales-1995,/Users/jarlgiovanni/Desktop/bigfoot_research/public/data/frontend-data.json
9eb3c52c4a2cf3b5d55d13684ee7b279f19eb32313a3dbc7862e26baf54a9efd,383,,,,"Millaa Millaa, Queensland 1995 (1)",1995,-17.493974,145.6304622,Australian Yowie Research,https://www.yowiehunters.com.au/queensland/1306-milla-milla-qld-1995-1,/Users/jarlgiovanni/Desktop/bigfoot_research/public/data/frontend-data.json
cdb5accfdfa0549ed8dd65d89b2f2c1bc54a2fcfb9064e4eb4fb4800d20a18c9,385,,,,"Millaa Millaa, Queensland 1995 (2)",1995,-17.493974,145.6304622,Australian Yowie Research,https://www.yowiehunters.com.au/queensland/1305-milla-milla-qld-1995-2,/Users/jarlgiovanni/Desktop/bigfoot_research/public/data/frontend-data.json
46ec44dccded376068ec7292df92c9266b09124712b891bc1b658cca4346c080,399,,,,"Mt. Tamborine, Queensland 1995",1995,-27.9684035,153.1967792,Australian Yowie Research,https://www.yowiehunters.com.au/queensland/1313-mt-tamborine-qld-1995,/Users/jarlgiovanni/Desktop/bigfoot_research/public/data/frontend-data.json
ba76af9c29bf3aa2eeeae39ba532e64e72b4707a6ac4792da130d80d4d118b3c,475,,,,"Torbanlea, Queensland 1995",1995,-25.358621,152.5732725,Australian Yowie Research,https://www.yowiehunters.com.au/queensland/1966-torbanlea-queensland-1995,/Users/jarlgiovanni/Desktop/bigfoot_research/public/data/frontend-data.json
5a345b0a347fd22fb81bbf86558d47f200c3af0390757a192f5a6c9274b7f91e,508,,,,"Leura, New South Wales 1995",1995,-33.7156888,150.3317665,Australian Yowie Research,https://www.yowiehunters.com.au/new-south-wales/1409-leura-new-south-wales-1995,/Users/jarlgiovanni/Desktop/bigfoot_research/public/data/frontend-data.json
5baacf2a804b509ee34ecc732888b5100df67752e5b8a8d5d65beee6ab475ff2,526,,,,"Mogo, New South Wales 1995",1995,-35.7830222,150.1426078,Australian Yowie Research,https://www.yowiehunters.com.au/new-south-wales/1417-mogo-new-south-wales-1995,/Users/jarlgiovanni/Desktop/bigfoot_research/public/data/frontend-data.json
8f4dc8c9e75edc7de11b5204b16d456b678dc2b1ffdbc576215fff20eeb86f7f,627,,,,"Woy Woy, New South Wales 1995",1995,-33.4880548,151.3274925,Australian Yowie Research,https://www.yowiehunters.com.au/new-south-wales/1395-hawkesbury-river-new-south-wales-1995,/Users/jarlgiovanni/Desktop/bigfoot_research/public/data/frontend-data.json
58656663941bc7ebbec57ffd5edfcaa6d945084722b94e75000ef67e29c6c6f3,939,,,,1995 - Cairns Post Yowie Article,1995,-16.9206657,145.7721854,Australian Yowie Research,https://www.yowiehunters.com.au/media-clips/1748-1995-cairns-post-yowie-article,/Users/jarlgiovanni/Desktop/bigfoot_research/public/data/frontend-data.json
54d339acb2457197c7cc528c8ed0d930abbfa73ef6efb41f612f8d8576371ed6,4297,,,,"YouTube reports, interviews: Yowie Sighting (Audio Report #113) at Torbanlea, Queensland (1995)",1995,-25.358621,152.5732725,Australian Yowie Research / AYR Yowie Reports Map,https://www.youtube.com/watch?v=PpFeJpw3GqM,/Users/jarlgiovanni/Desktop/bigfoot_research/public/data/frontend-data.json
19c7e7638584adfeab0374b6cec9cf2b27eefb3e02ea57fb563f5cc7ce7b34bb,4471,,,,Reports from newspapers: 1995 - Cairns Post Yowie Article,1995,-17.5111,145.6,Australian Yowie Research / AYR Yowie Reports Map,https://www.yowiehunters.com.au/media-clips/1748-1995-cairns-post-yowie-article,/Users/jarlgiovanni/Desktop/bigfoot_research/public/data/frontend-data.json
0f7dea25a506fe27b7fdb51d2cb12fe380e6a3290ffb2a52f274558f8fa53057,4584,,,,"Witness sketches: Eden, New South Wales (1995)",1995,-37.065878,149.869638,Australian Yowie Research / AYR Yowie Reports Map,https://www.yowiehunters.com.au/witness-sketches,/Users/jarlgiovanni/Desktop/bigfoot_research/public/data/frontend-data.json
3b77e019475fe4396e63ad255f20bc2d77e868ffa4d96f30ea331cc1eff0f6f5,59,,,,"Aberfeldy, Victoria 1996",1996,-37.7021795,146.3790538,Australian Yowie Research,https://www.yowiehunters.com.au/victoria/1243-aberfeldie-vic-1996,/Users/jarlgiovanni/Desktop/bigfoot_research/public/data/frontend-data.json
7b90a848e460fbf0a53662b375913851438843f89802759e4908a41e5581c68a,110,,,,"Cessnock, New South Wales 1996",1996,-32.8316667,151.3511111,Australian Yowie Research,https://www.yowiehunters.com.au/new-south-wales/2108-cessnock-new-south-wales-1996,/Users/jarlgiovanni/Desktop/bigfoot_research/public/data/frontend-data.json
36909317fb7ce56ad3146514ccd6921f06fb875422740b33e0df1395a134987a,171,,,,"Molendinar, Queensland 1996",1996,-27.9745778,153.3754344,Australian Yowie Research,https://www.yowiehunters.com.au/queensland/1307-molendinar-qld-1996,/Users/jarlgiovanni/Desktop/bigfoot_research/public/data/frontend-data.json
179d64a670e4bf59c436e6121d8afd086e28119fa5aa1a4b01fb13a213379848,255,,,,"Cairns, Queensland 1996",1996,-16.9206657,145.7721854,Australian Yowie Research,https://www.yowiehunters.com.au/queensland/1273-cairns-qld-1996,/Users/jarlgiovanni/Desktop/bigfoot_research/public/data/frontend-data.json
6620aff6687f55d644a6dac7a651053297b892cc0007a10effb50c14f42e189c,310,,,,"Bombala, New South Wales 1996",1996,-36.9113175,149.2389375,Australian Yowie Research,https://www.yowiehunters.com.au/new-south-wales/1839-bombala-new-south-wales-1996,/Users/jarlgiovanni/Desktop/bigfoot_research/public/data/frontend-data.json
1922bc8fa03b7ef8adb95bb625d8ae3200940750f536c9814311e38d8a6ea09e,439,,,,"Sarina, Queensland 1996",1996,-21.435808,149.1645943,Australian Yowie Research,https://www.yowiehunters.com.au/queensland/2093-sarina-queensland-1996,/Users/jarlgiovanni/Desktop/bigfoot_research/public/data/frontend-data.json
c958693356733cc568db0bcddb610e0f1fbeb8f461234d414a2ebc04b7695062,483,,,,"Upper Coomera, Queensland 2006",1996,-27.8529809,153.2982761,Australian Yowie Research,https://www.yowiehunters.com.au/queensland/1860-upper-coomera-queensland-2006,/Users/jarlgiovanni/Desktop/bigfoot_research/public/data/frontend-data.json
5a1425bc33cfe2bb3d26c3dbe9f55ed6569eae6f19908b8157765de6f71d1a49,542,,,,"Mullumbimby, New South Wales 1996",1996,-28.5483333,153.5011111,Australian Yowie Research,https://www.yowiehunters.com.au/new-south-wales/2286-mullumbimby-new-south-wales-1996,/Users/jarlgiovanni/Desktop/bigfoot_research/public/data/frontend-data.json
6ef60759865744a80302c1963db14754f1873cc414ad3730a1a8942924906816,4608,,,,"Witness sketches: Taree, New South Wales (1996)",1996,-31.897221,152.571853,Australian Yowie Research / AYR Yowie Reports Map,https://www.yowiehunters.com.au/witness-sketches,/Users/jarlgiovanni/Desktop/bigfoot_research/public/data/frontend-data.json
c87b7e88c1673ea6f5293b633c203c8386d62ad4e2a0cc57ad932278d3454e03,4609,,,,"Witness sketches: Mullumbimby, New South Wales (1996)",1996,-28.551206,153.497453,Australian Yowie Research / AYR Yowie Reports Map,https://www.yowiehunters.com.au/witness-sketches,/Users/jarlgiovanni/Desktop/bigfoot_research/public/data/frontend-data.json
e14f8f2f935d25305de7137be9d9923b4361d23129e72d1785255a9dcc07957f,34,,,,"Acacia Hills, Northern Territory 1997 (1)",1997,-12.768419,131.141951,Australian Yowie Research,https://www.yowiehunters.com.au/northern-territory/270-acacia-hills-1997-sp-8502,/Users/jarlgiovanni/Desktop/bigfoot_research/public/data/frontend-data.json
ef6572d96da9875bf05bbbb706c65fdac1a06225d9149976a9a5567a3577bd40,35,,,,"Acacia Hills, Northern Territory 1997 (2)",1997,-12.768419,131.141951,Australian Yowie Research,https://www.yowiehunters.com.au/northern-territory/268-acacia-hills-1998,/Users/jarlgiovanni/Desktop/bigfoot_research/public/data/frontend-data.json
c0013df8c0552daa338f4cb722565e8f9d969229a8fbb7d700467dd6d76dc5c5,60,,,,"Warnambool, Victoria 1997",1997,-38.3826242,142.4814199,Australian Yowie Research,https://www.yowiehunters.com.au/victoria/1264-warnambool-vic-1997,/Users/jarlgiovanni/Desktop/bigfoot_research/public/data/frontend-data.json
5c67696ba94a291d77cc236445d4bc7713543c99328dbf5da07dbd7851088ef0,111,,,,"Hawkesbury River, New South Wales 1997",1997,-33.5038702,150.9274931,Australian Yowie Research,https://www.yowiehunters.com.au/new-south-wales/1396-hawkesbury-river-new-south-wales-1997,/Users/jarlgiovanni/Desktop/bigfoot_research/public/data/frontend-data.json
62142cfe97f5f457512b30f14621650798bc7b2f46485c8ce07c11ffa3d0d441,172,,,,"Camira, Queensland 1997",1997,-27.634499,152.9199269,Australian Yowie Research,https://www.yowiehunters.com.au/queensland/1274-camira-qld-1997,/Users/jarlgiovanni/Desktop/bigfoot_research/public/data/frontend-data.json
8f18c0a652cf7c85460016895a18581be549b2d4742fe26c98c45650c04ab44c,173,,,,"Ormeau, Queensland 1997",1997,-27.774813,153.2520815,Australian Yowie Research,https://www.yowiehunters.com.au/queensland/1317-ormeau-qld-1997,/Users/jarlgiovanni/Desktop/bigfoot_research/public/data/frontend-data.json
f0d6771d349c48118d2c6b8c23e6fdb78e46651cb8557196e57336c075e7a667,218,,,,"Alstonville, New South Wales 1997",1997,-28.8412757,153.4405813,Australian Yowie Research,https://www.yowiehunters.com.au/new-south-wales/1597-alstonville-new-south-wales-1997,/Users/jarlgiovanni/Desktop/bigfoot_research/public/data/frontend-data.json
9ba002b1e421acd9db8ae72e1b40a93c8b31ea713ee88005a2810086c62c0743,237,,,,"Beerwah, Queensland 1997",1997,-26.8573095,152.9604137,Australian Yowie Research,https://www.yowiehunters.com.au/queensland/1268-beerwah-qld-1997,/Users/jarlgiovanni/Desktop/bigfoot_research/public/data/frontend-data.json
c0814008012b50ab4403a39c36f9eae416d944817f0ecebfdd07ab3b8258c698,294,,,,"Cowley Beach, Queensland 1997",1997,-17.653566,146.1321886,Australian Yowie Research,https://www.yowiehunters.com.au/queensland/1283-cowley-beach-qld-1997,/Users/jarlgiovanni/Desktop/bigfoot_research/public/data/frontend-data.json
914d20bacf9eda47713688d9dfb4320ab79e15ed0716418742869673e8abdb1c,335,,,,"Gootchie, Queensland 1997",1997,-25.8781265,152.5810076,Australian Yowie Research,https://www.yowiehunters.com.au/queensland/1293-goochee-qld-1997,/Users/jarlgiovanni/Desktop/bigfoot_research/public/data/frontend-data.json
43de60caf5242376901d3797f355ef0535fa24d6a9645b33a0eb5a2199e46ec2,346,,,,"Bundarra, New South Wales 1997",1997,-30.1697551,151.0739435,Australian Yowie Research,https://www.yowiehunters.com.au/new-south-wales/1587-bundarra-new-south-wales-1997,/Users/jarlgiovanni/Desktop/bigfoot_research/public/data/frontend-data.json
7673e7260632f042335d65cd90a676e2702604d638c9170f4bd6df51e49d6517,368,,,,"Colo River, New South Wales 1997",1997,-33.3778079,150.6487565,Australian Yowie Research,https://www.yowiehunters.com.au/new-south-wales/1553-colo-river-new-south-wales-1997,/Users/jarlgiovanni/Desktop/bigfoot_research/public/data/frontend-data.json
0190572c7ca075410b5989eaebcd83d0c1701e4b0595a3854b569ef938f0f9be,451,,,,"Springbrook, Queensland 1997",1997,-33.7017613,150.5655467,Australian Yowie Research,https://www.yowiehunters.com.au/queensland/1445-springbrook-queensland-1997,/Users/jarlgiovanni/Desktop/bigfoot_research/public/data/frontend-data.json
449c427b75e3a9378540403800b5acb343a08430aadf7e2829cc8945f5fb0c2a,473,,,,"Toowoomba, Queensland 1997",1997,-27.5790131,151.9866561,Australian Yowie Research,https://www.yowiehunters.com.au/queensland/1804-toowoomba-queensland-1997,/Users/jarlgiovanni/Desktop/bigfoot_research/public/data/frontend-data.json
351257f720452ffd8f13c8c98d2e808f8493bd20b245c18b09c5c924622f46bf,476,,,,"Katoomba, New South Wales 1997",1997,-33.713759,150.3121633,Australian Yowie Research,https://www.yowiehunters.com.au/new-south-wales/2006-katoomba-new-south-wales-1997,/Users/jarlgiovanni/Desktop/bigfoot_research/public/data/frontend-data.json
6f52eb1a64734d77ba5eb11d79a74e4dd80a0dff1e3007186e1b7b77fde39fc2,585,,,,"Tabulam, New South wales 1997",1997,-28.8872866,152.5683651,Australian Yowie Research,https://www.yowiehunters.com.au/new-south-wales/1448-tabulam-new-sout-wales-1997,/Users/jarlgiovanni/Desktop/bigfoot_research/public/data/frontend-data.json
94d118dd9440255818f9b62249f1e64cd205939d98ca523c7c050a4f47073bd3,940,,,,1997 - Litchfield Times Yowie Article,1997,-13.428281,130.4926909,Australian Yowie Research,https://www.yowiehunters.com.au/media-clips/1777-1997-litchfield-times-yowie-article,/Users/jarlgiovanni/Desktop/bigfoot_research/public/data/frontend-data.json
3a120b373f185b27135e06a9b788c8c19498ed8ce6123383eb915662c927e267,4315,,,,"Written reports: Yowie Sighting at Warnambool, Victoria 1997",1997,-38.383333,142.483333,Australian Yowie Research / AYR Yowie Reports Map,https://www.yowiehunters.com.au/victoria/1264-warnambool-vic-1997,/Users/jarlgiovanni/Desktop/bigfoot_research/public/data/frontend-data.json
90e5b9351d73a26dc64711a55f93f3bbc3d45d4da47a22e4316f0e19cb685c82,4346,,,,"YouTube reports, interviews: Yowie Sighting (Audio Report #118) at Katoomba, New South Wales (Summer 1997)",1997,-33.713759,150.3121633,Australian Yowie Research / AYR Yowie Reports Map,https://www.youtube.com/watch?v=qVVTbN8CNNA,/Users/jarlgiovanni/Desktop/bigfoot_research/public/data/frontend-data.json
fbf8f4ff0f6761ba7bec7cb8fe6894afde658b5aef6c03fb483ec97cf75c942e,4347,,,,"Written reports: Yowie Sighting at Springbrook, Queensland 1997",1997,-28.185749,153.2715593,Australian Yowie Research / AYR Yowie Reports Map,https://www.yowiehunters.com.au/queensland/1445-springbrook-queensland-1997,/Users/jarlgiovanni/Desktop/bigfoot_research/public/data/frontend-data.json
f7755a325443f1f01b1983ef5e7b12c778a132b49eb7796d252e0f5ffa203c64,4348,,,,"Written reports: Yowie Sighting at Toowoomba, Queensland 1997",1997,-27.5610193,151.953351,Australian Yowie Research / AYR Yowie Reports Map,https://www.yowiehunters.com.au/queensland/1804-toowoomba-queensland-1997,/Users/jarlgiovanni/Desktop/bigfoot_research/public/data/frontend-data.json
2d5302f4c86120ec3267ae010ec3efa9a1d4c80d4979c204c6644102b8699fa3,4411,,,,"Videos: Dean Harrison - Ormeau Yowie Encounter June, 1997",1997,-27.780333,153.265967,Australian Yowie Research / AYR Yowie Reports Map,https://www.youtube.com/watch?v=a3yxqe18Bos,/Users/jarlgiovanni/Desktop/bigfoot_research/public/data/frontend-data.json
e69d171a6e7963e33f59b6b581c2256165e57e69a019408161bd7cb0d5dcdb04,4472,,,,Reports from newspapers: 1997 - Litchfield Times Yowie Article,1997,-12.789556,131.123056,Australian Yowie Research / AYR Yowie Reports Map,https://www.yowiehunters.com.au/media-clips/1777-1997-litchfield-times-yowie-article,/Users/jarlgiovanni/Desktop/bigfoot_research/public/data/frontend-data.json
754340378fcc8d551b90ba54c350b98aadd3082707f3c0c96927c7cf1f657e87,4473,,,,Reports from newspapers: 1997 - NT News Yowie Article,1997,-23.887041,133.782438,Australian Yowie Research / AYR Yowie Reports Map,https://www.yowiehunters.com.au/media-clips/1766-1997-nt-news-yowie-article,/Users/jarlgiovanni/Desktop/bigfoot_research/public/data/frontend-data.json
2f3ff2411cf7b09c41bcc0e6826a9a1777469d0d8524a364713080c054a0fa3f,4590,,,,"Witness sketches: Cowley Beach, Queensland (1997)",1997,-17.6953,146.10726,Australian Yowie Research / AYR Yowie Reports Map,https://www.yowiehunters.com.au/witness-sketches,/Users/jarlgiovanni/Desktop/bigfoot_research/public/data/frontend-data.json
4bbf19d9c0414f27279ffb8f01615e0f19fcf4cb9343fbe6fb6f005cf20a309b,4592,,,,"Witness sketches: Warwick, Queensland (1997)",1997,-28.21901,152.03438,Australian Yowie Research / AYR Yowie Reports Map,https://www.yowiehunters.com.au/witness-sketches,/Users/jarlgiovanni/Desktop/bigfoot_research/public/data/frontend-data.json
b02885f8494edaee51ac4dd252395d2abd0242f298463061cbbe1e8258ea3c3f,4595,,,,"Witness sketches: Acacia Hills, Northern Territory (1997)",1997,-12.7923,131.125257,Australian Yowie Research / AYR Yowie Reports Map,https://www.yowiehunters.com.au/witness-sketches,/Users/jarlgiovanni/Desktop/bigfoot_research/public/data/frontend-data.json
68ff73b031796d0581fe4aeef94f6878dd2f8bcbcec22b992a1d93f598fe0e24,36,,,,"Acacia Hills & Humpty Doo, Northern Territory 1998",1998,-12.768419,131.141951,Australian Yowie Research,https://www.yowiehunters.com.au/northern-territory/2291-acacia-ridge-humpty-doo-northern-territory-1998,/Users/jarlgiovanni/Desktop/bigfoot_research/public/data/frontend-data.json
959c078504835ededaae7921b597a494f4e448a6cec3db0605d31e676d667cba,37,,,,"Adelaide River, Northern Territory 1998",1998,-13.2387657,131.1070072,Australian Yowie Research,https://www.yowiehunters.com.au/northern-territory/267-adelaide-river-1998,/Users/jarlgiovanni/Desktop/bigfoot_research/public/data/frontend-data.json
9dbcc05929aed669f20543cbf9a04ee8d708ab04a6f7a258a55d3f1c58ee6c2c,38,,,,"Tanima Desert, Northern Territory 1998",1998,-19.81,130.32,Australian Yowie Research,https://www.yowiehunters.com.au/northern-territory/1242-tanima-desert-nt-1998,/Users/jarlgiovanni/Desktop/bigfoot_research/public/data/frontend-data.json
94f2af44187bc6d28bc60b93be54936948c1c834fc815784634a6bf4fc9ec230,112,,,,"Faulconbridge, New South Wales 1998",1998,-33.7005603,150.535599,Australian Yowie Research,https://www.yowiehunters.com.au/new-south-wales/1385-faulconbridge-new-south-wales-1998,/Users/jarlgiovanni/Desktop/bigfoot_research/public/data/frontend-data.json
c80cc779ef4108b9ab7a7c5172c85f987ea61a08a7428046a5163757a81695da,113,,,,"Mudgee, New South Wales 1998",1998,-32.5980702,149.5886383,Australian Yowie Research,https://www.yowiehunters.com.au/new-south-wales/1424-mudgee-new-south-wales-1998,/Users/jarlgiovanni/Desktop/bigfoot_research/public/data/frontend-data.json
a6319a31623f29f4e8be7e43c461ab74c973cd57debc83952f4a396a382dff79,174,,,,"Bribie Island, Queensland 1998",1998,-26.9644799,153.120238,Australian Yowie Research,https://www.yowiehunters.com.au/queensland/1272-bribie-island-qld-1998,/Users/jarlgiovanni/Desktop/bigfoot_research/public/data/frontend-data.json
7d5aa2d4be91b476e065ea64bfa4cffe7eeb72d363c47d4594531b9d53a741a1,175,,,,"Kenilworth, Queensland 1998",1998,-26.6352315,152.6166379,Australian Yowie Research,https://www.yowiehunters.com.au/queensland/1296-kenilworth-qld-1998,/Users/jarlgiovanni/Desktop/bigfoot_research/public/data/frontend-data.json
8a164766ec30293a598c564d2f446c941860861cc30c5a9a378c707d8a58a255,176,,,,"Scotchy Pocket, Queensland 1998",1998,-26.0031875,152.522897,Australian Yowie Research,https://www.yowiehunters.com.au/queensland/1294-gunalda-qld-2000,/Users/jarlgiovanni/Desktop/bigfoot_research/public/data/frontend-data.json
87df12b1d47b0ca4eef7ab7194d481b5182b93e260dc3e2347f9a30bfabf2300,187,,,,"Canarvon Gorge, Queensland 2005",1998,-24.99435,148.3337905,Australian Yowie Research,https://www.yowiehunters.com.au/queensland/1277-canarvon-gorge-qld-1998,/Users/jarlgiovanni/Desktop/bigfoot_research/public/data/frontend-data.json
2a7bd9ec98a8015a50544f2bc3dd05489f238c11a52d113e1cc2bcc86a428337,242,,,,"Barwon River, New South Wales 1998",1998,-30.0172608,147.8988558,Australian Yowie Research,https://www.yowiehunters.com.au/new-south-wales/1348-barwon-river-new-south-wales-1998,/Users/jarlgiovanni/Desktop/bigfoot_research/public/data/frontend-data.json
5063763b29bc932f858e2f52623312f8d71e61b1280bdb800dec6650302478b0,270,,,,"Canungra, Queensland 1998",1998,-28.0385865,153.1419128,Australian Yowie Research,https://www.yowiehunters.com.au/queensland/1285-cunungra-qld-1998,/Users/jarlgiovanni/Desktop/bigfoot_research/public/data/frontend-data.json
0c2f8bbb5a8b5f929dc9e78cb19800a8d608ce25230acacd0d7395f02effcaea,325,,,,"Gatton, Queensland 1998",1998,-27.5615314,152.2791353,Australian Yowie Research,https://www.yowiehunters.com.au/queensland/1288-gatton-qld-1998,/Users/jarlgiovanni/Desktop/bigfoot_research/public/data/frontend-data.json
414b0bb55c70bc06e1e1be955811046e361c403a6a976a840cf70e38358a6e08,406,,,,"Eden, New South Wales 1998",1998,-37.0640494,149.9035118,Australian Yowie Research,https://www.yowiehunters.com.au/new-south-wales/1381-eden-new-south-wales-1998,/Users/jarlgiovanni/Desktop/bigfoot_research/public/data/frontend-data.json
d070c07196609bf237e8e6ce89de7c3ca863eace2c4d9dc3354665053df1c8ac,409,,,,"Ormeau, Queensland 1998",1998,-27.774813,153.2520815,Australian Yowie Research,https://www.yowiehunters.com.au/queensland/1316-ormeau-qld-1998,/Users/jarlgiovanni/Desktop/bigfoot_research/public/data/frontend-data.json
ae05d0f09dabb22dc1a6f643c29fb62c04ecb7d4b9c6150ad45b6099dc4d6f65,411,,,,"Ormeau, Queensland 1998",1998,-27.774813,153.2520815,Australian Yowie Research,https://www.yowiehunters.com.au/queensland/1318-ormeau-qld-1998-sp-13220,/Users/jarlgiovanni/Desktop/bigfoot_research/public/data/frontend-data.json
7815f4f92e71593099d2831aff8d3b6ff2d41162c75cb580bc9c5d3fb047a133,424,,,,"Goonoo Forest, New South Wales 1998",1998,-32.0066667,148.8761111,Australian Yowie Research,https://www.yowiehunters.com.au/new-south-wales/1391-goonoo-forest-new-south-wales-1998,/Users/jarlgiovanni/Desktop/bigfoot_research/public/data/frontend-data.json
b6b3f79f2c299f62690ad09993a0d51051d5ca6d6e74c059c68213b22617c436,434,,,,"Grassy Head / Stuarts Point, New South Wales 1998",1998,-30.7858622,152.9887422,Australian Yowie Research,https://www.yowiehunters.com.au/new-south-wales/2132-grassy-head-stuarts-point-new-south-wales-1998,/Users/jarlgiovanni/Desktop/bigfoot_research/public/data/frontend-data.json
74ee1afb4764e67f4aa8d26b733e023ae4ff194412c039c4d8703ff33b7e8469,453,,,,"Springbrook, Queensland 1998",1998,-28.185749,153.2715593,Australian Yowie Research,https://www.yowiehunters.com.au/queensland/1331-springbrook-qld-1998,/Users/jarlgiovanni/Desktop/bigfoot_research/public/data/frontend-data.json
ad35755341fe6581eeaeaa19fab1a0aacbd4fbccfcb2bee1046f046f7492a309,455,,,,"Springbrook, Queensland 1998",1998,-28.185749,153.2715593,Australian Yowie Research,https://www.yowiehunters.com.au/queensland/1332-springbrook-qld-1998-sp-7529,/Users/jarlgiovanni/Desktop/bigfoot_research/public/data/frontend-data.json
765133fc8b0e10f3b0a5034d3adf481968ded65d791e41cf2549535e786bdea8,469,,,,"Tin Can Bay, Queensland 1998",1998,-25.8828544,152.9461788,Australian Yowie Research,https://www.yowiehunters.com.au/queensland/1956-tin-can-bay-queensland-1998,/Users/jarlgiovanni/Desktop/bigfoot_research/public/data/frontend-data.json
7215f1d3f13b068708a85a5ba16ef9282529c7a32e32f375ca05aab04fc9c172,480,,,,"Keiraville, New South Wales 1998",1998,-34.4092539,150.8729729,Australian Yowie Research,https://www.yowiehunters.com.au/new-south-wales/2068-keiraville-new-south-wales-1998,/Users/jarlgiovanni/Desktop/bigfoot_research/public/data/frontend-data.json
daa103f6693bb209b89247034fb708c516adb262cf1f05cec58d42cb04f3978a,520,,,,"Macquarie Feilds, New South Wales 1998",1998,-33.9904477,150.8849303,Australian Yowie Research,https://www.yowiehunters.com.au/new-south-wales/2046-macquarie-feilds-new-south-wales-1998,/Users/jarlgiovanni/Desktop/bigfoot_research/public/data/frontend-data.json
2a8feb71a797b6a18b62b43f47c16f60c6dd95dd4025ed420f8bed4cd7f0c36c,587,,,,"Taree, New South Wales 1998",1998,-31.912864,152.4608481,Australian Yowie Research,https://www.yowiehunters.com.au/new-south-wales/1450-taree-new-south-wales-1998,/Users/jarlgiovanni/Desktop/bigfoot_research/public/data/frontend-data.json
5ac38042ff6210db04ff5703bac3832d1813f5d62d030193a02c5de594892088,617,,,,"Wiangaree, New South Wales 1998",1998,-28.5083827,152.9652769,Australian Yowie Research,https://www.yowiehunters.com.au/new-south-wales/2088-wiangaree-new-south-wales-1998,/Users/jarlgiovanni/Desktop/bigfoot_research/public/data/frontend-data.json
68f3602a9d7ae34bc1735a50c5bcb98ff22b5f0d9c56603a8a5e22f2da2090d4,623,,,,"Woodenbong, New South Wales 1998",1998,-28.3913455,152.6120214,Australian Yowie Research,https://www.yowiehunters.com.au/new-south-wales/1826-woodenbong-new-south-wales-1998,/Users/jarlgiovanni/Desktop/bigfoot_research/public/data/frontend-data.json
dfc04e7bc465925d10693270916ea989677cfc5d84e0d4aa398c32bf61b099e3,631,,,,"Yanderra, New South Wales 1998",1998,-34.3209918,150.5724825,Australian Yowie Research,https://www.yowiehunters.com.au/new-south-wales/2293-yanderra-new-south-wales-1998,/Users/jarlgiovanni/Desktop/bigfoot_research/public/data/frontend-data.json
a7f8464898a96d8690555c084964158a7026bc65715cf276a8c72b772de20816,841,,,,1998 - NT News Article,1998,-13.2387657,131.1070072,Australian Yowie Research,https://www.yowiehunters.com.au/historical-articles/1513-nt-news-article-1998,/Users/jarlgiovanni/Desktop/bigfoot_research/public/data/frontend-data.json
d023d88467d2ef1c4166275316691fe3c03cd895ccab44379b5b37b050dcbe31,4307,,,,"Written reports: Yowie Sighting at Tanami Desert, Northern Territory 199",1998,-20.0,130.0,Australian Yowie Research / AYR Yowie Reports Map,https://www.yowiehunters.com.au/northern-territory/1242-tanima-desert-nt-1998,/Users/jarlgiovanni/Desktop/bigfoot_research/public/data/frontend-data.json
a690e409ab5f75db4e4452d3e3da4969a193f224d2f884e61d2a1b07968ab457,4311,,,,"Written reports: Yowie Sighting at Grassy Head / Stuarts Point, New South Wales 1998",1998,-30.809996,152.994649,Australian Yowie Research / AYR Yowie Reports Map,https://www.yowiehunters.com.au/new-south-wales/2132-grassy-head-stuarts-point-new-south-wales-1998,/Users/jarlgiovanni/Desktop/bigfoot_research/public/data/frontend-data.json
0fbb0eae24814cc0317a4cfebe6f239222bd7bee041f8403c27c49c0c80f4f88,4323,,,,"Written reports: Yowie Sighting at Barrington Tops, New South Wales 1998",1998,-32.0233333,151.4844444,Australian Yowie Research / AYR Yowie Reports Map,https://www.yowiehunters.com.au/new-south-wales/1818-barrington-tops-new-south-wales-1998,/Users/jarlgiovanni/Desktop/bigfoot_research/public/data/frontend-data.json
4fe19ed2a158c09487dcf4e0f699c404869705d25520c9c1abb774bf654e393e,4327,,,,"Written reports: Yowie Sighting at Macquarie Feilds, New South Wales 1998",1998,-33.994444,150.8875,Australian Yowie Research / AYR Yowie Reports Map,https://www.yowiehunters.com.au/new-south-wales/2046-macquarie-feilds-new-south-wales-1998,/Users/jarlgiovanni/Desktop/bigfoot_research/public/data/frontend-data.json
9d85dc2ab7d53e51bf3202048e08b8e979abe87d26f75b3b6ab14cf28c3859de,4349,,,,"YouTube reports, interviews: Yowie Sighting (Audio Report #139) at Macquarie Fields, New South Wales (1998)",1998,-33.9904477,150.8849303,Australian Yowie Research / AYR Yowie Reports Map,https://www.youtube.com/watch?v=bHqmZIvHg90,/Users/jarlgiovanni/Desktop/bigfoot_research/public/data/frontend-data.json
8364239c63a448e7c32f53c585e1f75dbe4e13d48388ee7cb36ebdf16799febe,4474,,,,Reports from newspapers: 1998 - Northern Territory News,1998,-12.660487,131.338777,Australian Yowie Research / AYR Yowie Reports Map,https://www.yowiehunters.com.au/media-clips/1702-1998-northern-territory-news,/Users/jarlgiovanni/Desktop/bigfoot_research/public/data/frontend-data.json
4c853f9f047519c5858243f0188661eb45817c0e482fd08afbd34a0720fd2ce0,61,,,,"Wilsons Promontory, Victoria 1999",1999,-38.9567021,146.3514784,Australian Yowie Research,https://www.yowiehunters.com.au/victoria/1265-wilsons-promontory-vic-1999,/Users/jarlgiovanni/Desktop/bigfoot_research/public/data/frontend-data.json
63bcc7da0babf5160affb381a879a80394a22eb8712fc990d1ca1993f3425e58,114,,,,"Bourke, New South Wales 1999",1999,-29.9960307,145.2940392,Australian Yowie Research,https://www.yowiehunters.com.au/new-south-wales/1359-bourke-new-south-wales-1999,/Users/jarlgiovanni/Desktop/bigfoot_research/public/data/frontend-data.json
03f31ef4fede80faf309465c05afda1ea1fd1e179cda1cc9fcd49f2bee1f3170,115,,,,"Mt. Kembla, New South Wales 1999",1999,-34.4421839,150.8067132,Australian Yowie Research,https://www.yowiehunters.com.au/new-south-wales/1423-mt-kembla-new-south-wales-1999,/Users/jarlgiovanni/Desktop/bigfoot_research/public/data/frontend-data.json
7f57a48c44d6258258d48fc67452b6b7968c8dd5fd80714ec01c2cec26c7739e,116,,,,"Leura, New South Wales 2000",1999,-33.7156888,150.3317665,Australian Yowie Research,https://www.yowiehunters.com.au/new-south-wales/1410-leura-new-south-wales-2000,/Users/jarlgiovanni/Desktop/bigfoot_research/public/data/frontend-data.json
1e4df9c922128ac03d2e1734340543e0148e224675e053af5eafc735dedcc5ab,177,,,,"Daisy Hill, Queensland 1999",1999,-27.643611,153.1538113,Australian Yowie Research,https://www.yowiehunters.com.au/queensland/1659-daisy-hill-queensland-1999,/Users/jarlgiovanni/Desktop/bigfoot_research/public/data/frontend-data.json
890bae71de873dae906d8357ddfe7b9e40817762571fd5c8bea691fb17f78810,235,,,,"Falls Creek, Victoria 1999",1999,-36.878683,147.2441791,Australian Yowie Research,https://www.yowiehunters.com.au/victoria/1249-falls-creek-vic-1999,/Users/jarlgiovanni/Desktop/bigfoot_research/public/data/frontend-data.json
a0c7d5b7f73daf1e32bc0ed48df49b470ab9f5225c2765ea2f4b41eb9dcb915d,392,,,,"Dargan, New South Wales 1999",1999,-33.4816667,150.2511111,Australian Yowie Research,https://www.yowiehunters.com.au/new-south-wales/2025-dargan-new-south-wales-1999,/Users/jarlgiovanni/Desktop/bigfoot_research/public/data/frontend-data.json
63b659e2dc93418330ce0fc9deb0aa658e633c33e4fac54ce6ef96982c0bb0f4,413,,,,"Ormeau, Queensland 1999",1999,-27.774813,153.2520815,Australian Yowie Research,https://www.yowiehunters.com.au/queensland/1319-ormeau-qld-1999,/Users/jarlgiovanni/Desktop/bigfoot_research/public/data/frontend-data.json
fddbbc5dca9df5a7b6738bd131861b63f2fcc2bda9c72aa5b7a94c82b12a099f,478,,,,"Katoomba, New South Wales 1999",1999,-33.713759,150.3121633,Australian Yowie Research,https://www.yowiehunters.com.au/new-south-wales/1403-katoomba-new-south-wales-1999,/Users/jarlgiovanni/Desktop/bigfoot_research/public/data/frontend-data.json
a80edd647a24ecf7672eec4a603b8c72caae40c98e4dcba3693bc91315b45a5e,506,,,,"Lake Macquarie, New South Wales 1999",1999,-33.0374325,151.5294684,Australian Yowie Research,https://www.yowiehunters.com.au/new-south-wales/1407-lake-macquarie-new-south-wales-1999,/Users/jarlgiovanni/Desktop/bigfoot_research/public/data/frontend-data.json
679bcdec9ffdf7af1c4c0819c4eb487dbff5ea3363dbd69e999d76dc2f653132,522,,,,"Medowie, New South Wales 1999",1999,-32.7316667,151.8511111,Australian Yowie Research,https://www.yowiehunters.com.au/new-south-wales/1830-medowie-new-south-wales-1999,/Users/jarlgiovanni/Desktop/bigfoot_research/public/data/frontend-data.json
e88176fb289c891c38b1c6f4c79c14fcf1dff9f479b1f025d70244f405d0f95d,624,,,,"Woodford, New South Wales 1999",1999,-33.7349677,150.4810891,Australian Yowie Research,https://www.yowiehunters.com.au/new-south-wales/1471-woodford-new-south-wales-1999,/Users/jarlgiovanni/Desktop/bigfoot_research/public/data/frontend-data.json
6b2436ee42e1d22e4e8e94c76f1dfb10d8a26282448fd9a842bd0dd7dd35874c,943,,,,1999 - Gold Coast Bulletin - 25-08-1999,1999,-28.0023731,153.4145987,Australian Yowie Research,https://www.yowiehunters.com.au/media-clips/2278-1999-gold-coast-bulletin-25-08-1999,/Users/jarlgiovanni/Desktop/bigfoot_research/public/data/frontend-data.json
56e22a0edbd8014419a0b86ba3f2bd77da3caa4148565de8ad16e6e22591a7c5,944,,,,1999 - Lismore Northern Star Yowie Article,1999,-28.8077608,153.2791883,Australian Yowie Research,https://www.yowiehunters.com.au/media-clips/1772-1999-lismore-northern-star-yowie-article,/Users/jarlgiovanni/Desktop/bigfoot_research/public/data/frontend-data.json
bd34a7ac7f7f5199edfc0dd900154afa99c3c18500fb5921cd30da315bf254e0,945,,,,1999 - Thats Life Magazine Yowie Article,1999,-28.0023731,153.4145987,Australian Yowie Research,https://www.yowiehunters.com.au/media-clips/1787-1999-thats-life-magazine-yowie-article,/Users/jarlgiovanni/Desktop/bigfoot_research/public/data/frontend-data.json
352437a59979344b32f75d387572b4087500756b330b7ed4cba5e491e6091e04,3978,,,,Kimberley's Wedding / Favourite Haunt,1999,-34.8682927,147.5758032,Australian Broadcasting Corporation,"https://www.abc.net.au/news/2018-11-23/kimeberleys-wedding-and-favourite-haunt-october-28,-1999/10548734",/Users/jarlgiovanni/Desktop/bigfoot_research/public/data/frontend-data.json
51a792debcae92f9abde0bef68d63695ace15b2ca3c47ccadeb8a29cb316bb2d,4414,,,,Videos: Retro Look Back of AYR Yowie Investigations in 1999,1999,-28.178333,153.284,Australian Yowie Research / AYR Yowie Reports Map,https://www.youtube.com/watch?v=VWC2pzL1Jbc,/Users/jarlgiovanni/Desktop/bigfoot_research/public/data/frontend-data.json
1a888ad94b791cef1f06b60649f389b5c8cfdb02f7dac4f1e8e444761fcbd730,4475,,,,Reports from newspapers: 1999 - Gold Coast Bulletin Yowie Article,1999,-27.789333,153.258867,Australian Yowie Research / AYR Yowie Reports Map,https://www.yowiehunters.com.au/media-clips/1790-1999-gold-coast-bulletin-yowie-article,/Users/jarlgiovanni/Desktop/bigfoot_research/public/data/frontend-data.json
20f2ad33efff6f3bbb76aee1824d15c163925add1e6080686bc850805b68e53e,4476,,,,Reports from newspapers: 1999 - Lismore Northern Star Yowie Article,1999,-28.388333,152.6,Australian Yowie Research / AYR Yowie Reports Map,https://www.yowiehunters.com.au/media-clips/1772-1999-lismore-northern-star-yowie-article,/Users/jarlgiovanni/Desktop/bigfoot_research/public/data/frontend-data.json
a05c19f97781a9394d1f7e8d8f20e6641c797f7a4b77e3cc151cdb43f74c3476,4477,,,,Reports from newspapers: 1999 - Take 5 Yowie Article,1999,-31.25,149.265,Australian Yowie Research / AYR Yowie Reports Map,https://www.yowiehunters.com.au/media-clips/1789-1999-thats-life-magazine-yowie-article-2,/Users/jarlgiovanni/Desktop/bigfoot_research/public/data/frontend-data.json
6c58fa9505b6574b1a7a4544efbc178c82d44e048546b160119f575714a3ee03,4478,,,,Reports from newspapers: 1999 - Thats Life Magazine Yowie Article,1999,-28.144789,153.298935,Australian Yowie Research / AYR Yowie Reports Map,https://www.yowiehunters.com.au/media-clips/1787-1999-thats-life-magazine-yowie-article,/Users/jarlgiovanni/Desktop/bigfoot_research/public/data/frontend-data.json
e58f792df61ce353e395adc4d076273c67b535745ff2894b9004400238d07ed8,4598,,,,"Witness sketches: Hazelbrook, New South Wales (1999)",1999,-33.729275,150.456174,Australian Yowie Research / AYR Yowie Reports Map,https://www.yowiehunters.com.au/witness-sketches,/Users/jarlgiovanni/Desktop/bigfoot_research/public/data/frontend-data.json
3874c835d0c6281e47feee73c4c6ad6c4c68b5703413832920bd56a09e889f01,17,,,,"Coral Bay, Western Australia 2000",2000,-23.1436752,113.770165,Australian Yowie Research,https://www.yowiehunters.com.au/western-australia/1146-coral-bay-2000,/Users/jarlgiovanni/Desktop/bigfoot_research/public/data/frontend-data.json
36382630881d771d20686a61a6cedad8ee34437a9812e38f510bbb05a240a75a,18,,,,"Lancedin, Western Australia 2000",2000,-31.0225285,115.3301909,Australian Yowie Research,https://www.yowiehunters.com.au/western-australia/2297-lancedin-western-australia-2000,/Users/jarlgiovanni/Desktop/bigfoot_research/public/data/frontend-data.json
ce002b393b8f07490f9ad452c6f1863b01b888b78a6af7b668e2b9aed93812b0,117,,,,"Yowrie, New South Wales 2000",2000,-36.3194678,149.7393829,Australian Yowie Research,https://www.yowiehunters.com.au/new-south-wales/1477-yowrie-new-south-wales-2000,/Users/jarlgiovanni/Desktop/bigfoot_research/public/data/frontend-data.json
e1650a0c81fe3ddde1cb0268d180115a17720866e93ac8ee2658676cbab0c35e,178,,,,"Booreen Point, Queensland 2000",2000,-26.2815525,152.984517,Australian Yowie Research,https://www.yowiehunters.com.au/queensland/1271-borren-point-qld-2000,/Users/jarlgiovanni/Desktop/bigfoot_research/public/data/frontend-data.json
5bbfd3603251829555068238a1f44de41960787b2fc8be22a0f77c0efb1142e0,179,,,,"Gayndah, Queensland 2000 (2)",2000,-25.6268775,151.6370233,Australian Yowie Research,https://www.yowiehunters.com.au/queensland/1289-gayndah-qld-2000-2,/Users/jarlgiovanni/Desktop/bigfoot_research/public/data/frontend-data.json
ae585abc1b5b3d2e6d522d1992d2af6381e724e9c08e9b3598dc7539778cb5ac,180,,,,"Kilcoy, Queensland 2000",2000,-26.9417175,152.561157,Australian Yowie Research,https://www.yowiehunters.com.au/queensland/1879-kilcoy-queensland-2000,/Users/jarlgiovanni/Desktop/bigfoot_research/public/data/frontend-data.json
b4fe54ce95aa06f60b63d77b8ab08de4df836bd62e1a033cd49f59b137d644e6,181,,,,"Tully, Queensland 2000",2000,-17.9429225,145.9285816,Australian Yowie Research,https://www.yowiehunters.com.au/queensland/1340-tully-qld-2000,/Users/jarlgiovanni/Desktop/bigfoot_research/public/data/frontend-data.json
d8c99ef3d58cd13c6cd1c52ff7ba424336939d24d3de2539cea9b65f6d3a4ef4,215,,,,"Aboriginal P.O.V, New South Wales 2001",2000,-33.701014,151.2997832,Australian Yowie Research,https://www.yowiehunters.com.au/new-south-wales/1345-aboriginal-pov-nsw-2001,/Users/jarlgiovanni/Desktop/bigfoot_research/public/data/frontend-data.json
30115d5bdce655d1d6800903bb513329798a0f3d78cd0b247ac70e55d2a753e9,223,,,,"Billabong, Victoria 2000",2000,-37.2516192,146.8168275,Australian Yowie Research,https://www.yowiehunters.com.au/victoria/1263-victorian-billabong-vic-2000,/Users/jarlgiovanni/Desktop/bigfoot_research/public/data/frontend-data.json
54c047bd85cdca456b9e422bdb45ddebd1e332795247b4cd91daa7b270550a1b,243,,,,"Blackbutt, Queensland 2000",2000,-26.8830175,152.1011195,Australian Yowie Research,https://www.yowiehunters.com.au/queensland/2223-blackbutt-queensland-2000,/Users/jarlgiovanni/Desktop/bigfoot_research/public/data/frontend-data.json
0cb7725b250ae348520bd2b408bc0705468dc5d579e76176e816196810ba4730,248,,,,"Bateman's Bay, New South Wales 2000",2000,-35.7293379,150.1947997,Australian Yowie Research,https://www.yowiehunters.com.au/new-south-wales/1352-batemans-bay-new-south-wales-2000,/Users/jarlgiovanni/Desktop/bigfoot_research/public/data/frontend-data.json
3f7e4d24dd9d52df0a958e2bf9c1fe5778e0926660c23eb4d6e48df5d3299ef4,319,,,,"Esk, Queensland 2000",2000,-27.2398683,152.4220194,Australian Yowie Research,https://www.yowiehunters.com.au/queensland/1814-esk-queensland-2000,/Users/jarlgiovanni/Desktop/bigfoot_research/public/data/frontend-data.json
186cdb42c3f733460dcc21b2acfa851ab85d4178c7f1565f5c40082ececa2eca,329,,,,"Gayndah, Queensland 2000 (1)",2000,-25.6268775,151.6370233,Australian Yowie Research,https://www.yowiehunters.com.au/queensland/1291-gayndah-qld-2000-1,/Users/jarlgiovanni/Desktop/bigfoot_research/public/data/frontend-data.json
a894f5c46445f12ec947f17f7267a112715e66a30fae8a8c9a7ca20b0ed6ab21,331,,,,"Gayndah, Queensland 2000 (3)",2000,-25.6268775,151.6370233,Australian Yowie Research,https://www.yowiehunters.com.au/queensland/1290-gayndah-qld-2000-3,/Users/jarlgiovanni/Desktop/bigfoot_research/public/data/frontend-data.json
95398e2015b9633c58ef0d07682eefcfa084683e9efd8cb937221ba50eaeca3b,333,,,,"Gogango, Queensland 2000",2000,-23.5599195,149.9135601,Australian Yowie Research,https://www.yowiehunters.com.au/queensland/1865-gogango-queensland-2000,/Users/jarlgiovanni/Desktop/bigfoot_research/public/data/frontend-data.json
db4286fc0a6e9344542c13d1c68d8912a98e17b24398d5988cf24bf9425a0bed,375,,,,"Malanda, Queensland 2000",2000,-17.352837,145.5959372,Australian Yowie Research,https://www.yowiehunters.com.au/queensland/2007-malanda-queensland-2000,/Users/jarlgiovanni/Desktop/bigfoot_research/public/data/frontend-data.json
e74e4197dcfd061add0866963a23b507ac76ab31368255a102cb003d041b2f74,415,,,,"Ormeau, Queensland 2000",2000,-27.774813,153.2520815,Australian Yowie Research,https://www.yowiehunters.com.au/queensland/1320-ormeau-qld-2000,/Users/jarlgiovanni/Desktop/bigfoot_research/public/data/frontend-data.json
9fc0035670f22b6fbd218d7f14bc9a1809f198b6ae4954efb27eb267eb19b53f,440,,,,"Hannam Vale, New South Wales 2000",2000,-31.7124928,152.5943307,Australian Yowie Research,https://www.yowiehunters.com.au/new-south-wales/1561-hannam-vale-new-south-wales-2000,/Users/jarlgiovanni/Desktop/bigfoot_research/public/data/frontend-data.json
50c80b5d549985148da9b8ea3b2966a113128fb85b2407731a28e06d2de69756,468,,,,"Jamison Valley, New South Wales 2000",2000,-33.75431,150.3270177,Australian Yowie Research,https://www.yowiehunters.com.au/new-south-wales/1620-jamison-valley-new-south-wales-2000,/Users/jarlgiovanni/Desktop/bigfoot_research/public/data/frontend-data.json
dfa5ce5b888c3e1254885b0682ffb0892e24a4492816b7233d6bb8733ecb931d,516,,,,"Lithgow, New South Wales 2000",2000,-33.481536,150.1564887,Australian Yowie Research,https://www.yowiehunters.com.au/new-south-wales/1412-lithgow-new-south-wales-2000,/Users/jarlgiovanni/Desktop/bigfoot_research/public/data/frontend-data.json
890c98cebf4de58c6ba86de02ed130d423ef1c946434089c7751109078ea352c,559,,,,"Pickett Hill, New South Wales 2000",2000,-30.5728234,152.9953574,Australian Yowie Research,https://www.yowiehunters.com.au/new-south-wales/1439-pickett-hill-new-south-wales-2000,/Users/jarlgiovanni/Desktop/bigfoot_research/public/data/frontend-data.json
404240596aa8a16e9e06b10a6123576d02f0c7c2a5072971ec4dd5651a90ead7,619,,,,"Wollar, New South Wales 2000",2000,-32.3581121,149.9483663,Australian Yowie Research,https://www.yowiehunters.com.au/new-south-wales/2124-wollar-new-south-wales-2000,/Users/jarlgiovanni/Desktop/bigfoot_research/public/data/frontend-data.json
f5112b52d59ae795b0760498d4b6b7b59bf3a7d5f6deaa0860d0a1ce23c8daa3,845,,,,2000 - Gold Coast Bulletin,2000,-28.0023731,153.4145987,Australian Yowie Research,https://www.yowiehunters.com.au/historical-articles/1590-gold-coast-bulletin-2000,/Users/jarlgiovanni/Desktop/bigfoot_research/public/data/frontend-data.json
64d10b6c2c8da49a6bf36934d22ea15097e2cd59015e4a7fd74c9b98fe4531c4,846,,,,2000 - Townsville Bulletin Yowie Article,2000,-19.2569391,146.8239537,Australian Yowie Research,https://www.yowiehunters.com.au/historical-articles/1899-2000-townsville-bulletin-yowie-article,/Users/jarlgiovanni/Desktop/bigfoot_research/public/data/frontend-data.json
d97979ef53fafffa0bd2485f04b88ccf29413dce0ff27cebbfe6188168afbf3b,946,,,,2000 - Daily Examiner Yowie Article,2000,-29.6816773,152.9336357,Australian Yowie Research,https://www.yowiehunters.com.au/media-clips/1791-2000-daily-examiner-yowie-article,/Users/jarlgiovanni/Desktop/bigfoot_research/public/data/frontend-data.json
ce185a27b3886a5ada60c9c319c170e3be3ea22195dab69a97c46d7889f5e733,947,,,,2000 - Gold Coast Bulletin Yowiehunters,2000,-28.0023731,153.4145987,Australian Yowie Research,https://www.yowiehunters.com.au/media-clips/1715-2000-gold-coast-bulletin-yowiehunters,/Users/jarlgiovanni/Desktop/bigfoot_research/public/data/frontend-data.json
ef2248726d06cee0ff6cdc852076128849f35e1c1af58457aa259c498da44e4c,949,,,,2000 - Queensland Times Yowie Article,2000,-27.5615314,152.2791353,Australian Yowie Research,https://www.yowiehunters.com.au/media-clips/1794-2000-queensland-times-yowie-article,/Users/jarlgiovanni/Desktop/bigfoot_research/public/data/frontend-data.json
60039c3147d6387decfd9c95f0f13c8c2a150f8dcbe465264da1f8f35151703e,1028,,,,2000 - Batemans Bay Post Yowie Article,2000,-35.7072183,150.178289,Australian Yowie Research,https://www.yowiehunters.com.au/historical-articles/1909-2000-batemans-bay-post-yowie-article,/Users/jarlgiovanni/Desktop/bigfoot_research/public/data/frontend-data.json
d512358fcbb141af6c2da3966830a4a91d7cbe0a944bab374f14646bd968f6ac,1039,,,,2000 - Sunday Mail Yowie Article,2000,-27.4689623,153.0235009,Australian Yowie Research,https://www.yowiehunters.com.au/media-clips/1751-2000-sunday-mail-yowie-article,/Users/jarlgiovanni/Desktop/bigfoot_research/public/data/frontend-data.json
4d0ebb76129c79aaf1dcd7ef00b4d520ac4929b3b48ac1d40b842ce1419dcf95,4351,,,,"YouTube reports, interviews: Yowie Sighting (Audio Report #121) near Yowrie, New South Wales (March 2000)",2000,-36.3194678,149.7393829,Australian Yowie Research / AYR Yowie Reports Map,https://www.youtube.com/watch?v=7H3TziSxqBA,/Users/jarlgiovanni/Desktop/bigfoot_research/public/data/frontend-data.json
dfd5fa9785225dbd295288feb22c09e7e8143b95d9bd6b420d2928c3bb447055,4352,,,,"YouTube reports, interviews: Yowie Sighting (Audio Report #125) near Malanda, Queensland (2000)",2000,-17.352837,145.5959372,Australian Yowie Research / AYR Yowie Reports Map,https://www.youtube.com/watch?v=_WFwL2ine2,/Users/jarlgiovanni/Desktop/bigfoot_research/public/data/frontend-data.json
77b2448eff66f5a8b2717cfb7e92513d37e0b61d7e08cd4406dd0ad0b7aeb158,4353,,,,"Written reports: Yowie Attack at Coral Bay, Western Australia (2000)",2000,-23.142675,113.774348,Australian Yowie Research / AYR Yowie Reports Map,https://www.yowiehunters.com.au/western-australia/1146-coral-bay-2000,/Users/jarlgiovanni/Desktop/bigfoot_research/public/data/frontend-data.json
4782f104def1ada5bb5d1bec6ae0230069c1f5fdbc2060650700a31a6bdaa6f8,4479,,,,Reports from newspapers: 2000 - Daily Examiner Yowie Article,2000,-29.75,153.0,Australian Yowie Research / AYR Yowie Reports Map,https://www.yowiehunters.com.au/media-clips/1791-2000-daily-examiner-yowie-article,/Users/jarlgiovanni/Desktop/bigfoot_research/public/data/frontend-data.json
ca4c875b6c8fe03902f6bec0edaef3cf31f0796f8700c6c32abf0d192718f73f,4480,,,,Reports from newspapers: 2000 - Insight Magazine Yowie Exp,2000,-26.277063,152.359954,Australian Yowie Research / AYR Yowie Reports Map,https://www.yowiehunters.com.au/media-clips/1704-2000-insight-magazine-yowie-exp,/Users/jarlgiovanni/Desktop/bigfoot_research/public/data/frontend-data.json
ac86866d5707a4716f1684192b941640a9d07f34a4fc363fd7140f028a0e62f5,4481,,,,Reports from newspapers: 2000 - On the Road Magazine Yowie Article,2000,-28.446389,152.453611,Australian Yowie Research / AYR Yowie Reports Map,https://www.yowiehunters.com.au/media-clips/1783-2000-on-the-road-magazine-yowie-article,/Users/jarlgiovanni/Desktop/bigfoot_research/public/data/frontend-data.json
b9939900adbd4b2a61aeab841e5164ea24d481973e96b6dd77ab94c2f177e00a,4482,,,,Reports from newspapers: 2000 - Queensland Times Yowie Article,2000,-27.616667,152.766667,Australian Yowie Research / AYR Yowie Reports Map,https://www.yowiehunters.com.au/media-clips/1794-2000-queensland-times-yowie-article,/Users/jarlgiovanni/Desktop/bigfoot_research/public/data/frontend-data.json
e49051e9a36d16d4272978eef678be7147b91f0ca64b9143790ca3543826e934,4483,,,,Reports from newspapers: 2000 - Sunday Mail Yowie Article,2000,-25.6244,151.608,Australian Yowie Research / AYR Yowie Reports Map,https://www.yowiehunters.com.au/media-clips/1751-2000-sunday-mail-yowie-article,/Users/jarlgiovanni/Desktop/bigfoot_research/public/data/frontend-data.json
56b81bd63268adde3a33e6395471754eee5a556e5bb4fbd84d4c3e6aba3551ca,4484,,,,Reports from newspapers: 2000 - The Cronicle Yowie Article,2000,-25.6294,151.615,Australian Yowie Research / AYR Yowie Reports Map,https://www.yowiehunters.com.au/media-clips/1731-2000-the-cronicle-yowie-article,/Users/jarlgiovanni/Desktop/bigfoot_research/public/data/frontend-data.json
c572f20c511b68fbf9838d4e3c96bb914da363a598162927b92014c436c49d24,4563,,,,"Photographs of footprints and handprints : Hazelbrook, New South Wales (2000)",2000,-33.728999,150.453039,Australian Yowie Research / AYR Yowie Reports Map,https://www.yowiehunters.com.au/footprints,/Users/jarlgiovanni/Desktop/bigfoot_research/public/data/frontend-data.json
7cb4b2937cd992399c13eef3725527d2af8dbc2773060c3ad2a03f4430fca118,4564,,,,"Photographs of footprints and handprints : Kilkivan, Queensland (2000)",2000,-26.082109,152.234562,Australian Yowie Research / AYR Yowie Reports Map,https://www.yowiehunters.com.au/footprints,/Users/jarlgiovanni/Desktop/bigfoot_research/public/data/frontend-data.json
9b32b3a09f824596fac95d19d96448dc1397ffab82573bfc56fea11f47298cb1,4570,,,,"Photographs of footprints and handprints : Springbrook, Queensland (1999/2000)",2000,-28.181879,153.2764454,Australian Yowie Research / AYR Yowie Reports Map,https://www.yowiehunters.com.au/footprints,/Users/jarlgiovanni/Desktop/bigfoot_research/public/data/frontend-data.json
43989c88ed40d385ec4720eca6b24b3306beb5fda34e006bd4543859a3817b31,39,,,,"Kings Canyon, Northern Territory 2001",2001,-24.2503097,131.5779445,Australian Yowie Research,https://www.yowiehunters.com.au/northern-territory/1552-kings-canyon-northern-territory-2001,/Users/jarlgiovanni/Desktop/bigfoot_research/public/data/frontend-data.json
ab09eef71f27683832c7557c334f160e1e871480af3a878cf2482178d6cc3d38,118,,,,"Lismore, New South Wales 2001",2001,-28.8077608,153.2791883,Australian Yowie Research,https://www.yowiehunters.com.au/new-south-wales/1456-lismore-new-south-wales-2001,/Users/jarlgiovanni/Desktop/bigfoot_research/public/data/frontend-data.json
a5a5aec481ab85aa5b5d7513cc6b3de7f732f35b83543cc096e1f542db9a1adf,182,,,,"Laidley, Queensland 2001 (2)",2001,-27.6395345,152.4132894,Australian Yowie Research,https://www.yowiehunters.com.au/queensland/1302-laidley-qld-2001,/Users/jarlgiovanni/Desktop/bigfoot_research/public/data/frontend-data.json
c16618f8e6b8e4a288100e8cc4bcf96a34b697440638c65186c2ede38ddc67b5,337,,,,"Hinze Dam, Queensland 2001",2001,-28.0502971,153.2801969,Australian Yowie Research,https://www.yowiehunters.com.au/queensland/1295-hinze-dam-qld-2001,/Users/jarlgiovanni/Desktop/bigfoot_research/public/data/frontend-data.json
633019aa1003ecd1c87e52beb800bf62631e20494f4bb80dc8dcb72bf93576a9,363,,,,"Laidley, Queensland 2001 (1)",2001,-27.6395345,152.4132894,Australian Yowie Research,https://www.yowiehunters.com.au/queensland/1304-laidley-qld-2001-1,/Users/jarlgiovanni/Desktop/bigfoot_research/public/data/frontend-data.json
9b911434d6459e7bf5540cdd8994c2d66c9cbad32a94ae04979dddf70198e022,365,,,,"Laidley, Queensland 2001 (3)",2001,-27.6395345,152.4132894,Australian Yowie Research,https://www.yowiehunters.com.au/queensland/1303-laidley-qld-2001-sp-21011,/Users/jarlgiovanni/Desktop/bigfoot_research/public/data/frontend-data.json
92444b32927130630d1adaaa51a30eaac8879c9f417b8496fcf8852918e90775,401,,,,"Mt. Tamborine, Queensland 2001",2001,-27.9489195,153.1929006,Australian Yowie Research,https://www.yowiehunters.com.au/queensland/1314-mt-tamborine-qld-2001,/Users/jarlgiovanni/Desktop/bigfoot_research/public/data/frontend-data.json
685303427c895672759ea2bf7e0e5041f2bf22f4eda95049f553c06b65223aba,446,,,,"Hazelbrook, New South Wales 2001",2001,-33.7219948,150.4534122,Australian Yowie Research,https://www.yowiehunters.com.au/new-south-wales/1398-hazelbrook-new-south-wales-2001,/Users/jarlgiovanni/Desktop/bigfoot_research/public/data/frontend-data.json
03db3aa5850652385741577df97a2b309eebe2d3322d908f6eff8682d848745d,488,,,,"Koreelah Forest, New South Wales 2001",2001,-28.2808333,152.5077778,Australian Yowie Research,https://www.yowiehunters.com.au/new-south-wales/1668-koreelah-forest-new-south-wales-2001,/Users/jarlgiovanni/Desktop/bigfoot_research/public/data/frontend-data.json
65d90869c4756454a40c8e0066224291b1636e44490615da5c593d59ad6351ed,512,,,,"Lightning Ridge, New South Wales 2001",2001,-29.4285482,147.9779283,Australian Yowie Research,https://www.yowiehunters.com.au/new-south-wales/2295-lightning-ridge-new-south-wales-2001,/Users/jarlgiovanni/Desktop/bigfoot_research/public/data/frontend-data.json
9745623d4fa1357ee77a1ee87097512bb04c38162a56a3c04036637eb29918c8,564,,,,"Pilliga, New South Wales 2001",2001,-30.351605,148.8888022,Australian Yowie Research,https://www.yowiehunters.com.au/new-south-wales/1577-pilliga-new-south-wales,/Users/jarlgiovanni/Desktop/bigfoot_research/public/data/frontend-data.json
affc7302925eaf11c0479e5ac4c135f2408367a6b81e13c4ae33aa3a619a1354,575,,,,"Scotts Head, New South Wales 2001",2001,-30.7460493,152.9963024,Australian Yowie Research,https://www.yowiehunters.com.au/new-south-wales/1446-scotts-head-new-south-wales-2001,/Users/jarlgiovanni/Desktop/bigfoot_research/public/data/frontend-data.json
b3f94f12a431c705cb30db2c7c02fc96bf89b59d4876a41a74e91c5894cb31bd,625,,,,"Woodford, New South Wales 2001",2001,-33.7349677,150.4810891,Australian Yowie Research,https://www.yowiehunters.com.au/new-south-wales/1472-woodford-new-south-wales-2001,/Users/jarlgiovanni/Desktop/bigfoot_research/public/data/frontend-data.json
1b62d951a71e699f745d3d0cb3642d8cfde97394febbdf14cdd7337cbdc7a248,847,,,,2001 - Yowiehunters News Article,2001,-26.080292,152.2473652,Australian Yowie Research,https://www.yowiehunters.com.au/historical-articles/1612-yowiehunters-news-article-2001,/Users/jarlgiovanni/Desktop/bigfoot_research/public/data/frontend-data.json
05a4b3c9fb24c934e7ad9fc18d48080e4a0bb67a9456188086189d84d7224589,950,,,,2001 - Gold Coast Bulletin Yowie Article,2001,-28.0023731,153.4145987,Australian Yowie Research,https://www.yowiehunters.com.au/media-clips/1764-2001-gold-coast-bulletin-yowie-article,/Users/jarlgiovanni/Desktop/bigfoot_research/public/data/frontend-data.json
f25f53c4b5233506b0981bf63de3086eae08695952d58714d72de2a888c2a72d,951,,,,2001 - Gold Coast Bulletin Yowie Article 2,2001,-28.0023731,153.4145987,Australian Yowie Research,https://www.yowiehunters.com.au/media-clips/1786-2001-gold-coast-bulletin-yowie-article-2,/Users/jarlgiovanni/Desktop/bigfoot_research/public/data/frontend-data.json
4700de6c2eedc0f84bf5b03e9f405b4a6f3812568a7272f41fece312e2d8d5f1,952,,,,2001 - Queensland Times Yowie Article,2001,-27.2398683,152.4220194,Australian Yowie Research,https://www.yowiehunters.com.au/media-clips/1788-2001-queensland-times-yowie-article,/Users/jarlgiovanni/Desktop/bigfoot_research/public/data/frontend-data.json
c721cb6f18e2724b79566f1dcf0c21d9233ac04825b40310c5e33ccc5b004517,953,,,,2001 - Queensland Times Yowie Article 2,2001,-27.2398683,152.4220194,Australian Yowie Research,https://www.yowiehunters.com.au/media-clips/1793-2001-queensland-times-yowie-article-2,/Users/jarlgiovanni/Desktop/bigfoot_research/public/data/frontend-data.json
795842ecd07b87954b205848ab126d9f1b3c6eb4060007762dad1030339ebcd5,1040,,,,2001 - Caboolture News Yowie Article,2001,-27.0839336,152.9510863,Australian Yowie Research,https://www.yowiehunters.com.au/media-clips/1767-2001-caboolture-news-yowie-article,/Users/jarlgiovanni/Desktop/bigfoot_research/public/data/frontend-data.json
279664f7919e34ee676c0df5e8019bf37a7dc8bb88d288d1dfb48bcb13a69f82,1041,,,,2001 - Caboolture News Yowie Article 2,2001,-27.0839336,152.9510863,Australian Yowie Research,https://www.yowiehunters.com.au/media-clips/1792-2001-caboolture-news-yowie-article-2,/Users/jarlgiovanni/Desktop/bigfoot_research/public/data/frontend-data.json
46bb43d1d6a83898c239e8b53dc0a7c1c825cc6eb3e1fdad719631ebc09fe1af,4248,,,,The Faith of Alfred Deakin,2001,-37.810997,144.972658,Australian Broadcasting Corporation,https://www.abc.net.au/radionational/programs/archived/spiritofthings/the-faith-of-alfred-deakin/3481066,/Users/jarlgiovanni/Desktop/bigfoot_research/public/data/frontend-data.json
4a35bfa4c21a6fe2075f953ae9b3a702f95c0774f462f0a1bd9d8d8280430faf,4321,,,,"Written reports: Yowie Sighting at Koreelah Forest, New South Wales 2001",2001,-28.305278,152.438889,Australian Yowie Research / AYR Yowie Reports Map,https://www.yowiehunters.com.au/new-south-wales/1668-koreelah-forest-new-south-wales-2001,/Users/jarlgiovanni/Desktop/bigfoot_research/public/data/frontend-data.json
10cd8912541186cee36dc83f44717c7ea9e8ea2d8cf67746a738ed453ed8f43a,4354,,,,"YouTube reports, interviews: Yowie Sighting (Audio Report #122) at Dargan, New South Wales (Summer 2001)",2001,-33.4816667,150.2511111,Australian Yowie Research / AYR Yowie Reports Map,https://www.youtube.com/watch?v=jLJtpV99ri4,/Users/jarlgiovanni/Desktop/bigfoot_research/public/data/frontend-data.json
1f8302e5bd7d68b2648f13859a5fb53d116eab7437b1fc9497a8181b554538fa,4355,,,,"Written reports: Yowie Sighting at Mt. Tamborine, Queensland 2001",2001,-27.969444,153.198467,Australian Yowie Research / AYR Yowie Reports Map,https://www.yowiehunters.com.au/queensland/1314-mt-tamborine-qld-2001,/Users/jarlgiovanni/Desktop/bigfoot_research/public/data/frontend-data.json
61e8ecebcafb3c3c644b0154484ec4f77c57c283d1c2a96e5a216897da55dd19,4485,,,,Reports from newspapers: 2001 - Caboolture News Yowie Article,2001,-26.938056,152.560889,Australian Yowie Research / AYR Yowie Reports Map,https://www.yowiehunters.com.au/media-clips/1767-2001-caboolture-news-yowie-article,/Users/jarlgiovanni/Desktop/bigfoot_research/public/data/frontend-data.json
446810d19f64a40ab19c0bf7ffe5a874edf5eb04a36664a19626524e47693c2f,4486,,,,Reports from newspapers: 2001 - Caboolture News Yowie Article 2,2001,-27.066667,152.966667,Australian Yowie Research / AYR Yowie Reports Map,https://www.yowiehunters.com.au/media-clips/1792-2001-caboolture-news-yowie-article-2,/Users/jarlgiovanni/Desktop/bigfoot_research/public/data/frontend-data.json
3f0c5cc490fcef05b13145a395e6db44b58634e25497fc176f006dedd982faaa,4487,,,,Reports from newspapers: 2001 - Gold Coast Bulletin Yowie Article,2001,-28.177,153.283333,Australian Yowie Research / AYR Yowie Reports Map,https://www.yowiehunters.com.au/media-clips/1764-2001-gold-coast-bulletin-yowie-article,/Users/jarlgiovanni/Desktop/bigfoot_research/public/data/frontend-data.json
773a81c91d57810b86810576ee43a200fb226ec15b3d150d7b31059f1553247f,4488,,,,Reports from newspapers: 2001 - Gold Coast Bulletin Yowie Article 2,2001,-26.961555,152.004424,Australian Yowie Research / AYR Yowie Reports Map,https://www.yowiehunters.com.au/media-clips/1786-2001-gold-coast-bulletin-yowie-article-2,/Users/jarlgiovanni/Desktop/bigfoot_research/public/data/frontend-data.json
e15db1afa31183ea15b744adbad7ffca8c15aca9860b6be68431843d2c203cd0,4489,,,,Reports from newspapers: 2001 - Queensland Times Yowie Article,2001,-26.969555,152.014424,Australian Yowie Research / AYR Yowie Reports Map,https://www.yowiehunters.com.au/media-clips/1788-2001-queensland-times-yowie-article,/Users/jarlgiovanni/Desktop/bigfoot_research/public/data/frontend-data.json
a05bcd453b0dad1b1c6d7a48f0d5d6237933be1f75294461c1d0169704f02ca5,4559,,,,"Photographs of footprints and handprints : Cunungra, Queensland (2001)",2001,-28.017834,153.166006,Australian Yowie Research / AYR Yowie Reports Map,https://www.yowiehunters.com.au/footprints,/Users/jarlgiovanni/Desktop/bigfoot_research/public/data/frontend-data.json
685ce3d3dd95fc5fa459cbda678aedaec70e52309b922251020c89450a3c0c8d,62,,,,"Licola, Victoria 2002",2002,-37.6029585,146.5695668,Australian Yowie Research,https://www.yowiehunters.com.au/victoria/1592-licola-victoria-2002,/Users/jarlgiovanni/Desktop/bigfoot_research/public/data/frontend-data.json
f3ad4394d63d048c235fd4e212e4d1f73ae59690113d7b976d81b77b00d93928,119,,,,"Glossodia, New South Wales 2002",2002,-33.5334431,150.7853962,Australian Yowie Research,https://www.yowiehunters.com.au/new-south-wales/1389-glossodia-new-south-wales-2002,/Users/jarlgiovanni/Desktop/bigfoot_research/public/data/frontend-data.json
3be6f1b2d771e047c20765e431b6649e903a20d6750920f8cbb17122e459a8e9,120,,,,"Wollemi National Park, New South Wales 2002",2002,-32.9409962,150.4210458,Australian Yowie Research,https://www.yowiehunters.com.au/new-south-wales/1869-wollemi-national-park-new-south-wales-2002,/Users/jarlgiovanni/Desktop/bigfoot_research/public/data/frontend-data.json
a256c5c7ca5a83e260319dd457de19961e3a9be748a8cb93c05cc23e3acb2e37,183,,,,"Beerwah, Queensland 2002",2002,-26.8573095,152.9604137,Australian Yowie Research,https://www.yowiehunters.com.au/queensland/1269-beerwah-qld-2002,/Users/jarlgiovanni/Desktop/bigfoot_research/public/data/frontend-data.json
aba4b05c8899c9624b4759ebf75077abe7595b1484645a0ebae83a8fafb6b0db,246,,,,"Blackbutt, Queensland 2002",2002,-26.8830175,152.1011195,Australian Yowie Research,https://www.yowiehunters.com.au/queensland/2222-blackbutt-queensland-2002,/Users/jarlgiovanni/Desktop/bigfoot_research/public/data/frontend-data.json
d6eb004ec3af6bf34ccb026c5a0f6bab8153d774dd509f6586686ecc089b623a,370,,,,"Colo River, New South Wales 2002",2002,-33.3778079,150.6487565,Australian Yowie Research,https://www.yowiehunters.com.au/new-south-wales/1373-colo-river-new-south-wales-2002,/Users/jarlgiovanni/Desktop/bigfoot_research/public/data/frontend-data.json
4c5ff8ed22f46d0b3940cd1d4d88d54cf63975504814079f702423b55b234c03,403,,,,"Mt. Tamborine, Queensland 2002",2002,-27.9684035,153.1967792,Australian Yowie Research,https://www.yowiehunters.com.au/queensland/2069-mt-tamborine-queensland-2002,/Users/jarlgiovanni/Desktop/bigfoot_research/public/data/frontend-data.json
8aaac9b908b04a7d97a49e07a4def19372c36f80fa6049122b935958d74a2165,422,,,,"Goodradigbee River, New South Wales 2002",2002,-35.3727483,148.7432707,Australian Yowie Research,https://www.yowiehunters.com.au/new-south-wales/1390-goodradigbee-river-new-south-wales-2002,/Users/jarlgiovanni/Desktop/bigfoot_research/public/data/frontend-data.json
b816c8918298c031d72847724bebd9f1f3d7c1f30ad3078cc035c97685651d1b,450,,,,"Helensburgh, New South Wales 2002",2002,-34.1908519,150.9822187,Australian Yowie Research,https://www.yowiehunters.com.au/new-south-wales/1399-helensburgh-new-south-wales-2002,/Users/jarlgiovanni/Desktop/bigfoot_research/public/data/frontend-data.json
c10e3448288e8846b4b93ad5a92804f82fa2c718850efa570dba496d675c9094,452,,,,"Helensburgh, New South Wales 2002",2002,-34.1908519,150.9822187,Australian Yowie Research,https://www.yowiehunters.com.au/new-south-wales/2123-helensburgh-new-south-wales-2003,/Users/jarlgiovanni/Desktop/bigfoot_research/public/data/frontend-data.json
cd206d963dbc2a76e8d99014b9e361750c9b5a1f5401226e3fc300356c414e1c,618,,,,"Wolgan Valley, New South Wales 2002",2002,-33.2635587,150.1541179,Australian Yowie Research,https://www.yowiehunters.com.au/new-south-wales/1457-walgan-valley-new-south-wales-2002,/Users/jarlgiovanni/Desktop/bigfoot_research/public/data/frontend-data.json
615705c3e91b5239597a249f54e08349ba6e14d1e2ba365733ef7e79a63431e8,954,,,,2002 - Lismore Northern Star Yowie Article,2002,-28.8077608,153.2791883,Australian Yowie Research,https://www.yowiehunters.com.au/media-clips/1722-2002-lismore-northern-star-yowie-article,/Users/jarlgiovanni/Desktop/bigfoot_research/public/data/frontend-data.json
68e67baa0649f8b4841126b23ffc1264f11c018bce3a9745b40ff6bc4451c3a1,4356,,,,"YouTube reports, interviews: Yowie Sighting (Audio Report #149) near Helensburgh, New South Wales (2002)",2002,-34.1908519,150.9822187,Australian Yowie Research / AYR Yowie Reports Map,https://www.youtube.com/watch?v=75XQxLtp_ro,/Users/jarlgiovanni/Desktop/bigfoot_research/public/data/frontend-data.json
7823a48eeb57231e64890cd07c8e3a6fb28571e77ad5a7ae951a81fe2cc076e3,4357,,,,"Written reports: Possible Yowie Sighting at Stirling Dam, Harvey, Western Australia (2002)",2002,-33.076633,115.938962,Australian Yowie Research / AYR Yowie Reports Map,https://www.yowiehunters.com.au/western-australia/2131-stirling-dam-harvey-western-australia-2004,/Users/jarlgiovanni/Desktop/bigfoot_research/public/data/frontend-data.json
eab21013e21c3b059c77440bab5e484845009d3a5ee6e7af54d719b04e1c9de5,4358,,,,"Written reports: Yowie Sighting at Mt. Tamborine, Queensland 2002",2002,-27.969444,153.198467,Australian Yowie Research / AYR Yowie Reports Map,https://www.yowiehunters.com.au/queensland/2069-mt-tamborine-queensland-2002,/Users/jarlgiovanni/Desktop/bigfoot_research/public/data/frontend-data.json
bad86b3420cd75643a200705ff6e2c022c3ae03df71c026fa6c927b938e7b930,4490,,,,Reports from newspapers: 2002 - Lismore Northern Star Yowie Article,2002,-28.635289,152.239179,Australian Yowie Research / AYR Yowie Reports Map,https://www.yowiehunters.com.au/media-clips/1722-2002-lismore-northern-star-yowie-article,/Users/jarlgiovanni/Desktop/bigfoot_research/public/data/frontend-data.json
5297563830209d8ad8756f990f52627677b2b0d61c790acd1f5ea4c666437368,121,,,,"Gunnedah, New South Wales 2003",2003,-31.0237593,150.2036527,Australian Yowie Research,https://www.yowiehunters.com.au/new-south-wales/1815-gunnedah-new-south-wales-2003,/Users/jarlgiovanni/Desktop/bigfoot_research/public/data/frontend-data.json
244b61910d2282361fb3735140be208fd546efba6731940b3fcaf35553a661c9,122,,,,"Rosebank, New South Wales 2003",2003,-28.665,153.4011111,Australian Yowie Research,https://www.yowiehunters.com.au/new-south-wales/2261-rosebank-new-south-wales-2003,/Users/jarlgiovanni/Desktop/bigfoot_research/public/data/frontend-data.json
016ba816336af45527d252662da8405e1368c93f9ae63bde2d975ce0b15c5b80,123,,,,"Wentworth Falls, New South Falls 2003",2003,-33.72802,150.3740633,Australian Yowie Research,https://www.yowiehunters.com.au/new-south-wales/1687-wentworth-falls-new-south-falls-2003,/Users/jarlgiovanni/Desktop/bigfoot_research/public/data/frontend-data.json
c91c504bf7221bddae40f78f0831512ea8af6e399141611eb505d779e020399b,184,,,,"Glasshouse Mtns, Queensland 2003",2003,-26.9043015,152.9302177,Australian Yowie Research,https://www.yowiehunters.com.au/queensland/1292-glasshouse-mtns-qld-2003,/Users/jarlgiovanni/Desktop/bigfoot_research/public/data/frontend-data.json
18d2d6d8d5bced24f02eb1f6966b1137f2bf0d736832ce88d69389a4d02d3cc9,185,,,,"Tin Can Bay, Queensland 2003",2003,-25.9497504,152.9133105,Australian Yowie Research,https://www.yowiehunters.com.au/queensland/1337-tin-can-bay-qld-2003,/Users/jarlgiovanni/Desktop/bigfoot_research/public/data/frontend-data.json
1756a4a3c2f2925374f3fe197cca2db0794f7fe9e2de46c44bede72e8270427a,239,,,,"Barrington Tops, New South Wales 2003",2003,-32.0233333,151.4844444,Australian Yowie Research,https://www.yowiehunters.com.au/new-south-wales/1819-barrington-tops-new-south-wales-2003,/Users/jarlgiovanni/Desktop/bigfoot_research/public/data/frontend-data.json
e40a16ab03abc85a31e402cbc4f84f248c0d1b23a6bfb18b90c7cd7089447570,283,,,,"Riddells Creek, Victoria 2003",2003,-37.4587733,144.6776503,Australian Yowie Research,https://www.yowiehunters.com.au/victoria/1260-riddles-creek-vic-2003,/Users/jarlgiovanni/Desktop/bigfoot_research/public/data/frontend-data.json
ef96b30f706aaad0a57a16278e87331b448f6104ab3cda9143c4f6c4f515d71b,338,,,,"Bulahdelah, New South Wales 2003",2003,-32.4128925,152.2075678,Australian Yowie Research,https://www.yowiehunters.com.au/new-south-wales/1364-buladelah-new-south-wales-2003,/Users/jarlgiovanni/Desktop/bigfoot_research/public/data/frontend-data.json
39879bcd32ce0023bd4d9b1cab67381d5167b7076f721cfaf987dbe9444033d9,350,,,,"Byron Shire, New South Wales 2003",2003,-28.6134277,153.4783551,Australian Yowie Research,https://www.yowiehunters.com.au/new-south-wales/1565-byron-shire-new-south-wales-2003,/Users/jarlgiovanni/Desktop/bigfoot_research/public/data/frontend-data.json
007c74ad3ff74edf1a89cb6c70f2486424e5a9fbfbe68d3f9caab36f6c9e2272,417,,,,"Ormeau, Queensland 2003",2003,-27.774813,153.2520815,Australian Yowie Research,https://www.yowiehunters.com.au/queensland/1321-ormeau-qld-2003,/Users/jarlgiovanni/Desktop/bigfoot_research/public/data/frontend-data.json
3f21dfd58fa921d8d125cc03eaaeba49b737cf6d6ef35c2dcf96fdaf4d20228a,418,,,,"Glenorie, New South Wales 2003",2003,-33.6020739,151.0105163,Australian Yowie Research,https://www.yowiehunters.com.au/new-south-wales/1388-glenorie-new-south-wales-2003,/Users/jarlgiovanni/Desktop/bigfoot_research/public/data/frontend-data.json
f692a2f621567b4a9e70240305afc906adad64751d642bbf334dbfcc5509c2c5,419,,,,"Ormeau, Queensland 2003",2003,-27.774813,153.2520815,Australian Yowie Research,https://www.yowiehunters.com.au/queensland/1322-ormeau-qld-2003-sp-4675,/Users/jarlgiovanni/Desktop/bigfoot_research/public/data/frontend-data.json
d930fdfce05cb1f5cd6ba9b0d0680271f0cce11f2df66622505772f790673bf4,472,,,,"Jiggi, New South Wales 2003",2003,-28.6816667,153.1844444,Australian Yowie Research,https://www.yowiehunters.com.au/new-south-wales/1892-jiggi-new-south-wales-2003,/Users/jarlgiovanni/Desktop/bigfoot_research/public/data/frontend-data.json
e79be885dfcf88646c371eb0be32b5b7ceb19688fd7bececb0fda232fac8be5c,491,,,,"Withcott, Queensland 2003",2003,-27.5387055,152.0168658,Australian Yowie Research,https://www.yowiehunters.com.au/queensland/1469-withcott-new-south-wales-2003,/Users/jarlgiovanni/Desktop/bigfoot_research/public/data/frontend-data.json
349a44171a968ca2d1686f8682dfdefc998e9501af38aea10dd76ae3d48e44f9,541,,,,"Mulgoa, New South Wales 2003",2003,-33.8371562,150.6504013,Australian Yowie Research,https://www.yowiehunters.com.au/new-south-wales/1425-mulgoa-new-south-wales-2003,/Users/jarlgiovanni/Desktop/bigfoot_research/public/data/frontend-data.json
ec1a495680511b89451a413e40e14f8c97adccf9490a63cb316ef81ce9db240c,565,,,,"Pilliga, New South Wales 2003",2003,-30.351605,148.8888022,Australian Yowie Research,https://www.yowiehunters.com.au/new-south-wales/1443-pilliga-new-south-wales-2003,/Users/jarlgiovanni/Desktop/bigfoot_research/public/data/frontend-data.json
6091e47ab7ed714d60d670123a2826326ff98c12d013531dc9e120e48c7ec85c,567,,,,"Port Macquarie, New South Wales 2003",2003,-31.4299499,152.9103525,Australian Yowie Research,https://www.yowiehunters.com.au/new-south-wales/1850-port-macquarie-new-south-wales-2003,/Users/jarlgiovanni/Desktop/bigfoot_research/public/data/frontend-data.json
a4fb4b615a27cb8c24ccaf9177abc2d91a496b7308c8c94307f0aad5ff38f157,590,,,,"Tharwa, New South Wales 2003",2003,-35.3585986,149.2208702,Australian Yowie Research,https://www.yowiehunters.com.au/new-south-wales/1451-tharwa-new-south-wales-2003,/Users/jarlgiovanni/Desktop/bigfoot_research/public/data/frontend-data.json
d9768a63df1ebaaebac5f62414a687e09e6cff9cc231d421cf4dea1a9cb17844,603,,,,"Wanaaring, New South Wales 2003",2003,-29.7045217,144.1490336,Australian Yowie Research,https://www.yowiehunters.com.au/new-south-wales/1459-wanarring-new-south-wales-2003,/Users/jarlgiovanni/Desktop/bigfoot_research/public/data/frontend-data.json
f3d30d6208e920fedab41dc8cd7e9e3030cab19f07cac0e15d8ae3bf44100159,605,,,,"Warragamba, New South Wales 2003",2003,-33.8890386,150.6039175,Australian Yowie Research,https://www.yowiehunters.com.au/new-south-wales/1461-warragamba-new-south-wales-2003,/Users/jarlgiovanni/Desktop/bigfoot_research/public/data/frontend-data.json
550abcb6776dbe94b9df7788337aa1b8529dcb3c1901707c7327d3e7e5e99fc3,608,,,,"Watagans, New South Wales 2003",2003,-33.0095237,151.3768922,Australian Yowie Research,https://www.yowiehunters.com.au/new-south-wales/1464-watigans-new-south-wales-2003,/Users/jarlgiovanni/Desktop/bigfoot_research/public/data/frontend-data.json
523415f5b4a6ad869b08a6c37bbe154e02fe4e60fdac2ef1569e2dbec5d82540,1042,,,,2003 - Herald Sun Yowie Article,2003,-37.8142454,144.9631732,Australian Yowie Research,https://www.yowiehunters.com.au/media-clips/1762-2003-herald-sun-yowie-article,/Users/jarlgiovanni/Desktop/bigfoot_research/public/data/frontend-data.json
22afc3a63560a8dd56c241a1649f1025992d5565eba61b1952106eb9250a6918,4341,,,,"Written reports: Yowie Sighting at Bulahdelah, New South Wales 2003",2003,-32.4128925,152.2075678,Australian Yowie Research / AYR Yowie Reports Map,https://www.yowiehunters.com.au/new-south-wales/1364-buladelah-new-south-wales-2003,/Users/jarlgiovanni/Desktop/bigfoot_research/public/data/frontend-data.json
628ad28748cdf9f8c19f31a1421fd15dec347b230e4d0b5ecea9f2097b5b8d18,4359,,,,"Written reports: Yowie Sighting at Glasshouse Mtns, Queensland 2003",2003,-26.898,152.951,Australian Yowie Research / AYR Yowie Reports Map,https://www.yowiehunters.com.au/queensland/1292-glasshouse-mtns-qld-2003,/Users/jarlgiovanni/Desktop/bigfoot_research/public/data/frontend-data.json
b24d4227de174b738921f70ad2cdba18ca0d8cb70bc84fe3964fcb63a35d1313,4360,,,,"Written reports: Yowie Sighting at Tarbuck Bay, Buladelah, NSW (2003)",2003,-32.36812,152.48129,Australian Yowie Research / AYR Yowie Reports Map,https://www.yowiehunters.com.au/index.php?option=com_content&view=article&id=1364%3Abuladelah-new-south-wales-2003&catid=69%3Anew-south-wales&Itemid=132,/Users/jarlgiovanni/Desktop/bigfoot_research/public/data/frontend-data.json
f61f0da46cf829f8dabcb3e18d577cded7c746585bc9eb587cfb60a3492421c4,4361,,,,"Written reports: Yowie Sighting at Tin Can Bay, Queensland 2003",2003,-25.8828544,152.9461788,Australian Yowie Research / AYR Yowie Reports Map,https://www.yowiehunters.com.au/queensland/1337-tin-can-bay-qld-2003,/Users/jarlgiovanni/Desktop/bigfoot_research/public/data/frontend-data.json
600c5dfccff344287cd5456ebd71062cb84430d2cb874b06742efb6d8842291c,4378,,,,"YouTube reports, interviews: Yowie Sighting (Audio Report #05) at Ormeau, Queensland (June 2003)",2003,-27.774813,153.2520815,Australian Yowie Research / AYR Yowie Reports Map,https://www.youtube.com/watch?v=2NBWKqftdfA,/Users/jarlgiovanni/Desktop/bigfoot_research/public/data/frontend-data.json
1e0b76606c92d7441af91e71183ea8d0c3be4c4666620ad77d53c40609194792,4491,,,,Reports from newspapers: 2003 - Herald Sun Yowie Article,2003,-26.241731,152.483338,Australian Yowie Research / AYR Yowie Reports Map,https://www.yowiehunters.com.au/media-clips/1762-2003-herald-sun-yowie-article,/Users/jarlgiovanni/Desktop/bigfoot_research/public/data/frontend-data.json
9f9d069d9968b1cb377960ec02d5baa87cf2f7a810ff5a0eef16bc670e6335bc,4588,,,,"Witness sketches: Jiggi, New South Wales (2003)",2003,-28.651727,153.166747,Australian Yowie Research / AYR Yowie Reports Map,https://www.yowiehunters.com.au/witness-sketches,/Users/jarlgiovanni/Desktop/bigfoot_research/public/data/frontend-data.json
01b104db2c7f84d39030473af43c303a5d0c4475d41fe97dc2a2a71eeb9120df,63,,,,"Robinvale, Victoria 2004",2004,-34.5840409,142.7739356,Australian Yowie Research,https://www.yowiehunters.com.au/victoria/1261-robinvale-vic-2004,/Users/jarlgiovanni/Desktop/bigfoot_research/public/data/frontend-data.json
ae58a80485bcd7a1b574d4aae3d9640c37db478f723d0652c134249f96267c1b,186,,,,"Lamington NP, Queensland 2004",2004,-28.2440481,153.1573088,Australian Yowie Research,https://www.yowiehunters.com.au/queensland/2220-lamington-np-queensland-2004,/Users/jarlgiovanni/Desktop/bigfoot_research/public/data/frontend-data.json
b2f6ba2a102a9d869ba8c26fdcabd2dcb0d6cbad4499dded562ff66c4a2afb44,276,,,,"Childers, Queensland 2004",2004,-25.246446,152.2608358,Australian Yowie Research,https://www.yowiehunters.com.au/queensland/2065-childers-queensland-2004,/Users/jarlgiovanni/Desktop/bigfoot_research/public/data/frontend-data.json
56bcf3b9f3220cbfc121a7f2a20744b0e8cb3bc98a685ad628b907fa3cd70151,347,,,,"Jimbour, Queensland 2004",2004,-26.9607242,151.2131105,Australian Yowie Research,https://www.yowiehunters.com.au/queensland/1675-jimbour-queensland-2004,/Users/jarlgiovanni/Desktop/bigfoot_research/public/data/frontend-data.json
19ad6094efd842efb609e8e3a6d5cec15cb0d88c8b3f4f73df0c379daa55f0ca,394,,,,"Deepwater, New South Wales 2004",2004,-29.4433982,151.8451012,Australian Yowie Research,https://www.yowiehunters.com.au/new-south-wales/1379-deepwater-new-south-wales-2004,/Users/jarlgiovanni/Desktop/bigfoot_research/public/data/frontend-data.json
36effd3dcdaea3f03131cc2b4a3c7163910c5ab5acbc5a419a6debeff527836b,421,,,,"Ormeau, Queensland 2004",2004,-27.774813,153.2520815,Australian Yowie Research,https://www.yowiehunters.com.au/queensland/1989-ormeau-queensland-2004,/Users/jarlgiovanni/Desktop/bigfoot_research/public/data/frontend-data.json
d4b2ad6700bf816e59df549ca129d2bde6e501d6bae69b93ed1d9721039a2314,436,,,,"Grays Point, New South Wales 2004",2004,-34.0591451,151.0786995,Australian Yowie Research,https://www.yowiehunters.com.au/new-south-wales/1837-grays-point-new-south-wales-2004,/Users/jarlgiovanni/Desktop/bigfoot_research/public/data/frontend-data.json
e0b591ba109eb5ca0cd73b64e3cc004efc6f47fd869daf48b555f619a40549e2,517,,,,"Lithgow, New South Wales 2004",2004,-33.481536,150.1564887,Australian Yowie Research,https://www.yowiehunters.com.au/new-south-wales/1806-lithgow-new-south-wales-2004,/Users/jarlgiovanni/Desktop/bigfoot_research/public/data/frontend-data.json
526afaa65fad3516ad935ecdcba5e6ecaa59eb71b03072dba8465e5be5e03c6c,609,,,,"Watagans, New South Wales 2004",2004,-33.0095237,151.3768922,Australian Yowie Research,https://www.yowiehunters.com.au/new-south-wales/1580-watigans-new-south-wales-2004,/Users/jarlgiovanni/Desktop/bigfoot_research/public/data/frontend-data.json
08b5e7b18e93fe097c89317b7f8d6a898576a18683354ec6bfa2629a00683720,4055,,,,Dig to unearth Tas convict ghost tales,2004,-43.1492718,147.8675721,Australian Broadcasting Corporation,https://www.abc.net.au/news/2004-01-02/dig-to-unearth-tas-convict-ghost-tales/114104,/Users/jarlgiovanni/Desktop/bigfoot_research/public/data/frontend-data.json
128b8710b1ee75247a214147791cfbf26c5017a628f3c7fccb81922d3a1b30d8,4362,,,,"YouTube reports, interviews: Yowie Sighting (Audio Report #102) near Lithgow, New South Wales (2004)",2004,-33.481536,150.1564887,Australian Yowie Research / AYR Yowie Reports Map,https://www.youtube.com/watch?v=WEPNs4huJm4,/Users/jarlgiovanni/Desktop/bigfoot_research/public/data/frontend-data.json
dc0befb54bac332840bd03ab2ba90250c786f84a4bdc3e26f48c4be68d997a43,4574,,,,"Photographs of footprints and handprints : Wilcannia, New South Wales (2004)",2004,-31.557977,143.37563,Australian Yowie Research / AYR Yowie Reports Map,https://www.yowiehunters.com.au/footprints,/Users/jarlgiovanni/Desktop/bigfoot_research/public/data/frontend-data.json
a94bf9a3952fe34511adc1e424042fc0453c10736e78c59e7cc09c6a699970dc,4617,,,,"AYR report index: Lamington NP, Queensland 2004",2004,-28.142222,153.115278,Australian Yowie Research state report indexes,https://www.yowiehunters.com.au/queensland/2220-lamington-np-queensland-2004,/Users/jarlgiovanni/Desktop/bigfoot_research/public/data/frontend-data.json
d3ca488646614aa7a0ea6067652a3b5c54691c922ab72baa03ffe85eedc63b20,124,,,,"Blue Knob, New South Wales 2005",2005,-30.6984,152.55604,Australian Yowie Research,https://www.yowiehunters.com.au/new-south-wales/2192-blue-knob-new-south-wales-2005,/Users/jarlgiovanni/Desktop/bigfoot_research/public/data/frontend-data.json
eb156c34f2577878ddce105eed6634d0c184ba2ff22469206d415d47b6a7e529,125,,,,"Thredbo, New South Wales 2005",2005,-36.5047751,148.3057091,Australian Yowie Research,https://www.yowiehunters.com.au/new-south-wales/1603-thredbo-new-south-wales-2005,/Users/jarlgiovanni/Desktop/bigfoot_research/public/data/frontend-data.json
4b514e405a0f588c067f3553f2ac8301fd9b1b25e12d72a4bdd791208fc33836,188,,,,"Ormeau, Queensland 2005",2005,-27.774813,153.2520815,Australian Yowie Research,https://www.yowiehunters.com.au/queensland/2265-ormeau-queensland-2006,/Users/jarlgiovanni/Desktop/bigfoot_research/public/data/frontend-data.json
b7721b403a0d1bfb7235ab33ab7a4afa09bf3a60f010cd020659444699eed7b5,258,,,,"Cairns, Queensland 2005",2005,-16.9206657,145.7721854,Australian Yowie Research,https://www.yowiehunters.com.au/queensland/1508-cairns-queensland-2005,/Users/jarlgiovanni/Desktop/bigfoot_research/public/data/frontend-data.json
63769a72907340f960d2306e1a5d06b004cf00fcf3e5c2f4347a992c475e3648,340,,,,"Bulahdelah, New South Wales 2005",2005,-32.4128925,152.2075678,Australian Yowie Research,https://www.yowiehunters.com.au/new-south-wales/1995-bulahdelah-new-south-wales-2005,/Users/jarlgiovanni/Desktop/bigfoot_research/public/data/frontend-data.json
c82d19b9d343b82ade678b91daffee28016a5875c9df7bacdaf6dd92682a0fa1,349,,,,"Kenilworth, Queensland 2005",2005,-26.6352315,152.6166379,Australian Yowie Research,https://www.yowiehunters.com.au/queensland/1297-kenilworth-qld-2005,/Users/jarlgiovanni/Desktop/bigfoot_research/public/data/frontend-data.json
f634fe695425aa4bd3111583358047d25d98aaad66cab6273118878ed345379a,423,,,,"Ormeau, Queensland 2005",2005,-27.774813,153.2520815,Australian Yowie Research,https://www.yowiehunters.com.au/queensland/1988-ormeau-queensland-2005,/Users/jarlgiovanni/Desktop/bigfoot_research/public/data/frontend-data.json
6a5fbed3687e1d5c443c6670038b56846627c924ed25ed4737fcdca57ee4bb56,477,,,,"Torrens Creek, Queensland 2005",2005,-21.137345,145.0419268,Australian Yowie Research,https://www.yowiehunters.com.au/queensland/1339-torrens-creek-qld-2005,/Users/jarlgiovanni/Desktop/bigfoot_research/public/data/frontend-data.json
7b987ccaa2d4da0a3e887fdbbdd7a1651d7b050229f3082d80667f27900ddd82,545,,,,"Murwillumbah, New South Wales 2005",2005,-28.3267617,153.3971541,Australian Yowie Research,https://www.yowiehunters.com.au/new-south-wales/2226-murwillumbah-new-south-wales-2005,/Users/jarlgiovanni/Desktop/bigfoot_research/public/data/frontend-data.json
2a283e312ddf969bf0b6b863e8518628c2fc49a6272711918d218f5f6fcd97fd,569,,,,"Richmond Range, New South Wales 2005",2005,-29.3285389,152.9977378,Australian Yowie Research,https://www.yowiehunters.com.au/new-south-wales/1560-richmond-range-new-south-wales-2005,/Users/jarlgiovanni/Desktop/bigfoot_research/public/data/frontend-data.json
f360e5a0aa84277656f0944179b078a78bd24ddd217bcc648c6577ae7f2139d4,576,,,,"Springwood, New South Wales 2005",2005,-33.7017613,150.5655467,Australian Yowie Research,https://www.yowiehunters.com.au/new-south-wales/1859-springwood-new-south-wales-2005,/Users/jarlgiovanni/Desktop/bigfoot_research/public/data/frontend-data.json
cbc26a6987d9f86283e3d38035b9eb986190dd75ad11342bc45a5633b71d92d8,606,,,,"Warrimoo, New South Wales 2005",2005,-33.723551,150.6012161,Australian Yowie Research,https://www.yowiehunters.com.au/new-south-wales/1674-warrimoo-new-south-wales-2005,/Users/jarlgiovanni/Desktop/bigfoot_research/public/data/frontend-data.json
68ecb113072c8c515de614a7098bb87eb7083faec175756b6261535d51599889,955,,,,2005 - Gold Coast Bulletin Yowie Article,2005,-28.0023731,153.4145987,Australian Yowie Research,https://www.yowiehunters.com.au/media-clips/1780-2005-gold-coast-bulletin-yowie-article,/Users/jarlgiovanni/Desktop/bigfoot_research/public/data/frontend-data.json
290adf85ee10fbc5da5381f4deb6291181f60539f984e3d17891a8c843430a13,4027,,,,The Ghosthunters,2005,-34.1693445,150.6114983,Australian Broadcasting Corporation,https://www.abc.net.au/listen/programs/streetstories/the-ghosthunters/3440124,/Users/jarlgiovanni/Desktop/bigfoot_research/public/data/frontend-data.json
5b5b59465e851643f61a6d0576eef27a67ffff26906eb1f55330f31dc3939f58,4028,,,,The Ghosthunters,2005,-33.733114,150.4736891,Australian Broadcasting Corporation,https://www.abc.net.au/listen/programs/streetstories/the-ghosthunters/3440124,/Users/jarlgiovanni/Desktop/bigfoot_research/public/data/frontend-data.json
513a430527ea0c9b5b8e380d5ab62a5433b0e639438d49b66eb574ac1654b570,4492,,,,Reports from newspapers: 2005 - Gold Coast Bulletin Yowie Article,2005,-33.715,150.558,Australian Yowie Research / AYR Yowie Reports Map,https://www.yowiehunters.com.au/media-clips/1780-2005-gold-coast-bulletin-yowie-article,/Users/jarlgiovanni/Desktop/bigfoot_research/public/data/frontend-data.json
f4d1c1d7ec5df7fa45d211475731829653ec991f0a83bfc8f0ae1ab1c43ddcc6,4560,,,,"Photographs of footprints and handprints : Gayndah, Queensland (2005)",2005,-25.622082,151.616521,Australian Yowie Research / AYR Yowie Reports Map,https://www.yowiehunters.com.au/footprints,/Users/jarlgiovanni/Desktop/bigfoot_research/public/data/frontend-data.json
36ec80afe076649eaf17eff5bf5246161d3e53094b7f6f0faa36943b2820ea79,64,,,,"Mansfield, Victoria 2006",2006,-37.0521177,146.0881445,Australian Yowie Research,https://www.yowiehunters.com.au/victoria/1835-mansfield-victoria-2006,/Users/jarlgiovanni/Desktop/bigfoot_research/public/data/frontend-data.json
e89957a7089856daa32ce5cca6c56e48e06f4a2b78112e69e710f7e838b92244,126,,,,"Colo Heights, New South Wales 2006",2006,-33.365,150.7177778,Australian Yowie Research,https://www.yowiehunters.com.au/new-south-wales/1683-colo-heights-new-south-wales-2006,/Users/jarlgiovanni/Desktop/bigfoot_research/public/data/frontend-data.json
9dc46d22df12e12b6f70bfc28aa09acc4079f25791f22aad1bdc566618b88b83,189,,,,"Mapleton, Queensland 2006",2006,-26.628843,152.8611681,Australian Yowie Research,https://www.yowiehunters.com.au/queensland/2296-mapleton-queensland-2006,/Users/jarlgiovanni/Desktop/bigfoot_research/public/data/frontend-data.json
bb70dd562f29a00922741955be800952f810c7e4d6fbb29459ac62f95071c92e,284,,,,"Blackheath, New South Wales 2006",2006,-33.6338889,150.2847222,Australian Yowie Research,https://www.yowiehunters.com.au/new-south-wales/1356-blackheath-new-south-wales-2006,/Users/jarlgiovanni/Desktop/bigfoot_research/public/data/frontend-data.json
2566e4e299d020ede52c16d78927746f14e64f70e8a6694027414bc380d7c905,287,,,,"Blackheath, New South Wales 2006",2006,-33.6338889,150.2847222,Australian Yowie Research,https://www.yowiehunters.com.au/new-south-wales/1413-megalong-valley-new-south-wales-2006,/Users/jarlgiovanni/Desktop/bigfoot_research/public/data/frontend-data.json
4c5445ff14f1c80f00c9bde268c88a054d0cd687ca9dee403cd683b8514ca3fe,292,,,,"Thomson Dam, Victoria 2006",2006,-37.8407882,146.4023044,Australian Yowie Research,https://www.yowiehunters.com.au/victoria/2040-thomson-dam-victoria-2006,/Users/jarlgiovanni/Desktop/bigfoot_research/public/data/frontend-data.json
f682c699d379637b1c719d596357f5e531c0f17a99748f0ead4b254a0b0c4e14,351,,,,"Kenilworth, Queensland 2006",2006,-26.6352315,152.6166379,Australian Yowie Research,https://www.yowiehunters.com.au/queensland/1298-kenilworth-qld-2006,/Users/jarlgiovanni/Desktop/bigfoot_research/public/data/frontend-data.json
fd263bba224625d01a92e747c2a2b61adc8ad719b157134070fe9d33b856f58e,358,,,,"Cessnock, New South Wales 2006",2006,-32.8316667,151.3511111,Australian Yowie Research,https://www.yowiehunters.com.au/new-south-wales/1368-cessnock-new-south-wales-2006,/Users/jarlgiovanni/Desktop/bigfoot_research/public/data/frontend-data.json
b768eddd4c0e5c39c130973c55bfbdfd12b611a6823243cc83f8b2cc6408de86,412,,,,"Glen Innes, New South Wales 2006",2006,-29.6816773,152.9336357,Australian Yowie Research,https://www.yowiehunters.com.au/new-south-wales/1387-glan-innes-new-south-wales-2006,/Users/jarlgiovanni/Desktop/bigfoot_research/public/data/frontend-data.json
bacd6c9b898f0118e0db4c5f988dbd576d2dc12a994096872ead3eaf4cb6f9e4,515,,,,"Yarrabilba, Queensland 2006",2006,-27.8030098,153.1081584,Australian Yowie Research,https://www.yowiehunters.com.au/queensland/1584-yarabillba-queensland-2006,/Users/jarlgiovanni/Desktop/bigfoot_research/public/data/frontend-data.json
25aab2ab9c64f528cc9f48c60fb67fde782da667116836a0f3d93be9c16b4c96,523,,,,"Megalong Valley, New South Wales 2006",2006,-33.7054371,150.2316021,Australian Yowie Research,https://www.yowiehunters.com.au/new-south-wales/2247-megalong-valley-new-south-wales-2007,/Users/jarlgiovanni/Desktop/bigfoot_research/public/data/frontend-data.json
d0c1aa96eb8359b4770b0d501505f99d47ac16dde6618383ae6a68657e58be4e,544,,,,"Munmorah, New South Wales 2012",2006,-33.2145467,151.5697213,Australian Yowie Research,https://www.yowiehunters.com.au/new-south-wales/1685-lake-munmorah-new-south-wales-2006,/Users/jarlgiovanni/Desktop/bigfoot_research/public/data/frontend-data.json
766bfaeb3354c15b9305a56ca10d450cdd3f4c81a4298a0d2c8ecede47f572f1,551,,,,"Nunderi, New South Wales 2006",2006,-28.3226712,153.4633068,Australian Yowie Research,https://www.yowiehunters.com.au/new-south-wales/1431-nunderi-new-south-wales-2006,/Users/jarlgiovanni/Desktop/bigfoot_research/public/data/frontend-data.json
53910dbfc76e59ebd149b2b9cac5f331fcb60fd30d592509f1495330e5d73855,591,,,,"Tharwa, New South Wales 2006",2006,-35.3585986,149.2208702,Australian Yowie Research,https://www.yowiehunters.com.au/new-south-wales/1452-tharwa-new-south-wales-2006,/Users/jarlgiovanni/Desktop/bigfoot_research/public/data/frontend-data.json
acd02e80dd26a16308e9ad16ff5e6a3f6534dae70b4def32062877ea7978771b,1043,,,,2006 - Yarram Standard News,2006,-38.5616717,146.675887,Australian Yowie Research,https://www.yowiehunters.com.au/media-clips/1870-2006-yarram-standard-news,/Users/jarlgiovanni/Desktop/bigfoot_research/public/data/frontend-data.json
7ea817530bd854ce47f9cba77f0a46ef10f027f770669802dfc2715813141116,3970,,,,Australia's Most Haunted,2006,-34.8682927,147.5758032,Australian Broadcasting Corporation,https://www.abc.net.au/listen/programs/ark/australias-most-haunted/3360028,/Users/jarlgiovanni/Desktop/bigfoot_research/public/data/frontend-data.json
dde0e33801fd970ec774911ac434684c4ff6e33838b0c9328722810979631b36,3991,,,,Australia's Most Haunted,2006,-43.1531346,147.8694003,Australian Broadcasting Corporation,https://www.abc.net.au/listen/programs/ark/australias-most-haunted/3360028,/Users/jarlgiovanni/Desktop/bigfoot_research/public/data/frontend-data.json
e465fbba685dde62b6e13cf6c76c3aa1de141c5200c288b8392ab0754115bebd,4021,,,,Australia's Most Haunted,2006,-35.3075211,149.134539,Australian Broadcasting Corporation,https://www.abc.net.au/listen/programs/ark/australias-most-haunted/3360028,/Users/jarlgiovanni/Desktop/bigfoot_research/public/data/frontend-data.json
03767904bfd80071cab782bbdd4bcfba5d8b7696bd5fddd7f524859719c5680a,4022,,,,Australia's Most Haunted,2006,-35.3023519,149.1300176,Australian Broadcasting Corporation,https://www.abc.net.au/listen/programs/ark/australias-most-haunted/3360028,/Users/jarlgiovanni/Desktop/bigfoot_research/public/data/frontend-data.json
b6035e7e93e9e0b0d4b5e989e7e41983596893ca98eacee350418e850a049cb3,4023,,,,Australia's Most Haunted,2006,-34.1723581,150.6050677,Australian Broadcasting Corporation,https://www.abc.net.au/listen/programs/ark/australias-most-haunted/3360028,/Users/jarlgiovanni/Desktop/bigfoot_research/public/data/frontend-data.json
0e3c79dfcf177d87d95e074c138f377361242ae273273d5b8b30d99e1978ac45,4024,,,,Australia's Most Haunted,2006,-34.9179424,138.5848489,Australian Broadcasting Corporation,https://www.abc.net.au/listen/programs/ark/australias-most-haunted/3360028,/Users/jarlgiovanni/Desktop/bigfoot_research/public/data/frontend-data.json
5cddcf9e3b82dd8a0ca23cee64ee08e7322ee68ae6638e25a94e4e2d297c0f11,4025,,,,Australia's Most Haunted,2006,-32.0553437,115.7534563,Australian Broadcasting Corporation,https://www.abc.net.au/listen/programs/ark/australias-most-haunted/3360028,/Users/jarlgiovanni/Desktop/bigfoot_research/public/data/frontend-data.json
4be47b082d10d3f2992775ba47aa480ccc3a7ca873a9719be172705e207721db,4026,,,,Australia's Most Haunted,2006,-27.387429,153.2352829,Australian Broadcasting Corporation,https://www.abc.net.au/listen/programs/ark/australias-most-haunted/3360028,/Users/jarlgiovanni/Desktop/bigfoot_research/public/data/frontend-data.json
fd36139417db50501af94238c535cc4875e8374329d8e8a1494973cf2b98dd54,4061,,,,Australia's Most Haunted,2006,-34.8682927,147.5758032,Australian Broadcasting Corporation,https://www.abc.net.au/listen/programs/ark/australias-most-haunted/3360028,/Users/jarlgiovanni/Desktop/bigfoot_research/public/data/frontend-data.json
eba9b8e28023bd0d0d1514d8d8e0145ce7f9bd2b0cb9a5a81416fbc6dcfa178f,4062,,,,Australia's Most Haunted,2006,-35.2828643,149.1209536,Australian Broadcasting Corporation,https://www.abc.net.au/listen/programs/ark/australias-most-haunted/3360028,/Users/jarlgiovanni/Desktop/bigfoot_research/public/data/frontend-data.json
c04314f7d2263c7f69ce849369aa7a247c7ccd03c30e6d8c919a773f5039c39e,4141,,,,Australia's Most Haunted,2006,-32.0553437,115.7534563,Australian Broadcasting Corporation,https://www.abc.net.au/listen/programs/ark/australias-most-haunted/3360028,/Users/jarlgiovanni/Desktop/bigfoot_research/public/data/frontend-data.json
44f160fc1b9f975c3805240619e4748a2f2ccf8cec091b7558a2f7150fbcc81d,4258,,,,Picton named as top tourism 'haunt',2006,-34.1693445,150.6114983,Australian Broadcasting Corporation,https://www.abc.net.au/news/2006-10-30/picton-named-as-top-tourism-haunt/1297522,/Users/jarlgiovanni/Desktop/bigfoot_research/public/data/frontend-data.json
cb979f011d031574953fc1ab5ef04dc1c59fc5ae08d5c82ca5e7ef0c8a741b83,4306,,,,"Written reports: Yowie Sighting at Glen Innes, New South Wales 2006",2006,-29.75,151.736111,Australian Yowie Research / AYR Yowie Reports Map,https://www.yowiehunters.com.au/new-south-wales/1387-glan-innes-new-south-wales-2006,/Users/jarlgiovanni/Desktop/bigfoot_research/public/data/frontend-data.json
d6ca2f47979eece25e0487d807a16636e2f00b6127d7d20f2034263a266d2d25,4363,,,,"Written reports: Yowie Sighting at Yarrabilba, Queensland 2006",2006,-27.766667,153.1,Australian Yowie Research / AYR Yowie Reports Map,https://www.yowiehunters.com.au/queensland/1584-yarabillba-queensland-2006,/Users/jarlgiovanni/Desktop/bigfoot_research/public/data/frontend-data.json
a4a3b4cfb072bc81156207ce634c3681e1a1788e1c62ece4cfae0e554fbd2d07,4493,,,,Reports from newspapers: 2006 - Yarram Standard News,2006,-38.54,146.661667,Australian Yowie Research / AYR Yowie Reports Map,https://www.yowiehunters.com.au/media-clips/1870-2006-yarram-standard-news,/Users/jarlgiovanni/Desktop/bigfoot_research/public/data/frontend-data.json
d7e29a85b42b474083c7b73b3fcb933a094fde79d25f7d2e47e9df26423e3b7a,4561,,,,"Photographs of footprints and handprints : Goulburn, New South Wales (2006)",2006,-34.763148,149.744296,Australian Yowie Research / AYR Yowie Reports Map,https://www.yowiehunters.com.au/footprints,/Users/jarlgiovanni/Desktop/bigfoot_research/public/data/frontend-data.json
83c053f2ebe7904e57ce8ec38e97c44b0d4612d5904bb3d592805bc1d23189bd,4566,,,,"Photographs of footprints and handprints : Linden, Blue Mountains, New South Wales (2006)",2006,-33.717069,150.49439,Australian Yowie Research / AYR Yowie Reports Map,https://www.yowiehunters.com.au/footprints,/Users/jarlgiovanni/Desktop/bigfoot_research/public/data/frontend-data.json
eb57f2ece0fedadebb2707eeadbd4e700dc30c42acd81a7e55d8f06c5fb04b55,4593,,,,"Witness sketches: Cessnock, New South Wales (2006)",2006,-32.828727,151.257012,Australian Yowie Research / AYR Yowie Reports Map,https://www.yowiehunters.com.au/witness-sketches,/Users/jarlgiovanni/Desktop/bigfoot_research/public/data/frontend-data.json
ed9c5602d025eeee63709c85ae86b8f7ac1ad8aca046d930bd207b5381758a42,65,,,,"Barmah Forest (Murray River), Victoria 2007",2007,-36.0603113,145.204306,Australian Yowie Research,https://www.yowiehunters.com.au/victoria/2188-barmah-forest-murray-river-victoria-2007,/Users/jarlgiovanni/Desktop/bigfoot_research/public/data/frontend-data.json
d3d712015c553552fb0bfe329e14226cd2450a50d724036caa7fcab9d0b7dc0c,66,,,,"Nowa Nowa, Victoria 2007",2007,-37.7318356,148.0910062,Australian Yowie Research,https://www.yowiehunters.com.au/victoria/1258-nowa-nowa-vic-2007,/Users/jarlgiovanni/Desktop/bigfoot_research/public/data/frontend-data.json
d61f60a2d38d6cd72b0b6f5f12a2018bdf3ddf75ccb1477cf55d410e9ab9f949,127,,,,"Hartley, New South Wales 2007",2007,-33.5483333,150.1844444,Australian Yowie Research,https://www.yowiehunters.com.au/new-south-wales/1617-hartley-new-south-wales-2007,/Users/jarlgiovanni/Desktop/bigfoot_research/public/data/frontend-data.json
c56b3e8436b71a6887c96ef3eaa8df04933c368d23735caca6e1006fad771f8a,190,,,,"Alpha, Queensland 2007",2007,-23.524547,146.7535478,Australian Yowie Research,https://www.yowiehunters.com.au/queensland/1594-alpha-queensland-2007,/Users/jarlgiovanni/Desktop/bigfoot_research/public/data/frontend-data.json
0add9a9b13ac7a53fb1e854fc9e3c16e63cfdd74020d0b05b7c031ea37b00a19,191,,,,Uki Qld 2007,2007,-27.9967999,153.3793401,Australian Yowie Research,https://www.yowiehunters.com.au/queensland/1342-uki-qld-2007,/Users/jarlgiovanni/Desktop/bigfoot_research/public/data/frontend-data.json
1e68358f8f75767f2baa7752faf6cb3581fb776cffa84d917720d5711c1e2c1b,214,,,,"Bemm River, Victoria 2007",2007,-37.639909,148.8869984,Australian Yowie Research,https://www.yowiehunters.com.au/victoria/2085-bemm-river-victoria-2007,/Users/jarlgiovanni/Desktop/bigfoot_research/public/data/frontend-data.json
b17e9e0604e8d5ae9bb8f4c6a36b794ce8bb031ce49f73527596e5063da1bc45,291,,,,"Cooyar, Queensland 2007",2007,-26.9823903,151.8315732,Australian Yowie Research,https://www.yowiehunters.com.au/queensland/1282-cooyar-qld-2007,/Users/jarlgiovanni/Desktop/bigfoot_research/public/data/frontend-data.json
e9ea405afeb3434de35b7c0daf84c7838bdfc8ca240ad641173282e43df5b679,339,,,,"Howard, Queensland 2007",2007,-25.3383285,152.536403,Australian Yowie Research,https://www.yowiehunters.com.au/queensland/1858-howard-queensland-2007,/Users/jarlgiovanni/Desktop/bigfoot_research/public/data/frontend-data.json
42a33c48c923fc017f262a7cd56f91843c27cc67ebbdaf22bbfe266e560390f6,570,,,,"Richmond Range, New South Wales 2007",2007,-28.7336111,152.72,Australian Yowie Research,https://www.yowiehunters.com.au/new-south-wales/1543-gorge-creek-new-south-wales-2007,/Users/jarlgiovanni/Desktop/bigfoot_research/public/data/frontend-data.json
a822dd804849b48a01fccf2f2b436b8996c917ae6ec43c6efeb8ac26a59b1477,599,,,,"Uki, New South Wales 2007",2007,-28.4152778,153.3305556,Australian Yowie Research,https://www.yowiehunters.com.au/new-south-wales/1455-uki-new-south-wales-2007,/Users/jarlgiovanni/Desktop/bigfoot_research/public/data/frontend-data.json
4e0c7159de666070bd2555d13ba58d4a6ed43536eea6b86ce6d03d61e78f2762,956,,,,2007 - Gold Coast Bulletin Yowie Article,2007,-28.0023731,153.4145987,Australian Yowie Research,https://www.yowiehunters.com.au/media-clips/1785-2007-gold-coast-bulletin-yowie-article,/Users/jarlgiovanni/Desktop/bigfoot_research/public/data/frontend-data.json
d4375e55bbbf344ba8588d4d97e11b848d8d388fcf5fdfa17fb21f46fa4672f6,1044,,,,2007 - Sunday Mail Yowie Article,2007,-27.4689623,153.0235009,Australian Yowie Research,https://www.yowiehunters.com.au/media-clips/1784-2007-sunday-mail,/Users/jarlgiovanni/Desktop/bigfoot_research/public/data/frontend-data.json
191a6799abfe9ff955502f78f87faba5746ab62eb75c6539ddb64996df571c79,4239,,,,Fall in visitors to Port Arthur,2007,-43.1531346,147.8694003,Australian Broadcasting Corporation,https://www.abc.net.au/news/2007-10-24/fall-in-visitors-to-port-arthur/707562,/Users/jarlgiovanni/Desktop/bigfoot_research/public/data/frontend-data.json
3189e8aec627ece9674df323e38de30f7d73450a2c72c8138c26d86a6e469bfc,4304,,,,"Written reports: Yowie Sighting at Richmond Range, New South Wales 2007",2007,-29.3285389,152.9977378,Australian Yowie Research / AYR Yowie Reports Map,https://www.yowiehunters.com.au/new-south-wales/1543-gorge-creek-new-south-wales-2007,/Users/jarlgiovanni/Desktop/bigfoot_research/public/data/frontend-data.json
94476e600aa4b1184fbdba85f2d29262c59f905f5fbb2166e4bb1f8cfdb6c19e,4364,,,,"YouTube reports, interviews: Yowie Sighting (Audio Report #142) at Bemm River, Victoria (Dec 2007)",2007,-37.639909,148.8869984,Australian Yowie Research / AYR Yowie Reports Map,https://www.youtube.com/watch?v=MDeci3R15vo,/Users/jarlgiovanni/Desktop/bigfoot_research/public/data/frontend-data.json
239969128074823defc5a72b0eb7d53cb0b75e12762cf1c4cc98b3ca54b5ed93,4365,,,,Written reports: Yowie Sighting at Uki Qld 2007,2007,-28.416667,153.333333,Australian Yowie Research / AYR Yowie Reports Map,https://www.yowiehunters.com.au/queensland/1342-uki-qld-2007,/Users/jarlgiovanni/Desktop/bigfoot_research/public/data/frontend-data.json
1d9ca07fa0d90f0adafbc89e5b59f03721b7184128537daf494fa3ca22d0bb78,4366,,,,"Written reports: Yowie Sighting near Mingenew, WA (Dec 2007)",2007,-29.216651,115.470822,Australian Yowie Research / AYR Yowie Reports Map,https://www.yowiehunters.com.au/western-australia/1200-mingenew-dec-2007,/Users/jarlgiovanni/Desktop/bigfoot_research/public/data/frontend-data.json
12298be5582d48778bfcd54fb9ea49132bceef6e4c517565cf11b7eb94cf1c2c,4494,,,,Reports from newspapers: 2007 - Gold Coast Bulletin Yowie Article,2007,-28.173333,153.281,Australian Yowie Research / AYR Yowie Reports Map,https://www.yowiehunters.com.au/media-clips/1785-2007-gold-coast-bulletin-yowie-article,/Users/jarlgiovanni/Desktop/bigfoot_research/public/data/frontend-data.json
72aa365ecf01eb05827f24d94fa23222fc9362407248f4e99eebe8194f76183f,4495,,,,Reports from newspapers: 2007 - Sunday Mail Yowie Article,2007,-17.8413,145.8053,Australian Yowie Research / AYR Yowie Reports Map,https://www.yowiehunters.com.au/media-clips/1784-2007-sunday-mail,/Users/jarlgiovanni/Desktop/bigfoot_research/public/data/frontend-data.json
b95fbbf0118985ebbd571c50f7bf1de4f3e8f4db7382b5a3d7ce134155e3633b,4581,,,,"Witness sketches: Bemm River, Victoria (2007)",2007,-37.750565,148.965037,Australian Yowie Research / AYR Yowie Reports Map,https://www.yowiehunters.com.au/witness-sketches,/Users/jarlgiovanni/Desktop/bigfoot_research/public/data/frontend-data.json
0edcc2af8299562f29f69172c4bf7b61e2e6fcf6a0393a2a5f4796cb925cfcd3,19,,,,"Greenbushes, Western Australia 2008",2008,-33.8494245,116.0595868,Australian Yowie Research,https://www.yowiehunters.com.au/western-australia/2030-greenbushes-western-australia-2008,/Users/jarlgiovanni/Desktop/bigfoot_research/public/data/frontend-data.json
bab10de9aced0f65cc28f93c47b1cddacb246c78b82d45e71263f06f434bc4aa,67,,,,"Redbank, Victoria 2008 (2)",2008,-36.9388754,143.3281606,Australian Yowie Research,https://www.yowiehunters.com.au/victoria/1971-redbank-victoria-2008-2,/Users/jarlgiovanni/Desktop/bigfoot_research/public/data/frontend-data.json
ab696feb8ce9efc310eb1457c47c2841013086c7044ab6220c63fb35664f2381,68,,,,"Robinvale, Victoria 2008",2008,-34.5840409,142.7739356,Australian Yowie Research,https://www.yowiehunters.com.au/victoria/1666-robinvale-victoria-2008,/Users/jarlgiovanni/Desktop/bigfoot_research/public/data/frontend-data.json
fc87cb6ca17d1f291234f91761aad041bf008944496965f3f1f279b916db249a,128,,,,"Bongil Bongil, New South Wales 2008",2008,-30.4125822,153.0654709,Australian Yowie Research,https://www.yowiehunters.com.au/new-south-wales/2010-bongil-bongil-new-south-wales-2008,/Users/jarlgiovanni/Desktop/bigfoot_research/public/data/frontend-data.json
e28d7998b0d9fa85626a05ac94876856f3f67f8904b0763cdad772bad4678b95,192,,,,"Leyburn, Queensland 2008",2008,-28.017406,151.5975812,Australian Yowie Research,https://www.yowiehunters.com.au/queensland/1816-leyburn-queensland-2008,/Users/jarlgiovanni/Desktop/bigfoot_research/public/data/frontend-data.json
0c709bc123d23f3a6bf76b0b37e40d8e85c44f7400ee1dba67731f7d574701fa,224,,,,"Ashford, New South Wales 2008",2008,-29.3257299,151.0945365,Australian Yowie Research,https://www.yowiehunters.com.au/new-south-wales/1998-ashford-new-south-wales-2008,/Users/jarlgiovanni/Desktop/bigfoot_research/public/data/frontend-data.json
d823f6c6c3f5d9acc573462c8b5ef90e0b1d31fa660dd3d726754de7aa88563f,249,,,,"Blackbutt, Queensland 2008",2008,-27.0400466,152.0200753,Australian Yowie Research,https://www.yowiehunters.com.au/queensland/1586-blackbutt-queensland-2008,/Users/jarlgiovanni/Desktop/bigfoot_research/public/data/frontend-data.json
5f550a23580d6e0ccb3ec171c71b6d03c7db2c9008edbbad4478dfdc2a53b5d1,280,,,,"Redbank, Victoria 2008",2008,-36.9388754,143.3281606,Australian Yowie Research,https://www.yowiehunters.com.au/victoria/1679-redbank-victoria-2008,/Users/jarlgiovanni/Desktop/bigfoot_research/public/data/frontend-data.json
47332e7868abba97e3778267e4c8948804f68cf907021fb716ea6807865bfbd4,297,,,,"Cowley Beach, Queensland 2008",2008,-17.653566,146.1321886,Australian Yowie Research,https://www.yowiehunters.com.au/queensland/2300-cowley-beach-queensland-2008,/Users/jarlgiovanni/Desktop/bigfoot_research/public/data/frontend-data.json
4aae52c1ca2cdaafd0e47bfe20b7a6962dbd985c860ef0f5a74e07a4c616b916,314,,,,"Bongil Bongil, New South Wales 2008",2008,-30.4125822,153.0654709,Australian Yowie Research,https://www.yowiehunters.com.au/new-south-wales/1972-nambucca-heads-new-south-wales-2008,/Users/jarlgiovanni/Desktop/bigfoot_research/public/data/frontend-data.json
f0fd418a43055bdc00b08752a26cc34fd82340cb67586a1a214e2800babc8bf0,384,,,,"Cudgen, New South Wales 2008",2008,-28.2734276,153.5505103,Australian Yowie Research,https://www.yowiehunters.com.au/new-south-wales/1376-cudgen-new-south-wales-2008,/Users/jarlgiovanni/Desktop/bigfoot_research/public/data/frontend-data.json
44cd7d2d74efa558944e1596c4503925aff6e41639e2f92b1924bc955da60381,442,,,,"Hartley, New South Wales 2015",2008,-33.5483333,150.1844444,Australian Yowie Research,https://www.yowiehunters.com.au/new-south-wales/1813-hartley-new-south-wales-2015,/Users/jarlgiovanni/Desktop/bigfoot_research/public/data/frontend-data.json
478a9fc1c66ca51ffb67df251260830182e89b40384351c137c5081dbdb5b82d,467,,,,"Tin Can Bay, Queensland 1992 (2)",2008,-25.9497504,152.9133105,Australian Yowie Research,https://www.yowiehunters.com.au/queensland/1335-tin-can-bay-qld-1992-2,/Users/jarlgiovanni/Desktop/bigfoot_research/public/data/frontend-data.json
d78e68cfdc5931900048b069b216120f0e0e2b10042aa8a2d67ed157635c1ba7,492,,,,"Kosciuszko, New South Wales 2008",2008,-36.4485,148.2346,Australian Yowie Research,https://www.yowiehunters.com.au/new-south-wales/2003-kosciuszko-new-south-wales-2008,/Users/jarlgiovanni/Desktop/bigfoot_research/public/data/frontend-data.json
c9a800c027b2824faabda9d832f1c7aee4c1edb3d32b15de1f782759399faa76,503,,,,"Woolooga, Queensland 2008",2008,-26.0171915,152.3704487,Australian Yowie Research,https://www.yowiehunters.com.au/queensland/1846-woolooga-queensland-2008,/Users/jarlgiovanni/Desktop/bigfoot_research/public/data/frontend-data.json
662db6659c7dcc06af294789418284786f4f762e86adc13c53a1357766a269f0,579,,,,"Stanwell Tops, New South Wales 2008",2008,-34.2206247,150.97997,Australian Yowie Research,https://www.yowiehunters.com.au/new-south-wales/1447-stanwell-tops-new-south-wales-2008,/Users/jarlgiovanni/Desktop/bigfoot_research/public/data/frontend-data.json
3da7c786cee8041bbc387811cbca0a375cc47a3f241b56938e0ef750401a4c35,851,,,,"2008 - NSW Glendonbrook, NSW",2008,-32.4807435,151.4328063,Australian Yowie Research,https://www.yowiehunters.com.au/historical-articles/1479-glendonbrook-new-south-wales-footpring-find-2008,/Users/jarlgiovanni/Desktop/bigfoot_research/public/data/frontend-data.json
1cf3ce12786417f8080b4666045ff39fce518f8f4339e964ad747a814fe41b83,4017,,,,Nathan Curnow's Ghost Poetry,2008,-43.1531346,147.8694003,Australian Broadcasting Corporation,https://www.abc.net.au/radionational/programs/archived/bookshow/nathan-curnows-ghost-poetry/3159852,/Users/jarlgiovanni/Desktop/bigfoot_research/public/data/frontend-data.json
120e06f1ce2973de647249e4dac16fe6ce6a5b70b1f5866c1174f1a2c4c527c6,4255,,,,"Country Viewpoint: Sally Nowlan, Melbourne",2008,-34.8150256,147.672675,Australian Broadcasting Corporation,https://www.abc.net.au/radionational/programs/archived/bushtelegraph/country-viewpoint-sally-nowlan-melbourne/3261804,/Users/jarlgiovanni/Desktop/bigfoot_research/public/data/frontend-data.json
074721fc1669ccaf96a876ad213c7ff39fe7f8857b8b017b8da2cc8cd3ffd3b4,4336,,,,"Written reports: Yowie Sighting at Bongil Bongil, New South Wales 2008",2008,-30.4125822,153.0654709,Australian Yowie Research / AYR Yowie Reports Map,https://www.yowiehunters.com.au/new-south-wales/2010-bongil-bongil-new-south-wales-2008,/Users/jarlgiovanni/Desktop/bigfoot_research/public/data/frontend-data.json
2692aa2b8e85f6c54437793d7a99250170bb50bc5bed538c90f172918b79cf91,4345,,,,"Written reports: Yowie Sighting at Nambucca Heads, New South Wales 2008",2008,-30.65,153.0,Australian Yowie Research / AYR Yowie Reports Map,https://www.yowiehunters.com.au/new-south-wales/1972-nambucca-heads-new-south-wales-2008,/Users/jarlgiovanni/Desktop/bigfoot_research/public/data/frontend-data.json
b40000d2e680ab4113208013024014b3281c9e242de572cabdfbf87e9f462116,4367,,,,"YouTube reports, interviews: Yowie Sighting (Audio Report #62) at Leyburn, Queensland (2008)",2008,-28.017406,151.5975812,Australian Yowie Research / AYR Yowie Reports Map,https://www.youtube.com/watch?v=7snfsCNsq6o,/Users/jarlgiovanni/Desktop/bigfoot_research/public/data/frontend-data.json
17264b14407903aa0c70bb7a969af332da1e8e801cb9e491ac94582f9dd9864d,4368,,,,"Written reports: Yowie Sighting at Blackbutt, Queensland 2008",2008,-26.8830175,152.1011195,Australian Yowie Research / AYR Yowie Reports Map,https://www.yowiehunters.com.au/queensland/1586-blackbutt-queensland-2008,/Users/jarlgiovanni/Desktop/bigfoot_research/public/data/frontend-data.json
dbe5eb190c0619bce07095c05837deb29debe11f7142a4602138a086d77c1eb9,4369,,,,"YouTube reports, interviews: Yowie Sighting (Audio Report #116) at Mount Kosciuszko, ACT (Sep 2008)",2008,-36.393634,148.178593,Australian Yowie Research / AYR Yowie Reports Map,https://www.youtube.com/watch?v=v8RJd4vsZBs,/Users/jarlgiovanni/Desktop/bigfoot_research/public/data/frontend-data.json
e2880735b9ef503cd1ae97b0ee42c69daecc365ce71989978e0719f075dd6c96,4606,,,,"Witness sketches: Cudgen, New South Wales (2008)",2008,-28.26667,153.55,Australian Yowie Research / AYR Yowie Reports Map,https://www.yowiehunters.com.au/witness-sketches,/Users/jarlgiovanni/Desktop/bigfoot_research/public/data/frontend-data.json
88fe0a19281e00a6afaa43ad6a53a8981b7f8ffe97be1af70879c09baa53b81e,129,,,,"Coonabarabran, New South Wales 2009",2009,-31.2728076,149.2733225,Australian Yowie Research,https://www.yowiehunters.com.au/new-south-wales/1375-coonabarabran-new-south-wales-2009,/Users/jarlgiovanni/Desktop/bigfoot_research/public/data/frontend-data.json
9b54ae785b50c575cf43b6ec409ab80bcd15e6a76cb8c62275c04b592c9ca568,193,,,,"Kilkivan, Queensland 2009",2009,-26.080292,152.2473652,Australian Yowie Research,https://www.yowiehunters.com.au/queensland/1847-kilkivan-queensland-2009,/Users/jarlgiovanni/Desktop/bigfoot_research/public/data/frontend-data.json
fa823b0a470fc1c6bac113278931b4072c04841f892458fa325b784e8310c0aa,225,,,,"Bahrs Scrub, Queensland 2009",2009,-27.7375909,153.1723698,Australian Yowie Research,https://www.yowiehunters.com.au/queensland/2110-bahrs-scrub-queensland-2009,/Users/jarlgiovanni/Desktop/bigfoot_research/public/data/frontend-data.json
f4879f025d4cd48ecc5fbfe054160a7a05da5d74053e4a523c355aa7951815f8,286,,,,"Robinvale, Victoria 2009",2009,-34.5840409,142.7739356,Australian Yowie Research,https://www.yowiehunters.com.au/victoria/1262-robinvale-vic-2009,/Users/jarlgiovanni/Desktop/bigfoot_research/public/data/frontend-data.json
eb4b49abaac2fee826dfc272f6934efd43714a08f561f97f32aed09345565bb6,290,,,,"Blackheath, New South Wales 2009",2009,-33.6338889,150.2847222,Australian Yowie Research,https://www.yowiehunters.com.au/new-south-wales/1414-megalong-valley-new-south-wales-2009,/Users/jarlgiovanni/Desktop/bigfoot_research/public/data/frontend-data.json
62cde33cda31a9be6f85b70bbd036802d8903b79879eca5cf974cd7b40d6a4b0,300,,,,"Cressbrook Creek, Queensland 2009",2009,-27.23722,152.16722,Australian Yowie Research,https://www.yowiehunters.com.au/queensland/2084-cressbrook-creek-queensland-2009,/Users/jarlgiovanni/Desktop/bigfoot_research/public/data/frontend-data.json
ebd3d4ad3fcd5976b457fa8600e01e88053506e3f378f96d82811b448d62438d,388,,,,"Dairyville, New South Wales 2009",2009,-30.265,152.9677778,Australian Yowie Research,https://www.yowiehunters.com.au/new-south-wales/1377-dairyville-new-south-wales-2009,/Users/jarlgiovanni/Desktop/bigfoot_research/public/data/frontend-data.json
d4b7c44abd552113a470292459f4edad54021dad367380ae2dfec1e92408009e,435,,,,"Rockhampton, Queensland 2009",2009,-23.3782137,150.5134227,Australian Yowie Research,https://www.yowiehunters.com.au/queensland/1324-rockhampton-qld-2009,/Users/jarlgiovanni/Desktop/bigfoot_research/public/data/frontend-data.json
6bca147e731515a62b4aa1c8d79815c5e46eeddd30d507488335645ddbb9b910,510,,,,"Leura, New South Wales 2009",2009,-33.7156888,150.3317665,Australian Yowie Research,https://www.yowiehunters.com.au/new-south-wales/1907-leura-new-south-wales-2009,/Users/jarlgiovanni/Desktop/bigfoot_research/public/data/frontend-data.json
f1093fbc3093f52a4cb1b5fcb18d61f1bfafc2d6573209fb8fd6fba103c2b5b0,532,,,,"Mt. George, New South Wales 2009",2009,-32.54077,151.52501,Australian Yowie Research,https://www.yowiehunters.com.au/new-south-wales/1418-mt-george-new-south-wales-2009,/Users/jarlgiovanni/Desktop/bigfoot_research/public/data/frontend-data.json
1877c088f190e7a98e420d077327f8111580d3e1028494ce665a29b4cda89ebb,555,,,,"Oberon, New South Wales 2009",2009,-33.8455931,149.8326162,Australian Yowie Research,https://www.yowiehunters.com.au/new-south-wales/1434-oberon-new-south-wales-2009,/Users/jarlgiovanni/Desktop/bigfoot_research/public/data/frontend-data.json
4a8d2c039b01eb9ee04c3190d699572e68e71ed0e286926e388879fdf92fbbef,957,,,,2009 - Coonabarabran Times - Yowie Bus Inccident,2009,-31.2728076,149.2733225,Australian Yowie Research,https://www.yowiehunters.com.au/media-clips/1700-2009-coonabarabran-times,/Users/jarlgiovanni/Desktop/bigfoot_research/public/data/frontend-data.json
fb01622f66a2e35f440fe7c5704dc3139e856f0183285c002a32b83d930738f5,958,,,,2009 - NT News Yowie Article,2009,-12.768419,131.141951,Australian Yowie Research,https://www.yowiehunters.com.au/media-clips/1906-2009-nt-news-yowie-article,/Users/jarlgiovanni/Desktop/bigfoot_research/public/data/frontend-data.json
7cb3bbc88a700a05b9c7b2f6457c4c75277d65bd6e3f1abb74a5141dd7dbc226,1045,,,,2009 - CFZ Michael Hardcastle Re: Yowie Kempsey,2009,-30.9056457,152.5228021,Australian Yowie Research,https://www.yowiehunters.com.au/media-clips/1718-2009-cfz-michael-hardcastle-re-yowie-kempsey,/Users/jarlgiovanni/Desktop/bigfoot_research/public/data/frontend-data.json
7e62492cc2ac818851d6825f0c949ea03f24d1019da4f8b7d6edb517e52a782f,1046,,,,2009 - Manning River Times Yowie Article,2009,-31.8517188,152.1004561,Australian Yowie Research,https://www.yowiehunters.com.au/media-clips/1763-2009-manning-river-times-yowie-article,/Users/jarlgiovanni/Desktop/bigfoot_research/public/data/frontend-data.json
6aad075e1085b8a20920e16ffc2500dc9bab42911f387eb7ea6cadeeaf0eae05,4256,,,,Albert's gift (part 1) - Lola's story,2009,-34.8150256,147.672675,Australian Broadcasting Corporation,https://www.abc.net.au/listen/programs/awaye/alberts-gift-part-1---lolas-story/3670106,/Users/jarlgiovanni/Desktop/bigfoot_research/public/data/frontend-data.json
14573a0180842b0f81840b354a68059ed16194e35bd8897a0c766e562bd9f449,4260,,,,"YouTube reports, interviews: Yowie Sighting (Audio Report #169) At Mt George, New South Wales (2009)",2009,-32.54077,151.52501,Australian Yowie Research / AYR Yowie Reports Map,https://www.youtube.com/watch?v=l6uwsHbxfNQ,/Users/jarlgiovanni/Desktop/bigfoot_research/public/data/frontend-data.json
20ef942c6a84684b345290c4e6e7da7ed03e6db134da0d9861823071f9e325b4,4370,,,,"YouTube reports, interviews: Yowie Sighting (Audio Report #73) at Mount George, New South Wales (July 2009)",2009,-31.842511,152.114935,Australian Yowie Research / AYR Yowie Reports Map,https://www.youtube.com/watch?v=hjnjjWg0Pzo,/Users/jarlgiovanni/Desktop/bigfoot_research/public/data/frontend-data.json
3417c636be838d811a91698807b597c023a203d3f1cc3a751b22653ab51db2a9,4496,,,,Reports from newspapers: 2009 - CFZ Michael Hardcastle Re: Yowie Kempsey,2009,-30.921238,152.663685,Australian Yowie Research / AYR Yowie Reports Map,https://www.yowiehunters.com.au/media-clips/1718-2009-cfz-michael-hardcastle-re-yowie-kempsey,/Users/jarlgiovanni/Desktop/bigfoot_research/public/data/frontend-data.json
30f2df8a1e12c9f8c3870c1ce62a32a39fd89c26c65b7b43bb286c3303af9d24,4497,,,,Reports from newspapers: 2009 - Coonabarabran Times - Yowie Bus Inccident,2009,-30.796592,149.478393,Australian Yowie Research / AYR Yowie Reports Map,https://www.yowiehunters.com.au/media-clips/1700-2009-coonabarabran-times,/Users/jarlgiovanni/Desktop/bigfoot_research/public/data/frontend-data.json
17e418245d6936b9ee3ac67f76bc451d37476d256fa8856cfc901a9ad0a2c278,4498,,,,Reports from newspapers: 2009 - Manning River Times Yowie Article,2009,-31.85,152.141667,Australian Yowie Research / AYR Yowie Reports Map,https://www.yowiehunters.com.au/media-clips/1763-2009-manning-river-times-yowie-article,/Users/jarlgiovanni/Desktop/bigfoot_research/public/data/frontend-data.json
85d065d067fb5ce8caf236fc08816244ae92a7712153b870836272fae206864b,4499,,,,Reports from newspapers: 2009 - NT News Yowie Article,2009,-12.930771,131.136698,Australian Yowie Research / AYR Yowie Reports Map,https://www.yowiehunters.com.au/media-clips/1906-2009-nt-news-yowie-article,/Users/jarlgiovanni/Desktop/bigfoot_research/public/data/frontend-data.json
c1b16d9ba3e4bc6c3b2af802863235bcb8d28c218f49ebb9c173a3edda00d434,4599,,,,"Witness sketches: Mt George, New South Wales (2009)",2009,-31.883638,152.185233,Australian Yowie Research / AYR Yowie Reports Map,https://www.yowiehunters.com.au/witness-sketches,/Users/jarlgiovanni/Desktop/bigfoot_research/public/data/frontend-data.json
59a11e593c70395522e62f45c9b409a70dd71cd34f27a50144a2819db2be0eb4,69,,,,"Aberfeldy, Victoria 2010",2010,-37.7021795,146.3790538,Australian Yowie Research,https://www.yowiehunters.com.au/victoria/1571-aberfeldie-victoria-2010,/Users/jarlgiovanni/Desktop/bigfoot_research/public/data/frontend-data.json
afd8cc90d019b5c1905b6922cd272ec92ee89e83a9f933f1da841424afc71468,70,,,,"Briagolong, Victoria 2010",2010,-37.809138,147.0851711,Australian Yowie Research,https://www.yowiehunters.com.au/victoria/1619-briagolong-victoria-2010-2,/Users/jarlgiovanni/Desktop/bigfoot_research/public/data/frontend-data.json
b64fad60c4ca04f2ee4a430ad8fc0200c7eff4bf508c81e103ef79e1359b40fe,130,,,,"Broken Hill, New South Wales 2010",2010,-31.965,141.4511111,Australian Yowie Research,https://www.yowiehunters.com.au/new-south-wales/1363-broken-hill-new-south-wales-2010,/Users/jarlgiovanni/Desktop/bigfoot_research/public/data/frontend-data.json
e8f5b497a4e525c3b5d3573901ec9f138c78b460a89136f0c4520f569b610e24,131,,,,"Macquarie Pass - Robertson, New South Wales 2010",2010,-34.5591667,150.6408333,Australian Yowie Research,https://www.yowiehunters.com.au/new-south-wales/2183-macquarie-pass-new-south-wales-2010,/Users/jarlgiovanni/Desktop/bigfoot_research/public/data/frontend-data.json
926ff28d07f7c5d764d530f6a8be2301da594927927ea11ed55ab8dda6ce9193,194,,,,"Eumundi - Yandina, Queensland 2010",2010,-26.5582222,152.9539454,Australian Yowie Research,https://www.yowiehunters.com.au/queensland/2221-eumundi-yandina-queensland-2010,/Users/jarlgiovanni/Desktop/bigfoot_research/public/data/frontend-data.json
2a4fa7b108aa3cae0d0d46b15aabd15fe68306ef8bb71efcbcbdea1cf30f6d75,195,,,,"Oak Beach, Queensland 2010",2010,-16.5861445,145.5234384,Australian Yowie Research,https://www.yowiehunters.com.au/queensland/2125-oak-beach-queensland-2010,/Users/jarlgiovanni/Desktop/bigfoot_research/public/data/frontend-data.json
303ac39e1c172f3516dce5e25f17324314dc4680d3ed1bdc30e0481578fbc127,220,,,,"Bendigo (area), Victoria 2010",2010,-36.7771067,144.2972658,Australian Yowie Research,https://www.yowiehunters.com.au/victoria/1547-bendigo-area-victoria-2010,/Users/jarlgiovanni/Desktop/bigfoot_research/public/data/frontend-data.json
43c6bd9c5f5a0567f32071adefe3facb613741e11967fb2c6da52490cc9d9e46,231,,,,"Beechmont, Queensland 2010",2010,-28.126238,153.1951742,Australian Yowie Research,https://www.yowiehunters.com.au/queensland/1965-beechmont-queensland-2010,/Users/jarlgiovanni/Desktop/bigfoot_research/public/data/frontend-data.json
3671db9fbb4795a774a782085c16717b409c3bf998d5c59aca4ec41c0ab2dc09,277,,,,"Otways, Victoria 2010",2010,-38.6493568,143.6117705,Australian Yowie Research,https://www.yowiehunters.com.au/victoria/1678-otways-victoria-2010,/Users/jarlgiovanni/Desktop/bigfoot_research/public/data/frontend-data.json
2bc73ce098f2cdc63f3eab8f950bef2a999698aea8c8b49778a4a33f67fb688f,357,,,,"Killarney, Queensland 2010",2010,-28.348427,152.2999152,Australian Yowie Research,https://www.yowiehunters.com.au/queensland/1599-killarney-queensland-2010,/Users/jarlgiovanni/Desktop/bigfoot_research/public/data/frontend-data.json
08442e59f695f692612d684aa1c61e490b035fa287cacecdba3711829735c31c,372,,,,"Colo, New South Wales 2010",2010,-33.4250653,150.8234906,Australian Yowie Research,https://www.yowiehunters.com.au/new-south-wales/1834-colo-new-south-wales-2010,/Users/jarlgiovanni/Desktop/bigfoot_research/public/data/frontend-data.json
9c9e38eb9eacef276fb3bda6e80fabb74b49286299642946c066fd2e56dc013e,390,,,,"Danger Falls, New South Wales 2010",2010,-30.3232623,152.7142643,Australian Yowie Research,https://www.yowiehunters.com.au/new-south-wales/1378-danger-falls-new-south-wales-2010,/Users/jarlgiovanni/Desktop/bigfoot_research/public/data/frontend-data.json
3df8dfd3efe2702bee3d6c82b8bc75ca3c6267012cbf3b1d9233e9b1d4549d9a,393,,,,"Mt. Glorious, Queensland 2010",2010,-27.322891,152.7643027,Australian Yowie Research,https://www.yowiehunters.com.au/queensland/1309-mt-glorious-qld-2010,/Users/jarlgiovanni/Desktop/bigfoot_research/public/data/frontend-data.json
4952f8911dde0380b4a4b58e7a95ae0d0c2d0f706246e039c5596de87461c11a,454,,,,"Hickeys Falls, New South Wales 2010",2010,-31.4305209,149.0677356,Australian Yowie Research,https://www.yowiehunters.com.au/new-south-wales/2176-hickeys-falls-new-south-wales-2010,/Users/jarlgiovanni/Desktop/bigfoot_research/public/data/frontend-data.json
ac240e1cdde56c12c5dffd31d985a003b29b05c6eb182c967454edaf5019ff7c,500,,,,"Ku-ring-gai National Park, New South Wales 2010",2010,-33.6282265,151.2293535,Australian Yowie Research,https://www.yowiehunters.com.au/new-south-wales/2190-ku-ring-gai-national-park-new-south-wales-2010,/Users/jarlgiovanni/Desktop/bigfoot_research/public/data/frontend-data.json
ff80454ce79dc52e3befdf5c21e4ed12c16288320db47df1b62c8f380ff6a344,511,,,,"Yandina, Queensland 2010",2010,-26.5658945,152.9596114,Australian Yowie Research,https://www.yowiehunters.com.au/queensland/1344-yandina-qld-2010,/Users/jarlgiovanni/Desktop/bigfoot_research/public/data/frontend-data.json
c66ecd7b493ee2a3829f59a013ce00e6bbdba3274b789e25eef1cd9a4f8bed57,577,,,,"Springwood, New South Wales 2010",2010,-33.7017613,150.5655467,Australian Yowie Research,https://www.yowiehunters.com.au/new-south-wales/1911-springwood-new-south-wales-2010,/Users/jarlgiovanni/Desktop/bigfoot_research/public/data/frontend-data.json
9148fa16b12708939f7c662d61dfc56c44ae4c2133a3fe83adeac0a18fc0dc60,586,,,,"Tallong, New South Wales 2010",2010,-34.7192248,150.0863205,Australian Yowie Research,https://www.yowiehunters.com.au/new-south-wales/1544-tallong-new-south-wales-2010,/Users/jarlgiovanni/Desktop/bigfoot_research/public/data/frontend-data.json
4994e02d25c37dc60770c6f91a0a89742b84c7f2904f4558d7a21826eacee9ab,610,,,,"Watagans, New South Wales 2010",2010,-33.0095237,151.3768922,Australian Yowie Research,https://www.yowiehunters.com.au/new-south-wales/1463-watigans-new-south-wales-2010,/Users/jarlgiovanni/Desktop/bigfoot_research/public/data/frontend-data.json
f4ab95eb43dfbb9b7c03fb0a2142a77620c482efa08c434150fc7a60c302f02b,612,,,,"Wauchope, New South Wales 2010",2010,-31.4557879,152.734664,Australian Yowie Research,https://www.yowiehunters.com.au/new-south-wales/1465-wauchope-new-south-wales-2010,/Users/jarlgiovanni/Desktop/bigfoot_research/public/data/frontend-data.json
20863c83a039e802a03d24b363d54d8e289da4d28caaebc6e7a278f9c6a46587,615,,,,"Wellingrove - Dundee, New South Wales 2010",2010,-29.6396266,151.5667558,Australian Yowie Research,https://www.yowiehunters.com.au/new-south-wales/2090-wellingrove-dundee-new-south-wales-2010,/Users/jarlgiovanni/Desktop/bigfoot_research/public/data/frontend-data.json
f7a1b7780f2c884b7759acfe4904da28a4d6566cf838fbdabde366b6cc1ad275,1047,,,,2010 - Armidale Express Yowie Article,2010,-30.5144881,151.6656564,Australian Yowie Research,https://www.yowiehunters.com.au/media-clips/1703-2010-armidale-express-yowie-article,/Users/jarlgiovanni/Desktop/bigfoot_research/public/data/frontend-data.json
063d271f058fbb65725c287d865be8b35b98057e0dc15aee1544f7b374b4e3fe,1095,,,,2010 - Newscastle Herald Yowie Article,2010,-35.4388907,149.7955552,Australian Yowie Research,https://www.yowiehunters.com.au/media-clips/1922-2010-newscastle-herald-yowie-article,/Users/jarlgiovanni/Desktop/bigfoot_research/public/data/frontend-data.json
c0db6aee339bf2f46c97a6c3b9df0ed9be82dbe4d070cdea8b42113108fda267,4253,,,,Australia in the middle of a gold rush,2010,-35.4388907,149.7955552,Australian Broadcasting Corporation,https://www.abc.net.au/stateline/nsw/australia-in-the-middle-of-a-gold-rush/354248,/Users/jarlgiovanni/Desktop/bigfoot_research/public/data/frontend-data.json
47d337a6ff8b96ec3c8aa9995a063251bcb33dfcdf7dd49f130b909f6759e376,4300,,,,"Written reports: Yowie Sighting at Otways, Victoria 2010",2010,-38.773333,143.5575,Australian Yowie Research / AYR Yowie Reports Map,https://www.yowiehunters.com.au/victoria/1678-otways-victoria-2010,/Users/jarlgiovanni/Desktop/bigfoot_research/public/data/frontend-data.json
77356fe00f31e48688d922543a81cf86c6ca2b9ab42ca2a8b396d1a4ec1f72c2,4305,,,,"Written reports: Yowie Sighting at Dangar Falls, New South Wales 2010",2010,-30.323333,152.714444,Australian Yowie Research / AYR Yowie Reports Map,https://www.yowiehunters.com.au/new-south-wales/1378-danger-falls-new-south-wales-2010,/Users/jarlgiovanni/Desktop/bigfoot_research/public/data/frontend-data.json
4bd9673a51fe5b33713ae48fe57a35c67d533a11aeea1a751f04a56c531d13cd,4319,,,,"Written reports: Yowie Sighting at Wellingrove - Dundee, New South Wales 2010",2010,-29.633333,151.583333,Australian Yowie Research / AYR Yowie Reports Map,https://www.yowiehunters.com.au/new-south-wales/2090-wellingrove-dundee-new-south-wales-2010,/Users/jarlgiovanni/Desktop/bigfoot_research/public/data/frontend-data.json
32b18ffe41c13034faecf98f65cd5756a1b115a83b66a87da05e9236ed417b81,4330,,,,"Written reports: Yowie Sighting at Bendigo (area), Victoria 2010",2010,-36.75,144.266667,Australian Yowie Research / AYR Yowie Reports Map,https://www.yowiehunters.com.au/victoria/1547-bendigo-area-victoria-2010,/Users/jarlgiovanni/Desktop/bigfoot_research/public/data/frontend-data.json
dd9344d78816a3fde2a73bdb75f3f253e0c7b8162d1c58aa65e57b28303d8481,4371,,,,"YouTube reports, interviews: Yowie Sighting (Audio Report #161) at Macquarie Pass National Park, New South Wales (2010)",2010,-34.56944,150.65694,Australian Yowie Research / AYR Yowie Reports Map,https://www.youtube.com/watch?v=FdIu0ZRW6Fk,/Users/jarlgiovanni/Desktop/bigfoot_research/public/data/frontend-data.json
9887da95c3adb6d7ab2c6e88680101e89a7681b90d3e51c709211760d8feb6e7,4372,,,,"YouTube reports, interviews: Yowie Sighting (Audio Report #159) at Hickeys Falls near Coonabarabran NSW (2010)",2010,-31.42994459361,149.0669526605,Australian Yowie Research / AYR Yowie Reports Map,https://www.youtube.com/watch?v=qbBKDeMpezc,/Users/jarlgiovanni/Desktop/bigfoot_research/public/data/frontend-data.json
92bc5bb509bb79686dc5d518379c3b33087d31e7801249e4a476bc72f026663e,4500,,,,Reports from newspapers: 2010 - Armidale Express Yowie Article,2010,-30.323333,152.714444,Australian Yowie Research / AYR Yowie Reports Map,https://www.yowiehunters.com.au/media-clips/1703-2010-armidale-express-yowie-article,/Users/jarlgiovanni/Desktop/bigfoot_research/public/data/frontend-data.json
18f18aab2223dddafe6ff97a5cc0bbf80a0262b6f10e6cb503b691984da12164,4501,,,,Reports from newspapers: 2010 - Newscastle Herald Yowie Article,2010,-35.557913,150.007176,Australian Yowie Research / AYR Yowie Reports Map,https://www.yowiehunters.com.au/media-clips/1922-2010-newscastle-herald-yowie-article,/Users/jarlgiovanni/Desktop/bigfoot_research/public/data/frontend-data.json
9c39a03cbf0e2d2b2fe12437cb87968ff33ffec7a21a49ff97e24defda69423c,20,,,,"Donnybrook, Western Australia 2011",2011,-33.5773757,115.8251293,Australian Yowie Research,https://www.yowiehunters.com.au/western-australia/1676-donnybrook-western-australia-2011,/Users/jarlgiovanni/Desktop/bigfoot_research/public/data/frontend-data.json
d6394dbb85d51681e18ade48b905a8a6f9db4203c71fdbf2200803c9e50885ca,21,,,,"Mandurah, Western Australia 2011",2011,-32.5302495,115.7208782,Australian Yowie Research,https://www.yowiehunters.com.au/western-australia/1831-mandurah-western-australia-2011,/Users/jarlgiovanni/Desktop/bigfoot_research/public/data/frontend-data.json
32c46eea7c4af0a9976bf49951c2c0773410815840a3e11fcbbcd4d2d2d4a251,71,,,,"Bendigo (area), Victoria 2011",2011,-36.7590183,144.2826718,Australian Yowie Research,https://www.yowiehunters.com.au/victoria/1548-bendigo-area-victoria-2011,/Users/jarlgiovanni/Desktop/bigfoot_research/public/data/frontend-data.json
57b2ace155ccd5ae8f2af7df415d0c6abc3393dee9ab877e8ba793545c558740,72,,,,"Falls Creek, Victoria 2011",2011,-36.878683,147.2441791,Australian Yowie Research,https://www.yowiehunters.com.au/victoria/1585-falls-creek-victoria-2011,/Users/jarlgiovanni/Desktop/bigfoot_research/public/data/frontend-data.json
604ca277bff5bf1b55971423de085724a9d6e035fdd2762411a5f2016e2a04e1,73,,,,"Yarra Valley, Victoria 2011",2011,-37.7549851,145.522537,Australian Yowie Research,https://www.yowiehunters.com.au/victoria/1570-yarra-valley-victoria-2011,/Users/jarlgiovanni/Desktop/bigfoot_research/public/data/frontend-data.json
09850ce756b00db84eabd2f055b55bad9ae671c64f9910bbbe8745446a6c591f,132,,,,"Watagans, New South Wales 2010",2011,-33.0095237,151.3768922,Australian Yowie Research,https://www.yowiehunters.com.au/new-south-wales/1610-watigans-new-south-wales-2010-sp-19461,/Users/jarlgiovanni/Desktop/bigfoot_research/public/data/frontend-data.json
9a348f86b88aece5286919cbef4a980b9c03da31d0a57c667f303f757108f7a0,133,,,,"Dorrigo, New South Wales 2011",2011,-30.3399677,152.7120341,Australian Yowie Research,https://www.yowiehunters.com.au/new-south-wales/1840-dorrigo-queensland-2011,/Users/jarlgiovanni/Desktop/bigfoot_research/public/data/frontend-data.json
fabdd73a24c65543af8411bcf4b2397b34b8320567522a87e0619a24d133efb7,134,,,,"Wentworth Falls, New South Wales 2011",2011,-33.72802,150.3740633,Australian Yowie Research,https://www.yowiehunters.com.au/new-south-wales/1563-wentworth-falls-new-south-wales-2011,/Users/jarlgiovanni/Desktop/bigfoot_research/public/data/frontend-data.json
f0fa3b1dceefe1ac10d032e7851a2723fbb61846081f66f7ba748b47300d60b7,196,,,,"Koumala Range, Queensland 2011",2011,-21.6102815,149.080723,Australian Yowie Research,https://www.yowiehunters.com.au/queensland/1575-koumala-range-queensland-2011,/Users/jarlgiovanni/Desktop/bigfoot_research/public/data/frontend-data.json
127fe0ff471f6e3bed0228a9ef1b0d702a7b395452b6352c18d5e659ec66dd0d,232,,,,"Emerald, Victoria 2011",2011,-37.9321282,145.4407282,Australian Yowie Research,https://www.yowiehunters.com.au/victoria/1569-emerald-victoria-2011,/Users/jarlgiovanni/Desktop/bigfoot_research/public/data/frontend-data.json
bea251251ccf313aaa5b8123330968c4dae377b09cb2e1b0af6293f735d2e9fc,263,,,,"Belbora, New South Wales 2011",2011,-31.9733333,152.1511111,Australian Yowie Research,https://www.yowiehunters.com.au/new-south-wales/1582-belbora-new-south-wales-2011,/Users/jarlgiovanni/Desktop/bigfoot_research/public/data/frontend-data.json
9bdc88070233c47799c388214f0404cf7a4a20ff4166b36a1d329fd4014cef4f,279,,,,"Clear Mountain, Queensland 2011",2011,-27.3186825,152.890919,Australian Yowie Research,https://www.yowiehunters.com.au/queensland/1567-clear-mountain-queensland-2011,/Users/jarlgiovanni/Desktop/bigfoot_research/public/data/frontend-data.json
750f10fb0e4cc7949fbd54d9c4558cfd00fc010e26e409624c4a27f040a2f0b6,386,,,,"Cudgen, New South Wales 2011",2011,-28.2734276,153.5505103,Australian Yowie Research,https://www.yowiehunters.com.au/new-south-wales/1568-cudgen-new-south-wales-2011,/Users/jarlgiovanni/Desktop/bigfoot_research/public/data/frontend-data.json
36873d076f9e4d6a731e379cc32a6a38c2d85f12be1c840d0ccd948d0dfb6d54,432,,,,"Grafton, New South Wales 2011",2011,-29.6816773,152.9336357,Australian Yowie Research,https://www.yowiehunters.com.au/new-south-wales/1555-grafton-new-south-wales-2011,/Users/jarlgiovanni/Desktop/bigfoot_research/public/data/frontend-data.json
dcb9c380efebdaab471bf604aae2cae4a2cae4305aa9da547ee4e839ff52328c,498,,,,"Krambach, New South Wales 2011",2011,-32.0521151,152.2606101,Australian Yowie Research,https://www.yowiehunters.com.au/new-south-wales/1573-kramback-new-south-wales-2011,/Users/jarlgiovanni/Desktop/bigfoot_research/public/data/frontend-data.json
4b263e2453d21b6e25c4ec942e52e98e27cd2bd6f3143fd4caef670e838bad05,513,,,,"Yarrabah, Queensland 2011",2011,-17.0172815,145.8746489,Australian Yowie Research,https://www.yowiehunters.com.au/queensland/1581-yarrabah-queensland-2011,/Users/jarlgiovanni/Desktop/bigfoot_research/public/data/frontend-data.json
006b3db84ddc845beea36d1c5a3d9c8dde11a7de7769567d6d00ca8e974d5d6d,519,,,,"Lowanna, New South Wales 2011",2011,-30.2115911,152.8994609,Australian Yowie Research,https://www.yowiehunters.com.au/new-south-wales/1574-lowanna-new-south-wales-2011,/Users/jarlgiovanni/Desktop/bigfoot_research/public/data/frontend-data.json
d0bf550843659e155ad15a4d8d8a301bd2ccb4169afaeb657032614d2349b338,582,,,,"Stuarts Point, New South Wales 2011",2011,-30.8209314,152.9933138,Australian Yowie Research,https://www.yowiehunters.com.au/new-south-wales/1579-stuarts-point-new-south-wales-2011,/Users/jarlgiovanni/Desktop/bigfoot_research/public/data/frontend-data.json
8e6411101db7a17e3bfc30fe94eee493a43d7cb2fc73c60f6cae8727307e3393,959,,,,2011 - Daily Examiner Yowie Article,2011,-29.6816773,152.9336357,Australian Yowie Research,https://www.yowiehunters.com.au/media-clips/1741-2011-daily-examiner-yowie-article,/Users/jarlgiovanni/Desktop/bigfoot_research/public/data/frontend-data.json
f9865528fe612890875cdc04c3760cc107a58483f0f34da31dfd34c022b42ad0,3992,,,,Ghost hunters haunt old mental asylum,2011,-42.7854275,147.0636218,Australian Broadcasting Corporation,https://www.abc.net.au/news/2011-02-22/ghost-hunters-haunt-old-mental-asylum/1952878,/Users/jarlgiovanni/Desktop/bigfoot_research/public/data/frontend-data.json
6c12a2f1db733008ab9161c759ed1a57d2dc14e402ef19469f870078a725b4e6,4081,,,,ghosts in Ghosts in the old Palmerston Centre,2011,-12.4799608,130.9844108,Territory Stories,https://hdl.handle.net/10070/664952,/Users/jarlgiovanni/Desktop/bigfoot_research/public/data/frontend-data.json
c085e3bfaa3a0fdd943f8b66a242489b3d6223ebc098e385ec1467618b1b4aea,4247,,,,Council hires real-life 'ghost busters',2011,-42.7854275,147.0636218,Australian Broadcasting Corporation,https://www.abc.net.au/news/2011-02-20/council-hires-real-life-ghost-busters/1950846,/Users/jarlgiovanni/Desktop/bigfoot_research/public/data/frontend-data.json
32185f639d8cbf406c7c3cc779bc8426b02ae314d1896bc7a111983b0b18c92f,4249,,,,The amazing Corrick collection,2011,-35.2828643,149.1209536,Australian Broadcasting Corporation,https://www.abc.net.au/news/2011-01-26/the-amazing-corrick-collection/2669908,/Users/jarlgiovanni/Desktop/bigfoot_research/public/data/frontend-data.json
8002060591969a4ca97d65f4e851f06aa4ae332e9ce950abb5a6a0ad1c2e117d,4252,,,,Paranormal investigator Alison Oborn has seen and heard very strange things,2011,-34.9179424,138.5848489,Australian Broadcasting Corporation,https://www.abc.net.au/listen/programs/conversations/alison-oborn/7758646,/Users/jarlgiovanni/Desktop/bigfoot_research/public/data/frontend-data.json
9282dec55a3bbe6b7364893b62841d41a2674842609bfe47ecdf5daa73454484,4331,,,,"Written reports: Yowie Sighting at Bendigo (area), Victoria 2011",2011,-36.75,144.266667,Australian Yowie Research / AYR Yowie Reports Map,https://www.yowiehunters.com.au/victoria/1548-bendigo-area-victoria-2011,/Users/jarlgiovanni/Desktop/bigfoot_research/public/data/frontend-data.json
a27a999ed6cd6401bd5ff97bb6f874de0bbadbfcad908e2cf8a882a666124d2c,4373,,,,"YouTube reports, interviews: Yowie Sighting (Audio Report #106) near Mandurah in Western Australia (2011)",2011,-32.571499,115.800896,Australian Yowie Research / AYR Yowie Reports Map,https://www.youtube.com/watch?v=xVbSbMoiEoQ,/Users/jarlgiovanni/Desktop/bigfoot_research/public/data/frontend-data.json
5b7627fbb29709e4e0193dd79230142eeed03982af04f7070e678d10f50fcd27,4374,,,,"YouTube reports, interviews: Yowie Sighting (Audio Report #84) near Donnybrook, Western Australia (summer 2011)",2011,-33.5773757,115.8251293,Australian Yowie Research / AYR Yowie Reports Map,https://www.youtube.com/watch?v=75IRnEEwNI8,/Users/jarlgiovanni/Desktop/bigfoot_research/public/data/frontend-data.json
3343f6709ece5a2d47ef4047787d82188944646694bb8d8380f7ee2325df8e53,4502,,,,Reports from newspapers: 2011 - Daily Examiner Yowie Article,2011,-29.663333,152.933333,Australian Yowie Research / AYR Yowie Reports Map,https://www.yowiehunters.com.au/media-clips/1741-2011-daily-examiner-yowie-article,/Users/jarlgiovanni/Desktop/bigfoot_research/public/data/frontend-data.json
ec8146ada0688a42bf6da82ea04325153021283b6e24b2f026d9b0b0d6e13377,4557,,,,"Photographs of footprints and handprints : Blue Mountains near Tablelands Road, New South Wales (Nov 2011)",2011,-33.786324,150.397092,Australian Yowie Research / AYR Yowie Reports Map,https://www.yowiehunters.com.au/footprints,/Users/jarlgiovanni/Desktop/bigfoot_research/public/data/frontend-data.json
f524c34c5a2973c051735676df7192df82b142b9a16926e5a961e34f92bfdfe9,4568,,,,"Photographs of footprints and handprints : Numinbah Valley, Queensland (2011)",2011,-28.143488,153.221676,Australian Yowie Research / AYR Yowie Reports Map,https://www.yowiehunters.com.au/footprints,/Users/jarlgiovanni/Desktop/bigfoot_research/public/data/frontend-data.json
327756842d08ffb8839d0b5c299195802ee5109dddbc4bf5d4524c4c4f280daa,4572,,,,"Photographs of footprints and handprints : Wentworth Falls, New South Wales (2011)",2011,-33.712933,150.374574,Australian Yowie Research / AYR Yowie Reports Map,https://www.yowiehunters.com.au/footprints,/Users/jarlgiovanni/Desktop/bigfoot_research/public/data/frontend-data.json
b053076fd607e4104fe0860bdac3a9c75fd7ffd39f3dd968e811d9bb6bd2674c,135,,,,"Munmorah, New South Wales 2012",2012,-33.1968475,151.6049395,Australian Yowie Research,https://www.yowiehunters.com.au/new-south-wales/1827-munmorah-new-south-wales-2012,/Users/jarlgiovanni/Desktop/bigfoot_research/public/data/frontend-data.json
69dcdb9eeb508d9b6ad595ba3172c2e41e4d93720aa8820ed140a9b59a1ee499,197,,,,"Miriam Vale, Queensland 2012",2012,-24.33462,151.5648363,Australian Yowie Research,https://www.yowiehunters.com.au/queensland/1591-miriam-vale-queensland-2012,/Users/jarlgiovanni/Desktop/bigfoot_research/public/data/frontend-data.json
395144f239b9cac1544bea600295cc585250396e24d68057323a70694611db9d,274,,,,"Noojee, Victoria 2012",2012,-37.8352675,145.9443211,Australian Yowie Research,https://www.yowiehunters.com.au/victoria/1583-noojee-victoria-2012,/Users/jarlgiovanni/Desktop/bigfoot_research/public/data/frontend-data.json
7d9b1ff4fb0788782bd41fd753dd8c1bbaf5256a3cdd628722df7d6876494f6a,345,,,,"Jimboomba, Queensland 2012",2012,-27.8318573,153.0227538,Australian Yowie Research,https://www.yowiehunters.com.au/queensland/1937-jimboomba-queensland-2012,/Users/jarlgiovanni/Desktop/bigfoot_research/public/data/frontend-data.json
4722719d054fe55bae42a9bb9a8cac5e03b63ede893d30e7dbec453132f7a96e,456,,,,"Hornsby Heights, New South Wales 2012",2012,-33.6630602,151.1021935,Australian Yowie Research,https://www.yowiehunters.com.au/new-south-wales/2107-hornsby-heights-new-south-wales-2012,/Users/jarlgiovanni/Desktop/bigfoot_research/public/data/frontend-data.json
d0575327060caa25d56bcec89071e32974212025ba6ca697af365010d3e2f556,497,,,,"Wolvi, Queensland 2012",2012,-26.1448875,152.8442704,Australian Yowie Research,https://www.yowiehunters.com.au/queensland/1609-wolvi-queensland-2012,/Users/jarlgiovanni/Desktop/bigfoot_research/public/data/frontend-data.json
2b5f4b6ab0d8c8338a3b0dfadc38413872347812f609637ef5f7be11bb377466,505,,,,"Woolooga, Queensland 2012",2012,-26.0171915,152.3704487,Australian Yowie Research,https://www.yowiehunters.com.au/queensland/2113-woolooga-queensland-2012,/Users/jarlgiovanni/Desktop/bigfoot_research/public/data/frontend-data.json
58c1827bdf91afb22e981016b6a59fccf95ad6a64849705e720db149923b2259,536,,,,"Mt. Kembla, New South Wales 2012",2012,-34.4421839,150.8067132,Australian Yowie Research,https://www.yowiehunters.com.au/new-south-wales/1600-mt-kembla-new-south-wales-2012,/Users/jarlgiovanni/Desktop/bigfoot_research/public/data/frontend-data.json
2980c768984ae5026bccdd15a0b9fca81be54fff58fcf4b1be946d68008fedd2,539,,,,"Mt. Warning, New South Wales 2012",2012,-28.3818,153.2846,Australian Yowie Research,https://www.yowiehunters.com.au/new-south-wales/2117-mt-warning-new-south-wales-2012,/Users/jarlgiovanni/Desktop/bigfoot_research/public/data/frontend-data.json
b37db1943d18e30111ac6d8360687a572a3a53512ee954d9af72bc54ebb8d69f,568,,,,"Providence Portal, New South Wales 2012",2012,-35.9485,148.6346,Australian Yowie Research,https://www.yowiehunters.com.au/new-south-wales/1602-providence-portal-new-south-wales-2012,/Users/jarlgiovanni/Desktop/bigfoot_research/public/data/frontend-data.json
2fea74cba14b6b0cd362ff2684d4e136a7053d8373d39df7ccd934936397d8ce,583,,,,"Stuarts Point, New South Wales 2012",2012,-30.8209314,152.9933138,Australian Yowie Research,https://www.yowiehunters.com.au/new-south-wales/2082-stuarts-point-new-south-wales-2012,/Users/jarlgiovanni/Desktop/bigfoot_research/public/data/frontend-data.json
f02b64db81a4e12ea1db70d3dfd33497fd160b97b394bdcae1025ecaf309b80f,589,,,,"Tenterfield, New South Wales 2012",2012,-28.83843,152.2813166,Australian Yowie Research,https://www.yowiehunters.com.au/new-south-wales/1868-tenterfield-new-south-wales-2012,/Users/jarlgiovanni/Desktop/bigfoot_research/public/data/frontend-data.json
74487a1326d822c3e8ad206c6b9367eaef32822c632e45a824b7413f31efa97b,611,,,,"Watagans, New South Wales 2012",2012,-33.0095237,151.3768922,Australian Yowie Research,https://www.yowiehunters.com.au/new-south-wales/1628-watigans-new-south-wales-2012,/Users/jarlgiovanni/Desktop/bigfoot_research/public/data/frontend-data.json
72b2ba5efb4274ff5d8ecace0cbabd108d172fda129fedce0828c99d802eda9e,960,,,,2012 - Sydney Telegraph Yowie Article,2012,-33.8698439,151.2082848,Australian Yowie Research,https://www.yowiehunters.com.au/media-clips/1776-2012-sydney-telegraph-yowie-article,/Users/jarlgiovanni/Desktop/bigfoot_research/public/data/frontend-data.json
bd753203d67f3985e6aa1eb5bc2e3f9da4a632f0f00247b8aab8363940ce7358,961,,,,2012- News.Com Yowie Article,2012,-33.496492,150.5288182,Australian Yowie Research,https://www.yowiehunters.com.au/media-clips/1916-2012-news-com-yowie-article,/Users/jarlgiovanni/Desktop/bigfoot_research/public/data/frontend-data.json
2c1b7a62f5f4db6cf0a2de000329c0adb34a08b4f14d4df5d5a4c2e2b2574e4a,1048,,,,2012 - Herald Sun Yowie Article,2012,-37.8142454,144.9631732,Australian Yowie Research,https://www.yowiehunters.com.au/media-clips/1915-2012-herald-sun-yowie-article,/Users/jarlgiovanni/Desktop/bigfoot_research/public/data/frontend-data.json
810d89e56c00501bef3698e51f43d256d02106a71930343d6bc574753ddd8abc,4144,,,,local ghost stories in Alison Oborn Adelaide Gaol ghost stories,2012,-34.915274,138.594466,Australian Broadcasting Corporation,https://www.abc.net.au/listen/programs/conversations/paranormal-investigator-alison-oborn-has-seen-and-heard-very-str/7757318,/Users/jarlgiovanni/Desktop/bigfoot_research/public/data/frontend-data.json
6d0dba571dd6ffec2d80aa885475fdab3b96ea3610082d7266e6f85123767c40,4244,,,,Fremantle prison,2012,-32.0553437,115.7534563,Australian Broadcasting Corporation,https://www.abc.net.au/radionational/programs/lawreport/fremantle-prison/3943178,/Users/jarlgiovanni/Desktop/bigfoot_research/public/data/frontend-data.json
f54805f59a2251ec851fce648329f8337aaf5692a85e649de75b87a7f747932f,4254,,,,Haunted Houses,2012,-34.8150256,147.672675,Australian Broadcasting Corporation,https://www.abc.net.au/listen/programs/spiritofthings/haunted-houses/4124218,/Users/jarlgiovanni/Desktop/bigfoot_research/public/data/frontend-data.json
ff321758d9ff74dcf60588da9ee79de37248db1b74cd69e6bb65f4195a6f8c76,4342,,,,"Written reports: Yowie Sighting at Munmorah, New South Wales 2012",2012,-33.182,151.585,Australian Yowie Research / AYR Yowie Reports Map,https://www.yowiehunters.com.au/new-south-wales/1685-lake-munmorah-new-south-wales-2006,/Users/jarlgiovanni/Desktop/bigfoot_research/public/data/frontend-data.json
faa10e4d67623f200ce10ea688ce26fa77cede76394b4ac54a599c44b9f49f2b,4343,,,,"Written reports: Yowie Sighting at Munmorah, New South Wales 2012",2012,-33.182,151.585,Australian Yowie Research / AYR Yowie Reports Map,https://www.yowiehunters.com.au/new-south-wales/1827-munmorah-new-south-wales-2012,/Users/jarlgiovanni/Desktop/bigfoot_research/public/data/frontend-data.json
7d6818fb0f1100c7bf568636092785007d2b4829d85dae70d3441d0d723262d7,4375,,,,"YouTube reports, interviews: Yowie Sighting (Audio Report #146) at Woolooga Queensland (2012)",2012,-26.08655,152.36749,Australian Yowie Research / AYR Yowie Reports Map,https://www.youtube.com/watch?v=A8nK8RttZ9g,/Users/jarlgiovanni/Desktop/bigfoot_research/public/data/frontend-data.json
99efecc43737cd807217968b0c9da24b4222421767f3e0d7cd44d5bde6f99a04,4376,,,,"Written reports: Yowie Sighting at Wandering, WA (Aug 2012)",2012,-32.680173,116.675168,Australian Yowie Research / AYR Yowie Reports Map,https://www.yowiehunters.com.au/western-australia/1601-wandering-western-australia-2012,/Users/jarlgiovanni/Desktop/bigfoot_research/public/data/frontend-data.json
a949f5e743d6bcffeb0f41c146bcc1bc6b965e60a4fa854af25d1032917841fe,4384,,,,"YouTube reports, interviews: Yowie Sighting (Audio Report #07) at Nunderi, New South Wales (2012)",2012,-28.3226712,153.4633068,Australian Yowie Research / AYR Yowie Reports Map,https://www.youtube.com/watch?v=L_uD_zF_B8Y,/Users/jarlgiovanni/Desktop/bigfoot_research/public/data/frontend-data.json
809543dbe92795097175b64275f0762931204907b1ff4843d10a67462124322b,4503,,,,Reports from newspapers: 2012 - Sydney Telegraph Yowie Article,2012,-33.708,150.545,Australian Yowie Research / AYR Yowie Reports Map,https://www.yowiehunters.com.au/media-clips/1776-2012-sydney-telegraph-yowie-article,/Users/jarlgiovanni/Desktop/bigfoot_research/public/data/frontend-data.json
c14de1b8b875c35b07904b0c3825f7b51af5ebd3eb15a0987150cd301c988258,4580,,,,"Witness sketches: Woolooga, Queensland(2012)",2012,-26.032201,152.37864,Australian Yowie Research / AYR Yowie Reports Map,https://www.yowiehunters.com.au/witness-sketches,/Users/jarlgiovanni/Desktop/bigfoot_research/public/data/frontend-data.json
673da131a3c9a97d178ecc7544d42d6c6472c883b605479920dc5c8490c8722e,74,,,,"Bemm River, Victoria 2013",2013,-37.639909,148.8869984,Australian Yowie Research,https://www.yowiehunters.com.au/victoria/2095-bemm-river-victoria-2013,/Users/jarlgiovanni/Desktop/bigfoot_research/public/data/frontend-data.json
538a08a65088efb66d4ec953dedfcebc05bc4bd029c9970b1794198e8e465a1e,75,,,,"Healesville, Victoria 2013",2013,-37.6537218,145.5161533,Australian Yowie Research,https://www.yowiehunters.com.au/victoria/1677-healesville-victoria-2013,/Users/jarlgiovanni/Desktop/bigfoot_research/public/data/frontend-data.json
a6da0fefaf43cb9827c1260dbd45a78ac66efa6b7e47f3199460f97ceb30e553,136,,,,"Wingello, New South Wales 2012",2013,-34.7032044,150.1660245,Australian Yowie Research,https://www.yowiehunters.com.au/new-south-wales/1664-wingello-new-south-wales-2012,/Users/jarlgiovanni/Desktop/bigfoot_research/public/data/frontend-data.json
398c360cfbb2eff14b0c7d05452344013383f2fc4f631e29e6c188170e833e1b,137,,,,"Hawkesburry River, New South Wales 2013",2013,-33.5038702,150.9274931,Australian Yowie Research,https://www.yowiehunters.com.au/new-south-wales/1622-hawkesburry-river-new-south-wales-2013,/Users/jarlgiovanni/Desktop/bigfoot_research/public/data/frontend-data.json
aefd3a74681a18f94c06b1730b5564d3d3e9ae13db457482f52bcbbc7d7908d2,138,,,,"Parkes, New South Wales 2013",2013,-32.8225409,147.9761363,Australian Yowie Research,https://www.yowiehunters.com.au/new-south-wales/1618-central-new-south-wales-2013,/Users/jarlgiovanni/Desktop/bigfoot_research/public/data/frontend-data.json
42b9512d8e989ebfb13380b6cf7c23f6776620af2a4b1bd4d6376eadd94a1f23,139,,,,"Tucabia, New South Wales 2013",2013,-29.6681594,153.1064755,Australian Yowie Research,https://www.yowiehunters.com.au/new-south-wales/1867-tucabia-new-south-wales-2013,/Users/jarlgiovanni/Desktop/bigfoot_research/public/data/frontend-data.json
2e23f4186c67d253fb7ac70a6bf6bdee95056c1decf0a41941115c7eaee20a9d,198,,,,"Bribie Island, Queensland 2013",2013,-26.9644799,153.120238,Australian Yowie Research,https://www.yowiehunters.com.au/queensland/1656-bribie-island-queensland-2013,/Users/jarlgiovanni/Desktop/bigfoot_research/public/data/frontend-data.json
b1154d41483d6434773e5cb5eea91c10bfcc72964aa0d6e8eddb66aa45af1bc2,199,,,,"Laidley, Queensland 2013",2013,-27.6395345,152.4132894,Australian Yowie Research,https://www.yowiehunters.com.au/queensland/1661-laidley-queensland-2013,/Users/jarlgiovanni/Desktop/bigfoot_research/public/data/frontend-data.json
0d3de3ab281fbbf58e4a849a825956e834b45d7343ef9d2f793efe1338a35b6b,226,,,,"Colac, Victoria 2013",2013,-38.3399766,143.5858537,Australian Yowie Research,https://www.yowiehunters.com.au/victoria/1658-colac-victoria-2013,/Users/jarlgiovanni/Desktop/bigfoot_research/public/data/frontend-data.json
c45249f8b2eb8fd0036c000976e6bf53b8b673535d2a7ec7c1f607720820f5b2,278,,,,"Bexhill, New South Wales 2013",2013,-28.7631637,153.3480115,Australian Yowie Research,https://www.yowiehunters.com.au/new-south-wales/1623-bexhill-new-south-wales-2013,/Users/jarlgiovanni/Desktop/bigfoot_research/public/data/frontend-data.json
dffaf89033fc7efdf90841c3f120e7dcf2cfe8413a8ef44471394c8799d90b71,293,,,,"Blaxland, New South Wales 2013",2013,-33.7460755,150.6092697,Australian Yowie Research,https://www.yowiehunters.com.au/new-south-wales/1663-blaxland-new-south-wales-2013,/Users/jarlgiovanni/Desktop/bigfoot_research/public/data/frontend-data.json
c8aac3707ed31a51ecdce6538be37f422df3d239fed31e05d0e77c00499824f6,309,,,,"Daisy Hill, Queensland 2013",2013,-27.643611,153.1538113,Australian Yowie Research,https://www.yowiehunters.com.au/queensland/1660-daisy-hill-queensland-2013,/Users/jarlgiovanni/Desktop/bigfoot_research/public/data/frontend-data.json
526867092f32d7f65b07c7cde682b855be69910de64e273fb09165570a5d027e,311,,,,"Dalby, Queensland 2013",2013,-27.1822593,151.2634168,Australian Yowie Research,https://www.yowiehunters.com.au/queensland/1657-dalby-queensland-2013,/Users/jarlgiovanni/Desktop/bigfoot_research/public/data/frontend-data.json
52f965639d9112ce6cb173888486824e61af6b62af8ccf94b9e0410182f317c8,379,,,,"Maudsland, Queensland 2013",2013,-27.9280622,153.2823303,Australian Yowie Research,https://www.yowiehunters.com.au/queensland/2282-maudsland-queensland-2013,/Users/jarlgiovanni/Desktop/bigfoot_research/public/data/frontend-data.json
1a9bf027845fb7e5d6a68996e6a3969e3fc967db6c7e21acd6776031bcd677f6,414,,,,"Glenbrook, New South Wales 2013",2013,-33.7670661,150.622492,Australian Yowie Research,https://www.yowiehunters.com.au/new-south-wales/1845-glenbrook-new-south-wales-2013,/Users/jarlgiovanni/Desktop/bigfoot_research/public/data/frontend-data.json
805e1654f18506dda05edbccb83b566f4a663aed12fad376e6bcdb2861771a5a,438,,,,"Grenfell, New South Wales 2013",2013,-33.8967902,148.160764,Australian Yowie Research,https://www.yowiehunters.com.au/new-south-wales/1842-grenfell-new-south-wales-2013,/Users/jarlgiovanni/Desktop/bigfoot_research/public/data/frontend-data.json
d6021de357adf8f12b3fa408a73bbd02bebca6752351f33f4f7f027b576c14a6,461,,,,"Tarampa, Queensland 2013",2013,-27.4934865,152.5442582,Australian Yowie Research,https://www.yowiehunters.com.au/queensland/2077-tarampa-queens-and-2013,/Users/jarlgiovanni/Desktop/bigfoot_research/public/data/frontend-data.json
f1d8d728f5df77bc7ceeb015a529d7d41c31402d54e7b9c3f9dead9a1ed1ee41,466,,,,"Jackadgery, New South Wales 2013",2013,-29.5816646,152.5511068,Australian Yowie Research,https://www.yowiehunters.com.au/new-south-wales/2260-jackadgery-new-south-wales-2013,/Users/jarlgiovanni/Desktop/bigfoot_research/public/data/frontend-data.json
674b735dbb7d3cd37f067a6ebff3c537a37de3b6face0d9378854819a4f50eb7,528,,,,"Mongarlowe, New South Wales 2013",2013,-35.4217586,149.9390471,Australian Yowie Research,https://www.yowiehunters.com.au/new-south-wales/2264-mongarlowe-new-south-wales-2013,/Users/jarlgiovanni/Desktop/bigfoot_research/public/data/frontend-data.json
ec24ae717b0a070c5196b036e1a4fb3ca530cbc2cf16ffa2ef7407d138e6375d,529,,,,"Mooney Mooney, New South Wales 2013",2013,-33.465,151.2177778,Australian Yowie Research,https://www.yowiehunters.com.au/new-south-wales/1624-mooney-mooney-new-south-wales-2013,/Users/jarlgiovanni/Desktop/bigfoot_research/public/data/frontend-data.json
7e7645bcc9664595e7a5bdcc22aa250f5561daebae620d9e0ac2aa4d8554f0b7,537,,,,"Mt. Kembla, New South Wales 2013",2013,-34.4421839,150.8067132,Australian Yowie Research,https://www.yowiehunters.com.au/new-south-wales/1955-mt-kembla-new-south-wales-2013,/Users/jarlgiovanni/Desktop/bigfoot_research/public/data/frontend-data.json
7495b1512f338a5a8193020fcaee58d2fa6deccf6a5caf52fdc56adc2cff297d,572,,,,"Roseberg State Forest, New South Wales 2013",2013,-33.8225728,149.0473509,Australian Yowie Research,https://www.yowiehunters.com.au/new-south-wales/1629-roseberg-state-forest-new-south-wales-2013,/Users/jarlgiovanni/Desktop/bigfoot_research/public/data/frontend-data.json
ab81c4df55de78d82c536da0a1cdc9c59bf0919cc750603cc03b06d92006027a,573,,,,"Roseberg State Forest, New South Wales 2013",2013,-33.8225728,149.0473509,Australian Yowie Research,https://www.yowiehunters.com.au/new-south-wales/2058-roseberg-state-forest-new-south-wales-2014,/Users/jarlgiovanni/Desktop/bigfoot_research/public/data/frontend-data.json
8addd6fd507fc253f602485a44890dc964616e79da88af65c57eb5f0720da321,578,,,,"Stannifer, New South Wales 2013",2013,-29.8807245,151.2179078,Australian Yowie Research,https://www.yowiehunters.com.au/new-south-wales/1689-stannifer-new-south-wales-2013,/Users/jarlgiovanni/Desktop/bigfoot_research/public/data/frontend-data.json
5b8835f1b1f7d4a84ca976fff33dbf6b7b5d399e6ab2b98dc3a35acdf3019803,596,,,,"Torrington, New South Wales 2013",2013,-29.3112985,151.6967475,Australian Yowie Research,https://www.yowiehunters.com.au/new-south-wales/1914-torrington-new-south-wales-2013,/Users/jarlgiovanni/Desktop/bigfoot_research/public/data/frontend-data.json
e2bb503e046f9736af41d3b8831eb33d45ca7b5b8fc2188b1542bca1c543b644,962,,,,2013 - Queensland Times Yowie Article,2013,-27.5615314,152.2791353,Australian Yowie Research,https://www.yowiehunters.com.au/media-clips/1742-2013-queensland-times-yowie-article,/Users/jarlgiovanni/Desktop/bigfoot_research/public/data/frontend-data.json
0a10ea238ec8d54de7199b131ff164d21882f4c7190adf7d464df6b874dfadf6,1096,,,,2013 - Northern Star Yowie Article,2013,-28.7631637,153.3480115,Australian Yowie Research,https://www.yowiehunters.com.au/media-clips/1740-2013-northern-star-yowie-article,/Users/jarlgiovanni/Desktop/bigfoot_research/public/data/frontend-data.json
f2d9dac9592cbd9b03de57265508eeaebe8a9085ee68d0978a447f90a251c3ad,3997,,,,Faust's Ghost,2013,-37.8106911,144.9723167,Australian Broadcasting Corporation,https://www.abc.net.au/radionational/programs/archived/hindsight/faust-in-australia/4506328,/Users/jarlgiovanni/Desktop/bigfoot_research/public/data/frontend-data.json
64504bfa16daf46e4ed5391b80487409649cd1f45f932a3843e0dd0f726bd47e,4047,,,,Ghost hunters check Tasmania's Franklin House for bumps in the night,2013,-41.4900176,147.1683193,Australian Broadcasting Corporation,https://www.abc.net.au/news/2013-07-08/ghostbusters-check-colonial-house-for-bumps-in-the-night/4804354,/Users/jarlgiovanni/Desktop/bigfoot_research/public/data/frontend-data.json
a98fa7e6a53c6f2d0e0ed402039115c46924eb9a1685792e939cb606f493bbfc,4074,,,,ghost in Darwin Ambulance Centre resident ghost,2013,-12.42858,130.8431037,Territory Stories,https://hdl.handle.net/10070/583757,/Users/jarlgiovanni/Desktop/bigfoot_research/public/data/frontend-data.json
91677f4770f51299068590551abe25a711474731ba90ec385d996c328388a842,4246,,,,Drama over ghost documentary,2013,-42.7854275,147.0636218,Australian Broadcasting Corporation,https://www.abc.net.au/news/2013-02-22/drama-over-ghost-documentary/4535132,/Users/jarlgiovanni/Desktop/bigfoot_research/public/data/frontend-data.json
bcb9503dafe9607a9ea2902becd82d2409290c129da1dd85a425eac6dc799332,4314,,,,"Written reports: Yowie Sighting at Hawkesburry River, New South Wales 2013",2013,-33.565,151.3,Australian Yowie Research / AYR Yowie Reports Map,https://www.yowiehunters.com.au/new-south-wales/1622-hawkesburry-river-new-south-wales-2013,/Users/jarlgiovanni/Desktop/bigfoot_research/public/data/frontend-data.json
d3fd50edca145bd0c2fe693cb776d0c6c5b536db1367e3dd3cda6bf71eae96d6,4329,,,,Written reports: Yowie Sighting in Central New South Wales 2013,2013,-33.38436,148.0076,Australian Yowie Research / AYR Yowie Reports Map,https://www.yowiehunters.com.au/new-south-wales/1618-central-new-south-wales-2013,/Users/jarlgiovanni/Desktop/bigfoot_research/public/data/frontend-data.json
6bdb2105710a31b3d36816f11366a8936b339c276088a9859110f450c60c5846,4333,,,,"Written reports: Yowie Sighting at Mooney Mooney, New South Wales 2013",2013,-33.523,151.201,Australian Yowie Research / AYR Yowie Reports Map,https://www.yowiehunters.com.au/new-south-wales/1624-mooney-mooney-new-south-wales-2013,/Users/jarlgiovanni/Desktop/bigfoot_research/public/data/frontend-data.json
18840d1234dae5dd0c05c1fd26c503bafe44b14cf5cb5eb93df256664e986c76,4377,,,,"YouTube reports, interviews: Possible Yowie Sighting (Audio Report #09) at Wingello, New South Wales (Nov 2013)",2013,-34.7032044,150.1660245,Australian Yowie Research / AYR Yowie Reports Map,https://www.youtube.com/watch?v=r7KVsm2ruU,/Users/jarlgiovanni/Desktop/bigfoot_research/public/data/frontend-data.json
68f2f3cfc905adb23d9223181e43f16b333195a6e1ea10615a0499255ac541db,4379,,,,"YouTube reports, interviews: Yowie Sighting (Audio Report #13) at Springwood, Blue Mountains, New South Wales (Dec 2013)",2013,-33.706136,150.564693,Australian Yowie Research / AYR Yowie Reports Map,https://www.youtube.com/watch?v=hR9UV7jEQBs,/Users/jarlgiovanni/Desktop/bigfoot_research/public/data/frontend-data.json
46bbf1ec79750b992efbdfbe7c6225986fed942c1f52f700f780c9e7be71af27,4504,,,,Reports from newspapers: 2013 - Northern Star Yowie Article,2013,-28.743,153.357,Australian Yowie Research / AYR Yowie Reports Map,https://www.yowiehunters.com.au/media-clips/1740-2013-northern-star-yowie-article,/Users/jarlgiovanni/Desktop/bigfoot_research/public/data/frontend-data.json
75e51aa8ac863531ac3db07e7ce0ba2c421f679d1d553e0ba3e87370c55ca6e0,4505,,,,Reports from newspapers: 2013 - Queensland Times Yowie Article,2013,-27.7208,152.3752,Australian Yowie Research / AYR Yowie Reports Map,https://www.yowiehunters.com.au/media-clips/1742-2013-queensland-times-yowie-article,/Users/jarlgiovanni/Desktop/bigfoot_research/public/data/frontend-data.json
2fc1d5ee396585955035f1150f397c4564c984c9e11038f6aa8a01e72046772a,4567,,,,"Photographs of footprints and handprints : Nerang State Forest, Queensland (2013)",2013,-27.9766,153.293618,Australian Yowie Research / AYR Yowie Reports Map,https://www.yowiehunters.com.au/footprints,/Users/jarlgiovanni/Desktop/bigfoot_research/public/data/frontend-data.json
57b370fed7c5c680d83eccddff5e298fdbd33b0d41b45e7b87a8520d1ad1152d,27,,,,"Wilpena Pound, South Australia 2014",2014,-31.5264564,138.606148,Australian Yowie Research,https://www.yowiehunters.com.au/south-australia/1805-wilpena-pound-south-australia-2014,/Users/jarlgiovanni/Desktop/bigfoot_research/public/data/frontend-data.json
9d42828429d093b3e277c1d4a485cd065d99597276fc36d20a020d7032b3e109,140,,,,"Nemingha, New South Wales 2014",2014,-31.1212156,150.9888808,Australian Yowie Research,https://www.yowiehunters.com.au/new-south-wales/1838-nemingha-new-south-wales-2014,/Users/jarlgiovanni/Desktop/bigfoot_research/public/data/frontend-data.json
7f639850335845b95411a80443284837b326b537cea54725e56b73d7cf44f9f9,200,,,,"Deepwater National Park, Queensland 2014",2014,-24.3082663,151.9379523,Australian Yowie Research,https://www.yowiehunters.com.au/queensland/1829-deepwater-national-park-queensland-2014,/Users/jarlgiovanni/Desktop/bigfoot_research/public/data/frontend-data.json
7633f26d77118aa7b2962a213e6e6750b065f4ca9e0d9394834d097f6b257e70,281,,,,"Bilpin, New South Wales 2014",2014,-33.496492,150.5288182,Australian Yowie Research,https://www.yowiehunters.com.au/new-south-wales/1682-bilpin-new-south-wales-2014,/Users/jarlgiovanni/Desktop/bigfoot_research/public/data/frontend-data.json
3c113ba04b498ad06b9efeb691450da5f06471e25481f60059e466efec241e11,289,,,,"Rokewood, Victoria 2014",2014,-37.9015846,143.7198039,Australian Yowie Research,https://www.yowiehunters.com.au/victoria/2008-rokewood-victoria-2014,/Users/jarlgiovanni/Desktop/bigfoot_research/public/data/frontend-data.json
03c774a398da6eff9adc2c03b8daff099341d28a84edd422b9192f88ec54a02d,343,,,,"Jacobs Well, Queensland 2014",2014,-27.781997,153.3548782,Australian Yowie Research,https://www.yowiehunters.com.au/queensland/2191-jacobs-well-queensland-2014,/Users/jarlgiovanni/Desktop/bigfoot_research/public/data/frontend-data.json
871f8a79b35405c037807f1ff46ffeba50b5e98d3a21dabbe28e7cd2c7adb69d,360,,,,"Cessnock, New South Wales 2014",2014,-32.8316667,151.3511111,Australian Yowie Research,https://www.yowiehunters.com.au/new-south-wales/1672-cessnock-new-south-wales-2014,/Users/jarlgiovanni/Desktop/bigfoot_research/public/data/frontend-data.json
2b53e934c0c977cdca3166eccae3a54917ea370aa90fc108d495a04ee7b0d665,378,,,,"Cooperbung, New South Wales 2014",2014,-31.2816667,152.7844444,Australian Yowie Research,https://www.yowiehunters.com.au/new-south-wales/2033-cooperbung-new-south-wales-2014,/Users/jarlgiovanni/Desktop/bigfoot_research/public/data/frontend-data.json
841ee14afacec8f7e649da4d4b7af606b65abde8b91cbabdeb337ff89f42e9d6,428,,,,"Grafton - Coutts Crossing, New South Wales 2014",2014,-29.6816773,152.9336357,Australian Yowie Research,https://www.yowiehunters.com.au/new-south-wales/2073-grafton-coutts-crossing-nsw-2014,/Users/jarlgiovanni/Desktop/bigfoot_research/public/data/frontend-data.json
56b61560ced236feb06a52b3b4afbe355b97f8b1e879e3ed483a34ade2ad75d0,963,,,,2014 - Cairns Post Yowie Article,2014,-16.9206657,145.7721854,Australian Yowie Research,https://www.yowiehunters.com.au/media-clips/1736-2014-cairns-post-yowie-article,/Users/jarlgiovanni/Desktop/bigfoot_research/public/data/frontend-data.json
4cfb9db7c47a44eb2d15fb045ec35809763cd1dc5cc8d5eb678562de10bfd749,964,,,,2014 - Cairns Post Yowie Article 2,2014,-16.9206657,145.7721854,Australian Yowie Research,https://www.yowiehunters.com.au/media-clips/1738-2014-cairns-post-yowie-article-2,/Users/jarlgiovanni/Desktop/bigfoot_research/public/data/frontend-data.json
47429965f7d476fbdb2e5f073d8e2a627be2ae0ae7c6e461eddbe3aa5e8290f1,965,,,,"2014 - Canberra Times, Re: 1912 Braidwood",2014,-35.2975906,149.1012676,Australian Yowie Research,https://www.yowiehunters.com.au/media-clips/1726-2014-canberra-times-re-1912-braidwood,/Users/jarlgiovanni/Desktop/bigfoot_research/public/data/frontend-data.json
70fedf3c0b8716611868e10898e06599e5850bce7a2781ab13c557dc851895ae,966,,,,2014 - Gympie Times Yowie Article,2014,-26.1900447,152.6600256,Australian Yowie Research,https://www.yowiehunters.com.au/media-clips/1743-2014-gympie-times-yowie-article,/Users/jarlgiovanni/Desktop/bigfoot_research/public/data/frontend-data.json
ce92739718cc77a32386afa415c5f268c1cd8f0590007228f8dc01d0cab06395,1049,,,,2014 - ABC News Yowie Article 2,2014,-35.4388907,149.7955552,Australian Yowie Research,https://www.yowiehunters.com.au/media-clips/1798-2014-abc-news-yowie-article-2,/Users/jarlgiovanni/Desktop/bigfoot_research/public/data/frontend-data.json
d5e73ebd9565f4d01ecf1e22f91f8483ef8a60463b8b8f25b4f4d569af07f885,1050,,,,2014 - Pt Douglas Gazette Yowie Article,2014,-16.4845983,145.4636294,Australian Yowie Research,https://www.yowiehunters.com.au/media-clips/1744-2014-pt-douglas-gazette-yowie-article,/Users/jarlgiovanni/Desktop/bigfoot_research/public/data/frontend-data.json
504271be80c406915dab85adff8805df504220902b1795d9b16f80f789ad5ae6,1097,,,,2014 - ABC News Yowie Article,2014,-26.6352315,152.6166379,Australian Yowie Research,https://www.yowiehunters.com.au/media-clips/1739-2014-abc-news-yowie-article,/Users/jarlgiovanni/Desktop/bigfoot_research/public/data/frontend-data.json
055140705b1d519bc22f7bf6e75fe7c04e83fd7084c7c37d87341506163cfd84,4015,,,,Adelaide's notorious Z Ward asylum opens for after-dark ghost tours,2014,-34.9428535,138.6323835,Australian Broadcasting Corporation,https://www.abc.net.au/news/2014-11-12/adelaides-z-ward-asylum-opens-for-after-dark-ghost-tours/5886308,/Users/jarlgiovanni/Desktop/bigfoot_research/public/data/frontend-data.json
32cee428fdb657f91cf4a84686ce039b5d88755416bcf96232fd242af4912797,4073,,,,Yowie in Acacia Hills yowie sightings and damage speculation,2014,-12.768419,131.141951,Territory Stories,https://hdl.handle.net/10070/534950,/Users/jarlgiovanni/Desktop/bigfoot_research/public/data/frontend-data.json
2dcf90c44219a5d5675fef26410f4e3eeed7dd8ecac3c2ee176d7f04d6b2669e,4301,,,,"Written reports: Yowie Sighting at Cooperabung, New South Wales 2014",2014,-31.2816667,152.7844444,Australian Yowie Research / AYR Yowie Reports Map,https://www.yowiehunters.com.au/new-south-wales/2033-cooperbung-new-south-wales-2014,/Users/jarlgiovanni/Desktop/bigfoot_research/public/data/frontend-data.json
08c5cc36d5fe901b901738ccbb7ca0cd3351c179303407e037bc00add5769b32,4310,,,,"Written reports: Yowie Sighting at Grafton - Coutts Crossing, New South Wales 2014",2014,-29.787695,152.86262,Australian Yowie Research / AYR Yowie Reports Map,https://www.yowiehunters.com.au/new-south-wales/2073-grafton-coutts-crossing-nsw-2014,/Users/jarlgiovanni/Desktop/bigfoot_research/public/data/frontend-data.json
a1a69fdedabb707090fcced4b86d1acfc76de7a9318ee38ff28dd60802e7c801,4506,,,,Reports from newspapers: 2014 - ABC News Yowie Article,2014,-28.3,153.216667,Australian Yowie Research / AYR Yowie Reports Map,https://www.yowiehunters.com.au/media-clips/1739-2014-abc-news-yowie-article,/Users/jarlgiovanni/Desktop/bigfoot_research/public/data/frontend-data.json
8377e183cdc03cae032462a710318fa1b3bd273641ac77f7bde26463997bb117,4507,,,,Reports from newspapers: 2014 - ABC News Yowie Article 2,2014,-35.708056,150.174444,Australian Yowie Research / AYR Yowie Reports Map,https://www.yowiehunters.com.au/media-clips/1798-2014-abc-news-yowie-article-2,/Users/jarlgiovanni/Desktop/bigfoot_research/public/data/frontend-data.json
1fe4ab4eae8a0c618a999630633a1978758d5051b8fa272c1917f83ffeb265a9,4508,,,,Reports from newspapers: 2014 - Cairns Post Yowie Article,2014,-12.6187,141.8855,Australian Yowie Research / AYR Yowie Reports Map,https://www.yowiehunters.com.au/media-clips/1736-2014-cairns-post-yowie-article,/Users/jarlgiovanni/Desktop/bigfoot_research/public/data/frontend-data.json
d32c62ecee9fbe09f9d4772316775634c1f0fef9a9cea5a5357e3b02bf90eaab,4509,,,,Reports from newspapers: 2014 - Gympie Times Yowie Article,2014,-26.185,152.6755,Australian Yowie Research / AYR Yowie Reports Map,https://www.yowiehunters.com.au/media-clips/1743-2014-gympie-times-yowie-article,/Users/jarlgiovanni/Desktop/bigfoot_research/public/data/frontend-data.json
6d9be320f98c0bbcbf9c64113135592646752964702e2a3a9102c8e8e03e4f5d,4510,,,,Reports from newspapers: 2014 - NT News Yowie Article,2014,-12.524085,131.092505,Australian Yowie Research / AYR Yowie Reports Map,https://www.yowiehunters.com.au/media-clips/1737-2014-nt-news-yowie-article,/Users/jarlgiovanni/Desktop/bigfoot_research/public/data/frontend-data.json
83fd0048ecd93d31510746752d9d14c69da99a92ee37f8792af348a4c1154d1a,4511,,,,Reports from newspapers: 2014 - Pt Douglas Gazette Yowie Article,2014,-16.5394,145.4636,Australian Yowie Research / AYR Yowie Reports Map,https://www.yowiehunters.com.au/media-clips/1744-2014-pt-douglas-gazette-yowie-article,/Users/jarlgiovanni/Desktop/bigfoot_research/public/data/frontend-data.json
89f7de8e2f0f92411c0fd5d884678b3094993af1eb452538daffe4e2d41fb060,4571,,,,"Photographs of footprints and handprints : Stanthorpe, Queensland (March 2014)",2014,-28.659219,151.948368,Australian Yowie Research / AYR Yowie Reports Map,https://www.yowiehunters.com.au/footprints,/Users/jarlgiovanni/Desktop/bigfoot_research/public/data/frontend-data.json
3692f351e3d5d357caab4c5a685ed4172022e9d2d00b8ad0212e226b65e8ef15,4585,,,,"Witness sketches: Deepwater National Park, Queensland (2014)",2014,-24.266016,151.878768,Australian Yowie Research / AYR Yowie Reports Map,https://www.yowiehunters.com.au/witness-sketches,/Users/jarlgiovanni/Desktop/bigfoot_research/public/data/frontend-data.json
994d243c7738f2747ecbe3d237358e22271b7f4ac1224d55dc55770570237aaa,28,,,,"Sixth Creek - Adelaide Hills, South Australia 2015",2015,-34.9060729,138.7798387,Australian Yowie Research,https://www.yowiehunters.com.au/south-australia/1882-sixth-creek-adelaide-hills-south-australia-2015,/Users/jarlgiovanni/Desktop/bigfoot_research/public/data/frontend-data.json
7f19aa6aafdee72542218faed0f077c5cc933167ce9ee43cbfe81ab1fcaff3c7,76,,,,"Harrietville, Victoria 2015",2015,-36.8923168,147.0638695,Australian Yowie Research,https://www.yowiehunters.com.au/victoria/1889-harrietville-victoria-2015,/Users/jarlgiovanni/Desktop/bigfoot_research/public/data/frontend-data.json
f70b7e19e5be487406aa99b612866b70985e313779472fa5d4664af7e3c3eb8b,77,,,,"Mount Hotham, Victoria 2015",2015,-36.9752998,147.1280943,Australian Yowie Research,https://www.yowiehunters.com.au/victoria/2219-mount-hotham-victoria-2015,/Users/jarlgiovanni/Desktop/bigfoot_research/public/data/frontend-data.json
280e4a54caeb6ef2c14126741cec61f43a1657c0651b105ac7f99cd726472c1f,141,,,,"Coramba, New South Wales 2015",2015,-30.2208606,153.0148823,Australian Yowie Research,https://www.yowiehunters.com.au/new-south-wales/1999-coramba-new-south-wales-2015,/Users/jarlgiovanni/Desktop/bigfoot_research/public/data/frontend-data.json
e2eb64c66bd5f37fcddd22a184442d2677e1b9c35d1fe595482fa85c549b234e,142,,,,"Mt. Keira, New South Wales 2015",2015,-34.403077,150.8520661,Australian Yowie Research,https://www.yowiehunters.com.au/new-south-wales/1824-mt-keira-new-south-wales-2015,/Users/jarlgiovanni/Desktop/bigfoot_research/public/data/frontend-data.json
deb2706b5e92cd76a56ebb746816e943f5e7dea8341b01af3345967fca40d13e,201,,,,"Nanango, Queensland 2015",2015,-26.6764195,151.9851744,Australian Yowie Research,https://www.yowiehunters.com.au/queensland/2072-nanango-queensland-2015,/Users/jarlgiovanni/Desktop/bigfoot_research/public/data/frontend-data.json
7f82208165c9e913b2a8501bd1f5114ae34ccc4601f016014e08568b0b0b9e2d,203,,,,"Ormeau Hills, Queensland 2016",2015,-27.800612,153.2337463,Australian Yowie Research,https://www.yowiehunters.com.au/queensland/1848-ormeau-hills-queensland-2016,/Users/jarlgiovanni/Desktop/bigfoot_research/public/data/frontend-data.json
c0f5eee7c171faa6c7e6a8864879338b9e50523dc9c4a157be4f77222cb02289,266,,,,"Belbora, New South Wales 2015",2015,-31.9733333,152.1511111,Australian Yowie Research,https://www.yowiehunters.com.au/new-south-wales/1841-belbora-new-south-wales-2015,/Users/jarlgiovanni/Desktop/bigfoot_research/public/data/frontend-data.json
0e9d6ac70e84f82d61a31207c0535ec5fdecb34914f32d007c4675a991d25075,295,,,,"Trentham, Victoria 2015",2015,-37.3900875,144.3263388,Australian Yowie Research,https://www.yowiehunters.com.au/victoria/1811-trentham-victoria-2015,/Users/jarlgiovanni/Desktop/bigfoot_research/public/data/frontend-data.json
170ff81572cbbbf9072ce762ba221cb400b6c4f7d86c0fed36e553149e5d71fe,304,,,,"Bocoble, New South Wales 2015",2015,-32.7983333,149.7177778,Australian Yowie Research,https://www.yowiehunters.com.au/new-south-wales/1888-bocoble-new-south-wales-2015,/Users/jarlgiovanni/Desktop/bigfoot_research/public/data/frontend-data.json
5c907b4b03d3ad36b452fe4bbc1cad6bc946d1863bc6f83b870d653f1aecf757,326,,,,"Brisbane Water National Park, New South Wales 2015",2015,-33.4880548,151.3274925,Australian Yowie Research,https://www.yowiehunters.com.au/new-south-wales/2118-brisbane-water-national-park-new-south-wales-2015,/Users/jarlgiovanni/Desktop/bigfoot_research/public/data/frontend-data.json
715044e1b8de119e4b5672d3bc27f365c2c730071dd046fa3faa4186ee64b017,328,,,,"Broke, New South Wales 2015",2015,-32.7477265,151.102302,Australian Yowie Research,https://www.yowiehunters.com.au/new-south-wales/1973-broke-new-south-wales-2015,/Users/jarlgiovanni/Desktop/bigfoot_research/public/data/frontend-data.json
684917e6395098f70243f440b460564c19397d462ea2b3581f2156377d9ad419,367,,,,"Lake Tinaroo, Queensland 1995",2015,-17.1964585,145.5740538,Australian Yowie Research,https://www.yowiehunters.com.au/queensland/2129-lake-tinaroo-queensland-1995,/Users/jarlgiovanni/Desktop/bigfoot_research/public/data/frontend-data.json
ab9a81dbf9aa21bbb431e2aa69c3b3086fec766afd45a702d1a34802e82a7b81,377,,,,"Manumbar, Queensland 2015",2015,-26.370452,152.2800721,Australian Yowie Research,https://www.yowiehunters.com.au/queensland/2128-manumbar-queensland-2015,/Users/jarlgiovanni/Desktop/bigfoot_research/public/data/frontend-data.json
cd702af8468df27750c0abeebe45aef189da5613b85c886eb722f5b7a405b2fa,396,,,,"Dorrigo, New South Wales 2015",2015,-30.3399677,152.7120341,Australian Yowie Research,https://www.yowiehunters.com.au/new-south-wales/2000-dorrigo-new-south-wales-2015,/Users/jarlgiovanni/Desktop/bigfoot_research/public/data/frontend-data.json
0470d536291bacbf9c19289385306c62038309f49d781057ba9e43523ec29210,493,,,,"Witheren, Queensland 2015",2015,-28.0506572,153.1877059,Australian Yowie Research,https://www.yowiehunters.com.au/queensland/1875-beechmont-queensland-2015,/Users/jarlgiovanni/Desktop/bigfoot_research/public/data/frontend-data.json
b1ebab77d57fac1759941384087e10c1741f762c51c40d98fd45a4b0625ee8fc,521,,,,"Maldon, New South Wales 2015",2015,-34.1984323,150.6372344,Australian Yowie Research,https://www.yowiehunters.com.au/new-south-wales/1810-maldon-new-south-wales-2015,/Users/jarlgiovanni/Desktop/bigfoot_research/public/data/frontend-data.json
680a88bb6ac83f06de1a99580cb9fb389d56b0e61c6ad3a205bfae845c94fbe9,530,,,,"Morton NP, New South Wales 2015",2015,-35.2321015,150.2110148,Australian Yowie Research,https://www.yowiehunters.com.au/new-south-wales/1887-morton-np-new-south-wales-2015,/Users/jarlgiovanni/Desktop/bigfoot_research/public/data/frontend-data.json
52c92c417e53aebe2f4c143092a72854a6e601dfc5da56536db62e1738706ccb,546,,,,"Narara, New South Wales 2015",2015,-33.3955556,151.3355556,Australian Yowie Research,https://www.yowiehunters.com.au/new-south-wales/1967-narara-new-south-wales-2015,/Users/jarlgiovanni/Desktop/bigfoot_research/public/data/frontend-data.json
9832e913b3c38a5cfafd4c99a897f10e25bb0a2fca0f48681044056a67768ef9,628,,,,"Woy Woy, New South Wales 2015",2015,-33.4880548,151.3274925,Australian Yowie Research,https://www.yowiehunters.com.au/new-south-wales/2143-woy-woy-new-south-wales-2015,/Users/jarlgiovanni/Desktop/bigfoot_research/public/data/frontend-data.json
ccb6251516c25bd141ca5a6eb5cf8cc9f8b16bfe57856c19c535c60a44ce8001,968,,,,2015 - Byron Shire News Yowie Article,2015,-27.6160323,152.7608348,Australian Yowie Research,https://www.yowiehunters.com.au/media-clips/1898-1025-byron-shire-news-yowie-article,/Users/jarlgiovanni/Desktop/bigfoot_research/public/data/frontend-data.json
40fe16091dcab5867a06537b8e1dad8aa16a184fe4569dd0c3b604887dd1ec56,969,,,,2015 - Gympie Times Yowie Article,2015,-26.1900447,152.6600256,Australian Yowie Research,https://www.yowiehunters.com.au/media-clips/2135-2015-gympie-times-yowie-article,/Users/jarlgiovanni/Desktop/bigfoot_research/public/data/frontend-data.json
ef0d054b9588d584a32decdca20389c1d5abd0ad4cf1010fc9ad73030eece696,970,,,,2015- Epoch Times Yowie Article,2015,-33.7017613,150.5655467,Australian Yowie Research,https://www.yowiehunters.com.au/media-clips/1823-2015-epoch-times,/Users/jarlgiovanni/Desktop/bigfoot_research/public/data/frontend-data.json
a9e22d8c6ac0bc3496ac9b9276735ac3aee40e358e0f276d5cca4fecdf39b19d,1051,,,,2015 - Logan Reporter Yowie Article,2015,-27.76316,153.0027044,Australian Yowie Research,https://www.yowiehunters.com.au/media-clips/1822-2015-logan-reporter,/Users/jarlgiovanni/Desktop/bigfoot_research/public/data/frontend-data.json
3975fced93fed56ff20e186b51754fbfa170df9b7478b4f02f3c3e5599782edc,1052,,,,2015 - Sunshine Valley Gazette Yowie Article,2015,-26.7079095,152.8508329,Australian Yowie Research,https://www.yowiehunters.com.au/media-clips/1821-2015-sunshine-valley-gazette,/Users/jarlgiovanni/Desktop/bigfoot_research/public/data/frontend-data.json
f9f4b1b9dd5545be5690862160a440e3d98a78a48073d930480dc023835b1469,4051,,,,Dumbleyung Pub,2015,-33.3158771,117.7417032,Australian Broadcasting Corporation,https://www.abc.net.au/listen/programs/lifematters/dumbleyung-pub/6875282,/Users/jarlgiovanni/Desktop/bigfoot_research/public/data/frontend-data.json
c039fc138e0eef6e21caa9ae3bdbe8603b569971fd07473729818bc8d9779db4,4053,,,,TV ghost buster Ben Hansen investigates Adelaide's popular haunts,2015,-35.224964,139.4214197,Australian Broadcasting Corporation,https://www.abc.net.au/news/2015-05-14/syfy-ghost-buster-ben-hansen-investigates-adelaides-haunts/6467530,/Users/jarlgiovanni/Desktop/bigfoot_research/public/data/frontend-data.json
0c563d6f3b503748ebcbbef2cb4287c7691c91f3686e3718b81b726534dea648,4078,,,,ghost in Spectrum Theatre convict ghost,2015,-35.0297984,117.8894525,Australian Broadcasting Corporation,https://www.abc.net.au/news/2015-11-20/spectrum-theatre-albany-wa-restoration/6958836,/Users/jarlgiovanni/Desktop/bigfoot_research/public/data/frontend-data.json
f701a2642e900cf2996776ca54759feaae9aee213fad73d715256704d2b8daec,4084,,,,ghost in Bayview Hotel young woman ghost,2015,-40.7605718,145.2945184,Australian Broadcasting Corporation,https://www.abc.net.au/news/2015-02-11/bayview-hotel-restored-in-stanley/6083410,/Users/jarlgiovanni/Desktop/bigfoot_research/public/data/frontend-data.json
1065a2a442c3f6a388c28a0faf9e653051af3c830f2cfe2f8c4808dc669e09fd,4085,,,,woman in Majestic Theatre woman presence,2015,-26.3656737,152.857472,Australian Broadcasting Corporation,https://www.abc.net.au/news/2015-01-06/queensland-set-for-ghostbuster-tour/6002230#majestic-theatre,/Users/jarlgiovanni/Desktop/bigfoot_research/public/data/frontend-data.json
24f349b2d816a4d45f85f004408a4a2e6a6108954307a970aa43ee80a773a201,4241,,,,Adelaide Gaol guided tours return to historic site after long hiatus,2015,-34.9179424,138.5848489,Australian Broadcasting Corporation,https://www.abc.net.au/news/2015-11-04/adelaide-gaol-guided-historical-tours-return-to-historic-site/6908794,/Users/jarlgiovanni/Desktop/bigfoot_research/public/data/frontend-data.json
6b89d28995cc87f9f15ed4d311e6d2fdf4acdee34705b7f6b3f4574f802e1e53,4302,,,,"Written reports: Yowie Sighting at Coramba, New South Wales 2015",2015,-30.216667,153.016667,Australian Yowie Research / AYR Yowie Reports Map,https://www.yowiehunters.com.au/new-south-wales/1999-coramba-new-south-wales-2015,/Users/jarlgiovanni/Desktop/bigfoot_research/public/data/frontend-data.json
56c2eeec9a29bfed2c05d59504fcd6accbba8f5fba9d928855befe221042e694,4334,,,,"Written reports: Yowie Sighting at Morton NP, New South Wales 2015",2015,-35.181944,150.208056,Australian Yowie Research / AYR Yowie Reports Map,https://www.yowiehunters.com.au/new-south-wales/1887-morton-np-new-south-wales-2015,/Users/jarlgiovanni/Desktop/bigfoot_research/public/data/frontend-data.json
9c2b1ef5ab4061097a28409adb7ce0aa8bcd88e7ea58d229d39f0922eaa4aeab,4338,,,,"Written reports: Yowie Sighting at Brisbane Water National Park, New South Wales 2015",2015,-33.5157145,151.2697774,Australian Yowie Research / AYR Yowie Reports Map,https://www.yowiehunters.com.au/new-south-wales/2118-brisbane-water-national-park-new-south-wales-2015,/Users/jarlgiovanni/Desktop/bigfoot_research/public/data/frontend-data.json
4866ea26bdef19e392739b142ad362863786a36c5d5a4457510a64a089ea6135,4380,,,,"YouTube reports, interviews: Yowie Sighting (Audio Report #126) near Meckering, Western Australia (2015)",2015,-31.578517,117.024761,Australian Yowie Research / AYR Yowie Reports Map,https://www.youtube.com/watch?v=MHgedlwPZhw,/Users/jarlgiovanni/Desktop/bigfoot_research/public/data/frontend-data.json
d2d66ae69a78f8b37783c1d5abef5052720da9af2830dd77349a9f9b7cb5e78a,4381,,,,"YouTube reports, interviews: Yowie Sighting (Audio Report #148) at Brisbane Water National Park, New South Wales (mid 2015)",2015,-33.5157145,151.2697774,Australian Yowie Research / AYR Yowie Reports Map,https://www.youtube.com/watch?v=75XQxLtp_ro,/Users/jarlgiovanni/Desktop/bigfoot_research/public/data/frontend-data.json
b3b79b82ce923b59f80afdff212ccfc734866915318189fe2c1c56e9e0e87d5d,4382,,,,"Written reports: Yowie Sighting near Tom Price, WA (2015)",2015,-22.68648,117.57723,Australian Yowie Research / AYR Yowie Reports Map,https://www.yowiehunters.com.au/western-australia/2079-tom-price-western-australia-2015,/Users/jarlgiovanni/Desktop/bigfoot_research/public/data/frontend-data.json
93e3d0367d800147d44cfb25c6166d5cde6948e024e1ef5dd6b0eaca001e7b3d,4383,,,,"YouTube reports, interviews: Yowie Sighting (Audio Report #141) at Coutts Crossing, New South Wales (Aug 2015)",2015,-29.7907,152.85962,Australian Yowie Research / AYR Yowie Reports Map,https://www.youtube.com/watch?v=zGxhc9gvU3c,/Users/jarlgiovanni/Desktop/bigfoot_research/public/data/frontend-data.json
7b5e13fa005b5c379d1f9c9d683a31353f7b5f58c73ba0e00058626e756d8b80,4385,,,,"YouTube reports, interviews: Yowie Sighting (Audio Report #150) at Manumbah, Queensland (2015)",2015,-26.53985,152.05297,Australian Yowie Research / AYR Yowie Reports Map,https://www.youtube.com/watch?v=A5wAXrT_x8s,/Users/jarlgiovanni/Desktop/bigfoot_research/public/data/frontend-data.json
2037c6d6b0f73bc05424c665228fbc7fa60c86e506be6edfb9755db755899feb,4512,,,,Reports from newspapers: 2015 - Ancient Origins Yowie Article,2015,-38.483333,145.233333,Australian Yowie Research / AYR Yowie Reports Map,https://www.yowiehunters.com.au/media-clips/1917-2015-ancient-origins-yowie-article,/Users/jarlgiovanni/Desktop/bigfoot_research/public/data/frontend-data.json
79552b71d8876105e08594f22686437ed25da09df4bfa206fa06b5e8b2bb824e,4513,,,,Reports from newspapers: 2015 - Logan Reporter Yowie Article,2015,-27.6519,152.848,Australian Yowie Research / AYR Yowie Reports Map,https://www.yowiehunters.com.au/media-clips/1822-2015-logan-reporter,/Users/jarlgiovanni/Desktop/bigfoot_research/public/data/frontend-data.json
0630bac942a42e50f2c12413ea6a6a2830c615f9f67522865eb824c06c61077f,4514,,,,Reports from newspapers: 2015 - Sunshine Valley Gazette Yowie Article,2015,-26.6083366,152.72678443718,Australian Yowie Research / AYR Yowie Reports Map,https://www.yowiehunters.com.au/media-clips/1821-2015-sunshine-valley-gazette,/Users/jarlgiovanni/Desktop/bigfoot_research/public/data/frontend-data.json
8139962153c966f3ed58f9922ca6a893f0eea3c2c5a9a8ce546fa9b3e497265b,4554,,,,"Photographs of footprints and handprints : Barraganyatti, near Kempsey New South Wales (Sep 2015)",2015,-30.878361,152.920445,Australian Yowie Research / AYR Yowie Reports Map,https://www.yowiehunters.com.au/footprints,/Users/jarlgiovanni/Desktop/bigfoot_research/public/data/frontend-data.json
a706e85eb7697b3685619197bd2013a8b9d4b1cec21fba24515f07595dbe7028,4556,,,,"Photographs of footprints and handprints : Blackbutt - Linville area, Queensland (2015)",2015,-26.860608,152.189992,Australian Yowie Research / AYR Yowie Reports Map,https://www.yowiehunters.com.au/footprints,/Users/jarlgiovanni/Desktop/bigfoot_research/public/data/frontend-data.json
e1ad25c475c2f5788cf11913ad6040efb177234f6b8325dc433ab0c97d7a3fd0,4569,,,,"Photographs of footprints and handprints : Sapphire Bend, Oberon, New South Wales (July 2015)",2015,-33.853566,149.767237,Australian Yowie Research / AYR Yowie Reports Map,https://www.yowiehunters.com.au/footprints,/Users/jarlgiovanni/Desktop/bigfoot_research/public/data/frontend-data.json
a620c45c06d652feaa9f50be96abe5e063d2fc66ac3ddf1eb00229a590987d50,4579,,,,"Witness sketches: Woy Woy, New South Wales (2015)",2015,-33.490601,151.329884,Australian Yowie Research / AYR Yowie Reports Map,https://www.yowiehunters.com.au/witness-sketches,/Users/jarlgiovanni/Desktop/bigfoot_research/public/data/frontend-data.json
24969e00f1c1d9eeec2445f35008a7e9af9a017e05972643820cfed278f2f266,4589,,,,"Witness sketches: Picton Rd., West of Sydnet, New South Wales (2015)",2015,-34.276872,150.710397,Australian Yowie Research / AYR Yowie Reports Map,https://www.yowiehunters.com.au/witness-sketches,/Users/jarlgiovanni/Desktop/bigfoot_research/public/data/frontend-data.json
01e72ea1979dcdcaba27ff87694e2257def37a6419ea18844a8a591e8c51d671,4626,,,,"AYR report index: Mount Hotham, Victoria 2015",2015,-36.97712,147.13303,Australian Yowie Research state report indexes,https://www.yowiehunters.com.au/victoria/2219-mount-hotham-victoria-2015,/Users/jarlgiovanni/Desktop/bigfoot_research/public/data/frontend-data.json
c03a4672cb7e487fd515f4644aee063e09eda4f5820e732c37180055e41ab458,4628,,,,"AYR report index: Sixth Creek - Adelaide Hills, South Australia 2015",2015,-34.911185,138.70735,Australian Yowie Research state report indexes,https://www.yowiehunters.com.au/south-australia/1882-sixth-creek-adelaide-hills-south-australia-2015,/Users/jarlgiovanni/Desktop/bigfoot_research/public/data/frontend-data.json
f3a3f986a1101a5717e18e8aa07934a1e0d981966a343ed6528b9a473bf8f498,29,,,,"Loxton, South Australia 2016",2016,-34.4511348,140.5696644,Australian Yowie Research,https://www.yowiehunters.com.au/south-australia/1856-loxton-south-australia-2016,/Users/jarlgiovanni/Desktop/bigfoot_research/public/data/frontend-data.json
1903f5b3c898bf5b1aebe21d933b9612384afc1573682fa001e1e91eb86549c6,30,,,,"Poochera, South Australia 2016",2016,-32.7203096,134.8385447,Australian Yowie Research,https://www.yowiehunters.com.au/south-australia/1969-poochera-south-australia-2016,/Users/jarlgiovanni/Desktop/bigfoot_research/public/data/frontend-data.json
12bf3a916761a8a850851eb850f258626d36c815a9e6d2b6ae83f2a8365eace8,78,,,,"Goongerah, Victoria 2016",2016,-37.374696,148.7899152,Australian Yowie Research,https://www.yowiehunters.com.au/victoria/1890-goonerah-victoria-2016,/Users/jarlgiovanni/Desktop/bigfoot_research/public/data/frontend-data.json
869a28b7755c40df8a1a53fdb11a088135812bb3fa9ecb832068970a2e4ce477,79,,,,"Noojee, Victoria 2016",2016,-37.8352675,145.9443211,Australian Yowie Research,https://www.yowiehunters.com.au/victoria/1854-noojee-victoria-2016,/Users/jarlgiovanni/Desktop/bigfoot_research/public/data/frontend-data.json
9b912dbab6f11bfd4afbfaf39e049ecf2412b8c0ab117f8a2a5548fc1763f617,143,,,,"Kiah, New South Wales 2016",2016,-37.1481965,149.8555282,Australian Yowie Research,https://www.yowiehunters.com.au/new-south-wales/1996-kiah-new-south-wales,/Users/jarlgiovanni/Desktop/bigfoot_research/public/data/frontend-data.json
90199fd814fee29e37452ce537f97e2a11d1c0625c7f3e4e7c5c327cd1bb9fbc,202,,,,"Glenbar, Queensland 2016",2016,-25.764955,152.3437658,Australian Yowie Research,https://www.yowiehunters.com.au/queensland/2078-boompa-queensland-2016,/Users/jarlgiovanni/Desktop/bigfoot_research/public/data/frontend-data.json
32882b2fef8547792f9015496db1670fab6a39a3f5172eb35ee936e6f2944f09,204,,,,"Yandina, Queensland 2016",2016,-26.5658945,152.9596114,Australian Yowie Research,https://www.yowiehunters.com.au/queensland/2127-yandina-queensland-2016,/Users/jarlgiovanni/Desktop/bigfoot_research/public/data/frontend-data.json
6b2967420a9b8e07f1c866e6e4539fedddf9be11a9878a57ce1880385868db37,238,,,,"Grampians, Victoria 2016",2016,-36.718805,142.2209509,Australian Yowie Research,https://www.yowiehunters.com.au/victoria/2186-grampians-victoria-2016,/Users/jarlgiovanni/Desktop/bigfoot_research/public/data/frontend-data.json
00135f8b2c5c7eb448838e47c80a0b362fb15ae29ca1bfff699e1e0d91124d64,240,,,,"Bellthorpe, Queensland 2016",2016,-26.85239,152.7274089,Australian Yowie Research,https://www.yowiehunters.com.au/queensland/1985-bellthorpe-queensland-2016,/Users/jarlgiovanni/Desktop/bigfoot_research/public/data/frontend-data.json
781aae54e01910c3830000d98480ef5c80dc6a4b35a3b845351742d37a9bc337,298,,,,"Werribee, Victoria 2016",2016,-37.8995007,144.6609036,Australian Yowie Research,https://www.yowiehunters.com.au/victoria/1958-werribee-victoria-2016,/Users/jarlgiovanni/Desktop/bigfoot_research/public/data/frontend-data.json
0b555a9abf438d8e6f2af9918b97ba41c145ccfdbfe49500c5c68d37001426c1,320,,,,"Bowen Mountain, New South Wales 2016",2016,-33.5735614,150.6256438,Australian Yowie Research,https://www.yowiehunters.com.au/new-south-wales/1883-bowen-mountain-new-south-wales-2016,/Users/jarlgiovanni/Desktop/bigfoot_research/public/data/frontend-data.json
812da1b871937058949f971e5f032afe97fd010cd43d5dc118e2fbd67d2ea9aa,327,,,,"Gatton, Queensland 2016",2016,-27.5615314,152.2791353,Australian Yowie Research,https://www.yowiehunters.com.au/queensland/2243-gatton-queensland-2016,/Users/jarlgiovanni/Desktop/bigfoot_research/public/data/frontend-data.json
0be21db630b3f649434220bb5874cb44521f69f767228c48b3b64132995b1cc1,330,,,,"Broke, New South Wales 2016",2016,-32.7477265,151.102302,Australian Yowie Research,https://www.yowiehunters.com.au/new-south-wales/2272-broke-new-south-wales-2016,/Users/jarlgiovanni/Desktop/bigfoot_research/public/data/frontend-data.json
136863bb7e73a1eac7d978157332db226af5f195abfab7045a989245152d73a0,341,,,,"Howard, Queensland 2016",2016,-25.3383285,152.536403,Australian Yowie Research,https://www.yowiehunters.com.au/queensland/1857-howard-queensland-2016,/Users/jarlgiovanni/Desktop/bigfoot_research/public/data/frontend-data.json
f92894a3d833b73c1ed9a83929854b5d0875fa925b81ceef4a1212e45d525f81,381,,,,"Miles, Queensland 2016",2016,-26.7296445,150.1520205,Australian Yowie Research,https://www.yowiehunters.com.au/queensland/1891-miles-queensland-2016,/Users/jarlgiovanni/Desktop/bigfoot_research/public/data/frontend-data.json
acaa7085c503c239e61a88f719452912e1f5423ea741fc1a14493ac79cdf558e,463,,,,"Tarzali, Queensland 2016",2016,-17.4246226,145.6038006,Australian Yowie Research,https://www.yowiehunters.com.au/queensland/2089-tarzali-queensland-2016,/Users/jarlgiovanni/Desktop/bigfoot_research/public/data/frontend-data.json
406548cda68b0fdd94ecedda6b035a8d33cb29f1a6d69cbd1ab905f6bc578d93,487,,,,"Weyba Downs, Queensland 2016",2016,-26.4502994,153.044541,Australian Yowie Research,https://www.yowiehunters.com.au/queensland/1886-weyba-downs-queensland-2016,/Users/jarlgiovanni/Desktop/bigfoot_research/public/data/frontend-data.json
6f36102b621622e317b718db21d82d19fa8d70237c0c027513109fb40c439013,971,,,,2016 - Cairns Post Yowie Article,2016,-16.9206657,145.7721854,Australian Yowie Research,https://www.yowiehunters.com.au/media-clips/1978-2016-cairns-post,/Users/jarlgiovanni/Desktop/bigfoot_research/public/data/frontend-data.json
722906f9e00289f88811f65e7990f51379f2a1d048f0342305bfd9e8e08458f9,972,,,,2016 - Chinchilla News Yowie Article,2016,-29.6816773,152.9336357,Australian Yowie Research,https://www.yowiehunters.com.au/media-clips/1885-chinchilla-news-2016,/Users/jarlgiovanni/Desktop/bigfoot_research/public/data/frontend-data.json
92c5e27b7c756a35200d4c7d9fea4bcef8a33e2ea4f76ecbc42dad9ed0dcdf9e,973,,,,2016 - Daily Examiner Yowie Article,2016,-26.080292,152.2473652,Australian Yowie Research,https://www.yowiehunters.com.au/media-clips/1881-2016-daily-examiner-yowie-article,/Users/jarlgiovanni/Desktop/bigfoot_research/public/data/frontend-data.json
202ab37a47c168629612bab2315090bd23414cec50f9867b37ad10d3d6090f7a,974,,,,2016 - Daily Mail UK Yowie Article,2016,-26.080292,152.2473652,Australian Yowie Research,https://www.yowiehunters.com.au/media-clips/1877-2016-daily-mail-uk-yowie-article,/Users/jarlgiovanni/Desktop/bigfoot_research/public/data/frontend-data.json
e011c83db0ef4d4bbc0b7a466a403e41e2dc1c6c641324b098c4def847a052ab,975,,,,2016 - Gympie Times Yowie Article,2016,-26.1900447,152.6600256,Australian Yowie Research,https://www.yowiehunters.com.au/media-clips/1880-gympie-times-yowie-article-2016,/Users/jarlgiovanni/Desktop/bigfoot_research/public/data/frontend-data.json
07c485d189f3f618b10a81f4645bfbb0f8396ff61e47b77e6c69647b233b65aa,976,,,,2016- NRM Digital Media Yowie Article,2016,-26.080292,152.2473652,Australian Yowie Research,https://www.yowiehunters.com.au/media-clips/2005-2016-nrm-digital-media-yowie-article,/Users/jarlgiovanni/Desktop/bigfoot_research/public/data/frontend-data.json
8bac1d5551f979a47a7a2ad989f6537111b62a602f834c684a9f3b063cb5a8e9,1053,,,,2016 - 9 News 06-09-2016,2016,-27.5610193,151.953351,Australian Yowie Research,https://www.yowiehunters.com.au/media-clips/2234-2016-9-news-06-09-2016,/Users/jarlgiovanni/Desktop/bigfoot_research/public/data/frontend-data.json
a34b6bac78acbae27df8b0f50c72c451a8eb9d369aff9155f554d3cbe5c5306b,1054,,,,2016 - Toowoomba Cronicle Yowie Article,2016,-27.5610193,151.953351,Australian Yowie Research,https://www.yowiehunters.com.au/media-clips/1876-2016-toowoomba-cronicle,/Users/jarlgiovanni/Desktop/bigfoot_research/public/data/frontend-data.json
a78ea3cffd0f4c7fc6e1f28f0d5a6eb8154b864407a65b5aec145393a8d94f7d,1099,,,,2016 - ABC Yowie Article,2016,-35.4388907,149.7955552,Australian Yowie Research,https://www.yowiehunters.com.au/media-clips/1872-2016-abc-yowie-article,/Users/jarlgiovanni/Desktop/bigfoot_research/public/data/frontend-data.json
5301ada65e51b8aafbced99c12fe9890add239180d795ac834e2f322d6284b40,1100,,,,2016 - News.com.au Yowie Article,2016,-27.774813,153.2520815,Australian Yowie Research,https://www.yowiehunters.com.au/media-clips/1878-2016-news-com-au-yowie-article,/Users/jarlgiovanni/Desktop/bigfoot_research/public/data/frontend-data.json
5cece7ad61dd9e6305f79a54b84a59140ccc2195c4b98a6187de49a1b40daebb,3988,,,,The History of Port Arthur,2016,-43.1531346,147.8694003,Australian Broadcasting Corporation,https://www.abc.net.au/listen/programs/overnights/the-history-of-port-arthur/7808522,/Users/jarlgiovanni/Desktop/bigfoot_research/public/data/frontend-data.json
62fbc06b595ef0fd74b77023b2f6bca84ad74daa69ab68147c9c6e3fe76c8755,3989,,,,National Film and Sound Archive one of Australia's 'most haunted buildings',2016,-35.2828643,149.1209536,Australian Broadcasting Corporation,https://www.abc.net.au/news/2016-04-01/archives-haunted-reputation-born-from-history-of-death/7291506,/Users/jarlgiovanni/Desktop/bigfoot_research/public/data/frontend-data.json
edf71aaf0c5db34dce5afc5f663cf560756533fe7295012f46394c0e76d77739,4146,,,,hairy man in Arthur Marrin Braidwood hairy man,2016,-35.4388907,149.7955552,Australian Broadcasting Corporation,https://www.abc.net.au/news/2016-08-05/the-story-of-arthur-marrin-and-the-hairy-man/7693462,/Users/jarlgiovanni/Desktop/bigfoot_research/public/data/frontend-data.json
cee5250eb3e2c43e26ff103c7c89aee69d77d1fd82abf348b2f08f808d6d2fa1,4180,,,,ghost in Burnie Arts Centre ghost stories,2016,-41.0509798,145.902639,Australian Broadcasting Corporation,"https://www.abc.net.au/news/2016-11-14/burnie-arts-centre-celebrates-40-years-of-shows,-ghost-stories/8018528",/Users/jarlgiovanni/Desktop/bigfoot_research/public/data/frontend-data.json
4776bcc3dc00bb817b50a3914f1b749f2336ca0376d01230679a005de30c77cf,4308,,,,"Written reports: Yowie Sighting at Goongerah, Victoria 2016",2016,-37.35,148.7,Australian Yowie Research / AYR Yowie Reports Map,https://www.yowiehunters.com.au/victoria/1890-goonerah-victoria-2016,/Users/jarlgiovanni/Desktop/bigfoot_research/public/data/frontend-data.json
bb07c88899658ca8f58fb117f2e0f09e5bbb3b6e3301a6b9714f8d25e944d772,4387,,,,"YouTube reports, interviews: Yowie Sighting (Audio Report #128) at Wandina near Geraldton, Western Australia (2016)",2016,-28.819819,114.631969,Australian Yowie Research / AYR Yowie Reports Map,https://www.youtube.com/watch?v=Rhp5AUqYQaI,/Users/jarlgiovanni/Desktop/bigfoot_research/public/data/frontend-data.json
e862d39c029e126136bc2245bbecc67e2ddc81003361c306dc37d0b561f69ddf,4388,,,,"YouTube reports, interviews: Yowie Sighting (Audio Report #145) near Glenbar / Woolooga in Queensland (July 2016)",2016,-25.77877,152.26529,Australian Yowie Research / AYR Yowie Reports Map,https://www.youtube.com/watch?v=pVUYfrLRjHU&t=38s,/Users/jarlgiovanni/Desktop/bigfoot_research/public/data/frontend-data.json
95596b4396e49cba971c43aa7736d18b015520e828dfc294deb174b2d0202d9b,4410,,,,"Videos: Channel 7 Morning Show, Yowie Story on 9th of Sept 2016",2016,-27.574728,151.9944,Australian Yowie Research / AYR Yowie Reports Map,https://www.youtube.com/watch?v=nEa7Rk9TAEk,/Users/jarlgiovanni/Desktop/bigfoot_research/public/data/frontend-data.json
2b9d70f0c18b862862c5558cfbb43edfa4a4a33c37c570ff31fab154e2ca1501,4515,,,,Reports from newspapers: 2016 - ABC Yowie Article,2016,-35.540682,149.657449,Australian Yowie Research / AYR Yowie Reports Map,https://www.yowiehunters.com.au/media-clips/1872-2016-abc-yowie-article,/Users/jarlgiovanni/Desktop/bigfoot_research/public/data/frontend-data.json
afda9802c242427c789ab2ec99a6f478215c6c56ef0771b46b06c617edb08670,4516,,,,Reports from newspapers: 2016 - Cairns Post Yowie Article,2016,-16.8197,145.6369,Australian Yowie Research / AYR Yowie Reports Map,https://www.yowiehunters.com.au/media-clips/1978-2016-cairns-post,/Users/jarlgiovanni/Desktop/bigfoot_research/public/data/frontend-data.json
c5ae5f63dbac4da67933b8560c4dd475acaf4e275f87db8344df484b29867099,4517,,,,Reports from newspapers: 2016 - Chinchilla News Yowie Article,2016,-29.663084,153.107103,Australian Yowie Research / AYR Yowie Reports Map,https://www.yowiehunters.com.au/media-clips/1885-chinchilla-news-2016,/Users/jarlgiovanni/Desktop/bigfoot_research/public/data/frontend-data.json
2ff1e8f6fe8258a3a7caa93b8f2391982ebce8618e13217fb8c263cb75a0ae0d,4518,,,,Reports from newspapers: 2016 - Daily Mail UK Yowie Article,2016,-27.816667,151.633333,Australian Yowie Research / AYR Yowie Reports Map,https://www.yowiehunters.com.au/media-clips/1877-2016-daily-mail-uk-yowie-article,/Users/jarlgiovanni/Desktop/bigfoot_research/public/data/frontend-data.json
e4afcbebfeb3f47fee51692f8396fda6b876ef674bfb440cd923b69cb4a963c9,4519,,,,Reports from newspapers: 2016 - Gympie Times Yowie Article,2016,-26.1583,152.8347,Australian Yowie Research / AYR Yowie Reports Map,https://www.yowiehunters.com.au/media-clips/1880-gympie-times-yowie-article-2016,/Users/jarlgiovanni/Desktop/bigfoot_research/public/data/frontend-data.json
b14da4d11adb77752361ff427bb73d7c3f194ddfb40f41913d71ab6ee197da45,4520,,,,Reports from newspapers: 2016 - NRM Digital Media Yowie Article,2016,-29.71238,152.966138,Australian Yowie Research / AYR Yowie Reports Map,https://www.yowiehunters.com.au/media-clips/2005-2016-nrm-digital-media-yowie-article,/Users/jarlgiovanni/Desktop/bigfoot_research/public/data/frontend-data.json
f700c0e5dc4e15166bbafc5c2320cbc8a65af08813cfee68f459cb90c4961597,4521,,,,Reports from newspapers: 2016 - Toowoomba Cronicle Yowie Article,2016,-27.580508,151.990503,Australian Yowie Research / AYR Yowie Reports Map,https://www.yowiehunters.com.au/media-clips/1876-2016-toowoomba-cronicle,/Users/jarlgiovanni/Desktop/bigfoot_research/public/data/frontend-data.json
81cf66bdc4eae8208b2f25b8adf696f475c02dad218f7f65482151a11d12c191,4565,,,,"Photographs of footprints and handprints : Kinds Road, Ulladulla, New South Wales (2016)",2016,-35.362339,150.459172,Australian Yowie Research / AYR Yowie Reports Map,https://www.yowiehunters.com.au/footprints,/Users/jarlgiovanni/Desktop/bigfoot_research/public/data/frontend-data.json
bd1623b6f920ddb1c6548fa75e10b0da7b400a826bcb42e3bbabdab871bf4a02,144,,,,"Lawrence, New South Wales 2017",2017,-29.5009847,153.1003352,Australian Yowie Research,https://www.yowiehunters.com.au/new-south-wales/1957-lawrence-new-south-wales-2017,/Users/jarlgiovanni/Desktop/bigfoot_research/public/data/frontend-data.json
eab530a681130f4a35b96f0deb69563a75dc6bf855e9bbb8558c8cd98ee7e09e,145,,,,"Wingello, New South Wales 2017",2017,-34.7032044,150.1660245,Australian Yowie Research,https://www.yowiehunters.com.au/new-south-wales/1959-wingello-new-south-wales-2017,/Users/jarlgiovanni/Desktop/bigfoot_research/public/data/frontend-data.json
e834bb64745ddc1869438506cce113aaf80a1306bf6787e66f16b3e61c8e4ada,205,,,,"Ormeau / Kingsholme, Queensland 2017",2017,-27.8479219,153.2147611,Australian Yowie Research,https://www.yowiehunters.com.au/queensland/2262-ormeau-kingsholme-queensland-2017,/Users/jarlgiovanni/Desktop/bigfoot_research/public/data/frontend-data.json
0c9e97c965808c9f4e6b433f5e8329c4be12039b23128adfaeb9527d859bd69b,316,,,,"Border Ranges, New South Wales 2017",2017,-28.3944444,153.0672222,Australian Yowie Research,https://www.yowiehunters.com.au/new-south-wales/2182-border-ranges-new-sout-wales-2017,/Users/jarlgiovanni/Desktop/bigfoot_research/public/data/frontend-data.json
e294636739c13fac93289ca9e6de54e985d339276631eeb3cb18efd35af1abf0,336,,,,"Bucca, New South Wales 2017",2017,-30.1469444,153.0941667,Australian Yowie Research,https://www.yowiehunters.com.au/new-south-wales/1939-bucca-new-south-wales-2017,/Users/jarlgiovanni/Desktop/bigfoot_research/public/data/frontend-data.json
ba72fbd57ca92adb0c8348eb5452031facf28867909142db9c7d48a766239b2a,356,,,,"Cattai, New South Wales 2017",2017,-33.5482394,150.9164045,Australian Yowie Research,https://www.yowiehunters.com.au/new-south-wales/2173-cattai-new-south-wales-2017,/Users/jarlgiovanni/Desktop/bigfoot_research/public/data/frontend-data.json
748cb1746a3cb606cb5de6c818c3434df43a040c89c5bb58049e6e0314df35b1,361,,,,"Kingsholme / Ormeau, Queensland 2017",2017,-27.8182749,153.2467766,Australian Yowie Research,https://www.yowiehunters.com.au/queensland/2270-kingsholme-ormeau-queensland-2017,/Users/jarlgiovanni/Desktop/bigfoot_research/public/data/frontend-data.json
a66d1c9a1338f0ed30a2e013125169e073da4054e2c5de042af0cd214828df46,373,,,,"Logan Village, Queensland 2017",2017,-27.7675482,153.1070052,Australian Yowie Research,https://www.yowiehunters.com.au/queensland/1964-logan-village-queensland-2017,/Users/jarlgiovanni/Desktop/bigfoot_research/public/data/frontend-data.json
36ba0873b5b8d0c429d7e8d6e6651222083aa9714aae916ec4f7cbc487520296,380,,,,"Cooperbung, New South Wales 2017",2017,-31.2816667,152.7844444,Australian Yowie Research,https://www.yowiehunters.com.au/new-south-wales/2034-cooperbung-new-south-wales-2017,/Users/jarlgiovanni/Desktop/bigfoot_research/public/data/frontend-data.json
e7f6b17ef07eac42070dbad0528037bdb6bb026a6080e646a76f79098a5738f4,425,,,,"Owens Creek, Queensland 2017",2017,-21.1005285,148.7057421,Australian Yowie Research,https://www.yowiehunters.com.au/queensland/2139-owens-creek-queensland-2017,/Users/jarlgiovanni/Desktop/bigfoot_research/public/data/frontend-data.json
6c1771bc34e0108f8ef6f6def4b48b9c0cd2a6ad533b8bb55909747aa87112dc,429,,,,"Quaids Dam, Queensland 2017",2017,-17.4098776,145.5618517,Australian Yowie Research,https://www.yowiehunters.com.au/queensland/2109-quaids-dam-queensland-2017,/Users/jarlgiovanni/Desktop/bigfoot_research/public/data/frontend-data.json
db63f2b1bbf33ac314633983f302aa45b4347def20d586a773fa6e8356ce9a57,538,,,,"Mt. Warning - Tyalgum, New South Wales 2017",2017,-28.3818,153.2846,Australian Yowie Research,https://www.yowiehunters.com.au/new-south-wales/2119-mt-warning-tyalgum-new-south-wales-2017,/Users/jarlgiovanni/Desktop/bigfoot_research/public/data/frontend-data.json
c5be9b48736cafe10e03bc7a2997df46e0eda33c59a95c6089ae74457b8b335e,580,,,,"Strickland, New South Wales 2017",2017,-33.8558957,151.2682802,Australian Yowie Research,https://www.yowiehunters.com.au/new-south-wales/2175-strickland-new-south-wales-2017,/Users/jarlgiovanni/Desktop/bigfoot_research/public/data/frontend-data.json
30cfa96aaf8a4d989d7df2d9cc494de9f9a001c3c794a769d4fa2c363b0bedae,592,,,,"Tharwa, New South Wales 2017",2017,-35.3585986,149.2208702,Australian Yowie Research,https://www.yowiehunters.com.au/new-south-wales/2022-thawa-new-south-wales-2017,/Users/jarlgiovanni/Desktop/bigfoot_research/public/data/frontend-data.json
418e16a30ea1611ab4e3a9f452b302235f94f9a389933b967b7fc3b7a0a68334,614,,,,"Wee Jasper, New South Wales 2017",2017,-35.1105708,148.6759186,Australian Yowie Research,https://www.yowiehunters.com.au/new-south-wales/1953-wee-jasper-new-south-wales-2017,/Users/jarlgiovanni/Desktop/bigfoot_research/public/data/frontend-data.json
e380114f1fc7f4c534a3ad32ad7f0085049cf63f37c883a11c6a197233d39f75,977,,,,2017 - Eden Magnet Yowie Article (2) 27-04-2017,2017,-37.0640494,149.9035118,Australian Yowie Research,https://www.yowiehunters.com.au/media-clips/1946-2017-eden-magnet-yowie-article-2,/Users/jarlgiovanni/Desktop/bigfoot_research/public/data/frontend-data.json
afa668c57f05afed302792dbdc69f0cd19c3a79db9817b02ee2d308c49ff56b9,978,,,,2017 - Illawarra Mercury Yowie Article 02-05-2017,2017,-34.4614504,150.790409,Australian Yowie Research,https://www.yowiehunters.com.au/media-clips/1949-2017-illawarra-mercury-yowie-article,/Users/jarlgiovanni/Desktop/bigfoot_research/public/data/frontend-data.json
55be26e30a1bb2d4959a6c8cced06e3ced893ccaf013f363cf05bccdf910ca58,980,,,,2017 - Sunshine Coast Daily Yowie Article 13-12-2017,2017,-26.7079095,152.8508329,Australian Yowie Research,https://www.yowiehunters.com.au/media-clips/1963-2017-sunshine-coast-daily-yowie-article,/Users/jarlgiovanni/Desktop/bigfoot_research/public/data/frontend-data.json
84dc3256967615dc4b892ee5b66f9b9e5483f51759619c2a64d481ab23c0f93e,1055,,,,2017 - Bendigo Advertiser Yowie Article 17-03-2017,2017,-36.7590183,144.2826718,Australian Yowie Research,https://www.yowiehunters.com.au/media-clips/1938-2017-bendigo-advertiser-yowie-article,/Users/jarlgiovanni/Desktop/bigfoot_research/public/data/frontend-data.json
875ad9a10e56f65e4a1b93b4b704acc0291c26ff8e8cde516aa5db06c3c2369d,1101,,,,2017 - Daily Examiner Yowie Article 04-02-2017,2017,-27.6160323,152.7608348,Australian Yowie Research,https://www.yowiehunters.com.au/media-clips/1897-2017-daily-examiner-yowie-article,/Users/jarlgiovanni/Desktop/bigfoot_research/public/data/frontend-data.json
686ee6b3325e71c3c7f30af941c7474cfd6323b83ca0fdf036b5a071ebac7562,1103,,,,2017 - Eden Magnet Yowie Article (3) 27-04-2017,2017,-37.0640494,149.9035118,Australian Yowie Research,https://www.yowiehunters.com.au/media-clips/1948-2017-eden-magnet-3,/Users/jarlgiovanni/Desktop/bigfoot_research/public/data/frontend-data.json
9829fbfc71e51082c3bf861ae5e3b1dac69a2df200492847e4a4c451a93cd13c,1104,,,,2017 - Eden Magnet Yowie Article 19-04-2017,2017,-37.0640494,149.9035118,Australian Yowie Research,https://www.yowiehunters.com.au/media-clips/1945-eden-magnet-yowie-article-2017,/Users/jarlgiovanni/Desktop/bigfoot_research/public/data/frontend-data.json
a939a18b1abd4e77a5b6db858127cd568abcd6306fd185e468bb46b6104f1cc2,2703,,,,Federici in Federici's ghost,2017,-37.8109,144.9724,State Library Victoria,https://blogs.slv.vic.gov.au/such-was-life/federicis-ghost/,/Users/jarlgiovanni/Desktop/bigfoot_research/public/data/frontend-data.json
903c82c00505f88f4b50bae47ff1fe5fd8ec9db3a7378920f67d850b017c7c35,2704,,,,Federici in Federici's ghost,2017,-37.8109,144.9724,State Library Victoria,https://blogs.slv.vic.gov.au/such-was-life/federicis-ghost/,/Users/jarlgiovanni/Desktop/bigfoot_research/public/data/frontend-data.json
86ce95dc1324eeca7a3cf26ed93849c310a54ef981bf9ed7782a97f831a13f50,2705,,,,Federici in Federici's ghost,2017,-37.8109,144.9724,State Library Victoria,https://blogs.slv.vic.gov.au/such-was-life/federicis-ghost/,/Users/jarlgiovanni/Desktop/bigfoot_research/public/data/frontend-data.json
18281480fd322a319f2d239ecd82cf93ffac369657d22c5e6e1418374b8547f9,2706,,,,ghost in Federici's ghost,2017,-37.8109,144.9724,State Library Victoria,https://blogs.slv.vic.gov.au/such-was-life/federicis-ghost/,/Users/jarlgiovanni/Desktop/bigfoot_research/public/data/frontend-data.json
1976ba6070e69d61b3589e906867ef147364bd1e63aa9d9ee451860eab9b9082,2707,,,,ghost in Federici's ghost,2017,-37.8109,144.9724,State Library Victoria,https://blogs.slv.vic.gov.au/such-was-life/federicis-ghost/,/Users/jarlgiovanni/Desktop/bigfoot_research/public/data/frontend-data.json
1a87f4b9980e9fc5f251212b9d288dbdb8a2bd521779dcaf6cc55b1ffd495943,2708,,,,ghost in Federici's ghost,2017,-37.8109,144.9724,State Library Victoria,https://blogs.slv.vic.gov.au/such-was-life/federicis-ghost/,/Users/jarlgiovanni/Desktop/bigfoot_research/public/data/frontend-data.json
e8c8af6810be729b87bea0c8bafe8a6430c597e584b01f16d9dbe0ee56289628,2709,,,,ghost in Federici's ghost,2017,-37.8109,144.9724,State Library Victoria,https://blogs.slv.vic.gov.au/such-was-life/federicis-ghost/,/Users/jarlgiovanni/Desktop/bigfoot_research/public/data/frontend-data.json
9ed740010b5427950d29765e7df3c119fa0be3f07dfa91ed8c3b699a6f0c145a,2710,,,,Mephistopheles in Federici's ghost,2017,-37.8109,144.9724,State Library Victoria,https://blogs.slv.vic.gov.au/such-was-life/federicis-ghost/,/Users/jarlgiovanni/Desktop/bigfoot_research/public/data/frontend-data.json
4a677e5cfa3430a69fe9f90de637b87a0814a9477065608a9f0010ba4d337025,3990,,,,I spent Halloween in one of Australia's 'most haunted buildings',2017,-35.2828643,149.1209536,Australian Broadcasting Corporation,https://www.abc.net.au/news/2017-10-31/halloween-nfsa-ghosts-canberra-haunting/9104148,/Users/jarlgiovanni/Desktop/bigfoot_research/public/data/frontend-data.json
374f1a032bbf1f06df0b02f32b97972bcf411fda6bac6d164b2e079b86373044,4014,,,,"Ghost hunting in the Grand, one of SA's most haunted hotels",2017,-37.5949239,140.3540571,Australian Broadcasting Corporation,https://www.abc.net.au/news/2017-07-31/hunting-the-ghosts-of-the-grand-hotel/8752610,/Users/jarlgiovanni/Desktop/bigfoot_research/public/data/frontend-data.json
c8cb0f9a2c0b75d08f99b714eeaf467f9bddb880398e752852435cc85d7b85a1,4032,,,,Richmond Bridge works begin to preserve convict-era landmark,2017,-42.7338298,147.4399809,Australian Broadcasting Corporation,https://www.abc.net.au/news/2017-03-12/richmond-bridge-conservation-works-tasmania/8347030,/Users/jarlgiovanni/Desktop/bigfoot_research/public/data/frontend-data.json
d7ed124e1563b67a9f266b1b17b41e69cacd58ff41ae735b527e1b0e27d0dbbd,4042,,,,Perth tradies turned paranormal hunters,2017,-31.8831486,116.0695475,Australian Broadcasting Corporation,https://www.abc.net.au/perth/programs/breakfast/perth-tradies-turned-paranormal-hunters/8665796,/Users/jarlgiovanni/Desktop/bigfoot_research/public/data/frontend-data.json
fe9b16536dc9b5f675ec1eca779d9b6cbdc848c43dd0ba4ed4d9576c4054492c,4063,,,,Paranormal investigator claims to have recorded the voice of a ghost who haunts the Cuballing Tavern,2017,-32.819972,117.1789178,Australian Broadcasting Corporation,https://www.abc.net.au/listen/programs/perth-focus/8411088,/Users/jarlgiovanni/Desktop/bigfoot_research/public/data/frontend-data.json
c11d0ace4b9cfad4226d88ae01e84c89a54d37b51e6299866ae8a67dc8665d12,4066,,,,Old Parliament House and its spooky past creating high demand for ghost tours,2017,-35.3023519,149.1300176,Australian Broadcasting Corporation,https://www.abc.net.au/news/2017-09-01/spooky-after-dark-ghost-tours-at-old-parliament-house/8858870,/Users/jarlgiovanni/Desktop/bigfoot_research/public/data/frontend-data.json
5376ede22b2e4e87468a274e2fcaafb92f9aafba45a116b5e744ffc0c948f665,4072,,,,South Sea Islander community confronts fears of yowies and ghosts with night walk,2017,-23.378726,150.8040757,Australian Broadcasting Corporation,https://www.abc.net.au/news/2017-06-01/south-sea-islander-community-confronts-fears-of-yowies-ghosts/8572418,/Users/jarlgiovanni/Desktop/bigfoot_research/public/data/frontend-data.json
9e0533735b349d7d510321ed1aaa6e2c8d823cafc4c1dcd352f98a4a38f12efa,4083,,,,doctor in Willow Court morgue doctor spirit,2017,-42.7854275,147.0636218,Australian Broadcasting Corporation,https://www.abc.net.au/news/2017-10-02/ghost-hunters-hold-facebook-seance-at-willow-court-tasmania/9005448#doctor,/Users/jarlgiovanni/Desktop/bigfoot_research/public/data/frontend-data.json
2d6cbfc46b1530e8fabef1f792ac93e80e46d25ff97958a6565177326705c46a,4086,,,,Sarah in Willow Court Sarah spirit,2017,-42.7854275,147.0636218,Australian Broadcasting Corporation,https://www.abc.net.au/news/2017-10-02/ghost-hunters-hold-facebook-seance-at-willow-court-tasmania/9005448#sarah,/Users/jarlgiovanni/Desktop/bigfoot_research/public/data/frontend-data.json
aa44f4074ee1ea1a5eca44c2cae5ab6764b7c6f35f1c2f5a9cbd3fba472e3668,4116,,,,Haunted in Hobart,2017,-42.7359665,147.4384839,Australian Broadcasting Corporation,https://www.abc.net.au/listen/programs/hobart-evenings/psychic/9022468,/Users/jarlgiovanni/Desktop/bigfoot_research/public/data/frontend-data.json
48a7348cd4ced9cbbfeb810829f20545a5b2c000b8d10315c12e0b953e3c255c,4243,,,,Perth tradies turned paranormal hunters,2017,-32.0553437,115.7534563,Australian Broadcasting Corporation,https://www.abc.net.au/perth/programs/breakfast/perth-tradies-turned-paranormal-hunters/8665796,/Users/jarlgiovanni/Desktop/bigfoot_research/public/data/frontend-data.json
95fcca1b0d3f3d67f7a3b4daacf356f2baab1da0327b205b06858bd6ba938dcf,4245,,,,Ghost hunters conduct global seance via Facebook at Australia's 'oldest mental hospital',2017,-42.7854275,147.0636218,Australian Broadcasting Corporation,https://www.abc.net.au/news/2017-10-02/ghost-hunters-hold-facebook-seance-at-willow-court-tasmania/9005448,/Users/jarlgiovanni/Desktop/bigfoot_research/public/data/frontend-data.json
c424f905b080bb53874a6001b38226215bfdad9fb782009793c92e20511ace87,4339,,,,"Written reports: Yowie Sighting at Mt. Warning - Tyalgum, New South Wales 2017",2017,-28.397222,153.270833,Australian Yowie Research / AYR Yowie Reports Map,https://www.yowiehunters.com.au/new-south-wales/2119-mt-warning-tyalgum-new-south-wales-2017,/Users/jarlgiovanni/Desktop/bigfoot_research/public/data/frontend-data.json
cb640d6653816633632e88ec3e968ccc9e51c2b4f72cffc07cfc0f4cbd0912e0,4389,,,,"YouTube reports, interviews: Yowie Sighting (Audio Report #119) near Logan Village, Queensland (Feb 2017)",2017,-27.7675482,153.1070052,Australian Yowie Research / AYR Yowie Reports Map,https://www.youtube.com/watch?v=6ub-UEGkqEo,/Users/jarlgiovanni/Desktop/bigfoot_research/public/data/frontend-data.json
e8514897f93e4a8410090726c3d5ba6f6074bfcf08eb9626ee42ed8b30c65df9,4390,,,,"Written reports: Yowie Sighting at Quaids Dam, Queensland 2017",2017,-16.775905,145.340276,Australian Yowie Research / AYR Yowie Reports Map,https://www.yowiehunters.com.au/queensland/2109-quaids-dam-queensland-2017,/Users/jarlgiovanni/Desktop/bigfoot_research/public/data/frontend-data.json
23057cd3ab5247b3207cf5d8ed8cf62d8c32db0cc85c08603089af8f31939431,4391,,,,"Written reports: Yowie Sighting at Roleystone, WA (April 2017)",2017,-32.11287,116.069603,Australian Yowie Research / AYR Yowie Reports Map,https://www.yowiehunters.com.au/western-australia/1934-roleystone-western-australia-2017,/Users/jarlgiovanni/Desktop/bigfoot_research/public/data/frontend-data.json
167a88c68cfefd1447460da903b15eef5ab899074bd1fe58696985446f9abef1,4392,,,,"YouTube reports, interviews: Yowie Sighting (Audio Report #155) in the Border Ranges, New South Wales (2017)",2017,-28.35972,152.98611,Australian Yowie Research / AYR Yowie Reports Map,https://www.youtube.com/watch?v=BY3nlEMfcnE,/Users/jarlgiovanni/Desktop/bigfoot_research/public/data/frontend-data.json
6ca12fd9b1e48b3820aef3cda97632928dca1050fdcd98b4507586440e3a5688,4393,,,,"YouTube reports, interviews: Yowie Sighting (Audio Report #158) near Owens Creek, Queensland (2017)",2017,-21.1005285,148.7057421,Australian Yowie Research / AYR Yowie Reports Map,https://www.youtube.com/watch?v=ZjeJ5U0ekX,/Users/jarlgiovanni/Desktop/bigfoot_research/public/data/frontend-data.json
fb16c259a4f673bd17216d5a732779074c7ad8458c221ebb26fd9233159d892d,4394,,,,"YouTube reports, interviews: Yowie Sighting (Audio Report #163) at Cattai, New South Wales (Sep 2017)",2017,-33.5482394,150.9164045,Australian Yowie Research / AYR Yowie Reports Map,https://www.youtube.com/watch?v=EcZR4pjKE_k,/Users/jarlgiovanni/Desktop/bigfoot_research/public/data/frontend-data.json
2c7c831ecd0e0a203ce213492c9f1fdc469b010347639c07063c79233d176bd2,4396,,,,"YouTube reports, interviews: Yowie Sighting (Audio Report #114) at Broke, New South Wales (2017)",2017,-32.7477265,151.102302,Australian Yowie Research / AYR Yowie Reports Map,https://www.youtube.com/watch?v=BpMXwmPB5zM,/Users/jarlgiovanni/Desktop/bigfoot_research/public/data/frontend-data.json
1efb4b9a4f711924ae02c6dd145250288c7d8461192ebd5e2f87a6597e7312ba,4522,,,,Reports from newspapers: 2017 - Bendigo Advertiser Yowie Article 17-03-2017,2017,-36.716667,144.283333,Australian Yowie Research / AYR Yowie Reports Map,https://www.yowiehunters.com.au/media-clips/1938-2017-bendigo-advertiser-yowie-article,/Users/jarlgiovanni/Desktop/bigfoot_research/public/data/frontend-data.json
7b573c1be4159c7081c8505e968a10c400389ca14a84450bdde6c0d1ff328bc6,4523,,,,Reports from newspapers: 2017 - Daily Examiner Yowie Article 04-02-2017,2017,-27.583333,152.766667,Australian Yowie Research / AYR Yowie Reports Map,https://www.yowiehunters.com.au/media-clips/1897-2017-daily-examiner-yowie-article,/Users/jarlgiovanni/Desktop/bigfoot_research/public/data/frontend-data.json
a4c4896f3cc266a2a8d8dab9e40d6a45b9a76812dcbc22233f6ede682eef0bf2,4524,,,,Reports from newspapers: 2017 - Daily Mail Yowie Article 18-12-2017,2017,-27.0402,152.8613,Australian Yowie Research / AYR Yowie Reports Map,https://www.yowiehunters.com.au/media-clips/1962-2017-daily-mail-yowie-article,/Users/jarlgiovanni/Desktop/bigfoot_research/public/data/frontend-data.json
49a46a8cc8b90daca1452df03594ba6065c83ed7449fa764b13768ddd4c9b4f6,4525,,,,Reports from newspapers: 2017 - Daily Star Yowie Article 02-12-2017,2017,-28.183333,153.3,Australian Yowie Research / AYR Yowie Reports Map,https://www.yowiehunters.com.au/media-clips/1970-2017-daily-star-yowie-article,/Users/jarlgiovanni/Desktop/bigfoot_research/public/data/frontend-data.json
3ef5a0bf95b8ef2e844ef58a7b1bfaca9e8ceeddf6775568f18da53bb49bb930,4526,,,,Reports from newspapers: 2017 - Eden Magnet Yowie Article (3) 27-04-2017,2017,-36.60667,149.458372,Australian Yowie Research / AYR Yowie Reports Map,https://www.yowiehunters.com.au/media-clips/1948-2017-eden-magnet-3,/Users/jarlgiovanni/Desktop/bigfoot_research/public/data/frontend-data.json
c8ec226697f29489f09356b6e38ddda0cf0e1aa4ec73952350a6ebb7322a9854,4527,,,,Reports from newspapers: 2017 - Eden Magnet Yowie Article 19-04-2017,2017,-37.083333,149.813889,Australian Yowie Research / AYR Yowie Reports Map,https://www.yowiehunters.com.au/media-clips/1945-eden-magnet-yowie-article-2017,/Users/jarlgiovanni/Desktop/bigfoot_research/public/data/frontend-data.json
06605ede1a929793d8de50fd7d6822c4c4d5449f67e27f70161003559c9e102d,4528,,,,Reports from newspapers: 2017 - Sunshine Coast Daily Yowie Article 13-12-2017,2017,-27.0432,152.8613,Australian Yowie Research / AYR Yowie Reports Map,https://www.yowiehunters.com.au/media-clips/1963-2017-sunshine-coast-daily-yowie-article,/Users/jarlgiovanni/Desktop/bigfoot_research/public/data/frontend-data.json
115a03cbca003073491e88dcbbcf86dceb2997eb306ae4d5132e8495fd68473b,4529,,,,Reports from newspapers: 2017 - The Australian Yowie Article 18-03-2017,2017,-30.183333,152.683333,Australian Yowie Research / AYR Yowie Reports Map,https://www.yowiehunters.com.au/media-clips/1941-2017-the-australian-yowie-article,/Users/jarlgiovanni/Desktop/bigfoot_research/public/data/frontend-data.json
a00a24f24e465b8af75ddb3148a07c5029986e731da13da79927fbd31e43302a,4577,,,,"Witness sketches: Strickland, New South Wales (2017)",2017,-33.379145,151.294097,Australian Yowie Research / AYR Yowie Reports Map,https://www.yowiehunters.com.au/witness-sketches,/Users/jarlgiovanni/Desktop/bigfoot_research/public/data/frontend-data.json
91787cc92fa3d4786268003db01c5889f5cd00672cd6b4fa0ce63afd480b2257,4578,,,,"Witness sketches: Owens Creek, Queensland (2017)",2017,-21.077443,148.688111,Australian Yowie Research / AYR Yowie Reports Map,https://www.yowiehunters.com.au/witness-sketches,/Users/jarlgiovanni/Desktop/bigfoot_research/public/data/frontend-data.json
673ebdbe3ef9dddf64da2859f21dd11f77c8a6edda0a5c6e64442647de01f79a,4586,,,,"Witness sketches: Bucca, New South Wales (2017)",2017,-30.15737,153.09578,Australian Yowie Research / AYR Yowie Reports Map,https://www.yowiehunters.com.au/witness-sketches,/Users/jarlgiovanni/Desktop/bigfoot_research/public/data/frontend-data.json
754ce7d21ac7b256bf9da34ac674d481b64d215a5402f1465b74958799781e20,4611,,,,"AYR report index: Cooperbung, New South Wales 2017",2017,-31.2816667,152.7844444,Australian Yowie Research state report indexes,https://www.yowiehunters.com.au/new-south-wales/2034-cooperbung-new-south-wales-2017,/Users/jarlgiovanni/Desktop/bigfoot_research/public/data/frontend-data.json
a2350c2c37b96886319a02ef543b110471cb3be4dc52d18fd299cf6f37589776,6,,,,Yowie country: Queensland town revamps tourism brand as a prime spot for mythological creature,2018,-26.943,152.565,ABC News,https://www.abc.net.au/news/2018-04-21/kilcoy-yowie-tourism-queensland/9675596,/Users/jarlgiovanni/Desktop/bigfoot_research/public/data/frontend-data.json
2049d507cbd31fbb506ed73998e5f74abb6eea46acc70dbe73694e4da6cffdec,80,,,,"Bunyip, Victoria 2018",2018,-38.0971242,145.7208993,Australian Yowie Research,https://www.yowiehunters.com.au/victoria/2004-bunyip-victoria-2018,/Users/jarlgiovanni/Desktop/bigfoot_research/public/data/frontend-data.json
93773179daefe8df6ad009cb44f4d83aa4d1836de0c48bfac6290a3f4a4327e3,146,,,,"Grafton, New South Wales 2018",2018,-29.6816773,152.9336357,Australian Yowie Research,https://www.yowiehunters.com.au/new-south-wales/2029-grafton-new-south-wales-2018,/Users/jarlgiovanni/Desktop/bigfoot_research/public/data/frontend-data.json
083ef5e346e18c6a25773455737c3bde1085f63f564d7f9ea8a9462d57a37931,206,,,,"Agnes Waters, Queensland 2018",2018,-24.2112376,151.9005473,Australian Yowie Research,https://www.yowiehunters.com.au/queensland/2115-agnes-waters-queensland-2018,/Users/jarlgiovanni/Desktop/bigfoot_research/public/data/frontend-data.json
d56ebcdf91887ffd18d0591090a5b9a2907df70a8791940264b436a0f6ff95f9,207,,,,"Nunimbah Valley, Queensland 2018",2018,-27.9896566,153.3365942,Australian Yowie Research,https://www.yowiehunters.com.au/queensland/2059-nunimbah-valley-queensland-2018,/Users/jarlgiovanni/Desktop/bigfoot_research/public/data/frontend-data.json
eaf4b2e9cee8411d957500209fa268c38f3b17d73916101a6bb329d23aa4e1ed,208,,,,"Witheren, Queensland 2018",2018,-28.0506572,153.1877059,Australian Yowie Research,https://www.yowiehunters.com.au/queensland/2035-witheren-queensland-2018,/Users/jarlgiovanni/Desktop/bigfoot_research/public/data/frontend-data.json
298868c0ddeedc33bdbb6e0eceffe2c531945b40e591b514245aba6dc4876c4c,219,,,,"Aratula, Queensland 2018",2018,-27.9830985,152.5391088,Australian Yowie Research,https://www.yowiehunters.com.au/queensland/1987-aratula-queensland-2018,/Users/jarlgiovanni/Desktop/bigfoot_research/public/data/frontend-data.json
ce7579a124d012412babe080f270ff3bf96e2db83dd05027be91439299f74817,230,,,,"Bara, New South Wales 2018",2018,-32.565,149.8344444,Australian Yowie Research,https://www.yowiehunters.com.au/new-south-wales/2071-bara-new-south-wales-2018,/Users/jarlgiovanni/Desktop/bigfoot_research/public/data/frontend-data.json
d0b8643666957a3af393002d619fa156fcd004a4b1208a7055ae280064885a21,272,,,,"Bellingen, New South Wales 2018",2018,-30.3739913,152.71921,Australian Yowie Research,https://www.yowiehunters.com.au/new-south-wales/2045-bellingen-new-south-wales-2018,/Users/jarlgiovanni/Desktop/bigfoot_research/public/data/frontend-data.json
d07e4377c0584c1002c05c053107cf2544ea3241b04b5e32e296889e0033d2c3,282,,,,"Conondale, Queensland 2018",2018,-26.743368,152.6710401,Australian Yowie Research,https://www.yowiehunters.com.au/queensland/1986-conondale-queensland-2018,/Users/jarlgiovanni/Desktop/bigfoot_research/public/data/frontend-data.json
6e5e0cf4e49c70bc273c5fe88de911c40b99ff2c69148716012b4ef556a7b81c,306,,,,"Bocoble, New South Wales 2018",2018,-32.7983333,149.7177778,Australian Yowie Research,https://www.yowiehunters.com.au/new-south-wales/2023-bocoble-new-south-wales-2018,/Users/jarlgiovanni/Desktop/bigfoot_research/public/data/frontend-data.json
e33901c515c18ca593eb7408b6ebddff183fe45e7da43d0b3182cf33205c8f37,398,,,,"Dorrigo, New South Wales 2018",2018,-30.3399677,152.7120341,Australian Yowie Research,https://www.yowiehunters.com.au/new-south-wales/2001-dorrigo-new-south-wales-2018,/Users/jarlgiovanni/Desktop/bigfoot_research/public/data/frontend-data.json
45b0778e82d401dc6a43c3c260c58079f7b5491393a6cd1296119cdfbaabf6d5,437,,,,"Roma, Queensland 2018",2018,-26.5710356,148.7868137,Australian Yowie Research,https://www.yowiehunters.com.au/queensland/1981-roma-queensland-2018,/Users/jarlgiovanni/Desktop/bigfoot_research/public/data/frontend-data.json
d3a3b72b0c7948dd2e8c7aec8776261ef959e690eb249b1b076fae2e7602a2b9,489,,,,"Widgee, Queensland 2018",2018,-26.240797,152.4034957,Australian Yowie Research,https://www.yowiehunters.com.au/queensland/2060-widgee-queensland,/Users/jarlgiovanni/Desktop/bigfoot_research/public/data/frontend-data.json
013465f63c13096d493b43e0ee60ecf290b2b9fbd46c7748c7489f8b7dc9423d,518,,,,"Lithgow, New South Wales 2018",2018,-33.481536,150.1564887,Australian Yowie Research,https://www.yowiehunters.com.au/new-south-wales/2031-lithgow-new-south-wales-2018,/Users/jarlgiovanni/Desktop/bigfoot_research/public/data/frontend-data.json
4ad03dd95b8285769ed1ac5e09f4656aa2c8737753de7bedf49c9b1a71e1d84a,571,,,,"Richmond Range, New South Wales 2018",2018,-29.3285389,152.9977378,Australian Yowie Research,https://www.yowiehunters.com.au/new-south-wales/1984-richmond-range-new-south-wales-2018,/Users/jarlgiovanni/Desktop/bigfoot_research/public/data/frontend-data.json
cb546cc950b1d74fe9f155b9c05097a51e7bfb61eb3866bfa1ee0b71ad92d966,600,,,,"Uki, New South Wales 2018",2018,-28.4152778,153.3305556,Australian Yowie Research,https://www.yowiehunters.com.au/new-south-wales/1982-uki-new-south-wales-2018,/Users/jarlgiovanni/Desktop/bigfoot_research/public/data/frontend-data.json
79ba26f2b64f3fe50daa4bc8c49082bb0dc4c095a17760b511ec8a557b73db91,981,,,,2018 - Northern Star Yowie Article 02-06-2018,2018,-28.7631637,153.3480115,Australian Yowie Research,https://www.yowiehunters.com.au/media-clips/1977-2018-northern-star-yowie-article,/Users/jarlgiovanni/Desktop/bigfoot_research/public/data/frontend-data.json
c3048b43f552a07ca5f986a18819d0a0216408e3aff9889307a824b7649e0b6b,982,,,,2018 - South Burnett Times Yowie Article,2018,-26.6764195,151.9851744,Australian Yowie Research,https://www.yowiehunters.com.au/media-clips/2019-2018-south-burnett-times-yowie-article,/Users/jarlgiovanni/Desktop/bigfoot_research/public/data/frontend-data.json
a6f23eed174026f3571020ed26e132c3a9813bb5d6b70375ac37bf64eb983d82,983,,,,2018 - Sydney Morning Herald Yowie Article 10-11-2018,2018,-33.8698439,151.2082848,Australian Yowie Research,https://www.yowiehunters.com.au/media-clips/2020-2018-sydney-morning-herald-yowie-article,/Users/jarlgiovanni/Desktop/bigfoot_research/public/data/frontend-data.json
d21b29ba28606da5919ce1bae56de72aec72004af9f9546f6a91506fda6335a7,1056,,,,2018 - Balonne Shire News Yowie Article 09-08-2018,2018,-28.285835,147.9436644,Australian Yowie Research,https://www.yowiehunters.com.au/media-clips/1980-2018-balonne-shire-news,/Users/jarlgiovanni/Desktop/bigfoot_research/public/data/frontend-data.json
ed0320f0ea33243450ba4b40f8a8cc0278c092f17321f5a8763116714fcda2d7,1057,,,,2018- Herbert River Express Yowie Article 15-08-2018,2018,-18.2484306,145.6112083,Australian Yowie Research,https://www.yowiehunters.com.au/media-clips/2002-2018-herbert-river-express-yowie-article,/Users/jarlgiovanni/Desktop/bigfoot_research/public/data/frontend-data.json
0925b2ccc0f95d36003d5700568460bd6ded7f2aed836eb78877bb8f5178e9eb,1109,,,,2018 - Grey Nomads Yowie Article 10-09-2018,2018,-28.4152778,153.3305556,Australian Yowie Research,https://www.yowiehunters.com.au/media-clips/1997-grey-nomads-yowie-article-2018,/Users/jarlgiovanni/Desktop/bigfoot_research/public/data/frontend-data.json
0ee0420db6fefc15f46ac2ef98028233376915b65a56e87a48e74856d1a52dbe,1110,,,,2018 - Herald Yowie article 02-08-2018,2018,-26.5710356,148.7868137,Australian Yowie Research,https://www.yowiehunters.com.au/media-clips/1979-2018-herald-yowie-article,/Users/jarlgiovanni/Desktop/bigfoot_research/public/data/frontend-data.json
45b9f996413a11e13690345d20b0cf2920df51706cfb9dbb66ca210aa49ea645,1111,,,,2018 - The Sun Yowie Article 06-03-2018,2018,-26.8501432,151.8153509,Australian Yowie Research,https://www.yowiehunters.com.au/media-clips/2021-2018-the-sun-yowie-article,/Users/jarlgiovanni/Desktop/bigfoot_research/public/data/frontend-data.json
c14b096d9cd3817a2813e83a78fe9dc6a2e7a3efedb7276bb5573b813ddee923,1114,,,,2018- Daily Mail Yowie Article 08-03-2018,2018,-26.8501432,151.8153509,Australian Yowie Research,https://www.yowiehunters.com.au/media-clips/1976-2018-daily-mail-yowie-article,/Users/jarlgiovanni/Desktop/bigfoot_research/public/data/frontend-data.json
7ee679a12b131d5c1756100da2ad72b4a1bcc28ececcd23c95f48dbd20697725,1115,,,,2018- Northern Star (2) 22-08-2018,2018,-28.4152778,153.3305556,Australian Yowie Research,https://www.yowiehunters.com.au/media-clips/1992-2018-northern-star-2,/Users/jarlgiovanni/Desktop/bigfoot_research/public/data/frontend-data.json
bbcf5dea36a8b54165bb042f5dc2ce0d7aa0ee747703ce362f08bb433611bfe1,3968,,,,Celebrating the history of the Theatre Royal.,2018,-42.8825088,147.3281233,Australian Broadcasting Corporation,https://www.abc.net.au/hobart/air:-gae-williams-theatre-royal/10048768,/Users/jarlgiovanni/Desktop/bigfoot_research/public/data/frontend-data.json
728a5eb7ce8ba092bb2274edf2ed7feeb15638fae77e9c862c611d50b16d4ac7,4012,,,,"The tourist attraction dropping its ghostly status, because it is scaring people off",2018,-28.5001294,114.5996739,Australian Broadcasting Corporation,https://www.abc.net.au/news/2018-04-30/oakabella-homestead-drops-ghost-tours-attract-chinese-tourists/9705444,/Users/jarlgiovanni/Desktop/bigfoot_research/public/data/frontend-data.json
99f8c308a81a2b749a487fac2d1fc7fb25628300c8fb3fc87259677e5021f2fd,4019,,,,"Urban legend, Asian myth, or historical figure: Who was the ghostly Poinciana Woman?",2018,-12.4077106,130.8254206,Australian Broadcasting Corporation,https://www.abc.net.au/news/2018-04-10/who-was-darwins-mysterious-poinciana-woman-urban-legend-myth/9596398,/Users/jarlgiovanni/Desktop/bigfoot_research/public/data/frontend-data.json
bd686f71ab36e6cac50ec9ad710998bfc3135e6efb53b8c9a7f7f8de3f8ad0b8,4054,,,,Celebrating the history of the Theatre Royal,2018,-42.8795092,147.3311803,Australian Broadcasting Corporation,https://www.abc.net.au/hobart/air:-gae-williams-theatre-royal/10048768,/Users/jarlgiovanni/Desktop/bigfoot_research/public/data/frontend-data.json
43d67b28945c6949924428abacc4b5db7d6d25008d7bcf7198e63ff131d5d880,4071,,,,Woodenbong in Yowie Country is a good place to start if you're looking for Australia's Big Foot,2018,-28.3913455,152.6120214,Australian Broadcasting Corporation,https://www.abc.net.au/news/2018-11-22/woodenbong-and-history-of-yowie-country-curious-north-coast/10505204,/Users/jarlgiovanni/Desktop/bigfoot_research/public/data/frontend-data.json
2efc1e4f9d7f46934a084d8061a426f194a3b2bc5e436e41c2a55127fc8b63b9,4122,,,,What are Canberra's most haunted places?,2018,-35.2828643,149.1209536,Australian Broadcasting Corporation,https://www.abc.net.au/news/specials/curious-canberra/2018-08-27/curous-canberra-most-haunted-places/10164596,/Users/jarlgiovanni/Desktop/bigfoot_research/public/data/frontend-data.json
72ec6f8d78f1ab09b8f6f3ff9c6780568d0cf5c44d98466cd3e95722e524ad3b,4123,,,,What are Canberra's most haunted places?,2018,-35.2927998,149.1417718,Australian Broadcasting Corporation,https://www.abc.net.au/news/specials/curious-canberra/2018-08-27/curous-canberra-most-haunted-places/10164596,/Users/jarlgiovanni/Desktop/bigfoot_research/public/data/frontend-data.json
3cb85f08ba0511773402f60755cc6b2fb952eb72f6efb53042deed0c137f761d,4124,,,,What are Canberra's most haunted places?,2018,-35.3075211,149.134539,Australian Broadcasting Corporation,https://www.abc.net.au/news/specials/curious-canberra/2018-08-27/curous-canberra-most-haunted-places/10164596,/Users/jarlgiovanni/Desktop/bigfoot_research/public/data/frontend-data.json
cd2fa96316ac6d1fe646761f3ee8f71789b1f4cc6b09e3d25a238f50cf29bb42,4395,,,,"Written reports: Yowie Sighting at Numinbah Valley, Queensland 2018",2018,-28.1472,153.2302,Australian Yowie Research / AYR Yowie Reports Map,https://www.yowiehunters.com.au/queensland/2059-nunimbah-valley-queensland-2018,/Users/jarlgiovanni/Desktop/bigfoot_research/public/data/frontend-data.json
cb8f46685820379dc469ea0fdb76f8a2ad0c471538c1a693b82c621bb81b8784,4397,,,,"YouTube reports, interviews: Yowie Sighting (Audio Report #127) near Lithgow, New South Wales (May 2018)",2018,-33.481536,150.1564887,Australian Yowie Research / AYR Yowie Reports Map,https://www.youtube.com/watch?v=U7AOspYe73A,/Users/jarlgiovanni/Desktop/bigfoot_research/public/data/frontend-data.json
722955f81a3201713ce8c18425fa1a25c29eebf9871116ab2a8c849993bebc39,4398,,,,"YouTube reports, interviews: Yowie Sighting (Audio Report #157) at Deepwater National Park, Queensland (2018)",2018,-24.3082663,151.9379523,Australian Yowie Research / AYR Yowie Reports Map,https://www.youtube.com/watch?v=MPCH4QsVeYY,/Users/jarlgiovanni/Desktop/bigfoot_research/public/data/frontend-data.json
4b046ae3171a755cad64b48891e4e8cd6ce828441f28cc624e7611d9db5e8ba0,4399,,,,"YouTube reports, interviews: Yowie Sighting (Audio Report #117) near Roma, Queensland (2018)",2018,-26.5710356,148.7868137,Australian Yowie Research / AYR Yowie Reports Map,https://www.youtube.com/watch?v=jD0KLPpPX9w,/Users/jarlgiovanni/Desktop/bigfoot_research/public/data/frontend-data.json
91e08674f2ea549290fba8d2cc6f4d180f17e4c4d3acb9602c42533bc131010f,4401,,,,"YouTube reports, interviews: Yowie Footprints? (Audio Report #132) near Widgee, Queensland (Dec 2018)",2018,-26.240797,152.4034957,Australian Yowie Research / AYR Yowie Reports Map,https://www.youtube.com/watch?v=kvI4MqwlyE0,/Users/jarlgiovanni/Desktop/bigfoot_research/public/data/frontend-data.json
1b953560c880ff38f8e210b4699a5815c450f33a38bfd75e58a1638fc7488709,4402,,,,"YouTube reports, interviews: Yowie Sighting (Audio Report #136) near Numinbah Valley, Queensland (Aug 2018)",2018,-28.1472,153.2302,Australian Yowie Research / AYR Yowie Reports Map,https://www.youtube.com/watch?v=EcxIIBAIikA,/Users/jarlgiovanni/Desktop/bigfoot_research/public/data/frontend-data.json
31882f34232e0cef7e010843b942fa682041fd391ec3109fffd13e75ea3ea1c0,4530,,,,Reports from newspapers: 2018 - ABC North Coast Yowie Article 22-11-2018,2018,-28.343333,152.6,Australian Yowie Research / AYR Yowie Reports Map,https://www.yowiehunters.com.au/media-clips/2024-2018-abc-north-coast-yowie-article,/Users/jarlgiovanni/Desktop/bigfoot_research/public/data/frontend-data.json
9ef0333046c29cd3f012b8a907e1c28b9e1fa2e35633ecd467688b421448a390,4531,,,,Reports from newspapers: 2018 - Daily Mail UK (3) 30-08-2018,2018,-28.484444,153.357778,Australian Yowie Research / AYR Yowie Reports Map,https://www.yowiehunters.com.au/media-clips/1993-2018-daily-mail-uk-3,/Users/jarlgiovanni/Desktop/bigfoot_research/public/data/frontend-data.json
fb3623fdc99540fc45bd298e4844f8533cb0daa279e394ab42a7d87f1669e85c,4532,,,,Reports from newspapers: 2018 - Daily Mail Yowie Article (2) 23-08-2018,2018,-28.595833,153.223056,Australian Yowie Research / AYR Yowie Reports Map,https://www.yowiehunters.com.au/media-clips/1991-2018-daily-mail-yowie-article-2,/Users/jarlgiovanni/Desktop/bigfoot_research/public/data/frontend-data.json
b0a0a1292040dd2ffa26e4f92c429c083f6f39c41b9cddc5cdb4268d67bee05e,4533,,,,Reports from newspapers: 2018 - Herald Yowie article 02-08-2018,2018,-26.268238,148.738672,Australian Yowie Research / AYR Yowie Reports Map,https://www.yowiehunters.com.au/media-clips/1979-2018-herald-yowie-article,/Users/jarlgiovanni/Desktop/bigfoot_research/public/data/frontend-data.json
e20a69b2312c307af103640259d9201ed4c81ac7c427efb31c067786959873a8,4534,,,,Reports from newspapers: 2018 - Herbert River Express Yowie Article 15-08-2018,2018,-18.152778,145.819167,Australian Yowie Research / AYR Yowie Reports Map,https://www.yowiehunters.com.au/media-clips/2002-2018-herbert-river-express-yowie-article,/Users/jarlgiovanni/Desktop/bigfoot_research/public/data/frontend-data.json
9edc2990ffa8d391b29c15eeb380addfa85183f0091a32f90ca8ba37563fcbd1,4535,,,,Reports from newspapers: 2018 - Northern Star Yowie Article 02-06-2018,2018,-29.116667,153.430333,Australian Yowie Research / AYR Yowie Reports Map,https://www.yowiehunters.com.au/media-clips/1977-2018-northern-star-yowie-article,/Users/jarlgiovanni/Desktop/bigfoot_research/public/data/frontend-data.json
16514bf8bcd6ab15fddf0bbb638c6c0fca06d0121b4b6e2ef7a5261c8b01e488,4536,,,,Reports from newspapers: 2018 - South Burnett Times Yowie Article,2018,-26.667667,152.001,Australian Yowie Research / AYR Yowie Reports Map,https://www.yowiehunters.com.au/media-clips/2019-2018-south-burnett-times-yowie-article,/Users/jarlgiovanni/Desktop/bigfoot_research/public/data/frontend-data.json
497def54cd1c72b4bc9581a2a7fbdc3222f4ba9e42cf208a5a3c51bfeff214b2,4537,,,,Reports from newspapers: 2018 - Sydney Morning Herald Yowie Article 10-11-2018,2018,-35.332222,148.921111,Australian Yowie Research / AYR Yowie Reports Map,https://www.yowiehunters.com.au/media-clips/2020-2018-sydney-morning-herald-yowie-article,/Users/jarlgiovanni/Desktop/bigfoot_research/public/data/frontend-data.json
88ccc0179413527d2abe01708b7a22ef340de5f5ed151594062c05ddcdfa2e69,4538,,,,Reports from newspapers: 2018 - The Sun Yowie Article 06-03-2018,2018,-26.850278,151.815556,Australian Yowie Research / AYR Yowie Reports Map,https://www.yowiehunters.com.au/media-clips/2021-2018-the-sun-yowie-article,/Users/jarlgiovanni/Desktop/bigfoot_research/public/data/frontend-data.json
4353e8d3e8c97393ac2fec551b1e289004917d3093a8548899a4f72f5486e317,4553,,,,"Photographs of footprints and handprints : Ashford, New South Wales (2018)",2018,-29.320507,151.091176,Australian Yowie Research / AYR Yowie Reports Map,https://www.yowiehunters.com.au/footprints,/Users/jarlgiovanni/Desktop/bigfoot_research/public/data/frontend-data.json
22cd2647979a2ab51c480880b193b1d0a26bf0446ea50f5c7754556887628c34,4573,,,,"Photographs of footprints and handprints : Widgee, Queensland (2018)",2018,-26.170653,152.433198,Australian Yowie Research / AYR Yowie Reports Map,https://www.yowiehunters.com.au/footprints,/Users/jarlgiovanni/Desktop/bigfoot_research/public/data/frontend-data.json
5b6a0b6cbbbc4b9a590b43a2da9a02449ceb9e340391545f139e4411a10c384e,4575,,,,"Photographs of footprints and handprints : Wivenhoe Dam, Queensland (2018)",2018,-27.372789,152.591996,Australian Yowie Research / AYR Yowie Reports Map,https://www.yowiehunters.com.au/footprints,/Users/jarlgiovanni/Desktop/bigfoot_research/public/data/frontend-data.json
8948e35e49c3b99dc07a86ba8413223cb1c788996f730b99bd117bf048f5b4c3,4582,,,,"Witness sketches: Witheren, Queensland (2018)",2018,-28.037015,153.179165,Australian Yowie Research / AYR Yowie Reports Map,https://www.yowiehunters.com.au/witness-sketches,/Users/jarlgiovanni/Desktop/bigfoot_research/public/data/frontend-data.json
b9984a6e68fb08b55cbbd8057ec10cf7b41b21cf769ab1cee4d1edc0dcc473aa,4583,,,,"Witness sketches: Roma, Queensland (2018)",2018,-26.579661,148.794688,Australian Yowie Research / AYR Yowie Reports Map,https://www.yowiehunters.com.au/witness-sketches,/Users/jarlgiovanni/Desktop/bigfoot_research/public/data/frontend-data.json
d159ea18e603edacc83290732c082cb3403860da8a2d00ae0131b30d0aa50506,4621,,,,"AYR report index: Nunimbah Valley, Queensland 2018",2018,-28.1518255,153.2224557,Australian Yowie Research state report indexes,https://www.yowiehunters.com.au/queensland/2059-nunimbah-valley-queensland-2018,/Users/jarlgiovanni/Desktop/bigfoot_research/public/data/frontend-data.json
042a01618900d47388bb02a7be368b58364f9add599f050f1978231f06dcfeb3,81,,,,"Blackwood, Victoria 2019",2019,-37.488796,144.2868937,Australian Yowie Research,https://www.yowiehunters.com.au/victoria/2142-blackwood-victoria-2019,/Users/jarlgiovanni/Desktop/bigfoot_research/public/data/frontend-data.json
65522d583653443061d763f5924f0a75d956ad232179eef6b9f2824c66f3ef10,147,,,,"Wingen, New South Wales 2019",2019,-31.8909675,150.8775387,Australian Yowie Research,https://www.yowiehunters.com.au/new-south-wales/2114-wingen-new-south-wales-2019,/Users/jarlgiovanni/Desktop/bigfoot_research/public/data/frontend-data.json
96ef89028ad96599dcafb0912f916038fc06cce3ac62c37ab600f79b85bfe5e2,209,,,,"Currumbin Valley, Queensland 2019 (3)",2019,-28.204048,153.3980364,Australian Yowie Research,https://www.yowiehunters.com.au/queensland/2281-currumbin-queensland-2019,/Users/jarlgiovanni/Desktop/bigfoot_research/public/data/frontend-data.json
02959273136d57f8cc45e7c6affa01ef5290f4cbdff1bfca57a317a648fe4586,210,,,,"Kilkivan, Queensland 2019",2019,-26.080292,152.2473652,Australian Yowie Research,https://www.yowiehunters.com.au/queensland/2041-kilkivan-queensland-2019,/Users/jarlgiovanni/Desktop/bigfoot_research/public/data/frontend-data.json
37898950ec5ce0608b7d71fe4857f436c50793fe7710bcae373b2d54987b9a4d,244,,,,"Hepburn Springs, Victoria 2019",2019,-37.3161925,144.1467627,Australian Yowie Research,https://www.yowiehunters.com.au/victoria/2094-hepburn-springs-victoria-2019,/Users/jarlgiovanni/Desktop/bigfoot_research/public/data/frontend-data.json
9192040e5af76c68eac6884803982457c81f3e5af53520877abd386822549f95,285,,,,"Cooktown, Queensland 2019",2019,-15.3718125,144.9028573,Australian Yowie Research,https://www.yowiehunters.com.au/queensland/2206-cooktown-queensland-2019,/Users/jarlgiovanni/Desktop/bigfoot_research/public/data/frontend-data.json
f0f256617763a1ec06fc117aee75b800dc32b4357ed296f65a429df091b6f066,303,,,,"Currumbin Valley, Queensland 2019",2019,-28.204048,153.3980364,Australian Yowie Research,https://www.yowiehunters.com.au/queensland/2120-currumbin-valley-queensland-2019,/Users/jarlgiovanni/Desktop/bigfoot_research/public/data/frontend-data.json
84a989aac2efe1d26d637535ac389e7be65854b874e98341db0cdfa789a0b33c,305,,,,"Currumbin Valley, Queensland 2019 (2)",2019,-28.204048,153.3980364,Australian Yowie Research,https://www.yowiehunters.com.au/queensland/2134-currumbin-valley-queensland-2019-2,/Users/jarlgiovanni/Desktop/bigfoot_research/public/data/frontend-data.json
a163ace96e0edfabae860918dccecf917b1ebaf6def24989563617143b40c39d,313,,,,"Deepwater, Queensland 2019",2019,-24.3716505,151.9390051,Australian Yowie Research,https://www.yowiehunters.com.au/queensland/2121-deepwater-queensland-2019,/Users/jarlgiovanni/Desktop/bigfoot_research/public/data/frontend-data.json
2dae3dec562fe1d5816ec70dea524c3c02867b88a3c79fa119f3e38a6c2cc969,323,,,,"Gallangowan State Forest, Queensland 2019",2019,-26.4537713,152.3077508,Australian Yowie Research,https://www.yowiehunters.com.au/queensland/2133-gallangowan-state-forest-queensland-2019,/Users/jarlgiovanni/Desktop/bigfoot_research/public/data/frontend-data.json
24d27bc6131a18f580a2a7b1d960563a0caf4c316453853d646cdac5097ec119,355,,,,"Kilkivan, Queensland 2019",2019,-26.080292,152.2473652,Australian Yowie Research,https://www.yowiehunters.com.au/queensland/2194-kilkivan-queensland-2020,/Users/jarlgiovanni/Desktop/bigfoot_research/public/data/frontend-data.json
fa940d032f22d70bfe7065ad90d290bdc12e0e1d46eed63d5565a4cb84008b3c,407,,,,"Nunimbah Valley, Queensland 2019",2019,-28.1518255,153.2224557,Australian Yowie Research,https://www.yowiehunters.com.au/queensland/2181-nunimbah-valley-queensland-2019,/Users/jarlgiovanni/Desktop/bigfoot_research/public/data/frontend-data.json
b36f19ebd29d3c52c20c38b3e6530de5db6397ced2ca5593b1cb4933b2b1cc1f,549,,,,"Newry State Forest, New South Wales 2019",2019,-30.539809,152.965781,Australian Yowie Research,https://www.yowiehunters.com.au/new-south-wales/2070-newry-state-forest-new-south-wales-2019,/Users/jarlgiovanni/Desktop/bigfoot_research/public/data/frontend-data.json
cde070cc148d8e94754896f4fec4080cb99421f5e9b86ea52347ec85b644d297,629,,,,"Woy Woy, New South Wales 2019",2019,-33.4880548,151.3274925,Australian Yowie Research,https://www.yowiehunters.com.au/new-south-wales/2130-woy-woy-new-south-wales-2019,/Users/jarlgiovanni/Desktop/bigfoot_research/public/data/frontend-data.json
552a3362aee1b74cc34378901b0b614ae1562f9d3a208400099ff176ef1130b6,984,,,,2019 - Courier Mail Yowie Article 15-07-2019,2019,-27.4689623,153.0235009,Australian Yowie Research,https://www.yowiehunters.com.au/media-clips/2097-2019-courier-mail-yowie-article,/Users/jarlgiovanni/Desktop/bigfoot_research/public/data/frontend-data.json
b256ad12e69f82010d7a5d12b23dee66f128a75638cfddb090fc6081e352474e,985,,,,2019 - Daily Mail Yowie Article (Cairns) 07-02-2019,2019,-16.9206657,145.7721854,Australian Yowie Research,https://www.yowiehunters.com.au/media-clips/2047-2019-daily-mail-yowie-article-cairns,/Users/jarlgiovanni/Desktop/bigfoot_research/public/data/frontend-data.json
e1aa28e212276582ca9d7fe1b738ac5ae86f7918328f25435caade8d5124fd2a,986,,,,2019 - Daily Mail Yowie Article 29-01-2019,2019,-28.126238,153.1951742,Australian Yowie Research,https://www.yowiehunters.com.au/media-clips/2039-daily-mail-yowie-article,/Users/jarlgiovanni/Desktop/bigfoot_research/public/data/frontend-data.json
ff646df91a77f71b9808d3bdcdb79fed7029f04dae788dfc5ed916d8c8cae2ec,987,,,,2019 - Gold Coast Bulletin Yowie Article (Various GC Based Information) 09-02-2019,2019,-28.0023731,153.4145987,Australian Yowie Research,https://www.yowiehunters.com.au/media-clips/2049-2019-gold-coast-bulletin-yowie-article-various-gc-based-information,/Users/jarlgiovanni/Desktop/bigfoot_research/public/data/frontend-data.json
02417ecb5a0fbd4f012828fda79907f8e5ebb93331a21894a7a79b10dc0fb4a6,988,,,,2019 - Gold Coast Bulletin Yowie Article 09-02-2019,2019,-28.0023731,153.4145987,Australian Yowie Research,https://www.yowiehunters.com.au/media-clips/2101-2019-gold-coast-bulletin-yowie-article-09-02-2019,/Users/jarlgiovanni/Desktop/bigfoot_research/public/data/frontend-data.json
7b6bc96d518cb042bdb1c442c7bdcca4d451be6332af3abf27817ee701fd2462,989,,,,2019 - Gold Coast Bulletin Yowie Article 19-07-2019,2019,-28.0023731,153.4145987,Australian Yowie Research,https://www.yowiehunters.com.au/media-clips/2098-2019-gold-coast-bulletin-yowie-article-19-07-2019,/Users/jarlgiovanni/Desktop/bigfoot_research/public/data/frontend-data.json
a4332c8a00885b32b8e7cd875e29b745f022b19b055bdf9d57ded3d8a898cfde,990,,,,2019 - Gold Coast Bulletin Yowie Article 24-01-2019,2019,-28.0023731,153.4145987,Australian Yowie Research,https://www.yowiehunters.com.au/media-clips/2037-2019-gold-coast-bulletin-yowie-article,/Users/jarlgiovanni/Desktop/bigfoot_research/public/data/frontend-data.json
8b88825d2a07bfb4efb38475b6b61c09b5bdfd5f66a3770ba7a50719fde123fb,991,,,,2019 - Gympie Times Yowie Article 15-06-2019,2019,-26.1900447,152.6600256,Australian Yowie Research,https://www.yowiehunters.com.au/media-clips/2091-2019-gympie-times-yowie-article,/Users/jarlgiovanni/Desktop/bigfoot_research/public/data/frontend-data.json
996528c114843984e3e1b6ac1a14d7487bfa5022020f92d0ea0a8912a46da0b5,992,,,,2019- Gold Coast Bulletin Yowie Article 20-07-2019,2019,-28.0023731,153.4145987,Australian Yowie Research,https://www.yowiehunters.com.au/media-clips/2100-2019-gold-coast-bulletin-yowie-article-20-07-2019,/Users/jarlgiovanni/Desktop/bigfoot_research/public/data/frontend-data.json
fd0d9a718dcd14bce4892350e7dd48caaa78a94a5f3c02b395610cce207f3c56,993,,,,2019- Gold Coast Bulletin Yowie Article 24-07-2019,2019,-28.0023731,153.4145987,Australian Yowie Research,https://www.yowiehunters.com.au/media-clips/2103-2019-gold-coast-bulletin-24-07-2019,/Users/jarlgiovanni/Desktop/bigfoot_research/public/data/frontend-data.json
2e905c16a0502282301b9ca889384b40346fcb72dc37cca0a7c43ac430656c6b,994,,,,2019- Gold Coast Bulletin Yowie Article 25-01-2019,2019,-28.0023731,153.4145987,Australian Yowie Research,https://www.yowiehunters.com.au/media-clips/2038-2019-gold-coast-bulletin,/Users/jarlgiovanni/Desktop/bigfoot_research/public/data/frontend-data.json
5f1ca3c33a599355c2563e9527995f1cb07c908a470da39eccd1411ce9d3ef94,1116,,,,2019 - 9 News 24-01-2019,2019,-28.0506572,153.1877059,Australian Yowie Research,https://www.yowiehunters.com.au/media-clips/2233-2019-9-news-24-01-2019,/Users/jarlgiovanni/Desktop/bigfoot_research/public/data/frontend-data.json
36c2f64c4b8c12fe414b1fdedca0890bdb12b8f4892a1c6c3239130c28dd8031,1117,,,,2019 - Daily Mail Yowie Article 02-08-2019,2019,-33.1810592,150.234389,Australian Yowie Research,https://www.yowiehunters.com.au/media-clips/2105-2019-daily-mail-yowie-article-02-08-2019,/Users/jarlgiovanni/Desktop/bigfoot_research/public/data/frontend-data.json
c8ff446c24583b3bcfc1e0af3ef0423b5258c248dc519d4689d412fc984189df,1118,,,,2019 - Daily Mail Yowie Article 02-09-2019,2019,-34.0115925,150.4315419,Australian Yowie Research,https://www.yowiehunters.com.au/media-clips/2111-2019-daily-mail-yowie-article-02-09-2019,/Users/jarlgiovanni/Desktop/bigfoot_research/public/data/frontend-data.json
212ff719dc76b04ded29c735ce81724e0c0cd80e61b5feb195b4b9e5fe32f83b,1120,,,,2019 - Daily Mail Yowie Article 07-08-2019,2019,-27.9024629,153.1095731,Australian Yowie Research,https://www.yowiehunters.com.au/media-clips/2106-2019-daily-mail-yowie-article-07-08-2019,/Users/jarlgiovanni/Desktop/bigfoot_research/public/data/frontend-data.json
7d97056bb0e1eb75d6110fe3013d2f495a3082475b9ba01e57a4ffb15078c2c8,1121,,,,2019 - Daily Mail Yowie Article 15-07-2019,2019,-17.4246226,145.6038006,Australian Yowie Research,https://www.yowiehunters.com.au/media-clips/2096-2019-daily-mail-yowie-article,/Users/jarlgiovanni/Desktop/bigfoot_research/public/data/frontend-data.json
22cbd701b66ee75550211258d619cb0b6d4999c234fa4de9a5acc0b53db5fc2b,1123,,,,2019 - Daily Mail Yowie Article 23-07-2019 (2),2019,-17.4246226,145.6038006,Australian Yowie Research,https://www.yowiehunters.com.au/media-clips/2102-2019-daily-mail-yowie-article-23-07-2019-2,/Users/jarlgiovanni/Desktop/bigfoot_research/public/data/frontend-data.json
88efdb2e8db862dfe6b752c1ac25e34695b066c85b45725305eacd222d6ff642,1126,,,,2019 - Northern Daily Leader Yowie Article 30-06-2019,2019,-25.698345,151.7621472,Australian Yowie Research,https://www.yowiehunters.com.au/media-clips/2092-2019-northern-daily-leader-yowie-article,/Users/jarlgiovanni/Desktop/bigfoot_research/public/data/frontend-data.json
02c5ce2fa465b6089bf92893425695b761c90569b22504cfce7458532a704a5f,1127,,,,2019 - SBS Yowie Article 24-01-2019,2019,-28.126238,153.1951742,Australian Yowie Research,https://www.yowiehunters.com.au/media-clips/2036-2019-sbs-yowie-article,/Users/jarlgiovanni/Desktop/bigfoot_research/public/data/frontend-data.json
965bbacb882245e7d0483bb4db5f3073c9f80d00f0bf8a2dc60f6753b6b2507b,3998,,,,Faust — more than we bargained for?,2019,-37.8106911,144.9723167,Australian Broadcasting Corporation,https://www.abc.net.au/radionational/programs/the-stage-show/faust-gounod-opera-australia-teddy-tahu-rhodes/11738010,/Users/jarlgiovanni/Desktop/bigfoot_research/public/data/frontend-data.json
620c287bf80db237344b0058e0c9011ba59b40706ac5ac4910b19cdd8126b6e8,4016,,,,What are Hobart's most famous ghost stories?,2019,-42.8825088,147.3281233,Australian Broadcasting Corporation,https://www.abc.net.au/news/2019-04-04/curious-hobart-famous-ghost-stories-tasmania/10962200,/Users/jarlgiovanni/Desktop/bigfoot_research/public/data/frontend-data.json
8fe118a4df2984c5ef07946bb08332f6e1ae9be9268b792ce574b8a57c492b69,4031,,,,What are Hobart's most famous ghost stories?,2019,-42.8889972,147.3351286,Australian Broadcasting Corporation,https://www.abc.net.au/news/2019-04-04/curious-hobart-famous-ghost-stories-tasmania/10962200,/Users/jarlgiovanni/Desktop/bigfoot_research/public/data/frontend-data.json
77bd9caa8452b630aec760c3644091b677edeb553d5cb149076e0c2d8ec04549,4056,,,,What are Hobart's most famous ghost stories?,2019,-42.8876,147.3370428,Australian Broadcasting Corporation,https://www.abc.net.au/news/2019-04-04/curious-hobart-famous-ghost-stories-tasmania/10962200,/Users/jarlgiovanni/Desktop/bigfoot_research/public/data/frontend-data.json
7afd0c087d5e4ed215ae70b8382a988e4d8061d1d2f27f611576f16da27ab1a0,4057,,,,What are Hobart's most famous ghost stories?,2019,-42.8773197,147.3275298,Australian Broadcasting Corporation,https://www.abc.net.au/news/2019-04-04/curious-hobart-famous-ghost-stories-tasmania/10962200,/Users/jarlgiovanni/Desktop/bigfoot_research/public/data/frontend-data.json
31c90a4866d917a23ef9d864cfff76ba13a6d72227950e42a18d7b9d291ff88f,4058,,,,Henry Jones in Drunken Admiral Henry Jones apparition,2019,-42.8811591,147.3349313,Australian Broadcasting Corporation,https://www.abc.net.au/news/2019-04-04/curious-hobart-famous-ghost-stories-tasmania/10962200#drunken-admiral,/Users/jarlgiovanni/Desktop/bigfoot_research/public/data/frontend-data.json
1f8179cdb9e03042ce3d8e0d4e7acc6723b9a4f97035a6f5a3583bee2e01eb7a,4059,,,,Alex in Lenna of Hobart Alex and Harriet,2019,-42.8873486,147.3357623,Australian Broadcasting Corporation,https://www.abc.net.au/news/2019-04-04/curious-hobart-famous-ghost-stories-tasmania/10962200#lenna,/Users/jarlgiovanni/Desktop/bigfoot_research/public/data/frontend-data.json
ab3025f4397919c7ad92a54d038386088298674d7e5ba425d4ebda8c6ac1b17f,4060,,,,Polly in Narryna Polly ghost,2019,-42.8892857,147.3315508,Australian Broadcasting Corporation,https://www.abc.net.au/news/2019-04-04/curious-hobart-famous-ghost-stories-tasmania/10962200#narryna,/Users/jarlgiovanni/Desktop/bigfoot_research/public/data/frontend-data.json
02d3baa03b0ca363e84c9417ef18feff5310432d24de344fa20dd56ee75a8c97,4064,,,,"On Drive with Piia; Ghost stories, adulting app and mental health",2019,-41.8048849,147.4039171,Australian Broadcasting Corporation,https://www.abc.net.au/listen/programs/northtas-drive/ghost-stories/10986996,/Users/jarlgiovanni/Desktop/bigfoot_research/public/data/frontend-data.json
530525eaa910f02098e1965f8761956cdb15464294142e4839c4ff49ac5ce1aa,4069,,,,"Spot on the map: Kilcoy, Queensland",2019,-26.9417175,152.561157,Australian Broadcasting Corporation,https://www.abc.net.au/radio/programs/overnights/kilcoy/11080898,/Users/jarlgiovanni/Desktop/bigfoot_research/public/data/frontend-data.json
f47df6f9248015a3f0b6dff63582e42fbe721cbdc3399aa7d788933e9a5a2bd7,4400,,,,"YouTube reports, interviews: Yowie Sighting (Audio Report #129) at Witheren near Canungra, Queensland (Nov 2019)",2019,-28.054176,153.18679,Australian Yowie Research / AYR Yowie Reports Map,https://www.youtube.com/watch?v=pe5_smSBhnU,/Users/jarlgiovanni/Desktop/bigfoot_research/public/data/frontend-data.json
cc62940ae006c8c2ca69da296dd65079f92983a6e8c03baddbf51730353d606d,4403,,,,"YouTube reports, interviews: Yowie Sighting (Audio Report #137) at Newry, New South Wales (March 2019)",2019,-30.54561,153.002421,Australian Yowie Research / AYR Yowie Reports Map,https://www.youtube.com/watch?v=n-E_2MUzhBQ,/Users/jarlgiovanni/Desktop/bigfoot_research/public/data/frontend-data.json
bd439ade8a2c89132fa135f269b89852bd36f08bd365820c14666c3b877f548e,4404,,,,"Written reports: Yowie Sighting at Gallangowan State Forest, Queensland 2019",2019,-26.432395,152.330037,Australian Yowie Research / AYR Yowie Reports Map,https://www.yowiehunters.com.au/queensland/2133-gallangowan-state-forest-queensland-2019,/Users/jarlgiovanni/Desktop/bigfoot_research/public/data/frontend-data.json
52cac49f1e628c74b528f0b27c654ce8885edaa0f97981ad1a7fd025cc1abce9,4405,,,,"YouTube reports, interviews: Yowie Sighting (Audio Report #147) near Wingen New South Wales (Aug 2019)",2019,-31.87522,150.88153,Australian Yowie Research / AYR Yowie Reports Map,https://www.youtube.com/watch?v=aguG9AunLTY,/Users/jarlgiovanni/Desktop/bigfoot_research/public/data/frontend-data.json
50ff4ac3caa2158634225094ee8787a63f616697e5474bbe113e41d84995a912,4406,,,,"YouTube reports, interviews: Yowie Sighting (Audio Report #151) near Woy Woy, New South Wales (Nov 2019)",2019,-33.4880548,151.3274925,Australian Yowie Research / AYR Yowie Reports Map,https://www.youtube.com/watch?v=l3DeZH0LtPU,/Users/jarlgiovanni/Desktop/bigfoot_research/public/data/frontend-data.json
d2d38751f66dc644082d0e29dc8f0b4a1bc1106fee19fee5222dcf764cc0bb3d,4539,,,,Reports from newspapers: 2019 - Courier Mail Yowie Article 15-07-2019,2019,-17.4252,145.6036,Australian Yowie Research / AYR Yowie Reports Map,https://www.yowiehunters.com.au/media-clips/2097-2019-courier-mail-yowie-article,/Users/jarlgiovanni/Desktop/bigfoot_research/public/data/frontend-data.json
9cdb711dc07a26959f8a08968d845e86df0bb747539bfa3cc029e8a05e7acd44,4540,,,,Reports from newspapers: 2019 - Daily Mail Yowie Article (Cairns) 07-02-2019,2019,-16.9627,145.743,Australian Yowie Research / AYR Yowie Reports Map,https://www.yowiehunters.com.au/media-clips/2047-2019-daily-mail-yowie-article-cairns,/Users/jarlgiovanni/Desktop/bigfoot_research/public/data/frontend-data.json
e5dae459b960c8ed667b445c6090d47e62b4ae9525143a2eec03ef886bffc7c5,4541,,,,Reports from newspapers: 2019 - Daily Mail Yowie Article 02-08-2019,2019,-33.238727,150.226593,Australian Yowie Research / AYR Yowie Reports Map,https://www.yowiehunters.com.au/media-clips/2105-2019-daily-mail-yowie-article-02-08-2019,/Users/jarlgiovanni/Desktop/bigfoot_research/public/data/frontend-data.json
e64354ff23896f672314de99d077066431fe27eff61a6c1c01f222c89f3ead89,4542,,,,Reports from newspapers: 2019 - Daily Mail Yowie Article 02-09-2019,2019,-34.015288,150.448145,Australian Yowie Research / AYR Yowie Reports Map,https://www.yowiehunters.com.au/media-clips/2111-2019-daily-mail-yowie-article-02-09-2019,/Users/jarlgiovanni/Desktop/bigfoot_research/public/data/frontend-data.json
22f73f1e3a71df1d5d2df46856e937269bdab76a73de0e661899a45194c97645,4543,,,,Reports from newspapers: 2019 - Daily Mail Yowie Article 07-08-2019,2019,-27.8816,153.13,Australian Yowie Research / AYR Yowie Reports Map,https://www.yowiehunters.com.au/media-clips/2106-2019-daily-mail-yowie-article-07-08-2019,/Users/jarlgiovanni/Desktop/bigfoot_research/public/data/frontend-data.json
715f0ea7350e6df70c70556d311250b6eb5bce45e5c80053ba3560acd249cd82,4544,,,,Reports from newspapers: 2019 - Daily Mail Yowie Article 26-07-2019,2019,-17.345,145.925,Australian Yowie Research / AYR Yowie Reports Map,https://www.yowiehunters.com.au/media-clips/2104-2019-daily-mail-yowie-article-26-07-2019,/Users/jarlgiovanni/Desktop/bigfoot_research/public/data/frontend-data.json
02be761215a024402c82eb573b46d5afd6b72ff30e54aed198cc74aee04e52af,4545,,,,Reports from newspapers: 2019 - Daily Mail Yowie Article 29-01-2019,2019,-28.070484,153.227225,Australian Yowie Research / AYR Yowie Reports Map,https://www.yowiehunters.com.au/media-clips/2039-daily-mail-yowie-article,/Users/jarlgiovanni/Desktop/bigfoot_research/public/data/frontend-data.json
87a09cb1afd7b8acd1c0af0f03aaa38a588bcc00132026df6f89e78ec6aff510,4546,,,,Reports from newspapers: 2019 - Daily Mail Yowie Article 31-09-2019,2019,-26.943056,152.562989,Australian Yowie Research / AYR Yowie Reports Map,https://www.yowiehunters.com.au/media-clips/2126-2019-daily-mail-yowie-article-31-09-2019,/Users/jarlgiovanni/Desktop/bigfoot_research/public/data/frontend-data.json
58ad62fd40a2eb838ca7a1e235a07fc04efb7507136ce0ccac6e467432791e70,4547,,,,Reports from newspapers: 2019 - Gold Coast Bulletin Yowie Article 19-07-2019,2019,-28.2016,153.3999,Australian Yowie Research / AYR Yowie Reports Map,https://www.yowiehunters.com.au/media-clips/2098-2019-gold-coast-bulletin-yowie-article-19-07-2019,/Users/jarlgiovanni/Desktop/bigfoot_research/public/data/frontend-data.json
004eab042c4c87c771c8e8a2c610ecb3af10709c67b48c9e2b7e637b13bdd02a,4548,,,,Reports from newspapers: 2019 - Gold Coast Bulletin Yowie Article 20-07-2019,2019,-28.2016,153.408,Australian Yowie Research / AYR Yowie Reports Map,https://www.yowiehunters.com.au/media-clips/2100-2019-gold-coast-bulletin-yowie-article-20-07-2019,/Users/jarlgiovanni/Desktop/bigfoot_research/public/data/frontend-data.json
79aaef1948b1a291a214ef1263ad9728f36c4eec61cdc34da416d73e53909f88,4549,,,,Reports from newspapers: 2019 - Gold Coast Bulletin Yowie Article 24-07-2019,2019,-28.1858,153.3627,Australian Yowie Research / AYR Yowie Reports Map,https://www.yowiehunters.com.au/media-clips/2103-2019-gold-coast-bulletin-24-07-2019,/Users/jarlgiovanni/Desktop/bigfoot_research/public/data/frontend-data.json
6553870d90d157ceaa65932ca76a835cbcbc64941ff0a4ba8d39331d73e32668,4550,,,,Reports from newspapers: 2019 - Gold Coast Bulletin Yowie Article 25-01-2019,2019,-28.066815,153.230337,Australian Yowie Research / AYR Yowie Reports Map,https://www.yowiehunters.com.au/media-clips/2038-2019-gold-coast-bulletin,/Users/jarlgiovanni/Desktop/bigfoot_research/public/data/frontend-data.json
43ad3e51a06b997f19582e9aadc838f23057455aae7634f20d4df19835bf3210,4551,,,,Reports from newspapers: 2019 - Northern Daily Leader Yowie Article 30-06-2019,2019,-28.6547,151.935,Australian Yowie Research / AYR Yowie Reports Map,https://www.yowiehunters.com.au/media-clips/2092-2019-northern-daily-leader-yowie-article,/Users/jarlgiovanni/Desktop/bigfoot_research/public/data/frontend-data.json
467d3a7815a920e22e9229238ae9e6f68ce09d615a623fbe513cbc878672f297,4552,,,,"Sound recordings of calls, etc: on Facebook - Newnes, New South Wales - Possible Yowie Audio (March 2019)",2019,-33.18333,150.25,Australian Yowie Research / AYR Yowie Reports Map,https://www.facebook.com/yowiehunters.com.au/videos/1630240427106167,/Users/jarlgiovanni/Desktop/bigfoot_research/public/data/frontend-data.json
a185ceae2625d301f2d28ee14871813e41d6169a5bc876ad88b4487b1d2fdbdb,4562,,,,Photographs of footprints and handprints : Hannam Vale (2019),2019,-31.716667,152.6,Australian Yowie Research / AYR Yowie Reports Map,https://www.yowiehunters.com.au/footprints,/Users/jarlgiovanni/Desktop/bigfoot_research/public/data/frontend-data.json
ccd0e53e0558c4d99d2c9b74c566a4243c9163b67ef20ede13223cce9c8c5244,22,,,,"Jarrahdale, Western Australia 2020",2020,-32.3393559,116.066177,Australian Yowie Research,https://www.yowiehunters.com.au/western-australia/2250-jarrahdale-western-australia-2020,/Users/jarlgiovanni/Desktop/bigfoot_research/public/data/frontend-data.json
e63b57c7778c5591559b333f4590e0d0611a9175fcb8f33db13fdb1fc26f022d,82,,,,"Creswick, Victoria 2020",2020,-37.4245857,143.8939669,Australian Yowie Research,https://www.yowiehunters.com.au/victoria/2193-creswick-victoria-2020,/Users/jarlgiovanni/Desktop/bigfoot_research/public/data/frontend-data.json
a663e336dabd6d167a86793f3a82293d3f0a1ce37c65d135d928d2c52011f22b,211,,,,"Bellbird Grove, Queensland 2020",2020,-27.4238044,152.903316,Australian Yowie Research,https://www.yowiehunters.com.au/queensland/2177-bellbird-grove-queensland-2020,/Users/jarlgiovanni/Desktop/bigfoot_research/public/data/frontend-data.json
ef5fac4073f52f24f9b2b017316b1b076e60fc4353637d5fd3fb60ed9ca4bf16,247,,,,"Hepburn Springs, Victoria 2020",2020,-37.3161925,144.1467627,Australian Yowie Research,https://www.yowiehunters.com.au/victoria/2140-hepburn-springs-victoria-2020,/Users/jarlgiovanni/Desktop/bigfoot_research/public/data/frontend-data.json
a3172b3b74db4672b557b1de62c6b25037ac905fd19232128b8a2a5ac03edf32,359,,,,"Kinbombi Falls, Queensland - 2020",2020,-26.2212465,152.1514665,Australian Yowie Research,https://www.yowiehunters.com.au/queensland/2298-kinbombi-falls-queensland-2020,/Users/jarlgiovanni/Desktop/bigfoot_research/public/data/frontend-data.json
27f2ac1d8e75d6446d8730dd3f686133cff761729ae57a87573c296cdd30d985,371,,,,"Landsborough, Queensland 2020",2020,-26.809659,152.9907408,Australian Yowie Research,https://www.yowiehunters.com.au/queensland/2225-landsborough-queensland-2020,/Users/jarlgiovanni/Desktop/bigfoot_research/public/data/frontend-data.json
3129e1bf41704b26d737bbadb509566d93ceb2f7cf5e897335bc6d02d045a083,581,,,,"Strickland, New South Wales 2020",2020,-33.8558957,151.2682802,Australian Yowie Research,https://www.yowiehunters.com.au/new-south-wales/2178-strickland-new-south-wales-2020,/Users/jarlgiovanni/Desktop/bigfoot_research/public/data/frontend-data.json
6367af90558fed53116ee730676db71dfc82356c04795176d623b030cceac0bf,616,,,,"Wentworth Falls, New South Wales 2020",2020,-33.72802,150.3740633,Australian Yowie Research,https://www.yowiehunters.com.au/new-south-wales/2276-wentworth-falls-new-south-wales-2020,/Users/jarlgiovanni/Desktop/bigfoot_research/public/data/frontend-data.json
30550bd9de4f10791cb3d19ab3f63682a41daf26cc91d06cc739adfc24f8e452,995,,,,2020 - Coast to Coast Yowie Article 21-02-2020,2020,-28.0023731,153.4145987,Australian Yowie Research,https://www.yowiehunters.com.au/media-clips/2137-2020-coast-to-coast-21-02-2020,/Users/jarlgiovanni/Desktop/bigfoot_research/public/data/frontend-data.json
584989fc07a63c758a21900269d146d9edb5300bfd6e7887d54edbcb33b68251,996,,,,2020 - Gold Coast Bulletin Yowie Article 14-02-2020,2020,-28.0023731,153.4145987,Australian Yowie Research,https://www.yowiehunters.com.au/media-clips/2136-2020-gold-coast-bulletin-yowie-article-14-02-2020,/Users/jarlgiovanni/Desktop/bigfoot_research/public/data/frontend-data.json
9b2b0abaff5fe4ff1503df80a07dd86c33177154207db6791d71d7fd9714d0af,997,,,,2020 - Gold Coast Bulletin Yowie Article 18-07-2020,2020,-28.0023731,153.4145987,Australian Yowie Research,https://www.yowiehunters.com.au/media-clips/2201-2020-gold-coast-bulletin-yowie-18-07-2020,/Users/jarlgiovanni/Desktop/bigfoot_research/public/data/frontend-data.json
d0eabb752f7bd1880318cf3774cd37343b0b9825aad58bc62f15e55a802f8a45,998,,,,2020 - Gold Coast Bulletin Yowie Article 25-07-2020,2020,-28.0023731,153.4145987,Australian Yowie Research,https://www.yowiehunters.com.au/media-clips/2202-2020-gold-coast-bulletin-yowie-article-25-07-2020,/Users/jarlgiovanni/Desktop/bigfoot_research/public/data/frontend-data.json
1f8f4bd13d7e4fc74f443e0ffd3cd5be0dc653d8b0d6d77ec74c988584ee236c,999,,,,2020 - News Mail Yowie Article 29-11-2020,2020,-24.8653253,152.3516785,Australian Yowie Research,https://www.yowiehunters.com.au/media-clips/2196-2020-news-mail-yowie-article-29-11-2020,/Users/jarlgiovanni/Desktop/bigfoot_research/public/data/frontend-data.json
15d1290e671abb5c4f2b3fc283e8916b00165dddd5f3f9459de0429b156c257a,1000,,,,2020 - Stanthorpe Border Post Yowie Article 07-07-2020,2020,-28.6559947,151.9338265,Australian Yowie Research,https://www.yowiehunters.com.au/media-clips/2200-2020-stanthorpe-border-post-yowie-article-07-07-2020,/Users/jarlgiovanni/Desktop/bigfoot_research/public/data/frontend-data.json
b5236cacdcc9e7cac185cb484c2e60f1def2c8a8db612112f9e1fabdd9f9a5cd,1058,,,,2020 - Toowoomba Chronicle Yowie Article 07-07-2020,2020,-27.5610193,151.953351,Australian Yowie Research,https://www.yowiehunters.com.au/media-clips/2238-2020-toowoomba-chronicle-yowie-article-07-07-2020,/Users/jarlgiovanni/Desktop/bigfoot_research/public/data/frontend-data.json
eeb1f7fcee074f92745e63f76d2eea05f384ea9c260640cf52b58745f7a8bb47,1129,,,,2020 - Daily Mail Yowie Article 29-09-2020,2020,-18.5139714,144.0936324,Australian Yowie Research,https://www.yowiehunters.com.au/media-clips/2197-2020-daily-mail-yowie-article-29-09-2020,/Users/jarlgiovanni/Desktop/bigfoot_research/public/data/frontend-data.json
49c0c6e8df5316d935156e3a8fdc86b960457e3e850b79a6a761f5e1f66e043e,1130,,,,2020- Daily Mail Yowie Article 22-07-2020,2020,-36.4485,148.2346,Australian Yowie Research,https://www.yowiehunters.com.au/media-clips/2198-2020-daily-mail-yowie-article-22-07-2020,/Users/jarlgiovanni/Desktop/bigfoot_research/public/data/frontend-data.json
387b87014de1f8d89f48fd4233b35b18078c65a0bdcc598349d440dc2bf674b3,3993,,,,Ghost tales and grisly histories give 'haunted' buildings their scary appeal. Here's how,2020,-37.2775765,142.9581683,Australian Broadcasting Corporation,https://www.abc.net.au/news/2020-02-20/ghost-tales-help-give-haunted-buildings-their-scary-appeal/11985080,/Users/jarlgiovanni/Desktop/bigfoot_research/public/data/frontend-data.json
076496e9e3cb5a58bc4152d1f4ba8ac23806f428c14d64fe4349272c540b77cc,3999,,,,Ghost tales and grisly histories give 'haunted' buildings their scary appeal. Here's how,2020,-33.7989451,151.0007621,Australian Broadcasting Corporation,https://www.abc.net.au/news/2020-02-20/ghost-tales-help-give-haunted-buildings-their-scary-appeal/11985080,/Users/jarlgiovanni/Desktop/bigfoot_research/public/data/frontend-data.json
a97cb816d659e6199a5c0f712c044a52487da9f14252f3be9a3bbec3c0df7de8,4043,,,,Meet the woman taking Tasmania's most haunted sites to the social media masses,2020,-42.7854275,147.0636218,Australian Broadcasting Corporation,https://www.abc.net.au/news/2020-09-02/tasmania-ghost-tours-live-streamed-to-thousands/12615942,/Users/jarlgiovanni/Desktop/bigfoot_research/public/data/frontend-data.json
37605343bc19d6ab675d2cf91c270c9b2d779dc2ef7dfbab86e286c392f50762,4044,,,,Meet the woman taking Tasmania's most haunted sites to the social media masses,2020,-41.8819768,145.3353375,Australian Broadcasting Corporation,https://www.abc.net.au/news/2020-09-02/tasmania-ghost-tours-live-streamed-to-thousands/12615942,/Users/jarlgiovanni/Desktop/bigfoot_research/public/data/frontend-data.json
5b32f2bfd37525c078dd0eb28680163b7857d5e1e1f4af74ffba36062c3c1f9d,4045,,,,Meet the woman taking Tasmania's most haunted sites to the social media masses,2020,-42.0777582,145.5517178,Australian Broadcasting Corporation,https://www.abc.net.au/news/2020-09-02/tasmania-ghost-tours-live-streamed-to-thousands/12615942,/Users/jarlgiovanni/Desktop/bigfoot_research/public/data/frontend-data.json
8d66f051abaadf41925cf6e15e1bcc3e41ddf313fb56825e0363c2e6887401b1,4046,,,,Launceston's Princess Theatre celebrates colourful history,2020,-41.436237,147.1413958,Australian Broadcasting Corporation,https://www.abc.net.au/news/2020-11-17/princess-theatre-celebrates-50-years-launceston-history/12886618,/Users/jarlgiovanni/Desktop/bigfoot_research/public/data/frontend-data.json
43e8896f1c0e53d92383e726a10abe7b85f1c3ba08198534a3303cfafa7a9c4f,4068,,,,Imagine being grabbed around the ankle when there's no-one else in the room. Ghosts?,2020,-43.1531346,147.8694003,Australian Broadcasting Corporation,https://www.abc.net.au/listen/programs/hobart-evenings/ghosts/12299586,/Users/jarlgiovanni/Desktop/bigfoot_research/public/data/frontend-data.json
83e65696be0ffba07c5d820b4497e954f8e936a7b078efdfcd2e9b6d9a2318b4,4134,,,,tortured spirit in Black Rock House tortured spirit legend,2020,-37.9706564,145.0212822,State Library Victoria,https://blogs.slv.vic.gov.au/our-stories/the-secrets-of-black-rock-house/#tortured-spirit,/Users/jarlgiovanni/Desktop/bigfoot_research/public/data/frontend-data.json
5bddfaa0dbae27bca584fc21956c77859c9e2757b41140e951e533630d3f9473,4137,,,,Ava in Gaiety Theatre Ava apparition,2020,-41.8819768,145.3353375,Australian Broadcasting Corporation,https://www.abc.net.au/news/2020-09-02/tasmania-ghost-tours-live-streamed-to-thousands/12615942#ava-gaiety-theatre,/Users/jarlgiovanni/Desktop/bigfoot_research/public/data/frontend-data.json
c73228cb1bafd7268e73a99067ca6dad48cdad632c75d4acbac0d0e19400f993,4138,,,,ghostly figure of a nurse in Willow Court nurse in period dress,2020,-42.7854275,147.0636218,Australian Broadcasting Corporation,https://www.abc.net.au/news/2020-09-02/tasmania-ghost-tours-live-streamed-to-thousands/12615942#willow-court-nurse,/Users/jarlgiovanni/Desktop/bigfoot_research/public/data/frontend-data.json
586c24780288cb67ef14fce0f169598f32d3728aced8e2d9c22e63abf9a7f205,4154,,,,haunted house in Monte Cristo most haunted house,2020,-34.8682927,147.5758032,Australian Broadcasting Corporation,https://www.abc.net.au/listen/programs/conversations/lawrence-ryan/12366984,/Users/jarlgiovanni/Desktop/bigfoot_research/public/data/frontend-data.json
ed30317af02c88086d18b1a86914b4513974ed7d0542b8d561744a124f427775,148,,,,"Nightcap NP, New South Wales 2022",2021,-28.6027032,153.3506066,Australian Yowie Research,https://www.yowiehunters.com.au/new-south-wales/2246-nightcap-np-new-south-wales-2022,/Users/jarlgiovanni/Desktop/bigfoot_research/public/data/frontend-data.json
d355d4b589573d09e55861649375d7ff6c1a22ece5e8f1b4838f61b72aa501a1,212,,,,"Moore Park Beach / Bundaberg, Queensland 2021",2021,-24.8653253,152.3516785,Australian Yowie Research,https://www.yowiehunters.com.au/queensland/2224-moore-park-beach-bundaberg-queensland-2021,/Users/jarlgiovanni/Desktop/bigfoot_research/public/data/frontend-data.json
f1c2bae08a4d71dd739371fa223a942e353501956d21eac1ad4b14f016b18585,527,,,,"Molong, New South Wales 2021",2021,-33.0923817,148.8638613,Australian Yowie Research,https://www.yowiehunters.com.au/new-south-wales/2255-molong-new-south-wales-2021,/Users/jarlgiovanni/Desktop/bigfoot_research/public/data/frontend-data.json
0282bc5e67c2225bf868ef1b60b9441c9cfa6b08b3d801a6141e1d7602a9fe5b,1001,,,,2021 - Coast to Coast Radio Yowie Article 24-05-2021,2021,-28.185749,153.2715593,Australian Yowie Research,https://www.yowiehunters.com.au/media-clips/2214-2021-coast-to-coast-radio-yowie-article-24-05-2021,/Users/jarlgiovanni/Desktop/bigfoot_research/public/data/frontend-data.json
40c549d6cc547ed0a5398675248c1ec38f7a0e6196f3cc1b4819fdf4c401e245,1002,,,,2021 - Coonabarabran Times Yowie Article 05-12-2021,2021,-31.2728076,149.2733225,Australian Yowie Research,https://www.yowiehunters.com.au/media-clips/2227-2021-coonabarabran-times-yowie-article-05-12-2021,/Users/jarlgiovanni/Desktop/bigfoot_research/public/data/frontend-data.json
8fb55c34e6acfb1cbbba994b6cdacc35207553c54e70204826c5fbbc1f327b68,1003,,,,2021 - Courier Mail Yowie Article 07-02-2021,2021,-27.4689623,153.0235009,Australian Yowie Research,https://www.yowiehunters.com.au/media-clips/2205-2021-courier-mail-yowie-article-07-02-2021,/Users/jarlgiovanni/Desktop/bigfoot_research/public/data/frontend-data.json
5f3c0e9ba944846bf168b49ca90d683f6f2870141410acf1c8e82c63d81d2124,1004,,,,2021 - Daily Mail Yowie Article 22-05-2021,2021,-28.0023731,153.4145987,Australian Yowie Research,https://www.yowiehunters.com.au/media-clips/2208-2021-daily-mail-yowie-article-22-05-2021,/Users/jarlgiovanni/Desktop/bigfoot_research/public/data/frontend-data.json
2e6cb00e6d4bd794b4571676dc705a49f30ce488819d2cc1787e28de45b953e2,1005,,,,2021 - Fortean News Yowie Article 26-05-2021,2021,-28.185749,153.2715593,Australian Yowie Research,https://www.yowiehunters.com.au/media-clips/2213-2021-fortean-news-yowie-article-26-05-2021,/Users/jarlgiovanni/Desktop/bigfoot_research/public/data/frontend-data.json
093a3f6eee36079c31a649409e405af9b22c5c5419ed815f798443625bc12c07,1006,,,,2021 - Gold Coast Bulletin Yowie Article 06-02-2021,2021,-28.0023731,153.4145987,Australian Yowie Research,https://www.yowiehunters.com.au/media-clips/2203-2021-gold-coast-bulletin-yowie-article-06-02-2021,/Users/jarlgiovanni/Desktop/bigfoot_research/public/data/frontend-data.json
027b0eed347f0be995761ea050ef9b8bee0f7e8959d850c01dccd9789547e076,1007,,,,2021 - Gold Coast Bulletin Yowie Article 01-01-2021,2021,-28.0023731,153.4145987,Australian Yowie Research,https://www.yowiehunters.com.au/media-clips/2207-2021-gold-coast-bulletin-yowie-article-01-01-2021,/Users/jarlgiovanni/Desktop/bigfoot_research/public/data/frontend-data.json
a02bf67afa5dbfb9f0aa8db19c627bdc49d021f5bad869364aa0603cfaaeeff5,1008,,,,2021 - Gold Coast Bulletin Yowie Article 06-02-2021,2021,-28.0023731,153.4145987,Australian Yowie Research,https://www.yowiehunters.com.au/media-clips/2215-2021-gold-coast-bulletin-yowie-article-06-02-2022,/Users/jarlgiovanni/Desktop/bigfoot_research/public/data/frontend-data.json
e9cd4ab3941fb50f13fc120818911d6b35137bc4ff97733f70970fad0e5e8d44,1009,,,,2021 - News Mail Yowie Article 12-02-2021,2021,-24.8653253,152.3516785,Australian Yowie Research,https://www.yowiehunters.com.au/media-clips/2204-2021-news-mail-yowie-article-12-02-2021,/Users/jarlgiovanni/Desktop/bigfoot_research/public/data/frontend-data.json
dd02941d18b4703a68cd762accc1b2341e6794573e83565a157a2a116c3088e4,1010,,,,2021 - News Mail Yowie Article 11-02-2021,2021,-24.8653253,152.3516785,Australian Yowie Research,https://www.yowiehunters.com.au/media-clips/2235-2021-news-mail-yowie-article-11-02-2021,/Users/jarlgiovanni/Desktop/bigfoot_research/public/data/frontend-data.json
eff398e7735708c392fd33beaaa87e7bd1ad2c25af320becf74bde3573a7f52d,1011,,,,2021 - News.com Yowie Article 24-05-2021,2021,-28.0023731,153.4145987,Australian Yowie Research,https://www.yowiehunters.com.au/media-clips/2211-2021-news-com-yowie-article-24-05-2021,/Users/jarlgiovanni/Desktop/bigfoot_research/public/data/frontend-data.json
bb7262ac654159526449aad3af27d0a4c8b753c952e3723fba4901362a68ccdb,1012,,,,2021 - Paris Match Newspaper Yowie Article - 25-05-2021,2021,-28.185749,153.2715593,Australian Yowie Research,https://www.yowiehunters.com.au/media-clips/2216-2021-paris-match-newspaper-yowie-article-25-05-2021,/Users/jarlgiovanni/Desktop/bigfoot_research/public/data/frontend-data.json
f33b58da21db5ea2268303bcd957d632374b2d43739d93839fee72904732cc71,1013,,,,2021- 7 News / Sunrise Yowie Article 24-05-2021,2021,-28.0023731,153.4145987,Australian Yowie Research,https://www.yowiehunters.com.au/media-clips/2209-2021-7-news-sunrise-24-05-2021,/Users/jarlgiovanni/Desktop/bigfoot_research/public/data/frontend-data.json
17a84cb96c8c4f9f7b7c5cc5d44863f6d63f335e75c6f60517140c8f191d61c5,1014,,,,2021- Mysterious Universe Yowie Article 25-05-2021,2021,-28.185749,153.2715593,Australian Yowie Research,https://www.yowiehunters.com.au/media-clips/2212-2021-mysterious-universe-yowie-article-25-05-2021,/Users/jarlgiovanni/Desktop/bigfoot_research/public/data/frontend-data.json
91bc07fae2200131a56f71844bede8986d6090fbe2fcaddccca8200af5a47146,1015,,,,2021- Sydney News Today Yowie Article 23-05-2021,2021,-28.185749,153.2715593,Australian Yowie Research,https://www.yowiehunters.com.au/media-clips/2210-2021-sydney-news-today-23-05-2021,/Users/jarlgiovanni/Desktop/bigfoot_research/public/data/frontend-data.json
7146c7d91725fe0acda90c033b8fa55a21fd44237007bbd04626d812d2812b00,1131,,,,2021 - Daily Mail Yowie Article 16-12-2021,2021,-26.701463,152.5099119,Australian Yowie Research,https://www.yowiehunters.com.au/media-clips/2230-2021-daily-mail-yowie-article-16-12-2021,/Users/jarlgiovanni/Desktop/bigfoot_research/public/data/frontend-data.json
3f9f861217ec897327d4bb4347df22a78b3a53ed0e3d8e935662cd9d81df3b29,1132,,,,2021 - The Sun UK Yowie Article 14-12-2021,2021,-26.701463,152.5099119,Australian Yowie Research,https://www.yowiehunters.com.au/media-clips/2231-2021-the-sun-uk-yowie-article-14-12-2021,/Users/jarlgiovanni/Desktop/bigfoot_research/public/data/frontend-data.json
9374275789daefa81446f2d690040f56e43714caf826df1a2e15292b4f4dc4cb,2693,,,,ghosts in Spooky stories from the Library,2021,-37.8098,144.9652,State Library Victoria,https://blogs.slv.vic.gov.au/news/spooky-stories-from-the-library/,/Users/jarlgiovanni/Desktop/bigfoot_research/public/data/frontend-data.json
45117ba775a7602c3fe48f4ff41f3e77b44656569b8bc988b89605b0141e403f,2694,,,,ghost in Spooky stories from the Library,2021,-37.8098,144.9652,State Library Victoria,https://blogs.slv.vic.gov.au/news/spooky-stories-from-the-library/,/Users/jarlgiovanni/Desktop/bigfoot_research/public/data/frontend-data.json
668d5d370dfc01e2c38ebad912f973f99bc0ad0728f5aa80ee61f13f8f654c5a,2695,,,,ghost in Spooky stories from the Library,2021,-37.8098,144.9652,State Library Victoria,https://blogs.slv.vic.gov.au/news/spooky-stories-from-the-library/,/Users/jarlgiovanni/Desktop/bigfoot_research/public/data/frontend-data.json
8f26f84176554fed6cdc00b48cbf0d27049dc79466caf73f2c0194974e12350a,2696,,,,ghosts in Spooky stories from the Library,2021,-37.8098,144.9652,State Library Victoria,https://blogs.slv.vic.gov.au/news/spooky-stories-from-the-library/,/Users/jarlgiovanni/Desktop/bigfoot_research/public/data/frontend-data.json
d9fec7470d0e536198ccaf063e2f704b8f432fb2b3295c3acb3cc33a13d4c6d4,2697,,,,ghost in Spooky stories from the Library,2021,-37.8098,144.9652,State Library Victoria,https://blogs.slv.vic.gov.au/news/spooky-stories-from-the-library/,/Users/jarlgiovanni/Desktop/bigfoot_research/public/data/frontend-data.json
fee0efa03244e2db3ada640edec3ed5851d2141b3bced739e6512f35f80641c0,2698,,,,ghost in Spooky stories from the Library,2021,-37.8098,144.9652,State Library Victoria,https://blogs.slv.vic.gov.au/news/spooky-stories-from-the-library/,/Users/jarlgiovanni/Desktop/bigfoot_research/public/data/frontend-data.json
ee41ee8bb29c554868eddb55ab497e515874bb1d3dd8b36cbe0fa0e081ebc43f,2699,,,,ghosts in Spooky stories from the Library,2021,-37.8098,144.9652,State Library Victoria,https://blogs.slv.vic.gov.au/news/spooky-stories-from-the-library/,/Users/jarlgiovanni/Desktop/bigfoot_research/public/data/frontend-data.json
fdd57c6de2efae2fe1ed8ff3de9f4adadd2e9257d072555341d3a0d1a57b9956,2700,,,,ghosts in Spooky stories from the Library,2021,-37.8098,144.9652,State Library Victoria,https://blogs.slv.vic.gov.au/news/spooky-stories-from-the-library/,/Users/jarlgiovanni/Desktop/bigfoot_research/public/data/frontend-data.json
6cb5ca6bb855c0e30543d260b8a379a7b3c56e3e8b1d36c08cb43f454fa917e9,2701,,,,spooky in Spooky stories from the Library,2021,-37.8098,144.9652,State Library Victoria,https://blogs.slv.vic.gov.au/news/spooky-stories-from-the-library/,/Users/jarlgiovanni/Desktop/bigfoot_research/public/data/frontend-data.json
08e60f129589e0aed61726bfe141a7862a3b95785703d42ef3b029cd13ca6bfc,2702,,,,supernatural in Spooky stories from the Library,2021,-37.8098,144.9652,State Library Victoria,https://blogs.slv.vic.gov.au/news/spooky-stories-from-the-library/,/Users/jarlgiovanni/Desktop/bigfoot_research/public/data/frontend-data.json
b91f8cd8076d5204cead96c4eed4c9a3de5e8e7ddb20fc8b41a0e2335f1832d3,3976,,,,On a hill in Junee sits Monte Christo: Australia's most haunted house,2021,-34.8150256,147.672675,Australian Broadcasting Corporation,https://www.abc.net.au/listen/programs/newcastle-mornings/australias-most-haunted-house/13309560,/Users/jarlgiovanni/Desktop/bigfoot_research/public/data/frontend-data.json
3a56b17501f33be0e7cda6a9ab0618827462da23fc222cbc1f921bfb2f377815,4020,,,,Uncovering the past of one of Queensland's most haunted towns,2021,-27.6160323,152.7608348,Australian Broadcasting Corporation,https://www.abc.net.au/listen/programs/brisbane-sundaymorning/uncovering-the-past-of-one-of-queenslands-most-haunted-towns/13298112,/Users/jarlgiovanni/Desktop/bigfoot_research/public/data/frontend-data.json
c73c5cc69ebba45c74b9d3f6bc430207c5539cfd4e9f2be865e1cbc0cbf47c17,4070,,,,Sighting of mythical 'Yowie' turns Queensland forest workers into believers,2021,-26.701463,152.5099119,Australian Broadcasting Corporation,https://www.abc.net.au/listen/programs/south-queensland-drive/yowies/13676682,/Users/jarlgiovanni/Desktop/bigfoot_research/public/data/frontend-data.json
ebcd8190939bce8fbef1f9a9f7d896e29890f92e232f1ed1945ae874f96ddb45,23,,,,"Alcoa Wetlands, Western Australia 2022",2022,-32.2160518,115.838423,Australian Yowie Research,https://www.yowiehunters.com.au/western-australia/2292-alcoa-wetlands-western-australia-2022,/Users/jarlgiovanni/Desktop/bigfoot_research/public/data/frontend-data.json
0d4b61730b2dd3b5c0d131f45c54b4ab3bb6384e54767f645ade34c512e7270e,495,,,,"Witheren, Queensland 2022",2022,-28.0506572,153.1877059,Australian Yowie Research,https://www.yowiehunters.com.au/queensland/2256-witheren-queensland-2022,/Users/jarlgiovanni/Desktop/bigfoot_research/public/data/frontend-data.json
797a1ce3c38f02f32fac4d21a31a7d1200d104d19a3fbf825038a484a3a74e4d,507,,,,"Woolooga, Queensland 2022",2022,-26.0171915,152.3704487,Australian Yowie Research,https://www.yowiehunters.com.au/queensland/2257-wonga-queensland-2022,/Users/jarlgiovanni/Desktop/bigfoot_research/public/data/frontend-data.json
b52e729dbff29915beddd9c275b1646931d48178f421c468ae985f2ab89849f3,1016,,,,2022 - 7 News Yowie Article 26-02-2022,2022,-28.185749,153.2715593,Australian Yowie Research,https://www.yowiehunters.com.au/media-clips/2229-2022-7-news-yowie-article-26-02-2022,/Users/jarlgiovanni/Desktop/bigfoot_research/public/data/frontend-data.json
ab24453cde788754d846acacb0c2cc30e59d1f1467d07f702312c6ca6dafb7aa,1017,,,,2022 - Gold Coast Bulletin Yowie Article 22-06-2022,2022,-28.0023731,153.4145987,Australian Yowie Research,https://www.yowiehunters.com.au/media-clips/2251-2022-gold-coast-bulletin-yowie-article-22-06-2022,/Users/jarlgiovanni/Desktop/bigfoot_research/public/data/frontend-data.json
107b3359f5939915504f6823c40dd0e45ee0c17525c9f1f5086994ee01b14181,1018,,,,2022 - Gold Coast Bulletin Yowie Article 25-06-2022,2022,-28.0023731,153.4145987,Australian Yowie Research,https://www.yowiehunters.com.au/media-clips/2252-2022-gold-coast-bulletin-yowie-article-25-06-2022,/Users/jarlgiovanni/Desktop/bigfoot_research/public/data/frontend-data.json
5062b51fb4ae579bd3380aa23b2b93c0ecfbde506d39a7d6dbf9384ae9f58643,4010,,,,"Ghosts of Castle, Settlers hotels and Old York Hospital spook and delight tourists in WA town",2022,-31.8889034,116.7691483,Australian Broadcasting Corporation,https://www.abc.net.au/news/2022-05-19/ghosts-of-york-wa-haunt-locals-tourists/101082076,/Users/jarlgiovanni/Desktop/bigfoot_research/public/data/frontend-data.json
4aa0bbe59492069dc43986a814e672ef98f846d81627a464b4d666d25e6b16ff,4030,,,,"Ghosts of Castle, Settlers hotels and Old York Hospital spook and delight tourists in WA town",2022,-31.8898416,116.7682163,Australian Broadcasting Corporation,https://www.abc.net.au/news/2022-05-19/ghosts-of-york-wa-haunt-locals-tourists/101082076,/Users/jarlgiovanni/Desktop/bigfoot_research/public/data/frontend-data.json
2ef0f23de0e9ec5f147ac21b173b987b16dac86e96f7228cc4365d8bf95ff4c3,4065,,,,Gladstone Gaol caretakers hang up their keys as 'haunted' building succumbs to lack of volunteers and visitors,2022,-33.2617877,138.3558523,Australian Broadcasting Corporation,https://www.abc.net.au/news/2022-06-16/gladstone-gaol-overnight-stay-closed-sa-history/101158748,/Users/jarlgiovanni/Desktop/bigfoot_research/public/data/frontend-data.json
f04433ae2d04fa2cac0d40a1097323e76d6246d14500f663c7e6bf64e12fadd2,4076,,,,ghost in Settlers Inn Mrs Inkpen ghost,2022,-31.8887729,116.7679705,Australian Broadcasting Corporation,https://www.abc.net.au/news/2022-05-19/ghosts-of-york-wa-haunt-locals-tourists/101082076#settlers,/Users/jarlgiovanni/Desktop/bigfoot_research/public/data/frontend-data.json
e004a48e44f538957270e309d563d054b8596c6ba4fc1de77af353d72d4a8b0d,4077,,,,figures in Old York Hospital paranormal figures,2022,-31.8889034,116.7691483,Australian Broadcasting Corporation,https://www.abc.net.au/news/2022-05-19/ghosts-of-york-wa-haunt-locals-tourists/101082076#old-york-hospital,/Users/jarlgiovanni/Desktop/bigfoot_research/public/data/frontend-data.json
7bf5c5f27ba46fd218a72424d2542be29a7fdac49bc7da813813a8656102ebb2,4136,,,,spirits in Fremantle Arts Centre haunted claims,2022,-32.0476763,115.7539837,Australian Broadcasting Corporation,https://www.abc.net.au/news/2022-05-04/fremantle-lunatic-asylum-womens-home-now-arts-centre/101033894#haunted-claims,/Users/jarlgiovanni/Desktop/bigfoot_research/public/data/frontend-data.json
96a29eebf43dcd291e5d8027347aada6b005f9391be3ed47e965c92977023cf0,4238,,,,Tasmanian cultural heritage curator Elspeth Wishart reflects on a fascinating career,2022,-43.1531346,147.8694003,Australian Broadcasting Corporation,https://www.abc.net.au/news/2022-07-14/tasmania-cultural-heritage-curator-elspeth-wishart-career/101218150,/Users/jarlgiovanni/Desktop/bigfoot_research/public/data/frontend-data.json
a700b8521a6be6d4a098b7f05bfab0e4100feb056f88238abfa8677341c554d7,4250,,,,Finding true love at the barre,2022,-26.3656737,152.857472,Australian Broadcasting Corporation,https://www.abc.net.au/radionational/programs/the-stage-show/aus-ballet-romeo-and-juliet-phantom-of-the-opera-the-mousetrap/14071056,/Users/jarlgiovanni/Desktop/bigfoot_research/public/data/frontend-data.json
33ac853b71c2a66047f6466b14333a07227a32f32f25b2d52c6a198178211ee1,83,,,,"Mitta Mitta, Victoria 2023",2023,-36.625397,147.3283168,Australian Yowie Research,https://www.yowiehunters.com.au/victoria/2271-mitta-mitta-victoria-2023,/Users/jarlgiovanni/Desktop/bigfoot_research/public/data/frontend-data.json
ce6bf2dcb4db03048ee85d4d35f412af5152a67d17028f4896bc01d62c897d86,213,,,,"Mount Nebo, Queensland 2023",2023,-27.3752485,152.7790189,Australian Yowie Research,https://www.yowiehunters.com.au/queensland/2273-mount-nebo-queensland-2023,/Users/jarlgiovanni/Desktop/bigfoot_research/public/data/frontend-data.json
335a0bd851ff70e6813f126a145cb08e189512634f258533143bd6628987d8ce,1019,,,,2023 - Gold Coast Bulletin Yowie Article 01-10-2023,2023,-28.0023731,153.4145987,Australian Yowie Research,https://www.yowiehunters.com.au/media-clips/2267-2023-gold-coast-bulletin-yowie-article-01-10-2023,/Users/jarlgiovanni/Desktop/bigfoot_research/public/data/frontend-data.json
f8ff85429840bd9dda38613a0ef5c7afc5754b9842b305f27fee03c61a5f5911,3986,,,,'What is ethical and appropriate?': Should ghost tours be allowed at a former Tasmanian asylum?,2023,-42.7854275,147.0636218,Australian Broadcasting Corporation,https://www.abc.net.au/hobart/programs/mornings/should-ghost-tours-be-allowed-at-a-former-tasmanian-asylum/102586408,/Users/jarlgiovanni/Desktop/bigfoot_research/public/data/frontend-data.json
eddd7d52f69b2086fc3ad10301b65586872401cbc6180c2f8e65e4453453af99,4018,,,,The stories of Australia's ghosts,2023,-34.5672546,150.3212358,Australian Broadcasting Corporation,https://www.abc.net.au/listen/programs/overnights/the-stories-of-australian-ghosts/102927054,/Users/jarlgiovanni/Desktop/bigfoot_research/public/data/frontend-data.json
0b2f69fe5dae37142c5d372c2844336c870010f845b8c7660135a3dc89875962,4029,,,,The stories of Australia's ghosts,2023,-27.4689623,153.0235009,Australian Broadcasting Corporation,https://www.abc.net.au/listen/programs/overnights/the-stories-of-australian-ghosts/102927054,/Users/jarlgiovanni/Desktop/bigfoot_research/public/data/frontend-data.json
6ae839a11934f4e1c129ffc0530522d6c8c79de1572798172cf9849769b40eea,4089,,,,Greenough ghost tour and sleepover,2023,-28.9199695,114.7172748,National Trust and ABC public pages,https://www.nationaltrust.org.au/event/greenough-ghost-tour-sleepover/,/Users/jarlgiovanni/Desktop/bigfoot_research/public/data/frontend-data.json
94b438b4e599763804fc1fee5f11e51b1a64923dd151b74a889547bb0c8c3277,4240,,,,Old Adelaide Gaol gives former-Crows captain the creeps,2023,-34.9179424,138.5848489,Australian Broadcasting Corporation,https://www.abc.net.au/listen/programs/adelaide-breakfast/adelaide-gaol/102797636,/Users/jarlgiovanni/Desktop/bigfoot_research/public/data/frontend-data.json
ad1097854b0127eb7d7b19fe054dc4ca95dff8468d11c466cad78729fd6bf8a0,43,,,,"Christmas Hills Reserve, Tasmania 2024",2024,-40.90011,144.9947,Australian Yowie Research,https://www.yowiehunters.com.au/tasmania/2274-christmas-hills-reserve-tasmania-2024,/Users/jarlgiovanni/Desktop/bigfoot_research/public/data/frontend-data.json
159d217d0385110b2a3457c084c1c3dcc3cd159c6b721c06aa985a43bab6b1fe,3985,,,,Adelaide - Australia's most haunted town,2024,-34.339951,138.915863,Australian Broadcasting Corporation,https://www.abc.net.au/listen/programs/adelaide-afternoons/ghost-tours/104542916,/Users/jarlgiovanni/Desktop/bigfoot_research/public/data/frontend-data.json
df8fe86e27beabdc191969f0c011178263789e715940b40ef79287fbdac9c2d5,4049,,,,Adelaide - Australia's most haunted town,2024,-34.3407794,138.9157143,Australian Broadcasting Corporation,https://www.abc.net.au/listen/programs/adelaide-afternoons/ghost-tours/104542916,/Users/jarlgiovanni/Desktop/bigfoot_research/public/data/frontend-data.json
eab56bcfb33da8d5c91636f9a0c3a1089ab4eebf43eb3c8cfd7a2ebcfd89b3e3,4050,,,,Thirsty ghosts haunt Port Adelaide's pubs,2024,-34.8342755,138.5123548,Australian Broadcasting Corporation,https://www.abc.net.au/listen/programs/adelaide-breakfast/haunted-port/104541506,/Users/jarlgiovanni/Desktop/bigfoot_research/public/data/frontend-data.json
d05a7a703d786224c7b3712577a98d2bcf346c3f15107e4a69bbdde73c5a8e62,4052,,,,Haunted house sells for record price in Cowandilla,2024,-34.9324599,138.5569406,Australian Broadcasting Corporation,https://www.abc.net.au/listen/programs/adelaide-breakfast/haunted-house/104084330,/Users/jarlgiovanni/Desktop/bigfoot_research/public/data/frontend-data.json
e50551e2c4797b393e7b29051743766d2d824659fef9d3d25e8246b6d85af6c2,4091,,,,Old Zincy and other tall tales: Tasmania's weirdest urban myths,2024,-41.4390338,147.136768,National Trust and ABC public pages,https://www.abc.net.au/listen/programs/hobart-drive/tasmanian-urban-myths/103995500,/Users/jarlgiovanni/Desktop/bigfoot_research/public/data/frontend-data.json
01f5cfa1be48cd49782f9f6977c5d082e8245fd0ebe0322d5f2c95bbac6460d9,4092,,,,Old Zincy and other tall tales: Tasmania's weirdest urban myths,2024,-41.0945112,146.024731,National Trust and ABC public pages,https://www.abc.net.au/listen/programs/hobart-drive/tasmanian-urban-myths/103995500,/Users/jarlgiovanni/Desktop/bigfoot_research/public/data/frontend-data.json
72e64f09c7afff559750bfee70946399edffd39d8b03454f84a7abb13fd99582,4126,,,,Lady in White in Woodford Academy Lady in White,2024,-33.733114,150.4736891,National Trust of Australia (NSW),https://www.nationaltrust.org.au/blog/spooky-stories-at-the-national-trust/#woodford-lady-in-white,/Users/jarlgiovanni/Desktop/bigfoot_research/public/data/frontend-data.json
3e3eda95ff12a820efce99686d3041b3c8266baa3718683e58e8018305ce43b7,4127,,,,Lady in Black in Woodford Academy Lady in Black,2024,-33.733114,150.4736891,National Trust of Australia (NSW),https://www.nationaltrust.org.au/blog/spooky-stories-at-the-national-trust/#woodford-lady-in-black,/Users/jarlgiovanni/Desktop/bigfoot_research/public/data/frontend-data.json
1cd569651f32860ef769e226349b9044fbd31eea328730e4ddb19bf48e5de089,4128,,,,Mary in Old Government House Mary apparition,2024,-33.8121519,150.9973594,National Trust of Australia (NSW),https://www.nationaltrust.org.au/blog/spooky-stories-at-the-national-trust/#old-government-house-mary,/Users/jarlgiovanni/Desktop/bigfoot_research/public/data/frontend-data.json
91970ce58b67bb24dcbffceaa99917fbe33c11791c781f91ddea1f996e4c8527,4129,,,,Elsie White in Saumarez Homestead Elsie White ghost,2024,-30.530062,151.6606465,National Trust of Australia (NSW),https://www.nationaltrust.org.au/blog/spooky-stories-at-the-national-trust/#saumarez-elsie-white,/Users/jarlgiovanni/Desktop/bigfoot_research/public/data/frontend-data.json
37263cb7e3717fe126c1d1399d1c1fe0eb445535d4d595c8c28ef7ebb8d10aa3,4130,,,,little girl in Old Government House little girl by the tree,2024,-33.8121519,150.9973594,National Trust of Australia (NSW),https://www.nationaltrust.org.au/blog/spooky-stories-at-the-national-trust/#old-government-house-little-girl,/Users/jarlgiovanni/Desktop/bigfoot_research/public/data/frontend-data.json
9579875a2a512c03204754df31b076765d833a0f9bbad7c30e4a2b1d59dc40ab,4131,,,,cranky woman in Old Government House staircase whisper,2024,-33.8121519,150.9973594,National Trust of Australia (NSW),https://www.nationaltrust.org.au/blog/spooky-stories-at-the-national-trust/#old-government-house-staircase,/Users/jarlgiovanni/Desktop/bigfoot_research/public/data/frontend-data.json
d5b8fc154084153ad1278ea228f3a3528c559dc2d24bd0dfb3d5bef93b577b89,4132,,,,Crowther's Christmas ghost in Crowther's Christmas ghost at Spencer Street,2024,-37.8191925,144.9533975,State Library Victoria,https://blogs.slv.vic.gov.au/our-stories/a-ghost-story-for-christmas/,/Users/jarlgiovanni/Desktop/bigfoot_research/public/data/frontend-data.json
ddcc3b011c07a70d5e2b2c3ba9ebea031599b4fc9b5ed7d221a4bcb4aa1b79f9,4135,,,,invisible man in Old Adelaide Gaol invisible man,2024,-34.9179424,138.5848489,Australian Broadcasting Corporation,https://www.abc.net.au/listen/programs/weekendswithdeb/gaol-stories/103869128#invisible-man,/Users/jarlgiovanni/Desktop/bigfoot_research/public/data/frontend-data.json
69a859ae48b04abe926f796c8784401766357172cdce9d8b1c2f194661265e41,4237,,,,Hobart Drive,2024,-43.1531346,147.8694003,Australian Broadcasting Corporation,https://www.abc.net.au/listen/programs/hobart-drive/hobart-drive/103876878,/Users/jarlgiovanni/Desktop/bigfoot_research/public/data/frontend-data.json
f15d3ca6c2c1e1f36625f6e0ef12bd707d97a72a83609beec753b81bd4663f90,3966,,,,Tour guide shares ghost stories and chilling experiences from Port Arthur Historic Site,2025,-42.8825088,147.3281233,Australian Broadcasting Corporation,https://www.abc.net.au/listen/programs/hobart-your-afternoon/ghost-stories-port-arthur-historic-site/105699390,/Users/jarlgiovanni/Desktop/bigfoot_research/public/data/frontend-data.json
3fc67a738d65b8cb176efd5e27c6ec8ec17d0fe195eebbc27d040c4a3e92fdda,3975,,,,Small town behind Australia's 'most haunted house' hopes next buyer will honour legacy,2025,-34.8682927,147.5758032,Australian Broadcasting Corporation,https://www.abc.net.au/news/2025-11-14/monte-cristo-homestead-for-sale-in-junee/106004346,/Users/jarlgiovanni/Desktop/bigfoot_research/public/data/frontend-data.json
a237b0ec2ede28d99f9d1b2cdd823df0e95618694d24f266b89256a8525665c4,3994,,,,Dark tourism on the rise in regional Australia,2025,-36.35165,146.69093,Australian Broadcasting Corporation,https://www.abc.net.au/listen/programs/worldtoday/dark-tourism-on-the-rise-in-regional-australia-/104791892,/Users/jarlgiovanni/Desktop/bigfoot_research/public/data/frontend-data.json
fc759bcc1c388d13dbb962f02fd404709511e77121a85fcb1d47ee77ee099dce,4048,,,,Tour guide shares ghost stories and chilling experiences from Port Arthur Historic Site,2025,-43.1531346,147.8694003,Australian Broadcasting Corporation,https://www.abc.net.au/listen/programs/hobart-your-afternoon/ghost-stories-port-arthur-historic-site/105699390,/Users/jarlgiovanni/Desktop/bigfoot_research/public/data/frontend-data.json
8a841b21b2ef0164a72a27b147e2369eead1811ec7ad1ee5c84784b7c1d2acbe,4067,,,,The 'haunted' historic houses of Tasmania's east coast,2025,-42.124933,148.0757326,Australian Broadcasting Corporation,https://www.abc.net.au/listen/programs/hobart-saturdays/east-coast-tasmania-ghost-stories-noel-stanley/105824130,/Users/jarlgiovanni/Desktop/bigfoot_research/public/data/frontend-data.json
b4102bd67564dbb64a53e584ba7fd8dfb157358d26f7b247b57de50bf8595d4b,4075,,,,Yowie in Litchfield National Park yowie speculation,2025,-13.2755716,130.9006256,Territory Stories,https://hdl.handle.net/10070/988600,/Users/jarlgiovanni/Desktop/bigfoot_research/public/data/frontend-data.json
29e307199b5dbee7fb0d079ac5f2164995c39d8b7f73c88f23b93cb4efa9e8b3,4133,,,,brother's spirit in Iolanthe spirit contact in Port Phillip Bay,2025,-38.1046482,144.7798547,State Library Victoria,https://blogs.slv.vic.gov.au/such-was-life/people-professions/sherlock-holmes-and-spiritualism-sir-arthur-conan-doyle-in-victoria/,/Users/jarlgiovanni/Desktop/bigfoot_research/public/data/frontend-data.json
2dbcc3117c29000b1c6b58334abd4fed1f522641ed022893e91a7e54f965161e,4139,,,,Alice Maria King in Piermont Alice Maria King ghost story,2025,-42.1541194,148.0746678,Australian Broadcasting Corporation,https://www.abc.net.au/listen/programs/hobart-saturdays/east-coast-tasmania-ghost-stories-noel-stanley/105824130#piermont-alice,/Users/jarlgiovanni/Desktop/bigfoot_research/public/data/frontend-data.json
d78af3532b5466ee1beb65fe1ee350406f4e3e83654ae6cbb7efc8bde75297de,4153,,,,Ghost stories in Port Arthur ghost stories,2025,-43.1531346,147.8694003,Australian Broadcasting Corporation,https://www.abc.net.au/listen/programs/hobart-your-afternoon/afternoons/105688410,/Users/jarlgiovanni/Desktop/bigfoot_research/public/data/frontend-data.json
88979d61fc561044a03193c4383090a563048a13d546a43188b076688c67c612,4235,,,,Tiwi Islands prepare for Cyclone Fina,2025,-34.8682927,147.5758032,Australian Broadcasting Corporation,https://www.abc.net.au/listen/programs/australia-wide/australia-wide/106015874,/Users/jarlgiovanni/Desktop/bigfoot_research/public/data/frontend-data.json
5ea4ddb9557582d075117fe623292b0cb7c79b8f56344f73d986f8db0224f087,4236,,,,Dark tourism on the rise in regional Australia,2025,-43.1531346,147.8694003,Australian Broadcasting Corporation,https://www.abc.net.au/listen/programs/worldtoday/dark-tourism-on-the-rise-in-regional-australia-/104791892,/Users/jarlgiovanni/Desktop/bigfoot_research/public/data/frontend-data.json
4b602ee3303e5e2d15cb1df05275bc76ac39e49ace51f37b33d75947bb8f8d9d,4242,,,,Melbourne sites with horrific histories embrace a little spookiness this Halloween,2025,-37.8078,144.9653,Australian Broadcasting Corporation,https://www.abc.net.au/news/2025-10-30/halloween-old-melbourne-gaol-pentridge-prison-labassa-mansion/105948238,/Users/jarlgiovanni/Desktop/bigfoot_research/public/data/frontend-data.json
ea613ec92124050dbfaafea521ed75ca5a173eb0fb54a5bc40560073a66522e2,4257,,,,Tiwi Islands prepare for Cyclone Fina,2025,-34.8150256,147.672675,Australian Broadcasting Corporation,https://www.abc.net.au/listen/programs/australia-wide/australia-wide/106015874,/Users/jarlgiovanni/Desktop/bigfoot_research/public/data/frontend-data.json
537bd331dfb64513896ee8393fab9eef9be0ae03f3b4554edf9e096f7fa1fecd,1134,,,,Den of Nargun,2026,-37.70211,147.355978,Parks Victoria,https://www.parks.vic.gov.au/places-to-see/sites/den-of-nargun,/Users/jarlgiovanni/Desktop/bigfoot_research/public/data/frontend-data.json
3a39adc4a0a67e9cb6dc8f671323d1acb650834ca3adb5f7e2290906998aa1c1,1137,,,,Mitchell River National Park,2026,-37.70211,147.355978,Gunaikurnai Land and Waters Aboriginal Corporation,https://gunaikurnai.org/our-country/joint-management/mitchell-river-national-park/,/Users/jarlgiovanni/Desktop/bigfoot_research/public/data/frontend-data.json
e594fbbb3be788c5424aab662fc8a835086456468bfcd47a2f6fa3bc4895c29f,1141,,,,Ghost Tour - Port Arthur Historic Site,2026,-43.147019,147.851265,Port Arthur Historic Site,https://portarthur.org.au/ghost-tour/,/Users/jarlgiovanni/Desktop/bigfoot_research/public/data/frontend-data.json
80256072ff419141f393c5b1cb6eb25e78b913cb117211351dfea8e300e0029c,1147,,,,Adelaide Gaol | Ghostly sightings,2026,-34.9157,138.5889,Adelaide Gaol,https://www.adelaidegaol.sa.gov.au/visiting-the-gaol/self-guided-adelaide-tours/ghost-sightings,/Users/jarlgiovanni/Desktop/bigfoot_research/public/data/frontend-data.json
5daf95589f42618f57c611dd308a98a22b90b23c5e19b0deb416b3e55487d145,1148,,,,Dark Ghost Tours - Afterlife Tales of the Hobart Convict Penitentiary,2026,-42.8796,147.3275,National Trust Tasmania,https://www.nationaltrust.org.au/event/dark-ghost-tours-afterlife-tales-of-the-hobart-convict-penitentiary/,/Users/jarlgiovanni/Desktop/bigfoot_research/public/data/frontend-data.json
b60f5f5e00ea925bcb85981fe7790a6843a515c63defee199af3732334ad9fe6,1149,,,,Hobart Penitentiary - Paranormal Investigation,2026,-42.8796,147.3275,National Trust Tasmania,https://www.nationaltrust.org.au/event/hobart_penitentiary_paranormal_investigation/,/Users/jarlgiovanni/Desktop/bigfoot_research/public/data/frontend-data.json
5fbec6e6f05d2bde0e898ca63d84a5a0ec218c7f2b2f42a7f78f742a6441fa54,1150,,,,Ghost! What Ghosts? Night Tour at Old Melbourne Gaol,2026,-37.8078,144.9653,National Trust Victoria,https://www.nationaltrust.org.au/event/ghost-what-ghosts-tour-at-old-melbourne-gaol/,/Users/jarlgiovanni/Desktop/bigfoot_research/public/data/frontend-data.json
328233c2a5124a7787e4b4cdafc0d453f68eb786abb61403494e1ced1800151a,1151,,,,Ghost Tours at Port Arthur - Off Season Tasmania 2026,2026,-43.147019,147.851265,Port Arthur Historic Site,https://portarthur.org.au/ghost-tour-off-season/,/Users/jarlgiovanni/Desktop/bigfoot_research/public/data/frontend-data.json
5ce570d88f09821f73ba9939cc6a052dabb5b179a15a32542868d7b3a7040f49,1152,,,,The ghost of Governor Fiddimont,2026,-37.2786058,142.9304654,J Ward Ararat,http://www.jward.org.au/stories/george-fiddimont/,/Users/jarlgiovanni/Desktop/bigfoot_research/public/data/frontend-data.json
8fd5e9b78519f1b9e67f91b5fa2ec83dc167d38da20fd4b0f879a5bfa8b5a932,2711,,,,ghost in Adelaide Arcade history,2026,-34.9225,138.604,Adelaide Arcade,https://adelaidearcade.com.au/history/,/Users/jarlgiovanni/Desktop/bigfoot_research/public/data/frontend-data.json
f7dcc30a511499200e889b36ad38b88fa47a960058dae8a30e305124a607f5ac,2712,,,,ghost in Adelaide Arcade history,2026,-34.9225,138.604,Adelaide Arcade,https://adelaidearcade.com.au/history/,/Users/jarlgiovanni/Desktop/bigfoot_research/public/data/frontend-data.json
0006fffec7914c67fcbb77fbeadff87582d1b6e8fb390723f9b3de760e69f34f,2713,,,,ghost in Adelaide Arcade history,2026,-34.9225,138.604,Adelaide Arcade,https://adelaidearcade.com.au/history/,/Users/jarlgiovanni/Desktop/bigfoot_research/public/data/frontend-data.json
af41342489e25e020795d90b02d419b76041e5f1484de86855418cc36d67d40f,2714,,,,ghost in Adelaide Arcade history,2026,-34.9225,138.604,Adelaide Arcade,https://adelaidearcade.com.au/history/,/Users/jarlgiovanni/Desktop/bigfoot_research/public/data/frontend-data.json
999161e4b6ae00ab37f83b73301ca535afe1ea00e0e60ef4858ec91e82b0f69a,2715,,,,haunted in Adelaide Arcade history,2026,-34.9225,138.604,Adelaide Arcade,https://adelaidearcade.com.au/history/,/Users/jarlgiovanni/Desktop/bigfoot_research/public/data/frontend-data.json
7b92fd5cc239303bc752675f680565c81c2e3335c4c7acb4dff9a31c155c8c4d,3980,,,,The spooky Aussie folklore of Fisher's Ghost,2026,-34.0667,150.8167,Australian Broadcasting Corporation,https://www.abc.net.au/listen/programs/nightlife/the-spooky-aussie-fokelore-of-fishers-ghost/106751534,/Users/jarlgiovanni/Desktop/bigfoot_research/public/data/frontend-data.json
47a32b6bb6b60892d1cf327d80fc64d90358527d0392258c711fdfc95700c069,4035,,,,Frederick Carr in Ghostly sightings,2026,-34.9179424,138.5848489,Adelaide Gaol,https://www.adelaidegaol.sa.gov.au/visiting-the-gaol/self-guided-adelaide-tours/ghost-sightings,/Users/jarlgiovanni/Desktop/bigfoot_research/public/data/frontend-data.json
decdce6bc1ae7fadffbd160e163a3ef6f83737b6d5ae2a7f56e9dd82bc0517cd,4038,,,,Ben Ellis in Ghostly sightings,2026,-34.9179424,138.5848489,Adelaide Gaol,https://www.adelaidegaol.sa.gov.au/visiting-the-gaol/self-guided-adelaide-tours/ghost-sightings,/Users/jarlgiovanni/Desktop/bigfoot_research/public/data/frontend-data.json
9006b2a10689fc3caa7df2a0167b2d99a09d84c9f4e329c03350232a6b720e87,4041,,,,William Baker Ashton in Ghostly sightings,2026,-34.9179424,138.5848489,Adelaide Gaol,https://www.adelaidegaol.sa.gov.au/visiting-the-gaol/self-guided-adelaide-tours/ghost-sightings#william-baker-ashton,/Users/jarlgiovanni/Desktop/bigfoot_research/public/data/frontend-data.json
3765b21dcb2031078205d3f90c6e6dd1bd90f440f151ee5ff92b105487d7c6d9,4080,,,,ghost in Mix 104.9 FM studios ghost,2026,-12.46044,130.8410469,Territory Stories,https://hdl.handle.net/10070/483467,/Users/jarlgiovanni/Desktop/bigfoot_research/public/data/frontend-data.json
7f776c1dab7accfa2ec8917f8d73b8e95300d94ff997ada254e59d90a965e23a,4082,,,,ghost in Dead Man's Pass tree ghost,2026,-34.6101243,138.7521001,Town of Gawler Council,https://www.gawler.sa.gov.au/__data/assets/pdf_file/0024/727710/Driving-Tour-web.pdf,/Users/jarlgiovanni/Desktop/bigfoot_research/public/data/frontend-data.json
f3cf374ba4185ba2f1cd0336c30815456d7dc3e1b9be17894cfd334bf9c73d63,4088,,,,Dark Ghost Tours - Afterlife Tales of the Hobart Convict Penitentiary,2026,-42.8773197,147.3275298,National Trust and ABC public pages,https://www.nationaltrust.org.au/event/dark-ghost-tours-afterlife-tales-of-the-hobart-convict-penitentiary/,/Users/jarlgiovanni/Desktop/bigfoot_research/public/data/frontend-data.json
ffd5eb0132c909bd2a730cd7c485a1b6176202f2757b9333c0f441c38dcb9171,4090,,,,Paranormal Nights at Old Government House,2026,-33.8121519,150.9973594,National Trust and ABC public pages,https://www.nationaltrust.org.au/event/paranormal-nights-at-old-government-house/,/Users/jarlgiovanni/Desktop/bigfoot_research/public/data/frontend-data.json
bee4e25e3e2955c12f9f8a358bfa3fa4e1a459e00c411b5a349d916a8a3fc2ca,4093,,,,Ghost Tour in Altona Homestead Ghost Tour,2026,-37.8694488,144.8292539,National Trust and ABC public pages,https://www.nationaltrust.org.au/ahf/vic/australian-heritage-festival-events-that-go-bump-in-the-night/#altona-homestead-reviewed,/Users/jarlgiovanni/Desktop/bigfoot_research/public/data/frontend-data.json
68fbd676dce259ef6e706a89f41b4926f4b15c8eff7054b189c6b2471bd2e823,4094,,,,Ghost Tour in Point Cook Homestead Ghost Tour,2026,-37.9261016,144.7929218,National Trust and ABC public pages,https://www.nationaltrust.org.au/ahf/vic/australian-heritage-festival-events-that-go-bump-in-the-night/#point-cook-homestead-reviewed,/Users/jarlgiovanni/Desktop/bigfoot_research/public/data/frontend-data.json
5540b6a22f07b1ca791e308120ff5799b0846ef3892eec3b023ef9260a6027cc,4095,,,,Ghost of Kelly Steps in Ghost of Kelly Steps,2026,-42.8871651,147.3340274,National Trust and ABC public pages,https://www.abc.net.au/listen/programs/hobart-drive/tasmanian-urban-myths/103995500#kelly-steps-reviewed,/Users/jarlgiovanni/Desktop/bigfoot_research/public/data/frontend-data.json
3ceac43bfc5eaaac502809acb5b3ff42feab793bcf1746b8bf4e125cd0e73f75,1135,,,,Ghosts? What Ghosts? - Night Tour,,-37.8078185,144.9652682,Old Melbourne Gaol,https://www.oldmelbournegaol.com.au/event/ghosts-what-ghosts-tour/,/Users/jarlgiovanni/Desktop/bigfoot_research/public/data/frontend-data.json
c476aa778b2e559b9e359f778d2f77a7416a356dbd6bc237b977db60c2e14717,1136,,,,Torchlight Tour,,-32.0553437,115.7534563,Fremantle Prison,https://fremantleprison.com.au/tours/torchlight-tour/,/Users/jarlgiovanni/Desktop/bigfoot_research/public/data/frontend-data.json
9aedb7d412d96fe39c8a125d2d7c48c8795d89db495a9db2c88c07d4e887b16f,2850,,,,ghosts in For the Term of His Natural Life,,-43.1531346,147.8694003,Project Gutenberg,https://www.gutenberg.org/ebooks/3424.txt.utf-8,/Users/jarlgiovanni/Desktop/bigfoot_research/public/data/frontend-data.json
