record_id,title,latitude,longitude,place_name,source
853,1825 - Richmond River Herald 06-03-1825,-28.8632035,153.0823096,"Richmond River, NSW",public/data/frontend-data.json
637,1843 - Sydney Morning Herald,-33.8698439,151.2082848,"Sydney, NSW",public/data/frontend-data.json
638,1843 - Sydney Morning Herald 2,-33.8698439,151.2082848,"Sydney, NSW",public/data/frontend-data.json
640,1847 - Geelong Advertiser,-38.1493248,144.3598241,"Geelong, VIC",public/data/frontend-data.json
641,1847 - Sydney Morning Herald Article,-33.8698439,151.2082848,"Sydney, NSW",public/data/frontend-data.json
44,"Phillip Island, Victoria 1849",-38.507178,145.1888103,"Phillip Island, VIC",public/data/frontend-data.json
2116,"spirit in How did the Natives of Australia become Acquainted with the Demigods and Daemonia, and with the Superstitions of the Ancient Races?",-31.9319845,115.9190544,"Swan River, WA",public/data/frontend-data.json
855,1861 - The Argus Yowie Article,-37.8142454,144.9631732,"Melbourne, VIC",public/data/frontend-data.json
1760,"spirit in Queensland, Australia",-27.2397819,153.2539994,"Moreton Bay, QLD",public/data/frontend-data.json
1768,"supernatural in Queensland, Australia",-27.2397819,153.2539994,"Moreton Bay, QLD",public/data/frontend-data.json
1769,"devil in Queensland, Australia",-27.2397819,153.2539994,"Moreton Bay, QLD",public/data/frontend-data.json
1778,"giant in Queensland, Australia",-27.2397819,153.2539994,"Moreton Bay, QLD",public/data/frontend-data.json
3720,"spirits in Queensland, Australia",-27.2397819,153.2539994,"Moreton Bay, QLD",public/data/frontend-data.json
3724,"spirit in Queensland, Australia",-27.2397819,153.2539994,"Moreton Bay, QLD",public/data/frontend-data.json
643,"1866 - Peter Harris Diary, Toowareenah NSW",-31.4403083,148.9093839,"Tooraweenah, NSW",public/data/frontend-data.json
644,1866 - Sydney Morning Herald,-33.8698439,151.2082848,"Sydney, NSW",public/data/frontend-data.json
84,"Braidwood, New South Wales 1870",-35.4388907,149.7955552,"Braidwood, NSW",public/data/frontend-data.json
646,1870 - The Naturalist Article,-35.4388907,149.7955552,"Braidwood, NSW",public/data/frontend-data.json
604,"Warneton, New South Wales 1871",-31.0701491,152.7782276,"Warneton/Belgrave, NSW",public/data/frontend-data.json
647,1871 - Darling Downa Gazette,-20.2330678,148.5825667,"Dryander National Park, QLD",public/data/frontend-data.json
648,1871 - Illawarra Mercury Article,-34.4614504,150.790409,"Illawarra, NSW",public/data/frontend-data.json
649,1871 - Illustrated Australian News,-34.5230556,150.7327778,"Avondale, Illawarra, NSW",public/data/frontend-data.json
650,"1871 - Queanbeyan Age, Jingera Sighted",-35.3524518,149.2337634,"Queanbeyan, NSW",public/data/frontend-data.json
652,"1871 (1) - Empire, Sydney",-33.8698439,151.2082848,"Sydney, NSW",public/data/frontend-data.json
653,"1871 (2) - Empire, Sydney",-33.8698439,151.2082848,"Sydney, NSW",public/data/frontend-data.json
654,1871 (2) - Illawarra Mercury Article,-34.4614504,150.790409,"Illawarra, NSW",public/data/frontend-data.json
655,"1871 (3) - Empire, Sydney",-33.8698439,151.2082848,"Sydney, NSW",public/data/frontend-data.json
856,1871 - Sydney Herald Yowie Article,-33.8698439,151.2082848,"Sydney, NSW",public/data/frontend-data.json
1022,1871 - Manaro Mercury Article,-35.9907471,149.1064432,"Monaro, NSW",public/data/frontend-data.json
656,1872 - Monaro Mercury,-36.9113175,149.2389375,Bombala,public/data/frontend-data.json
657,1874 - Cooma Express,-35.4388907,149.7955552,Braidwood,public/data/frontend-data.json
857,1874 - Pyramul Hairyman Article,-32.8818,149.6179,"Pyramul, NSW",public/data/frontend-data.json
3952,ghosts in For the Term of His Natural Life,-43.1531346,147.8694003,"Port Arthur Historic Site, TAS",public/data/frontend-data.json
3953,ghosts in For the Term of His Natural Life,-43.1531346,147.8694003,"Port Arthur Historic Site, TAS",public/data/frontend-data.json
3954,apparition in For the Term of His Natural Life,-43.1531346,147.8694003,"Port Arthur Historic Site, TAS",public/data/frontend-data.json
2076,"spirits in Kámilarói, and Other Australian Languages",-32.9192953,151.7795348,"Newcastle, NSW",public/data/frontend-data.json
2077,"ghost in Kámilarói, and Other Australian Languages",-27.2397819,153.2539994,"Moreton Bay, QLD",public/data/frontend-data.json
2078,"ghost in Kámilarói, and Other Australian Languages",-27.2397819,153.2539994,"Moreton Bay, QLD",public/data/frontend-data.json
2080,"spirit in Kámilarói, and Other Australian Languages",-34.4278083,150.893054,"Wollongong, NSW",public/data/frontend-data.json
3919,"spirit in Kamilaroi, and other Australian languages",-27.2397819,153.2539994,"Moreton Bay, QLD",public/data/frontend-data.json
3920,"spirit in Kamilaroi, and other Australian languages",-27.2397819,153.2539994,"Moreton Bay, QLD",public/data/frontend-data.json
3923,"spirit in Kamilaroi, and other Australian languages",-34.4278083,150.893054,"Wollongong, NSW",public/data/frontend-data.json
3924,"spirits in Kamilaroi, and other Australian languages",-32.9192953,151.7795348,"Newcastle, NSW",public/data/frontend-data.json
630,"Wyangala Dam, New South Wales 1876",-33.9747352,148.9497239,"Wyangala Dam, NSW",public/data/frontend-data.json
658,"1876 - Portland Guardian, Victoria",-33.8483333,148.8844444,"Milburn Creek, NSW",public/data/frontend-data.json
858,1876 - Illawarra Mercury Yowie Article,-34.4614504,150.790409,"Illawarra, NSW",public/data/frontend-data.json
1023,"1876 - Freemans Journal, Walla Walla",-33.8698439,151.2082848,"Sydney, NSW",public/data/frontend-data.json
1024,1876 - Town and Country Article,-33.8698439,151.2082848,"Sydney, NSW",public/data/frontend-data.json
660,1877 - Maitland Mercury,-32.7316683,151.5511123,"Maitland, NSW",public/data/frontend-data.json
661,1877 - Sydney Morning Herald Article,-33.8698439,151.2082848,"Sydney, NSW",public/data/frontend-data.json
859,1877 - Sydney Morning Herald Yowie Article,-33.8698439,151.2082848,"Sydney, NSW",public/data/frontend-data.json
662,"1878 - Freemans Journal Article, Pyramul",-32.8818,149.6179,"Pyramul, NSW",public/data/frontend-data.json
663,1878 - Lismore Star Article,-28.8077608,153.2791883,"Lismore, NSW",public/data/frontend-data.json
664,"1878 - Singleton Argus, Yowie Sighted",-32.602355,151.1132887,"Singleton, NSW",public/data/frontend-data.json
860,1878 - Freemans Journal Pyramul Hairyman,-32.8818,149.6179,"Pyramul, NSW",public/data/frontend-data.json
861,1878 - Northern Star Lismore Yowie Article,-28.8077608,153.2791883,"Lismore, NSW",public/data/frontend-data.json
1694,"supernatural in The aborigines of Victoria, volume 2",-37.8301386,140.7842627,"Mount Gambier, SA",public/data/frontend-data.json
1695,"supernatural in The aborigines of Victoria, volume 2",-37.8301386,140.7842627,"Mount Gambier, SA",public/data/frontend-data.json
1750,"ghost in The aborigines of Victoria, volume 1",-34.7523871,149.7198009,"Goulburn, NSW",public/data/frontend-data.json
3437,"spirits in The Aborigines of Victoria, volume 1",-34.7211905,135.8592218,"Port Lincoln, SA",public/data/frontend-data.json
3467,"spirit in The Aborigines of Victoria, volume 1",-34.7523871,149.7198009,"Goulburn, NSW",public/data/frontend-data.json
3476,"ghosts in The Aborigines of Victoria, volume 1",-34.7523871,149.7198009,"Goulburn, NSW",public/data/frontend-data.json
3525,"spirit in The Aborigines of Victoria, volume 2",-31.9319845,115.9190544,"Swan River, WA",public/data/frontend-data.json
3529,"spirit in The Aborigines of Victoria, volume 2",-31.9319845,115.9190544,"Swan River, WA",public/data/frontend-data.json
3532,"spirit in The Aborigines of Victoria, volume 2",-31.9319845,115.9190544,"Swan River, WA",public/data/frontend-data.json
3533,"spirit in The Aborigines of Victoria, volume 2",-31.9319845,115.9190544,"Swan River, WA",public/data/frontend-data.json
3961,"devil in The Aborigines of Victoria, volume 1",-35.0916656,149.4208438,"Lake George, NSW",public/data/frontend-data.json
666,"1880 - Gippsland Times, 7ft Yowie",-37.8744827,146.9111788,"Gippsland, VIC",public/data/frontend-data.json
667,1880 - Melbourne Argus,-37.8142454,144.9631732,"Melbourne, VIC",public/data/frontend-data.json
668,1880 - Southland Times (NZ),-34.44304,137.6987969,"Yorke Peninsula, SA",public/data/frontend-data.json
669,1880 - Sydney Morning Herald,-33.8698439,151.2082848,"Sydney, NSW",public/data/frontend-data.json
671,1880's - Arthur Bicknell ' Wood Devil ' Story,-27.4923416,153.041873,"'s, QLD",public/data/frontend-data.json
1611,supernatural in Kamilaroi and Kurnai,-38.1046482,144.7798547,"Port Phillip, VIC",public/data/frontend-data.json
3560,spirit in The Booandik Tribe of South Australian Aborigines,-37.8301386,140.7842627,"Mount Gambier, SA",public/data/frontend-data.json
3570,spirit in The Booandik Tribe of South Australian Aborigines,-37.8301386,140.7842627,"Mount Gambier, SA",public/data/frontend-data.json
3226,"spirits in Australian Aborigines: the languages and customs of several tribes of aborigines in the western district of Victoria, Australia",-38.1046482,144.7798547,"Port Phillip, VIC",public/data/frontend-data.json
673,1882 - Colac Herald,-32.4361913,152.5299305,"Seal Rocks, NSW",public/data/frontend-data.json
674,"1882 - Illawarra Mercury, Australian Gorilla",-34.4614504,150.790409,"Illawarra, NSW",public/data/frontend-data.json
862,1882 - The West Australian Yowie Article,-34.3156059,115.1605864,Augusta,public/data/frontend-data.json
678,1883 - Illawarra Mercury Article,-34.4614504,150.790409,"Illawarra, NSW",public/data/frontend-data.json
2546,ghosts in Old Melbourne Memories,-37.8142454,144.9631732,"Melbourne, VIC",public/data/frontend-data.json
2547,haunted in Old Melbourne Memories,-37.8142454,144.9631732,"Melbourne, VIC",public/data/frontend-data.json
2548,haunted in Old Melbourne Memories,-37.8142454,144.9631732,"Melbourne, VIC",public/data/frontend-data.json
2549,haunted in Old Melbourne Memories,-37.8142454,144.9631732,"Melbourne, VIC",public/data/frontend-data.json
2550,spirit in Old Melbourne Memories,-37.8142454,144.9631732,"Melbourne, VIC",public/data/frontend-data.json
2551,devil in Old Melbourne Memories,-37.8142454,144.9631732,"Melbourne, VIC",public/data/frontend-data.json
2552,devil in Old Melbourne Memories,-37.8142454,144.9631732,"Melbourne, VIC",public/data/frontend-data.json
2553,devil in Old Melbourne Memories,-37.8142454,144.9631732,"Melbourne, VIC",public/data/frontend-data.json
2554,devil in Old Melbourne Memories,-37.8142454,144.9631732,"Melbourne, VIC",public/data/frontend-data.json
2555,giant in Old Melbourne Memories,-37.8142454,144.9631732,"Melbourne, VIC",public/data/frontend-data.json
2556,giant in Old Melbourne Memories,-37.8142454,144.9631732,"Melbourne, VIC",public/data/frontend-data.json
2557,giant in Old Melbourne Memories,-37.8142454,144.9631732,"Melbourne, VIC",public/data/frontend-data.json
2558,giant in Old Melbourne Memories,-37.8142454,144.9631732,"Melbourne, VIC",public/data/frontend-data.json
3691,spirit in Diary of ten years eventful life of an early settler in Western Australia,-31.9558967,115.8605784,"Perth, WA",public/data/frontend-data.json
3697,spirits in Diary of ten years eventful life of an early settler in Western Australia,-32.0534086,115.7586172,"Fremantle, WA",public/data/frontend-data.json
3709,spirit in Diary of ten years eventful life of an early settler in Western Australia,-31.9558967,115.8605784,"Perth, WA",public/data/frontend-data.json
3712,spirit in Diary of ten years eventful life of an early settler in Western Australia,-31.9319845,115.9190544,"Swan River, WA",public/data/frontend-data.json
1030,1885 - Australian Town and Country Yowie Article,-33.8698439,151.2082848,"Sydney, NSW",public/data/frontend-data.json
679,1886 - Brisbane Courier,-27.4689623,153.0235009,"Brisbane, QLD",public/data/frontend-data.json
680,1886 - Queanbeyan Age,-35.3524518,149.2337634,"Queanbeyan, NSW",public/data/frontend-data.json
1880,"ghost in The Australian Race, volume 1",-34.7523871,149.7198009,"Goulburn, NSW",public/data/frontend-data.json
1886,"spirit in The Australian Race, volume 1",-31.9558967,115.8605784,"Perth, WA",public/data/frontend-data.json
1893,"spirit in The Australian Race, volume 1",-28.4803638,137.2979051,"Lake Eyre, SA",public/data/frontend-data.json
1978,"ghosts in The Australian Race, volume 2",-34.7211905,135.8592218,"Port Lincoln, SA",public/data/frontend-data.json
2797,ghost in The Mystery of a Hansom Cab,-37.8142454,144.9631732,"Melbourne, VIC",public/data/frontend-data.json
2798,ghost in The Mystery of a Hansom Cab,-37.8142454,144.9631732,"Melbourne, VIC",public/data/frontend-data.json
2799,ghost in The Mystery of a Hansom Cab,-37.8142454,144.9631732,"Melbourne, VIC",public/data/frontend-data.json
2800,ghost in The Mystery of a Hansom Cab,-37.8142454,144.9631732,"Melbourne, VIC",public/data/frontend-data.json
2801,ghosts in The Mystery of a Hansom Cab,-37.8142454,144.9631732,"Melbourne, VIC",public/data/frontend-data.json
2802,haunted in The Mystery of a Hansom Cab,-37.8142454,144.9631732,"Melbourne, VIC",public/data/frontend-data.json
2805,spirits in The Mystery of a Hansom Cab,-37.8142454,144.9631732,"Melbourne, VIC",public/data/frontend-data.json
2806,spirit in The Mystery of a Hansom Cab,-37.8142454,144.9631732,"Melbourne, VIC",public/data/frontend-data.json
2810,witch in The Mystery of a Hansom Cab,-37.8142454,144.9631732,"Melbourne, VIC",public/data/frontend-data.json
2811,witch in The Mystery of a Hansom Cab,-37.8142454,144.9631732,"Melbourne, VIC",public/data/frontend-data.json
1976,Fisher's Ghost in Fisher's Ghost,-34.0667,150.8167,"Campbelltown, NSW",public/data/frontend-data.json
1176,Princess Theatre History - Federici,-37.810997,144.972658,"Princess Theatre, Melbourne, Victoria",public/data/frontend-data.json
2956,ghost in Madame Midas,-37.5623013,143.8605645,"Ballarat, VIC",public/data/frontend-data.json
2960,spirit in Madame Midas,-37.5623013,143.8605645,"Ballarat, VIC",public/data/frontend-data.json
682,"1889 - Bowral Free Press, Australian Gorilla",-34.4816626,150.4177868,"Bowral, NSW",public/data/frontend-data.json
1025,1889 - Kiama Independent,-34.6958202,150.7959123,"Kiama, NSW",public/data/frontend-data.json
1797,devil in Among cannibals,-27.2397819,153.2539994,"Moreton Bay, QLD",public/data/frontend-data.json
1807,giant in Among cannibals,-27.2397819,153.2539994,"Moreton Bay, QLD",public/data/frontend-data.json
3955,spirits in Among Cannibals,-18.2484306,145.6112083,"Herbert River, QLD",public/data/frontend-data.json
3956,devil in Among Cannibals,-18.2484306,145.6112083,"Herbert River, QLD",public/data/frontend-data.json
3957,devil in Among Cannibals,-18.2484306,145.6112083,"Herbert River, QLD",public/data/frontend-data.json
3958,devil in Among Cannibals,-18.2484306,145.6112083,"Herbert River, QLD",public/data/frontend-data.json
3959,devil in Among Cannibals,-18.2484306,145.6112083,"Herbert River, QLD",public/data/frontend-data.json
3960,wizard in Among Cannibals,-18.2484306,145.6112083,"Herbert River, QLD",public/data/frontend-data.json
684,1891 - Bathurst Times Article,-33.9802583,150.1004909,"Kanangra Falls, NSW",public/data/frontend-data.json
685,1892 - Maitland Mercury,-32.7316683,151.5511123,"Maitland, NSW",public/data/frontend-data.json
863,1892 - Sydney Mail Yowie Article,-33.8698439,151.2082848,"Sydney, NSW",public/data/frontend-data.json
2024,evil spirit in Notes on the Aborigines of New South Wales,-32.9192953,151.7795348,"Newcastle, NSW",public/data/frontend-data.json
2028,Boonbolong in Notes on the Aborigines of New South Wales,-32.9192953,151.7795348,"Newcastle, NSW",public/data/frontend-data.json
686,1893 - Goulburn Penny Post Article,-34.7523871,149.7198009,"Goulburn, NSW",public/data/frontend-data.json
687,1893 (2) - Goulburn Penny Post Article,-34.7523871,149.7198009,"Goulburn, NSW",public/data/frontend-data.json
688,1894 - Queanbeyan Observer Article,-35.3524518,149.2337634,"Queanbeyan, NSW",public/data/frontend-data.json
864,1894 - Queanbeyan Observer Yowie Article,-35.3524518,149.2337634,"Queanbeyan, NSW",public/data/frontend-data.json
865,1895 - Bowral Free Press Yowie Article,-34.4816626,150.4177868,"Bowral, NSW",public/data/frontend-data.json
3963,ghost in While the Billy Boils,-29.9960307,145.2940392,"Bourke, NSW",public/data/frontend-data.json
1491,ghost in Australian fairy tales,-33.609741,150.4052237,"Blue Mountains, NSW",public/data/frontend-data.json
1494,ghost in Australian fairy tales,-33.609741,150.4052237,"Blue Mountains, NSW",public/data/frontend-data.json
2366,giants in Australian fairy tales,-33.609741,150.4052237,"Blue Mountains, NSW",public/data/frontend-data.json
2368,ghosts in Australian fairy tales,-33.609741,150.4052237,"Blue Mountains, NSW",public/data/frontend-data.json
3951,ghosts in Australian Fairy Tales,-33.609741,150.4052237,"Blue Mountains, NSW",public/data/frontend-data.json
2437,ghosts in Below And On Top and Other Stories,-36.7590183,144.2826718,"Bendigo, VIC",public/data/frontend-data.json
1582,Baiame in Eaglehawk and Crow,-34.4614504,150.790409,"Illawarra, NSW",public/data/frontend-data.json
1722,witch in The Aborigines of Tasmania,-42.8825088,147.3281233,"Hobart, TAS",public/data/frontend-data.json
1724,giant in The Aborigines of Tasmania,-42.8825088,147.3281233,"Hobart, TAS",public/data/frontend-data.json
3902,spirits in The Aborigines of Tasmania,-41.4340813,147.1373496,"Launceston, TAS",public/data/frontend-data.json
2559,ghost in In Bad Company,-36.7590183,144.2826718,"Bendigo, VIC",public/data/frontend-data.json
348,"Byron Bay, New South Wales 1902",-28.6483333,153.6177778,"Byron Bay, NSW",public/data/frontend-data.json
866,1902 - Blue Mountains Yowie Article,-33.609741,150.4052237,"Blue Mountains, NSW",public/data/frontend-data.json
691,"1903 - Nepean Times, Penrith",-33.7511954,150.6941711,"Penrith, NSW",public/data/frontend-data.json
692,1903 - Queanbeyan Age,-35.3524518,149.2337634,"Queanbeyan, NSW",public/data/frontend-data.json
694,1903 (1) - Queanbeyan Observer Article,-35.3524518,149.2337634,"Queanbeyan, NSW",public/data/frontend-data.json
695,1903 (2) - Queanbeyan Observer Article,-35.3524518,149.2337634,"Queanbeyan, NSW",public/data/frontend-data.json
696,1903 (3) - Queanbeyan Obsever Article,-35.3524518,149.2337634,"Queanbeyan, NSW",public/data/frontend-data.json
867,1903 - Delegate Argus Yowie Article,-37.8142454,144.9631732,"Melbourne, VIC",public/data/frontend-data.json
868,1903 - Queanbeyan Observer Yowie Article 07-08-1903,-35.3524518,149.2337634,"Queanbeyan, NSW",public/data/frontend-data.json
3289,spirit in The Northern Tribes of Central Australia,-28.4803638,137.2979051,"Lake Eyre, SA",public/data/frontend-data.json
697,1905 - Casino and Kyogle Advertiser Yowie Article,-28.8629114,153.0483736,"Casino, NSW",public/data/frontend-data.json
869,1905 - Molong Express Yowie Article,-33.0923817,148.8638613,"Molong, NSW",public/data/frontend-data.json
870,1905 - Narromine News Yowie Article,-32.2317016,147.9528517,"Narromine, NSW",public/data/frontend-data.json
1026,1905 - Western Champion,-23.052892,145.8209434,"Barcaldine, QLD",public/data/frontend-data.json
698,1906 - Singleton Argus,-32.602355,151.1132887,"Singleton, NSW",public/data/frontend-data.json
871,1906 - Bega Budget Yowie Article,-36.6780983,149.8408283,"Bega, NSW",public/data/frontend-data.json
872,1906 - Cowan NSW Yowie Article,-33.5888297,151.1698568,"Cowan, NSW",public/data/frontend-data.json
873,1906 - Gippsland Times Yowie Article,-37.8744827,146.9111788,"Gippsland, VIC",public/data/frontend-data.json
874,1906 - Tenterfield Courrier Yowie Article,-28.83843,152.2813166,"Tenterfield, NSW",public/data/frontend-data.json
700,1907 - The Hairyman by Henry Lawson,-33.609741,150.4052237,"Blue Mountains, NSW",public/data/frontend-data.json
3074,spirit in Notes on the Aborigines of New South Wales,-34.7211905,135.8592218,"Port Lincoln, SA",public/data/frontend-data.json
701,1909 - Brisbane Workers Newspaper,-27.4689623,153.0235009,"Brisbane, QLD",public/data/frontend-data.json
875,1909 - Bundaberg Mail & Burnett Advtertiser Yowie Article 10-09-1909,-24.8653253,152.3516785,"Bundaberg, QLD",public/data/frontend-data.json
876,1909 - Richmond River Herald Yowie Article,-28.8632035,153.0823096,"Richmond River, NSW",public/data/frontend-data.json
1077,1909 - Northern Districts Advertiser 28-06-1909,-32.8175,149.3752778,Hargraves,public/data/frontend-data.json
2995,ghosts in The Getting of Wisdom,-37.8142454,144.9631732,"Melbourne, VIC",public/data/frontend-data.json
2996,ghosts in The Getting of Wisdom,-37.8142454,144.9631732,"Melbourne, VIC",public/data/frontend-data.json
2997,ghost in The Getting of Wisdom,-37.8142454,144.9631732,"Melbourne, VIC",public/data/frontend-data.json
3003,ghosts in The Getting of Wisdom,-37.8142454,144.9631732,"Melbourne, VIC",public/data/frontend-data.json
308,"Bombala, New South Wales 1912",-36.9113175,149.2389375,"Bombala, NSW",public/data/frontend-data.json
703,1912 - Goulburn Penny Post Article,-34.7523871,149.7198009,"Goulburn, NSW",public/data/frontend-data.json
704,1912 - Queanbeyan Age Article,-35.3524518,149.2337634,"Queanbeyan, NSW",public/data/frontend-data.json
705,1912 - Sydney Morning Herald,-33.8698439,151.2082848,"Sydney, NSW",public/data/frontend-data.json
706,1912 - Sydney Morning Herald Article,-33.8698439,151.2082848,"Sydney, NSW",public/data/frontend-data.json
708,1912 (2) - Sydney Sun Article,-33.8698439,151.2082848,"Sydney, NSW",public/data/frontend-data.json
877,1912 - Adelaide Chronicle Yowie Article,-34.9281805,138.5999312,"Adelaide, SA",public/data/frontend-data.json
881,1912 - Sydney Morning Heald Yowie Article,-33.8698439,151.2082848,"Sydney, NSW",public/data/frontend-data.json
882,1912- Bega Budget Yowie Article,-36.6780983,149.8408283,"Bega, NSW",public/data/frontend-data.json
1031,1912 - Sunday Mail Yowie Article,-27.4689623,153.0235009,"Brisbane, QLD",public/data/frontend-data.json
3059,"spirits in Across Australia, volume 1",-28.4803638,137.2979051,"Lake Eyre, SA",public/data/frontend-data.json
3060,"spirits in Across Australia, volume 1",-28.4803638,137.2979051,"Lake Eyre, SA",public/data/frontend-data.json
3061,"spirit in Across Australia, volume 1",-28.4803638,137.2979051,"Lake Eyre, SA",public/data/frontend-data.json
3070,"magic man in Across Australia, volume 1",-28.4803638,137.2979051,"Lake Eyre, SA",public/data/frontend-data.json
3095,"spirits in Across Australia, volume 2",-23.6983884,133.8812885,"Alice Springs, NT",public/data/frontend-data.json
3142,"spirits in Across Australia, volume 2",-24.9214046,133.6838744,"Finke River, NT",public/data/frontend-data.json
3149,"devil in Across Australia, volume 2",-24.9214046,133.6838744,"Finke River, NT",public/data/frontend-data.json
3153,"medicine man in Across Australia, volume 2",-23.6983884,133.8812885,"Alice Springs, NT",public/data/frontend-data.json
3155,"medicine man in Across Australia, volume 2",-23.6983884,133.8812885,"Alice Springs, NT",public/data/frontend-data.json
3163,"medicine man in Across Australia, volume 2",-24.9214046,133.6838744,"Finke River, NT",public/data/frontend-data.json
883,1913 - Bombala Times Yowie Article,-36.9113175,149.2389375,"Bombala, NSW",public/data/frontend-data.json
884,1913 - Maitland Daily Mercury Yowie Article,-32.7316683,151.5511123,"Maitland, NSW",public/data/frontend-data.json
3818,spirit in Native Tribes of the Northern Territory of Australia,-33.4166482,149.5803725,"Bathurst, NSW",public/data/frontend-data.json
3824,spirits in Native Tribes of the Northern Territory of Australia,-14.6873399,134.3765274,"Roper River, NT",public/data/frontend-data.json
3825,spirits in Native Tribes of the Northern Territory of Australia,-14.6873399,134.3765274,"Roper River, NT",public/data/frontend-data.json
3962,ghost in Australia Felix,-37.5623013,143.8605645,"Ballarat, VIC",public/data/frontend-data.json
85,"Charlton, New South Wales 1923",-33.6770642,149.6215064,"Charlton, NSW",public/data/frontend-data.json
1414,little woman in Tales of the Dandenongs First Series,-37.8333,145.35,"Dandenong Ranges, VIC",public/data/frontend-data.json
1457,fairy in Tales of the Dandenongs Second Series,-37.8333,145.35,"Dandenong Ranges, VIC",public/data/frontend-data.json
1458,spirit in Tales of the Dandenongs Third Series,-37.8333,145.35,"Dandenong Ranges, VIC",public/data/frontend-data.json
1459,spirit in Tales of the Dandenongs Third Series,-37.8333,145.35,"Dandenong Ranges, VIC",public/data/frontend-data.json
1460,witch in Tales of the Dandenongs Third Series,-37.8333,145.35,"Dandenong Ranges, VIC",public/data/frontend-data.json
1461,witch in Tales of the Dandenongs Third Series,-37.8333,145.35,"Dandenong Ranges, VIC",public/data/frontend-data.json
1462,witch in Tales of the Dandenongs Third Series,-37.8333,145.35,"Dandenong Ranges, VIC",public/data/frontend-data.json
1463,witch in Tales of the Dandenongs Third Series,-37.8333,145.35,"Dandenong Ranges, VIC",public/data/frontend-data.json
1464,spirit in Tales of the Dandenongs Third Series,-37.8333,145.35,"Dandenong Ranges, VIC",public/data/frontend-data.json
1465,spirit in Tales of the Dandenongs Third Series,-37.8333,145.35,"Dandenong Ranges, VIC",public/data/frontend-data.json
1466,giant in Tales of the Dandenongs Fourth Series,-37.8333,145.35,"Dandenong Ranges, VIC",public/data/frontend-data.json
1467,ghost in Tales of the Dandenongs Fourth Series,-37.8333,145.35,"Dandenong Ranges, VIC",public/data/frontend-data.json
1468,little woman in Tales of the Dandenongs Fourth Series,-37.8333,145.35,"Dandenong Ranges, VIC",public/data/frontend-data.json
1469,little woman in Tales of the Dandenongs Fourth Series,-37.8333,145.35,"Dandenong Ranges, VIC",public/data/frontend-data.json
1470,little woman in Tales of the Dandenongs Fourth Series,-37.8333,145.35,"Dandenong Ranges, VIC",public/data/frontend-data.json
2333,fairy in Tales of the Dandenongs First Series,-37.8333,145.35,"Dandenong Ranges, VIC",public/data/frontend-data.json
2334,giant in Tales of the Dandenongs First Series,-37.8333,145.35,"Dandenong Ranges, VIC",public/data/frontend-data.json
2335,giant in Tales of the Dandenongs First Series,-37.8333,145.35,"Dandenong Ranges, VIC",public/data/frontend-data.json
2336,spirit in Tales of the Dandenongs First Series,-37.8333,145.35,"Dandenong Ranges, VIC",public/data/frontend-data.json
2337,giant in Tales of the Dandenongs First Series,-37.8333,145.35,"Dandenong Ranges, VIC",public/data/frontend-data.json
2338,spirit in Tales of the Dandenongs First Series,-37.8333,145.35,"Dandenong Ranges, VIC",public/data/frontend-data.json
2339,devil in Tales of the Dandenongs Third Series,-37.8333,145.35,"Dandenong Ranges, VIC",public/data/frontend-data.json
2340,devil in Tales of the Dandenongs Third Series,-37.8333,145.35,"Dandenong Ranges, VIC",public/data/frontend-data.json
2341,devil in Tales of the Dandenongs Third Series,-37.8333,145.35,"Dandenong Ranges, VIC",public/data/frontend-data.json
2342,spirit in Tales of the Dandenongs Fourth Series,-37.8333,145.35,"Dandenong Ranges, VIC",public/data/frontend-data.json
2343,spirit in Tales of the Dandenongs Fourth Series,-37.8333,145.35,"Dandenong Ranges, VIC",public/data/frontend-data.json
710,"1927 - Brindabella Article, John Gale",-35.3092958,149.0063023,"Brindabella, ACT",public/data/frontend-data.json
711,"1927 - History of ACT Legends, John Gale",-35.2975906,149.1012676,"Canberra, ACT",public/data/frontend-data.json
885,1927 - Canberra History & Legends by J. Gale,-35.2975906,149.1012676,"Canberra, ACT",public/data/frontend-data.json
886,1927 - History and Legends of the A.C.T. by John Gale,-35.3092958,149.0063023,Brindabella,public/data/frontend-data.json
4416,Reports from newspapers: 1927 - Canberra History and Legends by J. Gale,-35.368056,148.658222,"J. Gale, NSW",public/data/frontend-data.json
4417,Reports from newspapers: 1927 - History and Legends of the A.C.T. by John Gale,-35.156461,148.585336,"John Gale, NSW",public/data/frontend-data.json
712,1928 - Brisbane Courier,-27.4689623,153.0235009,"Brisbane, QLD",public/data/frontend-data.json
382,"Crescent Head, New South Wales 1930",-31.19,152.9761111,"Crescent Head, NSW",public/data/frontend-data.json
4261,"YouTube reports, interviews: Yowie Sighting (Audio Report #49) at Crescent Head, New South Wales (1930)",-31.19,152.9761111,"Crescent Head, NSW",public/data/frontend-data.json
4262,"YouTube reports, interviews: Yowie Sightings (Audio Report #48) around Stanthorpe in the 1930s",-28.733177,151.9649,"Stanthorpe in the 1930s, QLD",public/data/frontend-data.json
149,"Charters Towers, Queensland 1932",-20.0714089,146.2709824,"Charters Towers, QLD",public/data/frontend-data.json
4418,Reports from newspapers: 1932 - Northern Territory Times Yowie Article,-36.313056,146.839167,"1932 - Northern Territory Times Yowie Article, NT",public/data/frontend-data.json
457,"Stanthorpe, Queensland 1934",-28.6559947,151.9338265,"Stanthorpe, QLD",public/data/frontend-data.json
713,"1932 - Stanthorpe, Queensland",-28.6559947,151.9338265,"Stanthorpe, QLD",public/data/frontend-data.json
714,1934 - The Cairns Post,-16.9206657,145.7721854,"Cairns, QLD",public/data/frontend-data.json
514,"Lismore, New South wales 1935",-28.8077608,153.2791883,"Lismore, NSW",public/data/frontend-data.json
824,1935 - Sydney Morning Herald,-33.8698439,151.2082848,"Sydney, NSW",public/data/frontend-data.json
4421,Reports from newspapers: 1970s - Northern Star Re:1935 Lismore Yowie Sighting,-28.833667,153.283333,"1970s - Northern Star Re:1935 Lismore Yowie Sighting, QLD",public/data/frontend-data.json
4601,"Witness sketches: Maria River, New Souith Wales (1935)",-31.380008,152.827288,"Maria River, New Souith Wales, NSW",public/data/frontend-data.json
4409,Videos: 1936 Apparition of Yowie or Pareidolia,-35.516667,148.15,"1936 Apparition of Yowie or Pareidolia, NSW",public/data/frontend-data.json
405,"Nanango, Queensland 1938",-26.6764195,151.9851744,"Nanango, QLD",public/data/frontend-data.json
825,"1938 - Nanango, Yowie Report",-26.6764195,151.9851744,"Nanango, QLD",public/data/frontend-data.json
4263,"YouTube reports, interviews: Yowie Sighting (Audio Report #20) near Nanango, Queensland (1938-39)",-26.6764195,151.9851744,"Nanango, QLD",public/data/frontend-data.json
150,"Aramara, Queensland 1950",-25.5514395,152.3346752,"North Aramara, QLD",public/data/frontend-data.json
256,"Moe, Victoria 1950",-38.1855104,146.2477028,"North of Moe, VIC",public/data/frontend-data.json
4264,"Written reports: Yowie Sighting at Aramara, Queensland 1950",-25.6113,152.3213,"Aramara, QLD",public/data/frontend-data.json
4332,"Written reports: Yowie Sighting at Moe, Victoria 1950",-38.177049,146.2619888,"Moe, VIC",public/data/frontend-data.json
634,"Young, New South Wales 1955",-34.3129164,148.2955025,"Young, NSW",public/data/frontend-data.json
4265,"YouTube reports, interviews: Yowie Sighting (Audio Report #98) near Young, New South Wales (1955)",-34.3129164,148.2955025,"Young, NSW",public/data/frontend-data.json
543,"Mungay Creek, New South Wales 1960",-30.9068,152.6762,"Mungay Creek, NSW",public/data/frontend-data.json
4669,FISHER'S GHOST,-34.0667,150.8167,"Campbelltown, NSW",public/data/frontend-data.json
4670,FISHER'S GHOST,-34.0667,150.8167,"Campbelltown, NSW",public/data/frontend-data.json
4671,"FISHER'S GHOST MURDER SITE, CAMPBELLTOWN, NSW, 1826",-34.0667,150.8167,"Campbelltown, NSW",public/data/frontend-data.json
4672,"FISHER'S GHOST:-(THE ORIGINAL, COMPLETE MANUSCRIPT, LOCATED IN CAMPBELLTOWN CITY LIBRARY, NSW).",-34.0667,150.8167,"Campbelltown, NSW",public/data/frontend-data.json
4673,IMG 4860 ( 1) FISHER' S GHOST BRIDGE,-34.0667,150.8167,"Campbelltown, NSW",public/data/frontend-data.json
4674,FISHER'S GHOST MURDER SITE,-34.0667,150.8167,"Campbelltown, NSW",public/data/frontend-data.json
86,"Dungay Creek, New South Wales 1962",-31.0815329,152.6117998,"Dungay Creek, NSW",public/data/frontend-data.json
400,"Dungay Creek, New South Wales 1962",-31.0815329,152.6117998,"Dungay Creek, NSW",public/data/frontend-data.json
402,"Dungay Creek, New South Wales 1962",-31.0815329,152.6117998,"Dungay Creek, NSW",public/data/frontend-data.json
827,"1962 - Macleay Argus, Dungay Creek Yowie Article",-31.0815329,152.6117998,"Dungay Creek, NSW",public/data/frontend-data.json
888,1964 - Sydney Herald Yowie Article,-33.8698439,151.2082848,"Sydney, NSW",public/data/frontend-data.json
4419,Reports from newspapers: 1964 - Sydney Herald Yowie Article,-34.85,149.95,"1964 - Sydney Herald Yowie Article, NSW",public/data/frontend-data.json
465,"Tewantin, Queensland 1965",-26.3920057,153.0391832,"Tewantin, QLD",public/data/frontend-data.json
509,"Wyandra, Queensland 1965",-27.27195,146.0871592,"Wyandra, QLD",public/data/frontend-data.json
889,1965 - Sydney Sun Yowie Article,-33.8698439,151.2082848,"Sydney, NSW",public/data/frontend-data.json
4420,Reports from newspapers: 1965 - Sydney Sun Yowie Article,-27.2463,145.9783,"1965 - Sydney Sun Yowie Article, QLD",public/data/frontend-data.json
556,"Oxley Island, New South Wales 1967",-31.9132089,152.5666119,"Oxley Island, NSW",public/data/frontend-data.json
87,"Woy Woy, New South Wales 1968",-33.4880548,151.3274925,"Woy Woy, NSW",public/data/frontend-data.json
482,"Kempsey, New South Wales 1968",-30.9056457,152.5228021,"Kempsey, NSW",public/data/frontend-data.json
227,"Bangalow, New South Wales 1969",-28.6816667,153.5177778,"Bangalow, NSW",public/data/frontend-data.json
45,"Sherbrooke Forest, Victoria 1970",-37.8904969,145.3176068,"Sherbrooke Forest, VIC",public/data/frontend-data.json
251,"Bathurst, New South Wales 1970",-33.4166482,149.5803725,"Bathurst, NSW",public/data/frontend-data.json
525,"Mogo, New South Wales 1977",-35.7830222,150.1426078,"Mogo, NSW",public/data/frontend-data.json
890,1970 - Courier Mail Yowie Article,-27.4689623,153.0235009,"Brisbane, QLD",public/data/frontend-data.json
891,1970's - Northern Star Re:1935 Lismore Yowie Sighting,-28.8077608,153.2791883,"Lismore, NSW",public/data/frontend-data.json
4266,"YouTube reports, interviews: Yowie Sighting (Audio Report #160) in Sherbrooke Forest, Victoria (1970)",-37.8904969,145.3176068,"Sherbrooke Forest, VIC",public/data/frontend-data.json
531,"Mount Lindesay, New South Wales 1972",-30.2028986,150.1451144,"Mt. Lindesay, NSW",public/data/frontend-data.json
4267,"YouTube reports, interviews: Yowie Sighting (Audio Report #133) at Mount Lindesay, New South Wales (Dec 1972)",-28.342851,152.670412,"Mount Lindesay, NSW",public/data/frontend-data.json
4335,"Written reports: Yowie Sighting at Mount Lindesay, New South Wales 1972",-28.342851,152.670412,"Mount Lindesay, NSW",public/data/frontend-data.json
88,"Middle Brother Mountain, New South Wales 1973",-33.2675463,149.2936532,"Middle Brother Mountain, NSW",public/data/frontend-data.json
151,"Burleigh, Queensland 1973",-20.314865,143.0410557,"Burleigh, QLD",public/data/frontend-data.json
275,"Bexhill, New South Wales 1973",-28.7631637,153.3480115,"Bexhill, NSW",public/data/frontend-data.json
524,"Minto, New South Wales 1973",-34.0316667,150.8511111,"Minto, NSW",public/data/frontend-data.json
1032,1973 - Daily Telegraph Yowie Article,-33.8698439,151.2082848,"Sydney, NSW",public/data/frontend-data.json
1033,1973 - Daily Telegraph Yowie Article 2,-33.8698439,151.2082848,"Sydney, NSW",public/data/frontend-data.json
4268,"YouTube reports, interviews: Yowie Sighting (Audio Report #68) at Bexhill, New South Wales (1973)",-28.7631637,153.3480115,"Bexhill, NSW",public/data/frontend-data.json
4269,"YouTube reports, interviews: Yowie Sighting (Audio Report #111) at Middle Brother N.P., New South Wales (1973)",-31.692977,152.695401,"Middle Brother N.P, NSW",public/data/frontend-data.json
4422,Reports from newspapers: 1973 - Daily Telegraph Yowie Article,-34.029389,150.857833,"1973 - Daily Telegraph Yowie Article, NSW",public/data/frontend-data.json
4423,Reports from newspapers: 1973 - Daily Telegraph Yowie Article 2,-34.022389,150.847833,"1973 - Daily Telegraph Yowie Article 2, NSW",public/data/frontend-data.json
354,"Casino, New South Wales 1974",-28.8629114,153.0483736,"Casino, NSW",public/data/frontend-data.json
430,"Grafton, New South Wales 1974",-29.6816773,152.9336357,Grafton,public/data/frontend-data.json
4587,"Witness sketches: Between Casino and Whiporie, New South Wales (1974)",-28.897618,152.990119,"Casino and Whiporie, NSW",public/data/frontend-data.json
89,"Katoomba, New South Wales 1975",-33.713759,150.3121633,"Katoomba, NSW",public/data/frontend-data.json
296,"Blue Knob, New South Wales 1975",-30.6984,152.55604,"Blue Knob, NSW",public/data/frontend-data.json
4413,Videos: Lake George Yowie Sighting NSW 1975,-34.738601,149.762048,Lake George Yowie Sighting NSW,public/data/frontend-data.json
374,"Cooma, New South Wales 1976",-36.2356785,149.1261779,"Cooma, NSW",public/data/frontend-data.json
504,"Lake George, New South Wales 1976",-35.0916656,149.4208438,"Lake George, NSW",public/data/frontend-data.json
560,"Pilliga, New South Wales 1976",-30.351605,148.8888022,"Pilliga, NSW",public/data/frontend-data.json
621,"Woodenbong, New South Wales 1976",-28.3913455,152.6120214,"Woodenbong, NSW",public/data/frontend-data.json
828,1976 - Macleay Argus Yowie Article,-30.9056457,152.5228021,"Kempsey, NSW",public/data/frontend-data.json
892,1976 - Macleay Argus Yowie Article,-30.9064024,152.590455,"Macleay, NSW",public/data/frontend-data.json
893,1976 - Sydney Sun Yowie Article,-33.8698439,151.2082848,"Sydney, NSW",public/data/frontend-data.json
894,1976 - Telegraph Canberra area Yowie Article,-35.2975906,149.1012676,"Canberra, ACT",public/data/frontend-data.json
1034,1976 - Sun Herald Yowie Article,-33.8698439,151.2082848,"Sydney, NSW",public/data/frontend-data.json
4424,Reports from newspapers: 1976 - Macleay Argus Yowie Article,-30.863601,152.256302,"1976 - Macleay Argus Yowie Article, NSW",public/data/frontend-data.json
4425,Reports from newspapers: 1976 - Sydney Sun Yowie Article,-36.225,149.125833,"1976 - Sydney Sun Yowie Article, NSW",public/data/frontend-data.json
90,"Bateman's Bay, New South Wales 1977",-35.7072183,150.178289,"Batemans Bay, NSW",public/data/frontend-data.json
91,"Talingbo, New South Wales 1977",-35.5819244,148.3029977,"Talingbo, NSW",public/data/frontend-data.json
443,"Springbrook, Queensland 1977",-28.185749,153.2715593,"Springbrook, QLD",public/data/frontend-data.json
474,"Karuah River, New South Wales 1977",-32.2925234,151.8837462,"Karuah River, NSW",public/data/frontend-data.json
557,"Oxley Island, New South Wales 1977",-31.9132089,152.5666119,"Oxley Island, NSW",public/data/frontend-data.json
558,"Pambula, New South Wales 1977",-36.928848,149.8752844,"Pambula, NSW",public/data/frontend-data.json
593,"Timsvale, New South Wales 1977",-30.2200329,152.8713966,"Timsvale, NSW",public/data/frontend-data.json
622,"Woodenbong, New South Wales 1977",-28.3913455,152.6120214,"Woodenbong, NSW",public/data/frontend-data.json
895,1977 - Gold Coast Bulletin Yowie Article,-28.0023731,153.4145987,"Gold Coast, QLD",public/data/frontend-data.json
896,1977 - Gold Coast Bulletin Yowie Article 2,-28.0023731,153.4145987,"Gold Coast, QLD",public/data/frontend-data.json
897,1977 - Lismore Northern Star Yowie Article,-28.8077608,153.2791883,"Lismore, NSW",public/data/frontend-data.json
898,1977 - Lismore Nothern Star Yowie Article,-28.8077608,153.2791883,"Lismore, NSW",public/data/frontend-data.json
899,1977 - Tambarumba Times Yowie Article,-35.5819244,148.3029977,Talbingo,public/data/frontend-data.json
900,1977 - Unknown Origin. Re: Springbrook,-28.185749,153.2715593,"Springbrook, QLD",public/data/frontend-data.json
1035,1977 - Manning River Times Yowie (Betty Gee),-31.8517188,152.1004561,"Manning River, NSW",public/data/frontend-data.json
1036,1977 - Melba Cullen's 1930 Encounter at Crescent Head,-31.19,152.9761111,"Crescent Head, NSW",public/data/frontend-data.json
4270,"Written reports: Yowie Sighting at Enoggera Creek, Queensland 1977",-27.4017,152.8059,"Enoggera Creek, QLD",public/data/frontend-data.json
4324,"Written reports: Yowie Sighting at Bateman s Bay, New South Wales 1977",-35.708056,150.172444,"Bateman s Bay, NSW",public/data/frontend-data.json
4426,Reports from newspapers: 1977 - Gold Coast Bulletin Yowie Article,-28.13,153.279167,"1977 - Gold Coast Bulletin Yowie Article, QLD",public/data/frontend-data.json
4427,Reports from newspapers: 1977 - Gold Coast Bulletin Yowie Article 2,-28.135,153.274167,"1977 - Gold Coast Bulletin Yowie Article 2, QLD",public/data/frontend-data.json
4428,Reports from newspapers: 1977 - Lismore Northern Star Yowie Article,-28.373333,152.58,"1977 - Lismore Northern Star Yowie Article, QLD",public/data/frontend-data.json
4429,Reports from newspapers: 1977 - Manning River Times Yowie (Betty Gee),-31.8985,152.5846,"1977 - Manning River Times Yowie (Betty Gee), NSW",public/data/frontend-data.json
4430,Reports from newspapers: 1977 - Tambarumba Times Yowie Article,-35.566667,148.3,"1977 - Tambarumba Times Yowie Article, NSW",public/data/frontend-data.json
4431,Reports from newspapers: 1977 - Unknown Origin. Re: Springbrook,-28.183333,153.283333,"1977 - Unknown Origin. Re: Springbrook, QLD",public/data/frontend-data.json
92,"Mogo, New South Wales 1978",-35.7830222,150.1426078,"Mogo, NSW",public/data/frontend-data.json
152,"Canungra, Queensland 1978",-28.0385865,153.1419128,"Canungra, QLD",public/data/frontend-data.json
153,"Nerang, Queensland 1978",-27.9896566,153.3365942,"Nerang, QLD",public/data/frontend-data.json
265,"Mount Warrenheip, Victoria 1978",-37.5765814,143.9582352,"Mount Warrenheip, VIC",public/data/frontend-data.json
288,"Coomera, Queensland 1978",-27.9534104,153.247946,"Coomera Valley, QLD",public/data/frontend-data.json
307,"Currumbin, Queensland 1978",-28.1369655,153.4799277,"Currumbin, QLD",public/data/frontend-data.json
445,"Springbrook, Queensland 1978",-28.185749,153.2715593,"Springbrook, QLD",public/data/frontend-data.json
447,"Springbrook, Queensland 1978",-28.185749,153.2715593,"Springbrook, QLD",public/data/frontend-data.json
462,"Jackadgery, New South Wales 1978",-29.5816646,152.5511068,"Jackadgery, NSW",public/data/frontend-data.json
540,"Mudgee - Ulan, New South Wales 1978",-32.5980702,149.5886383,"Mudgee, NSW",public/data/frontend-data.json
547,"Narooma, New South Wales 1978",-36.2190152,150.1317243,"Narooma, NSW",public/data/frontend-data.json
561,"Pilliga, New South Wales 1978",-30.351605,148.8888022,"Pilliga, NSW",public/data/frontend-data.json
598,"Tweed Heads, New South Wales 1978",-28.1786639,153.5369986,"Tweed Heads, NSW",public/data/frontend-data.json
831,"1978 - Bilambil Yowie Article, Daily News",-28.2245935,153.4659475,Bilambil,public/data/frontend-data.json
901,1978 - Canberra Times,-35.2975906,149.1012676,"Canberra, ACT",public/data/frontend-data.json
902,1978 - Gold Coast Bulletin (Nerang) 25-08-1978,-28.0023731,153.4145987,"Gold Coast, QLD",public/data/frontend-data.json
903,1978 - Gold Coast Bulletin Yowie Article,-28.0023731,153.4145987,"Gold Coast, QLD",public/data/frontend-data.json
904,1978 - Gold Coast Bulletin Yowie Article,-28.0023731,153.4145987,"Gold Coast, QLD",public/data/frontend-data.json
905,1978 - Gold Coast Bulletin Yowie Article,-28.0023731,153.4145987,"Gold Coast, QLD",public/data/frontend-data.json
906,1978 - Moruya Examiner Yowie Article,-35.9098127,150.0820002,"Moruya, NSW",public/data/frontend-data.json
1080,1978 - Daily News Yowie Article,-28.2245935,153.4659475,Bilambil,public/data/frontend-data.json
4271,"Written reports: Yowie Sighting at Coomera, Queensland 1978",-27.8722,153.3147,"Coomera, QLD",public/data/frontend-data.json
4272,"YouTube reports, interviews: Yowie Sighting (Audio Report #144) between Mudgee and Ulan, New South Wales (Oct 1978)",-32.53191,149.65459,"Mudgee and Ulan, NSW",public/data/frontend-data.json
4322,"Written reports: Yowie Sighting at Barclays Island, New South Wales 1978",-35.58682,150.183446,"Barclays Island, NSW",public/data/frontend-data.json
4340,"Written reports: Yowie Sighting at Mudgee - Ulan, New South Wales 1978",-32.434967,149.687027,"Mudgee - Ulan, NSW",public/data/frontend-data.json
4407,"YouTube reports, interviews: Yowie / Bigfoot Sighting (Audio Report #170) at Warrenheip, Victoria (April-May 1978)",-37.588372,143.984435,"Warrenheip, VIC",public/data/frontend-data.json
4432,Reports from newspapers: 1978 - Canberra Times,-35.463429,148.941223,"1978 - Canberra Times, ACT",public/data/frontend-data.json
4433,Reports from newspapers: 1978 - Daily News Yowie Article,-28.233333,153.466667,"1978 - Daily News Yowie Article, QLD",public/data/frontend-data.json
4434,Reports from newspapers: 1978 - Gold Coast Bulletin (Nerang) 25-08-1978,-27.9902,153.3358,"1978 - Gold Coast Bulletin (Nerang) 25-08-1978, QLD",public/data/frontend-data.json
4435,Reports from newspapers: 1978 - Gold Coast Bulletin Yowie Article,-28.183333,153.293333,"1978 - Gold Coast Bulletin Yowie Article, QLD",public/data/frontend-data.json
4436,Reports from newspapers: 1978 - Gold Coast Bulletin Yowie Article,-28.183333,153.293333,"1978 - Gold Coast Bulletin Yowie Article, QLD",public/data/frontend-data.json
4437,Reports from newspapers: 1978 - Moruya Examiner Yowie Article,-36.2,150.133333,"1978 - Moruya Examiner Yowie Article, NSW",public/data/frontend-data.json
4597,"Witness sketches: Springbrook, Queensland (1978)",-28.19172,153.26297,"Springbrook, Queensland, QLD",public/data/frontend-data.json
4603,"Witness sketches: Nerang, Queensland (1978)",-27.988907,153.334872,"Nerang, Queensland, QLD",public/data/frontend-data.json
4605,"Witness sketches: Coonabarabran, New South Wales (1978)",-31.251387,149.287709,"Coonabarabran, New South Wales, NSW",public/data/frontend-data.json
31,"Darwin (Fannie Bay), Northern Territory 1979",-12.4354118,130.8378317,"Darwin – Fannie Bay, NT",public/data/frontend-data.json
93,"Bateman's Bay, New South Wales 1979",-35.7072183,150.178289,"Batemans Bay, NSW",public/data/frontend-data.json
94,"Wentworth Falls, New South Wales 1979",-33.72802,150.3740633,"Wentworth Falls, NSW",public/data/frontend-data.json
154,"Charters Towers, Queensland 1979 (2)",-20.0714089,146.2709824,"Charters Towers, QLD",public/data/frontend-data.json
155,"Mt. Isa, Queensland 1979",-20.7289898,139.4931522,"Mt. Isa, QLD",public/data/frontend-data.json
273,"Charters Towers, Queensland 1979 (1)",-20.0714089,146.2709824,"Charters Towers, QLD",public/data/frontend-data.json
317,"Enoggera Creek, Queensland 1977",-27.4419106,152.9826794,"Enogerra Creek, QLD",public/data/frontend-data.json
353,"Kilkivan, Queensland 1979",-26.080292,152.2473652,"Kilkivan, QLD",public/data/frontend-data.json
389,"Mt. Cootha, Queensland 1979",-27.4850319,152.9589108,"Mount Cootha, QLD",public/data/frontend-data.json
427,"Palm Beach, Queensland 1979",-28.1155325,153.4583936,"Palm Beach, QLD",public/data/frontend-data.json
502,"Lake Cargelligo, New South Wales 1979",-33.2981001,146.3734587,"Lake Cargelligo, NSW",public/data/frontend-data.json
548,"Narromine, New South Wales 1979",-32.2317016,147.9528517,"Narromine, NSW",public/data/frontend-data.json
562,"Pilliga, New South Wales 1979",-30.351605,148.8888022,"Pilliga, NSW",public/data/frontend-data.json
563,"Pilliga, New South Wales 1979",-30.351605,148.8888022,"Pilliga, NSW",public/data/frontend-data.json
632,"Yarrangobilly, New South Wales 1979",-35.6483333,148.4677778,"Yarrangobilly, NSW",public/data/frontend-data.json
832,1979 - Kilkivan Yowie Article,-26.080292,152.2473652,Kilkivan,public/data/frontend-data.json
907,1979 - Daily Telegraph Yowie Article,-33.72802,150.3740633,Wentworth Falls,public/data/frontend-data.json
908,1979 - Gold Coast Bulletin Yowie Article,-28.0023731,153.4145987,"Gold Coast, QLD",public/data/frontend-data.json
909,1979 - Murgon Yowie Newspaper Article,-26.2441735,151.936075,"Murgon, QLD",public/data/frontend-data.json
910,1979 - Pilliga/Coonabarabran Yowie Article,-31.2728076,149.2733225,"Coonabarabran, NSW",public/data/frontend-data.json
912,1979 - Townsville Daily Bulletin Yowie Article,-19.2569391,146.8239537,"Townsville, QLD",public/data/frontend-data.json
913,1979 - Townsville Daily Bulletin Yowie Article 2,-31.2728076,149.2733225,Coonabarabran,public/data/frontend-data.json
1037,1979 - Bay Post Yowie Article,-35.7072183,150.178289,"Batemans Bay, NSW",public/data/frontend-data.json
1038,1979 - Northern Miner Yowie Article,-20.0714089,146.2709824,"Charters Towers, QLD",public/data/frontend-data.json
4273,"YouTube reports, interviews: Yowie Sighting (Audio Report #100) near Mt Isa, Queensland (1979)",-21.328357,139.227093,"Mt Isa, QLD",public/data/frontend-data.json
4274,"Written reports: Yowie Sighting at Mt. Cootha, Queensland 1979",-27.4806,152.9541,"Mt. Cootha, QLD",public/data/frontend-data.json
4325,"Written reports: Yowie Sighting at Bateman s Bay, New South Wales 1979",-35.708056,150.172444,"Bateman s Bay, NSW",public/data/frontend-data.json
4408,"YouTube reports, interviews: Yowie Sighting (Audio Report #165) at Palm Beach, Queensland (1979)",-28.1155325,153.4583936,"Palm Beach, QLD",public/data/frontend-data.json
4438,Reports from newspapers: 1979 - Bay Post Yowie Article,-35.705933,150.247977,"1979 - Bay Post Yowie Article, NSW",public/data/frontend-data.json
4439,Reports from newspapers: 1979 - Daily Telegraph Yowie Article,-33.826389,151.078056,"1979 - Daily Telegraph Yowie Article, NSW",public/data/frontend-data.json
4440,Reports from newspapers: 1979 - Gold Coast Bulletin Yowie Article,-27.8955,153.3994,"1979 - Gold Coast Bulletin Yowie Article, QLD",public/data/frontend-data.json
4441,Reports from newspapers: 1979 - Murgon Yowie Newspaper Article,-26.233333,151.95,"1979 - Murgon Yowie Newspaper Article, QLD",public/data/frontend-data.json
4442,Reports from newspapers: 1979 - Northern Miner Yowie Article,-20.086773,146.259449,"1979 - Northern Miner Yowie Article, QLD",public/data/frontend-data.json
4443,Reports from newspapers: 1979 - People Magazine Yowie Article - Liz James,-29.565029,153.114131,"1979 - People Magazine Yowie Article - Liz James, NSW",public/data/frontend-data.json
4444,Reports from newspapers: 1979 - Pilliga/Coonabarabran Yowie Article,-30.867216,149.454487,"1979 - Pilliga/Coonabarabran Yowie Article, NSW",public/data/frontend-data.json
4445,Reports from newspapers: 1979 - The Cronicle QLD Yowie Article,-26.163807,152.170355,1979 - The Cronicle QLD Yowie Article,public/data/frontend-data.json
4446,Reports from newspapers: 1979 - Townsville Daily Bulletin Yowie Article,-20.1,146.266667,"1979 - Townsville Daily Bulletin Yowie Article, QLD",public/data/frontend-data.json
46,"Colac, Victoria 1980",-38.3399766,143.5858537,"Colac, VIC",public/data/frontend-data.json
95,"Coffs Harbour, New South Wales 1980",-30.2985996,153.1094116,"Coffs Harbour, NSW",public/data/frontend-data.json
96,"Wee Jasper & Uki, New South Wales 1980",-28.4152778,153.3305556,Uki,public/data/frontend-data.json
156,"Kilcoy, Queensland 1980",-26.9417175,152.561157,"Kilcoy, QLD",public/data/frontend-data.json
157,"Springbrook, Queensland 1980",-28.185749,153.2715593,"Springbrook, QLD",public/data/frontend-data.json
221,"Ashford, New South Wales 1980",-29.3257299,151.0945365,"Ashford, NSW",public/data/frontend-data.json
234,"Beerwah, Queensland 1980",-26.8573095,152.9604137,"Beerwah, QLD",public/data/frontend-data.json
245,"Baryulgil, New South Wales 1980",-29.2193959,152.6041527,"Baryulgil, NSW",public/data/frontend-data.json
262,"Mount Buller, Victoria 1980's",-37.2694615,146.4008688,"Mount. Buller area, VIC",public/data/frontend-data.json
362,"Clyde Mountain, New South Wales 1980",-35.5536851,149.9501548,"Clyde Mountain, NSW",public/data/frontend-data.json
364,"Coffs Harbour, New South Wales 1980",-30.2985996,153.1094116,"Coffs Harbour, NSW",public/data/frontend-data.json
395,"Mt. Tamborine, Queensland 1980",-27.9684035,153.1967792,"Mt Tamborine, QLD",public/data/frontend-data.json
441,"Slacks Creek, Queensland 1980",-27.638501,153.1287129,"Slacks Creek, QLD",public/data/frontend-data.json
485,"Wauchope, New South Wales 1980",-31.4557879,152.734664,"Wauchope, NSW",public/data/frontend-data.json
486,"Kiandra, New South Wales 1980",-35.8754308,148.4957535,"Kiandra, NSW",public/data/frontend-data.json
490,"Korora Basin, New South Wales 1980",-30.2483333,153.1344444,"Korora Basin, NSW",public/data/frontend-data.json
501,"Wongawallen, Queensland 1980",-27.9024629,153.1095731,Tamborine,public/data/frontend-data.json
594,"Torrington, New South Wales 1980",-29.3112985,151.6967475,"Torrington, NSW",public/data/frontend-data.json
914,1980 - Canberra Times Yowie Article,-35.2975906,149.1012676,"Canberra, ACT",public/data/frontend-data.json
915,1980's? - Macleay Argus Yowie Report,-30.9064024,152.590455,"Macleay, NSW",public/data/frontend-data.json
1082,1980 - People Magazine Yowie Article,-26.9071836,152.6144617,"Sandy Creek, Kilcoy, QLD",public/data/frontend-data.json
1083,1980 - Track Magazine Yowie Article,-31.4557879,152.734664,Wauchope,public/data/frontend-data.json
4275,"Written reports: Yowie Sighting at Wongawallen, Queensland 1980",-27.8886104,153.235785,"Wongawallen, QLD",public/data/frontend-data.json
4318,"Written reports: Yowie Sighting at Wee Jasper and Uki, New South Wales 1980",-35.1,148.663667,"Wee Jasper and Uki, NSW",public/data/frontend-data.json
4447,Reports from newspapers: 1980 - Canberra Times Yowie Article,-30.333333,153.083333,"1980 - Canberra Times Yowie Article, NSW",public/data/frontend-data.json
4448,Reports from newspapers: 1980 - People Magazine Yowie Article,-26.943056,152.563889,"1980 - People Magazine Yowie Article, QLD",public/data/frontend-data.json
4449,Reports from newspapers: 1980s - (early) Yowie Articles - Unknown Source,-28.68,153.324667,"1980s - (early) Yowie Articles - Unknown Source, QLD",public/data/frontend-data.json
4450,Reports from newspapers: 1980s - Macleay Argus Yowie Article,-31.107954,152.801667,"1980s - Macleay Argus Yowie Article, NSW",public/data/frontend-data.json
4451,Reports from newspapers: 1980s - Macleay Argus Yowie Report,-28.283333,153.366667,"1980s - Macleay Argus Yowie Report, QLD",public/data/frontend-data.json
4616,"AYR report index: Wee Jasper & Uki, New South Wales 1980",-35.1,148.663667,"Wee Jasper & Uki, NSW",public/data/frontend-data.json
158,"Cunninghams Gap, Queensland 1981",-28.0498514,152.3945729,"Cunninghams Gap, QLD",public/data/frontend-data.json
376,"Cooma, New South Wales 1981",-36.2356785,149.1261779,"Cooma, NSW",public/data/frontend-data.json
404,"Dunoon, New South Wales 1981",-28.6840311,153.3154089,Dunoon,public/data/frontend-data.json
916,1981 - Canberra Times Yowie Article,-35.2975906,149.1012676,"Canberra, ACT",public/data/frontend-data.json
917,1981 - Lismore Northern Star Yowie Article,-28.8077608,153.2791883,"Lismore, NSW",public/data/frontend-data.json
918,1981 - Lismore Northern Star Yowie Article,-28.8077608,153.2791883,"Lismore, NSW",public/data/frontend-data.json
919,1981 - Lismore Northern Star Yowie Article,-28.8077608,153.2791883,"Lismore, NSW",public/data/frontend-data.json
4452,Reports from newspapers: 1981 - Canberra Times Yowie Article,-34.816667,148.9,"1981 - Canberra Times Yowie Article, NSW",public/data/frontend-data.json
4453,Reports from newspapers: 1981 - Lismore Northern Star Yowie Article,-28.685333,153.321667,"1981 - Lismore Northern Star Yowie Article, QLD",public/data/frontend-data.json
4454,Reports from newspapers: 1981 - Lismore Northern Star Yowie Article,-28.685333,153.321667,"1981 - Lismore Northern Star Yowie Article, QLD",public/data/frontend-data.json
4594,"Witness sketches: Cooma, New South Wales (1981)",-36.23517,149.12408,"Cooma, New South Wales, NSW",public/data/frontend-data.json
48,"Cranbourne, Victoria 1982",-38.0997308,145.2807256,"Cranbourne, VIC",public/data/frontend-data.json
97,"Ophir, New South Wales 1982",-33.1285,149.2429,"Ophir, NSW",public/data/frontend-data.json
159,"Worongary, Queensland 1982",-28.0360735,153.339128,"Worongary, QLD",public/data/frontend-data.json
228,"Beachmere, Queensland 1982",-27.1303586,153.0520041,"Beachmere, QLD",public/data/frontend-data.json
250,"Macclesfield, Victoria 1982",-37.887001,145.475186,"Macclesfield, VIC",public/data/frontend-data.json
318,"Bowen Mountain, New South Wales 1982",-33.5735614,150.6256438,"Bowen Mountain, NSW",public/data/frontend-data.json
332,"Broken Hill, New South Wales 1982",-31.965,141.4511111,"Broken Hill, NSW",public/data/frontend-data.json
449,"Springbrook, Queensland 1982",-28.185749,153.2715593,"Springbrook, QLD",public/data/frontend-data.json
481,"Tully, Queensland 1985",-17.9429225,145.9285816,"Tully, QLD",public/data/frontend-data.json
566,"Pilliga, New South Wales 2010",-30.351605,148.8888022,"Pilliga, NSW",public/data/frontend-data.json
584,"Sunny Corner, New South Wales 1982",-33.3842823,149.8884022,"Sunny Corner, NSW",public/data/frontend-data.json
602,"Walgett, New South Wales 1982",-29.7882659,148.2389866,"Walgett, NSW",public/data/frontend-data.json
633,"Yarrangobilly, New South Wales 1982",-35.6483333,148.4677778,"Yarrangobilly, NSW",public/data/frontend-data.json
4276,"YouTube reports, interviews: Yowie Sighting (Audio Report #108) at Sunny Corner, New South Wales (1982)",-33.3842823,149.8884022,"Sunny Corner, NSW",public/data/frontend-data.json
4591,"Witness sketches: Near Parkes, New South Wales (1982)",-32.8225409,147.9761363,"Parkes, NSW",public/data/frontend-data.json
14,"Kalamundra, Western Australia 1983",-32.0038075,116.1022069,"Kalamundra, WA",public/data/frontend-data.json
53,"Cranbourne, Victoria 1987",-38.0997308,145.2807256,"Cranbourne/Hallam, VIC",public/data/frontend-data.json
98,"Evans Head, New South Wales 1983",-29.1174093,153.4312097,"Evans Head, NSW",public/data/frontend-data.json
321,"Fraser Island, Queensland 1983",-25.24672,153.1468044,"Fraser Island, QLD",public/data/frontend-data.json
352,"Canberra, A.C.T. 1983",-35.2975906,149.1012676,"Forestry 1 hour from Canberra, ACT",public/data/frontend-data.json
533,"Mt. Kembla, New South Wales 1983",-34.4421839,150.8067132,"Mt Kembla, NSW",public/data/frontend-data.json
552,"Oberon, New South Wales 1983",-33.8455931,149.8326162,"Oberon, NSW",public/data/frontend-data.json
920,1983 - Border Post Yowie Article,-28.6559947,151.9338265,Stanthorpe,public/data/frontend-data.json
1085,1983 - The Pinkney Report Yowie Article,-32.0038075,116.1022069,Kalamunda,public/data/frontend-data.json
4277,"YouTube reports, interviews: Yowie Sighting (Audio Report #66) at Kalamunda - Western Australia (1983)",-31.946253,116.046943,"Kalamunda - Western Australia, WA",public/data/frontend-data.json
4278,"YouTube reports, interviews: Yowie Sighting (Audio Report #140) at Mount Kembla, New South Wales (Nov 1983)",-34.44214,150.79568,"Mount Kembla, NSW",public/data/frontend-data.json
4298,"Written reports: Yowie Sighting at Canberra, A.C.T. 1983",-35.293056,149.126944,"Canberra, NSW",public/data/frontend-data.json
4455,Reports from newspapers: 1983 - Border Post Yowie Article,-28.6547,151.9,"1983 - Border Post Yowie Article, QLD",public/data/frontend-data.json
4456,Reports from newspapers: 1983 - The Pinkney Report Yowie Article,-31.974,116.058,"1983 - The Pinkney Report Yowie Article, WA",public/data/frontend-data.json
4558,"Photographs of footprints and handprints : Bungonia â€“ Bundanoon, New South Wales (1983)",-34.768773,150.168423,"Photographs of footprints and handprints : Bungonia â€“ Bundanoon, New South Wales, NSW",public/data/frontend-data.json
49,"Noojee, Victoria 1984",-37.8352675,145.9443211,"Noojee, VIC",public/data/frontend-data.json
50,"Toolangi, Victoria 1984",-37.4898686,145.5117704,"Toolangi State Forest, VIC",public/data/frontend-data.json
99,"Brooklyn, New South Wales 1984",-33.5479285,151.2260175,"Brooklyn, NSW",public/data/frontend-data.json
160,"Springbrook, Queensland 1984",-28.185749,153.2715593,"Springbrook, QLD",public/data/frontend-data.json
254,"Bathurst, New South Wales 1984",-33.4166482,149.5803725,"Bathurst, NSW",public/data/frontend-data.json
261,"Canarvon Gorge, Queensland 1984",-24.99435,148.3337905,"Canarvon Gorge / Yellowbank, QLD",public/data/frontend-data.json
271,"Noojee, Victoria 1984",-37.8352675,145.9443211,"Noojee, VIC",public/data/frontend-data.json
299,"Blue Mountains, New South Wales 1984",-33.609741,150.4052237,"Blue Mountains, NSW",public/data/frontend-data.json
342,"Bundanoon, New South Wales 1984",-34.6562168,150.2997071,"Bundanoon, NSW",public/data/frontend-data.json
344,"Bundarra, New South Wales 1984",-30.1697551,151.0739435,"Bundarra, NSW",public/data/frontend-data.json
479,"Tugun, Queensland 1984",-28.148821,153.4904018,"Tugun, QLD",public/data/frontend-data.json
499,"Wongawallan, Queensland 1984",-27.8886104,153.235785,"Wongawallan, QLD",public/data/frontend-data.json
574,"Royal National Park, New South Wales 1984",-34.1121995,151.0267269,"Royal National Park, NSW",public/data/frontend-data.json
4279,"Written reports: Yowie Sighting at Canarvon Gorge, Queensland 1984",-24.99435,148.3337905,"Canarvon Gorge, QLD",public/data/frontend-data.json
4312,"Written reports: Yowie Sighting at Toolangi, Victoria 1984",-37.533333,145.466667,"Toolangi, VIC",public/data/frontend-data.json
47,"Kinglake West & Eden Park, Victoria late 1980's",-37.450214,145.258423,"Kinglake West and Eden Park, VIC",public/data/frontend-data.json
51,"Avonsleigh, Victoria 1985",-37.9208356,145.4688212,"Avonsleigh, VIC",public/data/frontend-data.json
52,"Darriman, Victoria 1985",-38.4096475,146.8987864,Darriman,public/data/frontend-data.json
100,"Sunny Corner, New South Wales 1985",-33.3842823,149.8884022,"Sunny Corner, NSW",public/data/frontend-data.json
161,"Gympie (East), Queensland 1985",-26.1791812,152.7329612,"Gympie East, QLD",public/data/frontend-data.json
162,"Worongary, Queensland 1985",-28.0360735,153.339128,"Worongary, QLD",public/data/frontend-data.json
216,"Advancetown, Queensland 1985",-28.061915,153.27813,"Advancetown, QLD",public/data/frontend-data.json
217,"Benambra, Victoria 1985",-36.889754,147.8016192,"Benambra, VIC",public/data/frontend-data.json
420,"Glenreagh, New South Wales 1985",-30.0512038,152.9787186,"Glenreagh, NSW",public/data/frontend-data.json
459,"Stanthorpe, Queensland 1985",-28.6559947,151.9338265,"Stanthorpe, QLD",public/data/frontend-data.json
595,"Torrington, New South Wales 1985",-29.3112985,151.6967475,"Torrington, NSW",public/data/frontend-data.json
626,"Woollamia, New South Wales 1985",-35.018794,150.6597209,"Woollamia, NSW",public/data/frontend-data.json
4280,"Written reports: Yowie Sighting near Moore River, WA (Jan 1985)",-31.355007,115.609902,"Moore River, WA",public/data/frontend-data.json
4281,"YouTube reports, interviews: Yowie Sighting (Audio Report #143) at Torrington, New South Wales (1985)",-29.3112985,151.6967475,"Torrington, NSW",public/data/frontend-data.json
4282,"YouTube reports, interviews: Yowie Sighting (Audio Report #72) at Sunny Corner, New South Wales (1985)",-33.3842823,149.8884022,"Sunny Corner, NSW",public/data/frontend-data.json
4600,"Witness sketches: Woolamia, New South Wales (1985)",-35.013792,150.641612,"Woolamia, New South Wales, NSW",public/data/frontend-data.json
4602,"Witness sketches: Tully, Queensland (1985)",-17.93264,145.92277,"Tully, Queensland, QLD",public/data/frontend-data.json
163,"Mt. Superbus, Queensland 1986",-28.2184485,152.4603351,"Mt Superbus, QLD",public/data/frontend-data.json
222,"Atherton, Queensland 1986",-17.2667108,145.4768923,"Atherton, QLD",public/data/frontend-data.json
241,"Harrietville, Victoria 1986",-36.8923168,147.0638695,"Harietville, VIC",public/data/frontend-data.json
267,"Canungra, Queensland 1986",-28.0385865,153.1419128,"Canungra, QLD",public/data/frontend-data.json
426,"Gosford, New South Wales 1986",-33.415,151.3511111,"North Gosford, NSW",public/data/frontend-data.json
431,"Redbank Plains, Queensland 1986",-27.6513182,152.8479458,"Redbank Plains, QLD",public/data/frontend-data.json
534,"Mt. Kembla, New South Wales 1986",-34.4421839,150.8067132,"Mt Kembla, NSW",public/data/frontend-data.json
4283,"YouTube reports, interviews: Yowie Sighting (Audio Report #138) at Mt Kembla, New South Wales (1986)",-34.4421839,150.8067132,"Mt Kembla, NSW",public/data/frontend-data.json
4309,"Written reports: Yowie Sighting at Gosford, New South Wales 1986",-33.423586,151.341732,"Gosford, NSW",public/data/frontend-data.json
4313,"Written reports: Yowie Sighting at Harrietville, Victoria 1986",-36.8923168,147.0638695,"Harrietville, VIC",public/data/frontend-data.json
4555,"Photographs of footprints and handprints : Barrington Tops, New South Wales (1986)",-31.921164,151.526978,"Photographs of footprints and handprints : Barrington Tops, New South Wales, NSW",public/data/frontend-data.json
32,"Yambah Station, Northern Territory 1987",-23.126721,133.8348877,Yambah Station,public/data/frontend-data.json
40,"Lake Dulverton, Tasmania 1987 (1)",-42.3040616,147.3763267,"Lake Dulverton, TAS",public/data/frontend-data.json
41,"Lake Dulverton, Tasmania 1987 (2)",-41.4340813,147.1373496,"Launceston, TAS",public/data/frontend-data.json
54,"Lyndhurst, Victoria 1987",-38.0685384,145.2307493,"Lyndhurst, VIC",public/data/frontend-data.json
101,"Border Ranges and Blue Knob, New South Wales 1987 & 2015",-28.3944444,153.0672222,"Border Ranges, NSW",public/data/frontend-data.json
229,"Dufty's Beach - Murray River, Victoria 1987",-35.9731123,145.8474714,"Dufty’s Beach, VIC",public/data/frontend-data.json
410,"Engadine, New South Wales 1987",-34.0650134,151.0138225,"Engadine, NSW",public/data/frontend-data.json
484,"Kiah, New South Wales 1987",-37.1481965,149.8555282,"Kiah, NSW",public/data/frontend-data.json
613,"Wee Jasper, New South Wales 1987",-35.1105708,148.6759186,"Wee Jasper, NSW",public/data/frontend-data.json
620,"Wombeyan Caves, New South Wales 1987",-34.3084619,149.9688296,"Wombeyan Caves, NSW",public/data/frontend-data.json
834,1987 - Yambah Station Yowie Article,-23.126721,133.8348877,Yambah Station,public/data/frontend-data.json
921,1987 - Launceston Examiner 1987-01-06,-41.4340813,147.1373496,"Launceston, TAS",public/data/frontend-data.json
922,1987 - News Perth Ape Monster,-31.9558967,115.8605784,"Perth, WA",public/data/frontend-data.json
923,1987 - NT News Yowie Article,-23.126721,133.8348877,Yambah Station,public/data/frontend-data.json
924,1987 - People Magazine Yowie Report,-42.3040616,147.3763267,Lake Dulverton,public/data/frontend-data.json
925,1987 - Sunday Press Yowie Article,-23.126721,133.8348877,Yambah Station,public/data/frontend-data.json
926,1987 - Sydney Mirror Woronora Yowie Article,-34.0248014,151.0454079,"Woronora, NSW",public/data/frontend-data.json
927,1987 - Sydney Morning Herald. Woronora Yowie Article,-34.0248014,151.0454079,"Woronora, NSW",public/data/frontend-data.json
928,1987 - Sydney Sun Yowie Article,-33.8698439,151.2082848,"Sydney, NSW",public/data/frontend-data.json
4303,"Written reports: Yowie Sighting at Cranbourne, Victoria 1987",-38.0997308,145.2807256,"Cranbourne, VIC",public/data/frontend-data.json
4457,Reports from newspapers: 1987 - News Perth Ape Monster,-42.309794,147.393549,"1987 - News Perth Ape Monster, TAS",public/data/frontend-data.json
4458,Reports from newspapers: 1987 - NT News Yowie Article,-23.132391,133.694829,1987 - NT News Yowie Article,public/data/frontend-data.json
4459,Reports from newspapers: 1987 - Sydney Mirror Woronora Yowie Article,-34.114532,150.939979,"1987 - Sydney Mirror Woronora Yowie Article, NSW",public/data/frontend-data.json
4460,Reports from newspapers: 1987 - Sydney Morning Herald. Woronora Yowie Article,-34.110532,150.930979,"1987 - Sydney Morning Herald. Woronora Yowie Article, NSW",public/data/frontend-data.json
4604,"Witness sketches: Gootchie, Queensland (1987)",-25.85482,152.55443,"Gootchie, Queensland, QLD",public/data/frontend-data.json
4630,"AYR report index: Lake Dulverton, Tasmania 1987 (2)",-42.3040616,147.3763267,"Lake Dulverton, TAS",public/data/frontend-data.json
55,"Emerald, Victoria 1988",-37.9321282,145.4407282,"Emerald, VIC",public/data/frontend-data.json
102,"Mt. Kembla, New South Wales 1988",-34.4421839,150.8067132,"Mt Kembla, NSW",public/data/frontend-data.json
253,"Mansfield, Victoria 1988",-36.9242155,146.1463677,"Sawpit Gully . Bridge Creek, VIC",public/data/frontend-data.json
369,"Lamington NP, Queensland 1988",-28.2440481,153.1573088,"Lamington National Park, QLD",public/data/frontend-data.json
550,"Nowra, New South Wales 1988",-34.8741198,150.6004709,"Nowra, NSW",public/data/frontend-data.json
601,"Vulcan State Forest, New South Wales 1988",-33.8857125,149.8249296,"Vulcan State Forest, NSW",public/data/frontend-data.json
607,"Watagans, New South Wales 1988",-33.0758112,151.4539993,"Cooranbong/Watigans, NSW",public/data/frontend-data.json
929,1988 - Unkown Origin of Emerald Encounter,-23.5263118,148.1618622,"Emerald, QLD",public/data/frontend-data.json
4317,"Written reports: Yowie Sighting at Watagans, New South Wales 1988",-33.0095237,151.3768922,"Watagans, NSW",public/data/frontend-data.json
4328,"Written reports: Yowie Sighting at Mansfield, Victoria 1988",-37.0521177,146.0881445,"Mansfield, VIC",public/data/frontend-data.json
4350,"Written reports: Yowie Sighting at Lamington NP, Queensland 1988",-28.142222,153.115278,"Lamington NP, QLD",public/data/frontend-data.json
4461,Reports from newspapers: 1988 - Unkown Origin of Emerald Encounter,-37.933056,145.436944,"1988 - Unkown Origin of Emerald Encounter, VIC",public/data/frontend-data.json
4607,"Witness sketches: Vulcan State Forest, New South Wales (1988)",-33.78061,149.76421,"Vulcan State Forest, New South Wales, NSW",public/data/frontend-data.json
164,"Gympie (East), Queensland 1989",-26.1900447,152.6600256,"Gympie, QLD",public/data/frontend-data.json
433,"Redbank Plains, Queensland 1989",-27.5994539,152.8724921,"Redbank, QLD",public/data/frontend-data.json
494,"Kowmung River, New South Wales 1989",-34.0039056,150.2020591,"Kowmung River, NSW",public/data/frontend-data.json
4284,"YouTube reports, interviews: Yowie Sighting (Audio Report #112) at Redbank, Queensland (Aug 1989)",-27.5994539,152.8724921,"Redbank, QLD",public/data/frontend-data.json
4285,"Written reports: Yowie Sighting at Redbank Plains, Queensland 1989",-27.6513182,152.8479458,"Redbank Plains, QLD",public/data/frontend-data.json
4286,"Written reports: Yowie Sighting at Gympie (East), Queensland 1989",-26.43239,152.601,"Gympie (East), QLD",public/data/frontend-data.json
56,"Dellicknora, Victoria 1990",-37.0960487,148.697021,"Dellicknora, VIC",public/data/frontend-data.json
58,"Hepburn Springs, Victoria 1993",-37.3161925,144.1467627,"Hepburn Springs, VIC",public/data/frontend-data.json
103,"Bateman's Bay, New South Wales 1990",-35.7293379,150.1947997,"Bateman’s Bay, NSW",public/data/frontend-data.json
104,"Fingal Head, New South Wales 1990",-28.203,153.5668,"Fingal Head, NSW",public/data/frontend-data.json
105,"Tallong, New South Wales 1990",-34.7192248,150.0863205,"Tallong, NSW",public/data/frontend-data.json
165,"Eudlo, Queensland 1990",-26.730535,152.9390644,"Eudlo, QLD",public/data/frontend-data.json
252,"Cairns, Queensland 1990",-16.9206657,145.7721854,"Cairns, QLD",public/data/frontend-data.json
257,"Bathurst, New South Wales 1990",-33.4166482,149.5803725,"Bathurst, NSW",public/data/frontend-data.json
268,"Myrrhee, Victoria 1990",-36.744227,146.3048256,"Myhree, VIC",public/data/frontend-data.json
302,"Blue Mountains, New South Wales 1990",-33.609741,150.4052237,"Blue Mountains, NSW",public/data/frontend-data.json
324,"Brisbane National Water Park, New South Wales 1990",-33.5157145,151.2697774,"Brisbane Water National Park, NSW",public/data/frontend-data.json
334,"Brown Mountain, New South Wales 1990",-36.59732,149.38325,"Brown Mountain, NSW",public/data/frontend-data.json
391,"Mt. Glorious, Queensland 1990",-27.322891,152.7643027,"Mt. Glorious, QLD",public/data/frontend-data.json
464,"Jackadgery, New South Wales 1990",-29.5816646,152.5511068,"Jackadgery, NSW",public/data/frontend-data.json
470,"Jenolan Caves, New South Wales 1990",-33.7460183,150.9530285,"Circa, NSW",public/data/frontend-data.json
471,"Tomson River, Queensland 1990",-25.6268775,151.6370233,Gayndah,public/data/frontend-data.json
496,"Krambach, New South Wales 1990",-32.0521151,152.2606101,"Krambach, NSW",public/data/frontend-data.json
553,"Oberon, New South Wales 1990",-33.8455931,149.8326162,"Orberon, NSW",public/data/frontend-data.json
588,"Tenterfield, New South Wales 1990",-28.83843,152.2813166,"Tenterfield, NSW",public/data/frontend-data.json
930,1990 - Grafton Examiner Yowie Article,-29.6816773,152.9336357,"Grafton, NSW",public/data/frontend-data.json
931,1990 - Krambach Yowie Aricle,-32.0521151,152.2606101,"Krambach, NSW",public/data/frontend-data.json
1086,1990 - Treasure Islander Yowie Article,-42.3040616,147.3763267,Lake Dulverton,public/data/frontend-data.json
1088,1990- People Magazine Yowie Article 27-02-1990,-23.28883,131.36449,Mount Liebig,public/data/frontend-data.json
4079,ghost in His Master's Ghost at Montsalvat,-37.7280499,145.1525699,"Montsalvat, Eltham, VIC",public/data/frontend-data.json
4287,"Written reports: Yowie Sighting at Tomson River, Queensland 1990",-25.167222,142.89,"Tomson River, QLD",public/data/frontend-data.json
4288,"YouTube reports, interviews: Yowie Sighting (Audio Report #67) at Keiraville, New South Wales (1990)",-34.4092539,150.8729729,"Keiraville, NSW",public/data/frontend-data.json
4289,"YouTube reports, interviews: Yowie Sighting (Audio Report #130) near Cairns, Queensland (1990)",-16.9206657,145.7721854,"Cairns, QLD",public/data/frontend-data.json
4290,"YouTube reports, interviews: Yowie Sighting (Audio Report #152) near Woy Woy Pt. 1, New South Wales (1990)",-33.49,151.32,"Woy Woy Pt. 1, NSW",public/data/frontend-data.json
4291,"YouTube reports, interviews: Yowie Sighting (Audio Report #131) near Tallong, New South Wales (Summer 1990)",-34.7192248,150.0863205,"Tallong, NSW",public/data/frontend-data.json
4299,"Written reports: Yowie Sighting at Oberon, New South Wales 1990",-33.8455931,149.8326162,"Oberon, NSW",public/data/frontend-data.json
4316,"Written reports: Yowie Sighting at Jenolan Caves, New South Wales 1990",-33.820556,150.021389,"Jenolan Caves, NSW",public/data/frontend-data.json
4337,"Written reports: Yowie Sighting at Brisbane National Water Park, New South Wales 1990",-33.46231,151.255301,"Brisbane National Water Park, NSW",public/data/frontend-data.json
4344,"Written reports: Yowie Sighting at Myrrhee, Victoria 1990",-36.731052,146.321842,"Myrrhee, VIC",public/data/frontend-data.json
4412,"Videos: Julie Clarkes Yowie Encounter at Krambach, NSW (1990)",-32.0521151,152.2606101,"Krambach, NSW",public/data/frontend-data.json
4415,Videos: Woodenbong Yowie Prime News Mid 1990s,-28.378333,152.605,"Woodenbong Yowie Prime News Mid 1990s, QLD",public/data/frontend-data.json
4462,Reports from newspapers: 1990 - Grafton Examiner Yowie Article,-29.137046,152.994911,"1990 - Grafton Examiner Yowie Article, QLD",public/data/frontend-data.json
4463,Reports from newspapers: 1990 - Krambach Yowie Aricle,-32.051793,152.2666,"1990 - Krambach Yowie Aricle, NSW",public/data/frontend-data.json
4576,"Photographs associated with the location: on Facebook - Cotter Dam, ACT (1990)",-35.32097,148.93749,"Photographs associated with the location: on Facebook - Cotter Dam, ACT",public/data/frontend-data.json
4596,"Witness sketches: Eudlo, Queensland (1990",-26.72963,152.95395,"Eudlo, Queensland (1990, QLD",public/data/frontend-data.json
15,"Australind, Western Australia 1991",-33.2807362,115.7204483,"Australind, WA",public/data/frontend-data.json
57,"Lake Buffalo, Victoria 1991",-36.7375936,146.6567954,"Lake Buffalo, VIC",public/data/frontend-data.json
166,"Canungra, Queensland 1991",-28.0385865,153.1419128,"Canungra, QLD",public/data/frontend-data.json
301,"Yarambulla, Victoria 1991",-36.7673752,146.7728946,"Mount Buffalo, VIC",public/data/frontend-data.json
387,"Mt Nathan, Queensland 1991",-27.9801695,153.2654056,"Mt Nathan, QLD",public/data/frontend-data.json
408,"Emu Plains, New South Wales 1991",-33.7483333,150.6677778,"West of Emu Plains, NSW",public/data/frontend-data.json
554,"Oberon, New South Wales 1991",-33.8455931,149.8326162,"Oberon, NSW",public/data/frontend-data.json
597,"Tuglow, New South Wales 1991",-33.9483333,149.9344444,"Tuglow, NSW",public/data/frontend-data.json
4326,"Written reports: Yowie Sighting at Yarambulla, Victoria 1991",-36.68788,146.846304,"Yarambulla, VIC",public/data/frontend-data.json
4386,"YouTube reports, interviews: Yowie Sighting (Audio Report #92) at Australind, Western Australia (1991)",-33.2807362,115.7204483,"Australind, WA",public/data/frontend-data.json
24,"Willunga, South Australia 1992",-35.2711681,138.5554231,"Willunga, SA",public/data/frontend-data.json
25,"Yalata, South Australia 1993",-31.4803513,131.8426235,"Yalata, SA",public/data/frontend-data.json
42,"Smithton, Tasmania 1992",-40.8415455,145.1282245,"Smithton, TAS",public/data/frontend-data.json
106,"Callala Bay, New South Wales 1992",-34.9950846,150.7178837,"Callala Bay, NSW",public/data/frontend-data.json
167,"Tin Can Bay, Queensland 1992 (1)",-25.9497504,152.9133105,"Camp Kerr, QLD",public/data/frontend-data.json
397,"Mt. Tamborine, Queensland 1992",-27.9684035,153.1967792,"Mt Tamborine, QLD",public/data/frontend-data.json
460,"Ingleburn, New South Wales 1992",-33.9983333,150.8511111,"Ingleburn, NSW",public/data/frontend-data.json
932,1992 - Lismore Northern Star Yowie Footprints,-28.8077608,153.2791883,"Lismore, NSW",public/data/frontend-data.json
933,1992 - Noosa News Yowie Report,-26.3182442,152.9307975,"Noosa, QLD",public/data/frontend-data.json
934,1992 - Shark Bay / 40 Mile Yowie Article - Source Unknown,-25.52149,113.7540291,"Shark Bay, WA",public/data/frontend-data.json
4292,"Written reports: Yowie Sighting at Tin Can Bay, Queensland 1992 (1)",-25.8828544,152.9461788,"Tin Can Bay, QLD",public/data/frontend-data.json
4293,"Written reports: Yowie Sighting at Tin Can Bay, Queensland 1992 (2)",-25.8828544,152.9461788,"Tin Can Bay, QLD",public/data/frontend-data.json
4320,"Written reports: Yowie Sighting at Willungra, South Australia 1992",-35.274023,138.553529,"Willungra, SA",public/data/frontend-data.json
4464,Reports from newspapers: 1992 - Lismore Northern Star Yowie Footprints,-28.95,153.0,"1992 - Lismore Northern Star Yowie Footprints, QLD",public/data/frontend-data.json
4465,Reports from newspapers: 1992 - Noosa News Yowie Report,-26.3916,153.0386,"1992 - Noosa News Yowie Report, QLD",public/data/frontend-data.json
4466,Reports from newspapers: 1992 - Shark Bay / 40 Mile Yowie Article - Source Unknown,-26.0,113.5,"1992 - Shark Bay / 40 Mile Yowie Article - Source Unknown, WA",public/data/frontend-data.json
16,"Exmouth, Western Australia 1993",-21.9324401,114.1258094,"Exmouth, WA",public/data/frontend-data.json
107,"Leeville, New South Wales 1993",-28.9483333,153.0011111,"Leeville, NSW",public/data/frontend-data.json
168,"Kilcoy, Queensland 1993",-26.851381,152.5784605,"Mt Kilcoy, QLD",public/data/frontend-data.json
236,"Barrington Tops, New South Wales 1993",-32.0233333,151.4844444,"Barrington Tops, NSW",public/data/frontend-data.json
264,"Canarvon Gorge, Queensland 1993",-24.99435,148.3337905,"Canarvon Gorge, QLD",public/data/frontend-data.json
416,"Glenfield, New South Wales 1993",-33.9722422,150.8930882,"Glenfield, NSW",public/data/frontend-data.json
458,"Ingalba, New South Wales 1993",-30.8498661,152.8044049,"Ingalba State Forest, NSW",public/data/frontend-data.json
535,"Mt. Kembla, New South Wales 1993",-34.4421839,150.8067132,"Mt Kembla, NSW",public/data/frontend-data.json
836,"1993 - Mt Spurgeon, Yowie Article",-16.4333333,145.2,"Mount Spurgeon, QLD",public/data/frontend-data.json
935,1993 - Lismore Northern Star Yowie Article,-28.8077608,153.2791883,"Lismore, NSW",public/data/frontend-data.json
4294,"YouTube reports, interviews: Yowie Sighting (Audio Report #120) at Exmouth , Western Australia (March 1993)",-21.9324401,114.1258094,"Exmouth, WA",public/data/frontend-data.json
4295,"Written reports: Yowie Sighting at Kilcoy, Queensland 1993",-26.9417175,152.561157,"Kilcoy, QLD",public/data/frontend-data.json
4467,Reports from newspapers: 1993 - Lismore Northern Star Yowie Article,-28.85,153.01,"1993 - Lismore Northern Star Yowie Article, QLD",public/data/frontend-data.json
4613,"AYR report index: Ingalba, New South Wales 1993",-30.829239,152.821177,"Ingalba, NSW",public/data/frontend-data.json
108,"Mulgoa, New South Wales 1994",-33.8371562,150.6504013,"Mulgoa, NSW",public/data/frontend-data.json
269,"Bellingen, New South Wales 1994",-30.3739913,152.71921,"Bellingen, NSW",public/data/frontend-data.json
444,"Hazelbrook, New South Wales 1994",-33.7219948,150.4534122,"Hazelbrook, NSW",public/data/frontend-data.json
448,"Helensburgh, New South Wales 1994",-34.1908519,150.9822187,"Helensburgh, NSW",public/data/frontend-data.json
936,1994 - Brisbane Daily Yowie Article,-27.4689623,153.0235009,"Brisbane, QLD",public/data/frontend-data.json
937,1994 - Canberra Times Out Of Shadows Launch,-35.2975906,149.1012676,"Canberra, ACT",public/data/frontend-data.json
938,1994 - Sunshine Coast Magazine Yowie Article,-26.7079095,152.8508329,"Sunshine Coast, QLD",public/data/frontend-data.json
4296,"YouTube reports, interviews: Yowie Sighting (Audio Report #110) near Bellingen, New South Wales (1994)",-30.3739913,152.71921,"Bellingen, NSW",public/data/frontend-data.json
4468,Reports from newspapers: 1994 - Brisbane Daily Yowie Article,-25.031828,148.183339,"1994 - Brisbane Daily Yowie Article, QLD",public/data/frontend-data.json
4469,Reports from newspapers: 1994 - Canberra Times Out Of Shadows Launch,-35.516806,148.966357,"1994 - Canberra Times Out Of Shadows Launch, ACT",public/data/frontend-data.json
4470,Reports from newspapers: 1994 - Sunshine Coast Magazine Yowie Article,-26.948056,152.553889,"1994 - Sunshine Coast Magazine Yowie Article, QLD",public/data/frontend-data.json
26,"Roxby Downs, South Australia 1995",-30.5652584,136.8941825,"Roxby Downs, SA",public/data/frontend-data.json
33,"Berry Springs, Northern Territory 1995",-12.7220385,131.0048008,"Berry Springs, NT",public/data/frontend-data.json
109,"Kempsey, New Sout Wales 1995",-30.9056457,152.5228021,"Kempsey, NSW",public/data/frontend-data.json
169,"McPherson Ranges, Queensland 1995",-28.3069019,153.1430019,"McPherson Ranges, QLD",public/data/frontend-data.json
170,"Rockhampton, Queensland 1995",-23.3782137,150.5134227,"Rockhampton, QLD",public/data/frontend-data.json
259,"Moe, Victoria 1995",-38.177049,146.2619888,"Moe, VIC",public/data/frontend-data.json
260,"Bathurst, New South Wales 1995",-33.4166482,149.5803725,"Bathurst, NSW",public/data/frontend-data.json
312,"Bonalbo, New South Wales 1995",-28.7356087,152.6214537,"Bonalbo, NSW",public/data/frontend-data.json
315,"Eagle Heights, Queensland 1995",-27.9218796,153.2034386,"Eagle Heights, QLD",public/data/frontend-data.json
322,"Braidwood, New South Wales 1995",-35.4388907,149.7955552,"Braidwood, NSW",public/data/frontend-data.json
366,"Coffs Harbour, New South Wales 1995",-30.2985996,153.1094116,"Coffs Harbour, NSW",public/data/frontend-data.json
383,"Millaa Millaa, Queensland 1995 (1)",-17.493974,145.6304622,"Millaa Millaa, QLD",public/data/frontend-data.json
385,"Millaa Millaa, Queensland 1995 (2)",-17.493974,145.6304622,"Millaa Millaa, QLD",public/data/frontend-data.json
399,"Mt. Tamborine, Queensland 1995",-27.9684035,153.1967792,"Mt Tamborine, QLD",public/data/frontend-data.json
475,"Torbanlea, Queensland 1995",-25.358621,152.5732725,"Torbanlea, QLD",public/data/frontend-data.json
508,"Leura, New South Wales 1995",-33.7156888,150.3317665,"Leura, NSW",public/data/frontend-data.json
526,"Mogo, New South Wales 1995",-35.7830222,150.1426078,"Mogo, NSW",public/data/frontend-data.json
627,"Woy Woy, New South Wales 1995",-33.4880548,151.3274925,"Woy Woy, NSW",public/data/frontend-data.json
939,1995 - Cairns Post Yowie Article,-16.9206657,145.7721854,"Cairns, QLD",public/data/frontend-data.json
4297,"YouTube reports, interviews: Yowie Sighting (Audio Report #113) at Torbanlea, Queensland (1995)",-25.358621,152.5732725,"Torbanlea, QLD",public/data/frontend-data.json
4471,Reports from newspapers: 1995 - Cairns Post Yowie Article,-17.5111,145.6,"1995 - Cairns Post Yowie Article, QLD",public/data/frontend-data.json
4584,"Witness sketches: Eden, New South Wales (1995)",-37.065878,149.869638,"Eden, New South Wales, NSW",public/data/frontend-data.json
59,"Aberfeldy, Victoria 1996",-37.7021795,146.3790538,"Aberfeldy, VIC",public/data/frontend-data.json
110,"Cessnock, New South Wales 1996",-32.8316667,151.3511111,"Cessnock, NSW",public/data/frontend-data.json
171,"Molendinar, Queensland 1996",-27.9745778,153.3754344,"Molendinar, QLD",public/data/frontend-data.json
255,"Cairns, Queensland 1996",-16.9206657,145.7721854,"Cairns, QLD",public/data/frontend-data.json
310,"Bombala, New South Wales 1996",-36.9113175,149.2389375,"Bombala, NSW",public/data/frontend-data.json
439,"Sarina, Queensland 1996",-21.435808,149.1645943,"Sarina, QLD",public/data/frontend-data.json
483,"Upper Coomera, Queensland 2006",-27.8529809,153.2982761,"Upper Coomera, QLD",public/data/frontend-data.json
542,"Mullumbimby, New South Wales 1996",-28.5483333,153.5011111,"Mullumbimby, NSW",public/data/frontend-data.json
4608,"Witness sketches: Taree, New South Wales (1996)",-31.897221,152.571853,"Taree, New South Wales, NSW",public/data/frontend-data.json
4609,"Witness sketches: Mullumbimby, New South Wales (1996)",-28.551206,153.497453,"Mullumbimby, New South Wales, NSW",public/data/frontend-data.json
34,"Acacia Hills, Northern Territory 1997 (1)",-12.768419,131.141951,"Acacia Hills, NT",public/data/frontend-data.json
35,"Acacia Hills, Northern Territory 1997 (2)",-12.768419,131.141951,"Acacia Hills, NT",public/data/frontend-data.json
60,"Warnambool, Victoria 1997",-38.3826242,142.4814199,"Princess Highway / Warrnambool, VIC",public/data/frontend-data.json
111,"Hawkesbury River, New South Wales 1997",-33.5038702,150.9274931,"Hawkesbury River, NSW",public/data/frontend-data.json
172,"Camira, Queensland 1997",-27.634499,152.9199269,"Camira, QLD",public/data/frontend-data.json
173,"Ormeau, Queensland 1997",-27.774813,153.2520815,"Ormeau, QLD",public/data/frontend-data.json
218,"Alstonville, New South Wales 1997",-28.8412757,153.4405813,"Alstonville, NSW",public/data/frontend-data.json
237,"Beerwah, Queensland 1997",-26.8573095,152.9604137,"Beerwah, QLD",public/data/frontend-data.json
294,"Cowley Beach, Queensland 1997",-17.653566,146.1321886,"Cowley Beach, QLD",public/data/frontend-data.json
335,"Gootchie, Queensland 1997",-25.8781265,152.5810076,"Gootchie, QLD",public/data/frontend-data.json
346,"Bundarra, New South Wales 1997",-30.1697551,151.0739435,"Bundarra, NSW",public/data/frontend-data.json
368,"Colo River, New South Wales 1997",-33.3778079,150.6487565,"Colo River, NSW",public/data/frontend-data.json
451,"Springbrook, Queensland 1997",-33.7017613,150.5655467,"Springwood, NSW",public/data/frontend-data.json
473,"Toowoomba, Queensland 1997",-27.5790131,151.9866561,"Picnic Point, QLD",public/data/frontend-data.json
476,"Katoomba, New South Wales 1997",-33.713759,150.3121633,"Katoomba, NSW",public/data/frontend-data.json
585,"Tabulam, New South wales 1997",-28.8872866,152.5683651,"Tabulam, NSW",public/data/frontend-data.json
940,1997 - Litchfield Times Yowie Article,-13.428281,130.4926909,"Litchfield, NT",public/data/frontend-data.json
4315,"Written reports: Yowie Sighting at Warnambool, Victoria 1997",-38.383333,142.483333,"Warnambool, VIC",public/data/frontend-data.json
4346,"YouTube reports, interviews: Yowie Sighting (Audio Report #118) at Katoomba, New South Wales (Summer 1997)",-33.713759,150.3121633,"Katoomba, NSW",public/data/frontend-data.json
4347,"Written reports: Yowie Sighting at Springbrook, Queensland 1997",-28.185749,153.2715593,"Springbrook, QLD",public/data/frontend-data.json
4348,"Written reports: Yowie Sighting at Toowoomba, Queensland 1997",-27.5610193,151.953351,"Toowoomba, QLD",public/data/frontend-data.json
4411,"Videos: Dean Harrison - Ormeau Yowie Encounter June, 1997",-27.780333,153.265967,"Dean Harrison - Ormeau Yowie Encounter June, QLD",public/data/frontend-data.json
4472,Reports from newspapers: 1997 - Litchfield Times Yowie Article,-12.789556,131.123056,"1997 - Litchfield Times Yowie Article, NT",public/data/frontend-data.json
4473,Reports from newspapers: 1997 - NT News Yowie Article,-23.887041,133.782438,1997 - NT News Yowie Article,public/data/frontend-data.json
4590,"Witness sketches: Cowley Beach, Queensland (1997)",-17.6953,146.10726,"Cowley Beach, Queensland, QLD",public/data/frontend-data.json
4592,"Witness sketches: Warwick, Queensland (1997)",-28.21901,152.03438,"Warwick, Queensland, QLD",public/data/frontend-data.json
4595,"Witness sketches: Acacia Hills, Northern Territory (1997)",-12.7923,131.125257,"Acacia Hills, Northern Territory, NT",public/data/frontend-data.json
36,"Acacia Hills & Humpty Doo, Northern Territory 1998",-12.768419,131.141951,"Acacia Hills, NT",public/data/frontend-data.json
37,"Adelaide River, Northern Territory 1998",-13.2387657,131.1070072,"Adelaide River, NT",public/data/frontend-data.json
38,"Tanima Desert, Northern Territory 1998",-19.81,130.32,"Tanima Desert, NT",public/data/frontend-data.json
112,"Faulconbridge, New South Wales 1998",-33.7005603,150.535599,"Faulconbridge, NSW",public/data/frontend-data.json
113,"Mudgee, New South Wales 1998",-32.5980702,149.5886383,"Mudgee, NSW",public/data/frontend-data.json
174,"Bribie Island, Queensland 1998",-26.9644799,153.120238,"Bribie Island, QLD",public/data/frontend-data.json
175,"Kenilworth, Queensland 1998",-26.6352315,152.6166379,"Kenilworth, QLD",public/data/frontend-data.json
176,"Scotchy Pocket, Queensland 1998",-26.0031875,152.522897,"Scotchy Pocket, QLD",public/data/frontend-data.json
187,"Canarvon Gorge, Queensland 2005",-24.99435,148.3337905,"Canarvon Gorge, QLD",public/data/frontend-data.json
242,"Barwon River, New South Wales 1998",-30.0172608,147.8988558,"Barwon River, NSW",public/data/frontend-data.json
270,"Canungra, Queensland 1998",-28.0385865,153.1419128,"Canungra, QLD",public/data/frontend-data.json
325,"Gatton, Queensland 1998",-27.5615314,152.2791353,"Gatton, QLD",public/data/frontend-data.json
406,"Eden, New South Wales 1998",-37.0640494,149.9035118,"Eden, NSW",public/data/frontend-data.json
409,"Ormeau, Queensland 1998",-27.774813,153.2520815,"Ormeau, QLD",public/data/frontend-data.json
411,"Ormeau, Queensland 1998",-27.774813,153.2520815,"Ormeau, QLD",public/data/frontend-data.json
424,"Goonoo Forest, New South Wales 1998",-32.0066667,148.8761111,"Goonoo Forest, NSW",public/data/frontend-data.json
434,"Grassy Head / Stuarts Point, New South Wales 1998",-30.7858622,152.9887422,"Grassy Head / Stuarts Point [Yarriabini National Park], NSW",public/data/frontend-data.json
453,"Springbrook, Queensland 1998",-28.185749,153.2715593,"Springbrook, QLD",public/data/frontend-data.json
455,"Springbrook, Queensland 1998",-28.185749,153.2715593,"Springbrook, QLD",public/data/frontend-data.json
469,"Tin Can Bay, Queensland 1998",-25.8828544,152.9461788,"Tin Can Bay, QLD",public/data/frontend-data.json
480,"Keiraville, New South Wales 1998",-34.4092539,150.8729729,"Keiraville, NSW",public/data/frontend-data.json
520,"Macquarie Feilds, New South Wales 1998",-33.9904477,150.8849303,"Macquarie Fields, NSW",public/data/frontend-data.json
587,"Taree, New South Wales 1998",-31.912864,152.4608481,"Taree, NSW",public/data/frontend-data.json
617,"Wiangaree, New South Wales 1998",-28.5083827,152.9652769,"Wiangaree, NSW",public/data/frontend-data.json
623,"Woodenbong, New South Wales 1998",-28.3913455,152.6120214,"Woodenbong, NSW",public/data/frontend-data.json
631,"Yanderra, New South Wales 1998",-34.3209918,150.5724825,"Yanderra, NSW",public/data/frontend-data.json
841,1998 - NT News Article,-13.2387657,131.1070072,"Adelaide River, NT",public/data/frontend-data.json
4307,"Written reports: Yowie Sighting at Tanami Desert, Northern Territory 199",-20.0,130.0,"Tanami Desert, NT",public/data/frontend-data.json
4311,"Written reports: Yowie Sighting at Grassy Head / Stuarts Point, New South Wales 1998",-30.809996,152.994649,"Grassy Head / Stuarts Point, NSW",public/data/frontend-data.json
4323,"Written reports: Yowie Sighting at Barrington Tops, New South Wales 1998",-32.0233333,151.4844444,"Barrington Tops, NSW",public/data/frontend-data.json
4327,"Written reports: Yowie Sighting at Macquarie Feilds, New South Wales 1998",-33.994444,150.8875,"Macquarie Feilds, NSW",public/data/frontend-data.json
4349,"YouTube reports, interviews: Yowie Sighting (Audio Report #139) at Macquarie Fields, New South Wales (1998)",-33.9904477,150.8849303,"Macquarie Fields, NSW",public/data/frontend-data.json
4474,Reports from newspapers: 1998 - Northern Territory News,-12.660487,131.338777,"1998 - Northern Territory News, NT",public/data/frontend-data.json
61,"Wilsons Promontory, Victoria 1999",-38.9567021,146.3514784,"Wilsons Promontory, VIC",public/data/frontend-data.json
114,"Bourke, New South Wales 1999",-29.9960307,145.2940392,"Bourke, NSW",public/data/frontend-data.json
115,"Mt. Kembla, New South Wales 1999",-34.4421839,150.8067132,"Mt Kembla, NSW",public/data/frontend-data.json
116,"Leura, New South Wales 2000",-33.7156888,150.3317665,"Leura, NSW",public/data/frontend-data.json
177,"Daisy Hill, Queensland 1999",-27.643611,153.1538113,"Daisy Hill, QLD",public/data/frontend-data.json
235,"Falls Creek, Victoria 1999",-36.878683,147.2441791,"Falls Creek, VIC",public/data/frontend-data.json
392,"Dargan, New South Wales 1999",-33.4816667,150.2511111,"Dargan, NSW",public/data/frontend-data.json
413,"Ormeau, Queensland 1999",-27.774813,153.2520815,"Ormeau, QLD",public/data/frontend-data.json
478,"Katoomba, New South Wales 1999",-33.713759,150.3121633,"Katoomba, NSW",public/data/frontend-data.json
506,"Lake Macquarie, New South Wales 1999",-33.0374325,151.5294684,"Lake Macquarie, NSW",public/data/frontend-data.json
522,"Medowie, New South Wales 1999",-32.7316667,151.8511111,"Medowie, NSW",public/data/frontend-data.json
624,"Woodford, New South Wales 1999",-33.7349677,150.4810891,"Woodford, NSW",public/data/frontend-data.json
943,1999 - Gold Coast Bulletin - 25-08-1999,-28.0023731,153.4145987,"Gold Coast, QLD",public/data/frontend-data.json
944,1999 - Lismore Northern Star Yowie Article,-28.8077608,153.2791883,"Lismore, NSW",public/data/frontend-data.json
945,1999 - Thats Life Magazine Yowie Article,-28.0023731,153.4145987,"Gold Coast, QLD",public/data/frontend-data.json
3978,Kimberley's Wedding / Favourite Haunt,-34.8682927,147.5758032,"Monte Cristo Homestead, NSW",public/data/frontend-data.json
4414,Videos: Retro Look Back of AYR Yowie Investigations in 1999,-28.178333,153.284,"1999, QLD",public/data/frontend-data.json
4475,Reports from newspapers: 1999 - Gold Coast Bulletin Yowie Article,-27.789333,153.258867,"1999 - Gold Coast Bulletin Yowie Article, QLD",public/data/frontend-data.json
4476,Reports from newspapers: 1999 - Lismore Northern Star Yowie Article,-28.388333,152.6,"1999 - Lismore Northern Star Yowie Article, QLD",public/data/frontend-data.json
4477,Reports from newspapers: 1999 - Take 5 Yowie Article,-31.25,149.265,"1999 - Take 5 Yowie Article, NSW",public/data/frontend-data.json
4478,Reports from newspapers: 1999 - Thats Life Magazine Yowie Article,-28.144789,153.298935,"1999 - Thats Life Magazine Yowie Article, QLD",public/data/frontend-data.json
4598,"Witness sketches: Hazelbrook, New South Wales (1999)",-33.729275,150.456174,"Hazelbrook, New South Wales, NSW",public/data/frontend-data.json
17,"Coral Bay, Western Australia 2000",-23.1436752,113.770165,"Corel Bay, WA",public/data/frontend-data.json
18,"Lancedin, Western Australia 2000",-31.0225285,115.3301909,"Lancelin, WA",public/data/frontend-data.json
117,"Yowrie, New South Wales 2000",-36.3194678,149.7393829,"Yowrie, NSW",public/data/frontend-data.json
178,"Booreen Point, Queensland 2000",-26.2815525,152.984517,"Booreen Point, QLD",public/data/frontend-data.json
179,"Gayndah, Queensland 2000 (2)",-25.6268775,151.6370233,"Gayndah, QLD",public/data/frontend-data.json
180,"Kilcoy, Queensland 2000",-26.9417175,152.561157,"Kilcoy, QLD",public/data/frontend-data.json
181,"Tully, Queensland 2000",-17.9429225,145.9285816,"Tully, QLD",public/data/frontend-data.json
215,"Aboriginal P.O.V, New South Wales 2001",-33.701014,151.2997832,"Northern, NSW",public/data/frontend-data.json
223,"Billabong, Victoria 2000",-37.2516192,146.8168275,Billabong,public/data/frontend-data.json
243,"Blackbutt, Queensland 2000",-26.8830175,152.1011195,"Blackbutt, QLD",public/data/frontend-data.json
248,"Bateman's Bay, New South Wales 2000",-35.7293379,150.1947997,"Bateman's Bay, NSW",public/data/frontend-data.json
319,"Esk, Queensland 2000",-27.2398683,152.4220194,"Esk, QLD",public/data/frontend-data.json
329,"Gayndah, Queensland 2000 (1)",-25.6268775,151.6370233,"Gayndah, QLD",public/data/frontend-data.json
331,"Gayndah, Queensland 2000 (3)",-25.6268775,151.6370233,"Gayndah, QLD",public/data/frontend-data.json
333,"Gogango, Queensland 2000",-23.5599195,149.9135601,"Gogango, QLD",public/data/frontend-data.json
375,"Malanda, Queensland 2000",-17.352837,145.5959372,"Malanda, QLD",public/data/frontend-data.json
415,"Ormeau, Queensland 2000",-27.774813,153.2520815,"Ormeau, QLD",public/data/frontend-data.json
440,"Hannam Vale, New South Wales 2000",-31.7124928,152.5943307,"Hannam Vale, NSW",public/data/frontend-data.json
468,"Jamison Valley, New South Wales 2000",-33.75431,150.3270177,"Jamison Valley, NSW",public/data/frontend-data.json
516,"Lithgow, New South Wales 2000",-33.481536,150.1564887,"Lithgow, NSW",public/data/frontend-data.json
559,"Pickett Hill, New South Wales 2000",-30.5728234,152.9953574,"Pickett Hill, NSW",public/data/frontend-data.json
619,"Wollar, New South Wales 2000",-32.3581121,149.9483663,"Wollar, NSW",public/data/frontend-data.json
845,2000 - Gold Coast Bulletin,-28.0023731,153.4145987,"Gold Coast, QLD",public/data/frontend-data.json
846,2000 - Townsville Bulletin Yowie Article,-19.2569391,146.8239537,"Townsville, QLD",public/data/frontend-data.json
946,2000 - Daily Examiner Yowie Article,-29.6816773,152.9336357,Grafton,public/data/frontend-data.json
947,2000 - Gold Coast Bulletin Yowiehunters,-28.0023731,153.4145987,"Gold Coast, QLD",public/data/frontend-data.json
949,2000 - Queensland Times Yowie Article,-27.5615314,152.2791353,Gatton,public/data/frontend-data.json
1028,2000 - Batemans Bay Post Yowie Article,-35.7072183,150.178289,"Batemans Bay, NSW",public/data/frontend-data.json
1039,2000 - Sunday Mail Yowie Article,-27.4689623,153.0235009,"Brisbane, QLD",public/data/frontend-data.json
4351,"YouTube reports, interviews: Yowie Sighting (Audio Report #121) near Yowrie, New South Wales (March 2000)",-36.3194678,149.7393829,"Yowrie, NSW",public/data/frontend-data.json
4352,"YouTube reports, interviews: Yowie Sighting (Audio Report #125) near Malanda, Queensland (2000)",-17.352837,145.5959372,"Malanda, QLD",public/data/frontend-data.json
4353,"Written reports: Yowie Attack at Coral Bay, Western Australia (2000)",-23.142675,113.774348,"Coral Bay, WA",public/data/frontend-data.json
4479,Reports from newspapers: 2000 - Daily Examiner Yowie Article,-29.75,153.0,"2000 - Daily Examiner Yowie Article, NSW",public/data/frontend-data.json
4480,Reports from newspapers: 2000 - Insight Magazine Yowie Exp,-26.277063,152.359954,"2000 - Insight Magazine Yowie Exp, QLD",public/data/frontend-data.json
4481,Reports from newspapers: 2000 - On the Road Magazine Yowie Article,-28.446389,152.453611,"2000 - On the Road Magazine Yowie Article, QLD",public/data/frontend-data.json
4482,Reports from newspapers: 2000 - Queensland Times Yowie Article,-27.616667,152.766667,"2000 - Queensland Times Yowie Article, QLD",public/data/frontend-data.json
4483,Reports from newspapers: 2000 - Sunday Mail Yowie Article,-25.6244,151.608,"2000 - Sunday Mail Yowie Article, QLD",public/data/frontend-data.json
4484,Reports from newspapers: 2000 - The Cronicle Yowie Article,-25.6294,151.615,"2000 - The Cronicle Yowie Article, QLD",public/data/frontend-data.json
4563,"Photographs of footprints and handprints : Hazelbrook, New South Wales (2000)",-33.728999,150.453039,"Photographs of footprints and handprints : Hazelbrook, New South Wales, NSW",public/data/frontend-data.json
4564,"Photographs of footprints and handprints : Kilkivan, Queensland (2000)",-26.082109,152.234562,"Photographs of footprints and handprints : Kilkivan, Queensland, QLD",public/data/frontend-data.json
4570,"Photographs of footprints and handprints : Springbrook, Queensland (1999/2000)",-28.181879,153.2764454,"Photographs of footprints and handprints : Springbrook, Queensland, QLD",public/data/frontend-data.json
39,"Kings Canyon, Northern Territory 2001",-24.2503097,131.5779445,"Kings Canyon, NT",public/data/frontend-data.json
118,"Lismore, New South Wales 2001",-28.8077608,153.2791883,"Lismore, NSW",public/data/frontend-data.json
182,"Laidley, Queensland 2001 (2)",-27.6395345,152.4132894,"Laidley, QLD",public/data/frontend-data.json
337,"Hinze Dam, Queensland 2001",-28.0502971,153.2801969,"Hinze Dam, QLD",public/data/frontend-data.json
363,"Laidley, Queensland 2001 (1)",-27.6395345,152.4132894,"Laidley, QLD",public/data/frontend-data.json
365,"Laidley, Queensland 2001 (3)",-27.6395345,152.4132894,"Laidley, QLD",public/data/frontend-data.json
401,"Mt. Tamborine, Queensland 2001",-27.9489195,153.1929006,"Mount Tambourine, QLD",public/data/frontend-data.json
446,"Hazelbrook, New South Wales 2001",-33.7219948,150.4534122,"Hazelbrook, NSW",public/data/frontend-data.json
488,"Koreelah Forest, New South Wales 2001",-28.2808333,152.5077778,"White Swamp, NSW",public/data/frontend-data.json
512,"Lightning Ridge, New South Wales 2001",-29.4285482,147.9779283,"Lightning Ridge, NSW",public/data/frontend-data.json
564,"Pilliga, New South Wales 2001",-30.351605,148.8888022,"Pilliga, NSW",public/data/frontend-data.json
575,"Scotts Head, New South Wales 2001",-30.7460493,152.9963024,"Scotts Head, NSW",public/data/frontend-data.json
625,"Woodford, New South Wales 2001",-33.7349677,150.4810891,"Woodford, NSW",public/data/frontend-data.json
847,2001 - Yowiehunters News Article,-26.080292,152.2473652,Kilkivan,public/data/frontend-data.json
950,2001 - Gold Coast Bulletin Yowie Article,-28.0023731,153.4145987,"Gold Coast, QLD",public/data/frontend-data.json
951,2001 - Gold Coast Bulletin Yowie Article 2,-28.0023731,153.4145987,"Gold Coast, QLD",public/data/frontend-data.json
952,2001 - Queensland Times Yowie Article,-27.2398683,152.4220194,Esk,public/data/frontend-data.json
953,2001 - Queensland Times Yowie Article 2,-27.2398683,152.4220194,Esk,public/data/frontend-data.json
1040,2001 - Caboolture News Yowie Article,-27.0839336,152.9510863,"Caboolture, QLD",public/data/frontend-data.json
1041,2001 - Caboolture News Yowie Article 2,-27.0839336,152.9510863,"Caboolture, QLD",public/data/frontend-data.json
4248,The Faith of Alfred Deakin,-37.810997,144.972658,"Princess Theatre, VIC",public/data/frontend-data.json
4321,"Written reports: Yowie Sighting at Koreelah Forest, New South Wales 2001",-28.305278,152.438889,"Koreelah Forest, NSW",public/data/frontend-data.json
4354,"YouTube reports, interviews: Yowie Sighting (Audio Report #122) at Dargan, New South Wales (Summer 2001)",-33.4816667,150.2511111,"Dargan, NSW",public/data/frontend-data.json
4355,"Written reports: Yowie Sighting at Mt. Tamborine, Queensland 2001",-27.969444,153.198467,"Mt. Tamborine, QLD",public/data/frontend-data.json
4485,Reports from newspapers: 2001 - Caboolture News Yowie Article,-26.938056,152.560889,"2001 - Caboolture News Yowie Article, QLD",public/data/frontend-data.json
4486,Reports from newspapers: 2001 - Caboolture News Yowie Article 2,-27.066667,152.966667,"2001 - Caboolture News Yowie Article 2, QLD",public/data/frontend-data.json
4487,Reports from newspapers: 2001 - Gold Coast Bulletin Yowie Article,-28.177,153.283333,"2001 - Gold Coast Bulletin Yowie Article, QLD",public/data/frontend-data.json
4488,Reports from newspapers: 2001 - Gold Coast Bulletin Yowie Article 2,-26.961555,152.004424,"2001 - Gold Coast Bulletin Yowie Article 2, QLD",public/data/frontend-data.json
4489,Reports from newspapers: 2001 - Queensland Times Yowie Article,-26.969555,152.014424,"2001 - Queensland Times Yowie Article, QLD",public/data/frontend-data.json
4559,"Photographs of footprints and handprints : Cunungra, Queensland (2001)",-28.017834,153.166006,"Photographs of footprints and handprints : Cunungra, Queensland, QLD",public/data/frontend-data.json
62,"Licola, Victoria 2002",-37.6029585,146.5695668,"Licola, VIC",public/data/frontend-data.json
119,"Glossodia, New South Wales 2002",-33.5334431,150.7853962,"Glossodia, NSW",public/data/frontend-data.json
120,"Wollemi National Park, New South Wales 2002",-32.9409962,150.4210458,"Wollemi National Park, NSW",public/data/frontend-data.json
183,"Beerwah, Queensland 2002",-26.8573095,152.9604137,"Beerwah, QLD",public/data/frontend-data.json
246,"Blackbutt, Queensland 2002",-26.8830175,152.1011195,"Blackbutt, QLD",public/data/frontend-data.json
370,"Colo River, New South Wales 2002",-33.3778079,150.6487565,"Colo River, NSW",public/data/frontend-data.json
403,"Mt. Tamborine, Queensland 2002",-27.9684035,153.1967792,"Mount Tamborine, QLD",public/data/frontend-data.json
422,"Goodradigbee River, New South Wales 2002",-35.3727483,148.7432707,"Goodradigbee River, NSW",public/data/frontend-data.json
450,"Helensburgh, New South Wales 2002",-34.1908519,150.9822187,"Helensburgh, NSW",public/data/frontend-data.json
452,"Helensburgh, New South Wales 2002",-34.1908519,150.9822187,"Helensburgh, NSW",public/data/frontend-data.json
618,"Wolgan Valley, New South Wales 2002",-33.2635587,150.1541179,"Wolgan Valley, NSW",public/data/frontend-data.json
954,2002 - Lismore Northern Star Yowie Article,-28.8077608,153.2791883,"Lismore, NSW",public/data/frontend-data.json
4356,"YouTube reports, interviews: Yowie Sighting (Audio Report #149) near Helensburgh, New South Wales (2002)",-34.1908519,150.9822187,"Helensburgh, NSW",public/data/frontend-data.json
4357,"Written reports: Possible Yowie Sighting at Stirling Dam, Harvey, Western Australia (2002)",-33.076633,115.938962,"Stirling Dam, Harvey, WA",public/data/frontend-data.json
4358,"Written reports: Yowie Sighting at Mt. Tamborine, Queensland 2002",-27.969444,153.198467,"Mt. Tamborine, QLD",public/data/frontend-data.json
4490,Reports from newspapers: 2002 - Lismore Northern Star Yowie Article,-28.635289,152.239179,"2002 - Lismore Northern Star Yowie Article, QLD",public/data/frontend-data.json
121,"Gunnedah, New South Wales 2003",-31.0237593,150.2036527,"Gunnedah, NSW",public/data/frontend-data.json
122,"Rosebank, New South Wales 2003",-28.665,153.4011111,"Rosebank, NSW",public/data/frontend-data.json
123,"Wentworth Falls, New South Falls 2003",-33.72802,150.3740633,"Wentworth Falls, NSW",public/data/frontend-data.json
184,"Glasshouse Mtns, Queensland 2003",-26.9043015,152.9302177,"Glass House Mountains, QLD",public/data/frontend-data.json
185,"Tin Can Bay, Queensland 2003",-25.9497504,152.9133105,"Camp Kerr, QLD",public/data/frontend-data.json
239,"Barrington Tops, New South Wales 2003",-32.0233333,151.4844444,"Barrington Tops, NSW",public/data/frontend-data.json
283,"Riddells Creek, Victoria 2003",-37.4587733,144.6776503,"Riddells Creek, VIC",public/data/frontend-data.json
338,"Bulahdelah, New South Wales 2003",-32.4128925,152.2075678,"Buladelah, NSW",public/data/frontend-data.json
350,"Byron Shire, New South Wales 2003",-28.6134277,153.4783551,"Byron Shire, NSW",public/data/frontend-data.json
417,"Ormeau, Queensland 2003",-27.774813,153.2520815,"Ormeau, QLD",public/data/frontend-data.json
418,"Glenorie, New South Wales 2003",-33.6020739,151.0105163,"Glenorie, NSW",public/data/frontend-data.json
419,"Ormeau, Queensland 2003",-27.774813,153.2520815,"Ormeau, QLD",public/data/frontend-data.json
472,"Jiggi, New South Wales 2003",-28.6816667,153.1844444,"Jiggi, NSW",public/data/frontend-data.json
491,"Withcott, Queensland 2003",-27.5387055,152.0168658,"Withcott, QLD",public/data/frontend-data.json
541,"Mulgoa, New South Wales 2003",-33.8371562,150.6504013,"Mulgoa, NSW",public/data/frontend-data.json
565,"Pilliga, New South Wales 2003",-30.351605,148.8888022,"Pilliga, NSW",public/data/frontend-data.json
567,"Port Macquarie, New South Wales 2003",-31.4299499,152.9103525,"Port Macquarie, NSW",public/data/frontend-data.json
590,"Tharwa, New South Wales 2003",-35.3585986,149.2208702,"Tharwa, NSW",public/data/frontend-data.json
603,"Wanaaring, New South Wales 2003",-29.7045217,144.1490336,"Wanaaring, NSW",public/data/frontend-data.json
605,"Warragamba, New South Wales 2003",-33.8890386,150.6039175,"Warragamba, NSW",public/data/frontend-data.json
608,"Watagans, New South Wales 2003",-33.0095237,151.3768922,"Watagans, NSW",public/data/frontend-data.json
1042,2003 - Herald Sun Yowie Article,-37.8142454,144.9631732,"Melbourne, VIC",public/data/frontend-data.json
4341,"Written reports: Yowie Sighting at Bulahdelah, New South Wales 2003",-32.4128925,152.2075678,"Bulahdelah, NSW",public/data/frontend-data.json
4359,"Written reports: Yowie Sighting at Glasshouse Mtns, Queensland 2003",-26.898,152.951,"Glasshouse Mtns, QLD",public/data/frontend-data.json
4360,"Written reports: Yowie Sighting at Tarbuck Bay, Buladelah, NSW (2003)",-32.36812,152.48129,"Tarbuck Bay, Buladelah, NSW",public/data/frontend-data.json
4361,"Written reports: Yowie Sighting at Tin Can Bay, Queensland 2003",-25.8828544,152.9461788,"Tin Can Bay, QLD",public/data/frontend-data.json
4378,"YouTube reports, interviews: Yowie Sighting (Audio Report #05) at Ormeau, Queensland (June 2003)",-27.774813,153.2520815,"Ormeau, QLD",public/data/frontend-data.json
4491,Reports from newspapers: 2003 - Herald Sun Yowie Article,-26.241731,152.483338,"2003 - Herald Sun Yowie Article, QLD",public/data/frontend-data.json
4588,"Witness sketches: Jiggi, New South Wales (2003)",-28.651727,153.166747,"Jiggi, New South Wales, NSW",public/data/frontend-data.json
63,"Robinvale, Victoria 2004",-34.5840409,142.7739356,"Robinvale, VIC",public/data/frontend-data.json
186,"Lamington NP, Queensland 2004",-28.2440481,153.1573088,"Lamington National Park, QLD",public/data/frontend-data.json
276,"Childers, Queensland 2004",-25.246446,152.2608358,"Childers, QLD",public/data/frontend-data.json
347,"Jimbour, Queensland 2004",-26.9607242,151.2131105,"Jimbour, QLD",public/data/frontend-data.json
394,"Deepwater, New South Wales 2004",-29.4433982,151.8451012,"Deepwater, NSW",public/data/frontend-data.json
421,"Ormeau, Queensland 2004",-27.774813,153.2520815,"Ormeau, QLD",public/data/frontend-data.json
436,"Grays Point, New South Wales 2004",-34.0591451,151.0786995,"Grays Point, NSW",public/data/frontend-data.json
517,"Lithgow, New South Wales 2004",-33.481536,150.1564887,"Lithgow, NSW",public/data/frontend-data.json
609,"Watagans, New South Wales 2004",-33.0095237,151.3768922,"Watagans, NSW",public/data/frontend-data.json
4055,Dig to unearth Tas convict ghost tales,-43.1492718,147.8675721,"Isle of the Dead, TAS",public/data/frontend-data.json
4362,"YouTube reports, interviews: Yowie Sighting (Audio Report #102) near Lithgow, New South Wales (2004)",-33.481536,150.1564887,"Lithgow, NSW",public/data/frontend-data.json
4574,"Photographs of footprints and handprints : Wilcannia, New South Wales (2004)",-31.557977,143.37563,"Photographs of footprints and handprints : Wilcannia, New South Wales, NSW",public/data/frontend-data.json
4617,"AYR report index: Lamington NP, Queensland 2004",-28.142222,153.115278,"Lamington NP, QLD",public/data/frontend-data.json
124,"Blue Knob, New South Wales 2005",-30.6984,152.55604,"Blue Knob, NSW",public/data/frontend-data.json
125,"Thredbo, New South Wales 2005",-36.5047751,148.3057091,"Thredbo, NSW",public/data/frontend-data.json
188,"Ormeau, Queensland 2005",-27.774813,153.2520815,"Ormeau, QLD",public/data/frontend-data.json
258,"Cairns, Queensland 2005",-16.9206657,145.7721854,"Cairns, QLD",public/data/frontend-data.json
340,"Bulahdelah, New South Wales 2005",-32.4128925,152.2075678,"Bulahdelah, NSW",public/data/frontend-data.json
349,"Kenilworth, Queensland 2005",-26.6352315,152.6166379,"Kenilworth, QLD",public/data/frontend-data.json
423,"Ormeau, Queensland 2005",-27.774813,153.2520815,"Ormeau, QLD",public/data/frontend-data.json
477,"Torrens Creek, Queensland 2005",-21.137345,145.0419268,"Torrens Creek, QLD",public/data/frontend-data.json
545,"Murwillumbah, New South Wales 2005",-28.3267617,153.3971541,"Murwillumbah, NSW",public/data/frontend-data.json
569,"Richmond Range, New South Wales 2005",-29.3285389,152.9977378,"Richmond Range, NSW",public/data/frontend-data.json
576,"Springwood, New South Wales 2005",-33.7017613,150.5655467,"Springwood, NSW",public/data/frontend-data.json
606,"Warrimoo, New South Wales 2005",-33.723551,150.6012161,"Warrimoo, NSW",public/data/frontend-data.json
955,2005 - Gold Coast Bulletin Yowie Article,-28.0023731,153.4145987,"Gold Coast, QLD",public/data/frontend-data.json
4027,The Ghosthunters,-34.1693445,150.6114983,"Picton, NSW",public/data/frontend-data.json
4028,The Ghosthunters,-33.733114,150.4736891,"Woodford Academy, NSW",public/data/frontend-data.json
4492,Reports from newspapers: 2005 - Gold Coast Bulletin Yowie Article,-33.715,150.558,"2005 - Gold Coast Bulletin Yowie Article, NSW",public/data/frontend-data.json
4560,"Photographs of footprints and handprints : Gayndah, Queensland (2005)",-25.622082,151.616521,"Photographs of footprints and handprints : Gayndah, Queensland, QLD",public/data/frontend-data.json
64,"Mansfield, Victoria 2006",-37.0521177,146.0881445,"Mansfield, VIC",public/data/frontend-data.json
126,"Colo Heights, New South Wales 2006",-33.365,150.7177778,"Colo Heights, NSW",public/data/frontend-data.json
189,"Mapleton, Queensland 2006",-26.628843,152.8611681,"Mapleton, QLD",public/data/frontend-data.json
284,"Blackheath, New South Wales 2006",-33.6338889,150.2847222,"Blackheath, NSW",public/data/frontend-data.json
287,"Blackheath, New South Wales 2006",-33.6338889,150.2847222,"Blackheath, NSW",public/data/frontend-data.json
292,"Thomson Dam, Victoria 2006",-37.8407882,146.4023044,"Thomson Dam, VIC",public/data/frontend-data.json
351,"Kenilworth, Queensland 2006",-26.6352315,152.6166379,"Kenilworth, QLD",public/data/frontend-data.json
358,"Cessnock, New South Wales 2006",-32.8316667,151.3511111,"Cessnock, NSW",public/data/frontend-data.json
412,"Glen Innes, New South Wales 2006",-29.6816773,152.9336357,Grafton,public/data/frontend-data.json
515,"Yarrabilba, Queensland 2006",-27.8030098,153.1081584,"Yarrabilllba, QLD",public/data/frontend-data.json
523,"Megalong Valley, New South Wales 2006",-33.7054371,150.2316021,"Megalong Valley, NSW",public/data/frontend-data.json
544,"Munmorah, New South Wales 2012",-33.2145467,151.5697213,"Lake Munmorah, NSW",public/data/frontend-data.json
551,"Nunderi, New South Wales 2006",-28.3226712,153.4633068,"Nunderi, NSW",public/data/frontend-data.json
591,"Tharwa, New South Wales 2006",-35.3585986,149.2208702,"Tharwa, NSW",public/data/frontend-data.json
1043,2006 - Yarram Standard News,-38.5616717,146.675887,"Yarram, VIC",public/data/frontend-data.json
3970,Australia's Most Haunted,-34.8682927,147.5758032,"Monte Cristo Homestead, NSW",public/data/frontend-data.json
3991,Australia's Most Haunted,-43.1531346,147.8694003,"Port Arthur Historic Site, TAS",public/data/frontend-data.json
4021,Australia's Most Haunted,-35.3075211,149.134539,"Hotel Kurrajong, ACT",public/data/frontend-data.json
4022,Australia's Most Haunted,-35.3023519,149.1300176,"Old Parliament House, ACT",public/data/frontend-data.json
4023,Australia's Most Haunted,-34.1723581,150.6050677,"Picton Tunnel, NSW",public/data/frontend-data.json
4024,Australia's Most Haunted,-34.9179424,138.5848489,"Adelaide Gaol, SA",public/data/frontend-data.json
4025,Australia's Most Haunted,-32.0553437,115.7534563,"Fremantle Prison, WA",public/data/frontend-data.json
4026,Australia's Most Haunted,-27.387429,153.2352829,"St Helena Island, QLD",public/data/frontend-data.json
4061,Australia's Most Haunted,-34.8682927,147.5758032,"Monte Cristo Homestead, NSW",public/data/frontend-data.json
4062,Australia's Most Haunted,-35.2828643,149.1209536,"National Film and Sound Archive, ACT",public/data/frontend-data.json
4141,Australia's Most Haunted,-32.0553437,115.7534563,"Fremantle Prison, WA",public/data/frontend-data.json
4258,Picton named as top tourism 'haunt',-34.1693445,150.6114983,"Picton, NSW",public/data/frontend-data.json
4306,"Written reports: Yowie Sighting at Glen Innes, New South Wales 2006",-29.75,151.736111,"Glen Innes, NSW",public/data/frontend-data.json
4363,"Written reports: Yowie Sighting at Yarrabilba, Queensland 2006",-27.766667,153.1,"Yarrabilba, QLD",public/data/frontend-data.json
4493,Reports from newspapers: 2006 - Yarram Standard News,-38.54,146.661667,"2006 - Yarram Standard News, VIC",public/data/frontend-data.json
4561,"Photographs of footprints and handprints : Goulburn, New South Wales (2006)",-34.763148,149.744296,"Photographs of footprints and handprints : Goulburn, New South Wales, NSW",public/data/frontend-data.json
4566,"Photographs of footprints and handprints : Linden, Blue Mountains, New South Wales (2006)",-33.717069,150.49439,"Photographs of footprints and handprints : Linden, Blue Mountains, New South Wales, NSW",public/data/frontend-data.json
4593,"Witness sketches: Cessnock, New South Wales (2006)",-32.828727,151.257012,"Cessnock, New South Wales, NSW",public/data/frontend-data.json
65,"Barmah Forest (Murray River), Victoria 2007",-36.0603113,145.204306,"Barmah Forest, VIC",public/data/frontend-data.json
66,"Nowa Nowa, Victoria 2007",-37.7318356,148.0910062,"Nowa Nowa, VIC",public/data/frontend-data.json
127,"Hartley, New South Wales 2007",-33.5483333,150.1844444,"Hartley, NSW",public/data/frontend-data.json
190,"Alpha, Queensland 2007",-23.524547,146.7535478,"Alpha, QLD",public/data/frontend-data.json
191,Uki Qld 2007,-27.9967999,153.3793401,"Uki, QLD",public/data/frontend-data.json
214,"Bemm River, Victoria 2007",-37.639909,148.8869984,"Bemm River, VIC",public/data/frontend-data.json
291,"Cooyar, Queensland 2007",-26.9823903,151.8315732,"Cooyar, QLD",public/data/frontend-data.json
339,"Howard, Queensland 2007",-25.3383285,152.536403,"Howard, QLD",public/data/frontend-data.json
570,"Richmond Range, New South Wales 2007",-28.7336111,152.72,"Gorge Creek, NSW",public/data/frontend-data.json
599,"Uki, New South Wales 2007",-28.4152778,153.3305556,"Uki, NSW",public/data/frontend-data.json
956,2007 - Gold Coast Bulletin Yowie Article,-28.0023731,153.4145987,"Gold Coast, QLD",public/data/frontend-data.json
1044,2007 - Sunday Mail Yowie Article,-27.4689623,153.0235009,"Brisbane, QLD",public/data/frontend-data.json
4239,Fall in visitors to Port Arthur,-43.1531346,147.8694003,"Port Arthur Historic Site, TAS",public/data/frontend-data.json
4304,"Written reports: Yowie Sighting at Richmond Range, New South Wales 2007",-29.3285389,152.9977378,"Richmond Range, NSW",public/data/frontend-data.json
4364,"YouTube reports, interviews: Yowie Sighting (Audio Report #142) at Bemm River, Victoria (Dec 2007)",-37.639909,148.8869984,"Bemm River, VIC",public/data/frontend-data.json
4365,Written reports: Yowie Sighting at Uki Qld 2007,-28.416667,153.333333,"Uki Qld, QLD",public/data/frontend-data.json
4366,"Written reports: Yowie Sighting near Mingenew, WA (Dec 2007)",-29.216651,115.470822,"Mingenew, WA",public/data/frontend-data.json
4494,Reports from newspapers: 2007 - Gold Coast Bulletin Yowie Article,-28.173333,153.281,"2007 - Gold Coast Bulletin Yowie Article, QLD",public/data/frontend-data.json
4495,Reports from newspapers: 2007 - Sunday Mail Yowie Article,-17.8413,145.8053,"2007 - Sunday Mail Yowie Article, QLD",public/data/frontend-data.json
4581,"Witness sketches: Bemm River, Victoria (2007)",-37.750565,148.965037,"Bemm River, Victoria, VIC",public/data/frontend-data.json
19,"Greenbushes, Western Australia 2008",-33.8494245,116.0595868,"Greenbushes, WA",public/data/frontend-data.json
67,"Redbank, Victoria 2008 (2)",-36.9388754,143.3281606,"Redbank, VIC",public/data/frontend-data.json
68,"Robinvale, Victoria 2008",-34.5840409,142.7739356,"Robinvale, VIC",public/data/frontend-data.json
128,"Bongil Bongil, New South Wales 2008",-30.4125822,153.0654709,"Bongil Bongil National Park, NSW",public/data/frontend-data.json
192,"Leyburn, Queensland 2008",-28.017406,151.5975812,"Leyburn, QLD",public/data/frontend-data.json
224,"Ashford, New South Wales 2008",-29.3257299,151.0945365,"Ashford, NSW",public/data/frontend-data.json
249,"Blackbutt, Queensland 2008",-27.0400466,152.0200753,"Blackbutt Ranges, QLD",public/data/frontend-data.json
280,"Redbank, Victoria 2008",-36.9388754,143.3281606,"Redbank, VIC",public/data/frontend-data.json
297,"Cowley Beach, Queensland 2008",-17.653566,146.1321886,"Cowley Beach, QLD",public/data/frontend-data.json
314,"Bongil Bongil, New South Wales 2008",-30.4125822,153.0654709,"Bongil Bongil, NSW",public/data/frontend-data.json
384,"Cudgen, New South Wales 2008",-28.2734276,153.5505103,"Cudgen, NSW",public/data/frontend-data.json
442,"Hartley, New South Wales 2015",-33.5483333,150.1844444,"Hartley, NSW",public/data/frontend-data.json
467,"Tin Can Bay, Queensland 1992 (2)",-25.9497504,152.9133105,"Camp Kerr, QLD",public/data/frontend-data.json
492,"Kosciuszko, New South Wales 2008",-36.4485,148.2346,"Kosciuszko, NSW",public/data/frontend-data.json
503,"Woolooga, Queensland 2008",-26.0171915,152.3704487,"Woolooga, QLD",public/data/frontend-data.json
579,"Stanwell Tops, New South Wales 2008",-34.2206247,150.97997,"Stanwell Tops, NSW",public/data/frontend-data.json
851,"2008 - NSW Glendonbrook, NSW",-32.4807435,151.4328063,"Glendonbrook, NSW",public/data/frontend-data.json
4017,Nathan Curnow's Ghost Poetry,-43.1531346,147.8694003,"Port Arthur Historic Site, TAS",public/data/frontend-data.json
4255,"Country Viewpoint: Sally Nowlan, Melbourne",-34.8150256,147.672675,"Junee, NSW",public/data/frontend-data.json
4336,"Written reports: Yowie Sighting at Bongil Bongil, New South Wales 2008",-30.4125822,153.0654709,"Bongil Bongil, NSW",public/data/frontend-data.json
4345,"Written reports: Yowie Sighting at Nambucca Heads, New South Wales 2008",-30.65,153.0,"Nambucca Heads, NSW",public/data/frontend-data.json
4367,"YouTube reports, interviews: Yowie Sighting (Audio Report #62) at Leyburn, Queensland (2008)",-28.017406,151.5975812,"Leyburn, QLD",public/data/frontend-data.json
4368,"Written reports: Yowie Sighting at Blackbutt, Queensland 2008",-26.8830175,152.1011195,"Blackbutt, QLD",public/data/frontend-data.json
4369,"YouTube reports, interviews: Yowie Sighting (Audio Report #116) at Mount Kosciuszko, ACT (Sep 2008)",-36.393634,148.178593,"Mount Kosciuszko, ACT",public/data/frontend-data.json
4606,"Witness sketches: Cudgen, New South Wales (2008)",-28.26667,153.55,"Cudgen, New South Wales, NSW",public/data/frontend-data.json
129,"Coonabarabran, New South Wales 2009",-31.2728076,149.2733225,"Coonabarabran, NSW",public/data/frontend-data.json
193,"Kilkivan, Queensland 2009",-26.080292,152.2473652,"Kilkivan, QLD",public/data/frontend-data.json
225,"Bahrs Scrub, Queensland 2009",-27.7375909,153.1723698,"Bahrs Scrub, QLD",public/data/frontend-data.json
286,"Robinvale, Victoria 2009",-34.5840409,142.7739356,"Robinvale, VIC",public/data/frontend-data.json
290,"Blackheath, New South Wales 2009",-33.6338889,150.2847222,"Blackheath, NSW",public/data/frontend-data.json
300,"Cressbrook Creek, Queensland 2009",-27.23722,152.16722,"Cressbrook Creek, QLD",public/data/frontend-data.json
388,"Dairyville, New South Wales 2009",-30.265,152.9677778,"Dairyville, NSW",public/data/frontend-data.json
435,"Rockhampton, Queensland 2009",-23.3782137,150.5134227,"Rockhampton, QLD",public/data/frontend-data.json
510,"Leura, New South Wales 2009",-33.7156888,150.3317665,"Leura, NSW",public/data/frontend-data.json
532,"Mt. George, New South Wales 2009",-32.54077,151.52501,"Mt George, NSW",public/data/frontend-data.json
555,"Oberon, New South Wales 2009",-33.8455931,149.8326162,"Oberon, NSW",public/data/frontend-data.json
957,2009 - Coonabarabran Times - Yowie Bus Inccident,-31.2728076,149.2733225,"Coonabarabran, NSW",public/data/frontend-data.json
958,2009 - NT News Yowie Article,-12.768419,131.141951,Acacia Hills,public/data/frontend-data.json
1045,2009 - CFZ Michael Hardcastle Re: Yowie Kempsey,-30.9056457,152.5228021,"Kempsey, NSW",public/data/frontend-data.json
1046,2009 - Manning River Times Yowie Article,-31.8517188,152.1004561,"Manning River, NSW",public/data/frontend-data.json
4256,Albert's gift (part 1) - Lola's story,-34.8150256,147.672675,"Junee, NSW",public/data/frontend-data.json
4260,"YouTube reports, interviews: Yowie Sighting (Audio Report #169) At Mt George, New South Wales (2009)",-32.54077,151.52501,"Mt George, NSW",public/data/frontend-data.json
4370,"YouTube reports, interviews: Yowie Sighting (Audio Report #73) at Mount George, New South Wales (July 2009)",-31.842511,152.114935,"Mount George, NSW",public/data/frontend-data.json
4496,Reports from newspapers: 2009 - CFZ Michael Hardcastle Re: Yowie Kempsey,-30.921238,152.663685,"2009 - CFZ Michael Hardcastle Re: Yowie Kempsey, NSW",public/data/frontend-data.json
4497,Reports from newspapers: 2009 - Coonabarabran Times - Yowie Bus Inccident,-30.796592,149.478393,"2009 - Coonabarabran Times - Yowie Bus Inccident, NSW",public/data/frontend-data.json
4498,Reports from newspapers: 2009 - Manning River Times Yowie Article,-31.85,152.141667,"2009 - Manning River Times Yowie Article, NSW",public/data/frontend-data.json
4499,Reports from newspapers: 2009 - NT News Yowie Article,-12.930771,131.136698,2009 - NT News Yowie Article,public/data/frontend-data.json
4599,"Witness sketches: Mt George, New South Wales (2009)",-31.883638,152.185233,"Mt George, New South Wales, NSW",public/data/frontend-data.json
69,"Aberfeldy, Victoria 2010",-37.7021795,146.3790538,"Aberfeldy, VIC",public/data/frontend-data.json
70,"Briagolong, Victoria 2010",-37.809138,147.0851711,"Briagolong, VIC",public/data/frontend-data.json
130,"Broken Hill, New South Wales 2010",-31.965,141.4511111,"Broken Hill, NSW",public/data/frontend-data.json
131,"Macquarie Pass - Robertson, New South Wales 2010",-34.5591667,150.6408333,"Macquarie Pass, NSW",public/data/frontend-data.json
194,"Eumundi - Yandina, Queensland 2010",-26.5582222,152.9539454,"Eumundi-Yandina, QLD",public/data/frontend-data.json
195,"Oak Beach, Queensland 2010",-16.5861445,145.5234384,"Oak Beach, QLD",public/data/frontend-data.json
220,"Bendigo (area), Victoria 2010",-36.7771067,144.2972658,"South of Bendigo, VIC",public/data/frontend-data.json
231,"Beechmont, Queensland 2010",-28.126238,153.1951742,"Beechmont, QLD",public/data/frontend-data.json
277,"Otways, Victoria 2010",-38.6493568,143.6117705,"Otways – Beauchamp Falls, VIC",public/data/frontend-data.json
357,"Killarney, Queensland 2010",-28.348427,152.2999152,"Killarney, QLD",public/data/frontend-data.json
372,"Colo, New South Wales 2010",-33.4250653,150.8234906,"Colo, NSW",public/data/frontend-data.json
390,"Danger Falls, New South Wales 2010",-30.3232623,152.7142643,"Danger falls, NSW",public/data/frontend-data.json
393,"Mt. Glorious, Queensland 2010",-27.322891,152.7643027,"Mt Glorious, QLD",public/data/frontend-data.json
454,"Hickeys Falls, New South Wales 2010",-31.4305209,149.0677356,"Hickeys Falls, NSW",public/data/frontend-data.json
500,"Ku-ring-gai National Park, New South Wales 2010",-33.6282265,151.2293535,"Ku-ring-gai National Park, NSW",public/data/frontend-data.json
511,"Yandina, Queensland 2010",-26.5658945,152.9596114,"Yandina, QLD",public/data/frontend-data.json
577,"Springwood, New South Wales 2010",-33.7017613,150.5655467,"Springwood, NSW",public/data/frontend-data.json
586,"Tallong, New South Wales 2010",-34.7192248,150.0863205,"Tallong, NSW",public/data/frontend-data.json
610,"Watagans, New South Wales 2010",-33.0095237,151.3768922,Watagans,public/data/frontend-data.json
612,"Wauchope, New South Wales 2010",-31.4557879,152.734664,"Wauchope, NSW",public/data/frontend-data.json
615,"Wellingrove - Dundee, New South Wales 2010",-29.6396266,151.5667558,"Wellingrove, NSW",public/data/frontend-data.json
1047,2010 - Armidale Express Yowie Article,-30.5144881,151.6656564,"Armidale, NSW",public/data/frontend-data.json
1095,2010 - Newscastle Herald Yowie Article,-35.4388907,149.7955552,Braidwood,public/data/frontend-data.json
4253,Australia in the middle of a gold rush,-35.4388907,149.7955552,"Braidwood, NSW",public/data/frontend-data.json
4300,"Written reports: Yowie Sighting at Otways, Victoria 2010",-38.773333,143.5575,"Otways, VIC",public/data/frontend-data.json
4305,"Written reports: Yowie Sighting at Dangar Falls, New South Wales 2010",-30.323333,152.714444,"Dangar Falls, NSW",public/data/frontend-data.json
4319,"Written reports: Yowie Sighting at Wellingrove - Dundee, New South Wales 2010",-29.633333,151.583333,"Wellingrove - Dundee, NSW",public/data/frontend-data.json
4330,"Written reports: Yowie Sighting at Bendigo (area), Victoria 2010",-36.75,144.266667,"Bendigo (area), VIC",public/data/frontend-data.json
4371,"YouTube reports, interviews: Yowie Sighting (Audio Report #161) at Macquarie Pass National Park, New South Wales (2010)",-34.56944,150.65694,"Macquarie Pass National Park, NSW",public/data/frontend-data.json
4372,"YouTube reports, interviews: Yowie Sighting (Audio Report #159) at Hickeys Falls near Coonabarabran NSW (2010)",-31.42994459361,149.0669526605,Hickeys Falls near Coonabarabran NSW,public/data/frontend-data.json
4500,Reports from newspapers: 2010 - Armidale Express Yowie Article,-30.323333,152.714444,"2010 - Armidale Express Yowie Article, NSW",public/data/frontend-data.json
4501,Reports from newspapers: 2010 - Newscastle Herald Yowie Article,-35.557913,150.007176,"2010 - Newscastle Herald Yowie Article, NSW",public/data/frontend-data.json
20,"Donnybrook, Western Australia 2011",-33.5773757,115.8251293,"Donnybrook, WA",public/data/frontend-data.json
21,"Mandurah, Western Australia 2011",-32.5302495,115.7208782,"Mandurah, WA",public/data/frontend-data.json
71,"Bendigo (area), Victoria 2011",-36.7590183,144.2826718,"Bendigo, VIC",public/data/frontend-data.json
72,"Falls Creek, Victoria 2011",-36.878683,147.2441791,"Falls Creek, VIC",public/data/frontend-data.json
73,"Yarra Valley, Victoria 2011",-37.7549851,145.522537,"Yarra Valley, VIC",public/data/frontend-data.json
132,"Watagans, New South Wales 2010",-33.0095237,151.3768922,"Watagans, NSW",public/data/frontend-data.json
133,"Dorrigo, New South Wales 2011",-30.3399677,152.7120341,"Dorrigo, NSW",public/data/frontend-data.json
134,"Wentworth Falls, New South Wales 2011",-33.72802,150.3740633,"Wentworth Falls, NSW",public/data/frontend-data.json
196,"Koumala Range, Queensland 2011",-21.6102815,149.080723,"Koumala Range, QLD",public/data/frontend-data.json
232,"Emerald, Victoria 2011",-37.9321282,145.4407282,"Emerald, VIC",public/data/frontend-data.json
263,"Belbora, New South Wales 2011",-31.9733333,152.1511111,"Belbora, NSW",public/data/frontend-data.json
279,"Clear Mountain, Queensland 2011",-27.3186825,152.890919,"Clear Mountain, QLD",public/data/frontend-data.json
386,"Cudgen, New South Wales 2011",-28.2734276,153.5505103,"Cudgen, NSW",public/data/frontend-data.json
432,"Grafton, New South Wales 2011",-29.6816773,152.9336357,"Grafton, NSW",public/data/frontend-data.json
498,"Krambach, New South Wales 2011",-32.0521151,152.2606101,"Krambach, NSW",public/data/frontend-data.json
513,"Yarrabah, Queensland 2011",-17.0172815,145.8746489,"Yarrabah, QLD",public/data/frontend-data.json
519,"Lowanna, New South Wales 2011",-30.2115911,152.8994609,"Lowanna, NSW",public/data/frontend-data.json
582,"Stuarts Point, New South Wales 2011",-30.8209314,152.9933138,"Stuarts Point, NSW",public/data/frontend-data.json
959,2011 - Daily Examiner Yowie Article,-29.6816773,152.9336357,Grafton,public/data/frontend-data.json
3992,Ghost hunters haunt old mental asylum,-42.7854275,147.0636218,"Willow Court, TAS",public/data/frontend-data.json
4081,ghosts in Ghosts in the old Palmerston Centre,-12.4799608,130.9844108,"Palmerston, NT",public/data/frontend-data.json
4247,Council hires real-life 'ghost busters',-42.7854275,147.0636218,"Willow Court, TAS",public/data/frontend-data.json
4249,The amazing Corrick collection,-35.2828643,149.1209536,"National Film and Sound Archive, ACT",public/data/frontend-data.json
4252,Paranormal investigator Alison Oborn has seen and heard very strange things,-34.9179424,138.5848489,"Adelaide Gaol, SA",public/data/frontend-data.json
4331,"Written reports: Yowie Sighting at Bendigo (area), Victoria 2011",-36.75,144.266667,"Bendigo (area), VIC",public/data/frontend-data.json
4373,"YouTube reports, interviews: Yowie Sighting (Audio Report #106) near Mandurah in Western Australia (2011)",-32.571499,115.800896,"Mandurah in Western Australia, WA",public/data/frontend-data.json
4374,"YouTube reports, interviews: Yowie Sighting (Audio Report #84) near Donnybrook, Western Australia (summer 2011)",-33.5773757,115.8251293,"Donnybrook, WA",public/data/frontend-data.json
4502,Reports from newspapers: 2011 - Daily Examiner Yowie Article,-29.663333,152.933333,"2011 - Daily Examiner Yowie Article, NSW",public/data/frontend-data.json
4557,"Photographs of footprints and handprints : Blue Mountains near Tablelands Road, New South Wales (Nov 2011)",-33.786324,150.397092,"Tablelands Road, NSW",public/data/frontend-data.json
4568,"Photographs of footprints and handprints : Numinbah Valley, Queensland (2011)",-28.143488,153.221676,"Photographs of footprints and handprints : Numinbah Valley, Queensland, QLD",public/data/frontend-data.json
4572,"Photographs of footprints and handprints : Wentworth Falls, New South Wales (2011)",-33.712933,150.374574,"Photographs of footprints and handprints : Wentworth Falls, New South Wales, NSW",public/data/frontend-data.json
135,"Munmorah, New South Wales 2012",-33.1968475,151.6049395,"Munmorah State Conservation Park, NSW",public/data/frontend-data.json
197,"Miriam Vale, Queensland 2012",-24.33462,151.5648363,"Miriam Vale, QLD",public/data/frontend-data.json
274,"Noojee, Victoria 2012",-37.8352675,145.9443211,"Noojee, VIC",public/data/frontend-data.json
345,"Jimboomba, Queensland 2012",-27.8318573,153.0227538,"Jimboomba, QLD",public/data/frontend-data.json
456,"Hornsby Heights, New South Wales 2012",-33.6630602,151.1021935,"Hornsby Heights, NSW",public/data/frontend-data.json
497,"Wolvi, Queensland 2012",-26.1448875,152.8442704,"Wolvi, QLD",public/data/frontend-data.json
505,"Woolooga, Queensland 2012",-26.0171915,152.3704487,"Woolooga, QLD",public/data/frontend-data.json
536,"Mt. Kembla, New South Wales 2012",-34.4421839,150.8067132,"Mt. Kembla, NSW",public/data/frontend-data.json
539,"Mt. Warning, New South Wales 2012",-28.3818,153.2846,"Mt Warning, NSW",public/data/frontend-data.json
568,"Providence Portal, New South Wales 2012",-35.9485,148.6346,"Providence Portal, NSW",public/data/frontend-data.json
583,"Stuarts Point, New South Wales 2012",-30.8209314,152.9933138,"Stuarts Point, NSW",public/data/frontend-data.json
589,"Tenterfield, New South Wales 2012",-28.83843,152.2813166,"Tenterfield, NSW",public/data/frontend-data.json
611,"Watagans, New South Wales 2012",-33.0095237,151.3768922,"Watagans, NSW",public/data/frontend-data.json
960,2012 - Sydney Telegraph Yowie Article,-33.8698439,151.2082848,"Sydney, NSW",public/data/frontend-data.json
961,2012- News.Com Yowie Article,-33.496492,150.5288182,Bilpin,public/data/frontend-data.json
1048,2012 - Herald Sun Yowie Article,-37.8142454,144.9631732,"Melbourne, VIC",public/data/frontend-data.json
4144,local ghost stories in Alison Oborn Adelaide Gaol ghost stories,-34.915274,138.594466,"Old Adelaide Gaol, SA",public/data/frontend-data.json
4244,Fremantle prison,-32.0553437,115.7534563,"Fremantle Prison, WA",public/data/frontend-data.json
4254,Haunted Houses,-34.8150256,147.672675,"Junee, NSW",public/data/frontend-data.json
4342,"Written reports: Yowie Sighting at Munmorah, New South Wales 2012",-33.182,151.585,"Munmorah, NSW",public/data/frontend-data.json
4343,"Written reports: Yowie Sighting at Munmorah, New South Wales 2012",-33.182,151.585,"Munmorah, NSW",public/data/frontend-data.json
4375,"YouTube reports, interviews: Yowie Sighting (Audio Report #146) at Woolooga Queensland (2012)",-26.08655,152.36749,"Woolooga Queensland, QLD",public/data/frontend-data.json
4376,"Written reports: Yowie Sighting at Wandering, WA (Aug 2012)",-32.680173,116.675168,"Wandering, WA",public/data/frontend-data.json
4384,"YouTube reports, interviews: Yowie Sighting (Audio Report #07) at Nunderi, New South Wales (2012)",-28.3226712,153.4633068,"Nunderi, NSW",public/data/frontend-data.json
4503,Reports from newspapers: 2012 - Sydney Telegraph Yowie Article,-33.708,150.545,"2012 - Sydney Telegraph Yowie Article, NSW",public/data/frontend-data.json
4580,"Witness sketches: Woolooga, Queensland(2012)",-26.032201,152.37864,"Woolooga, Queensland, QLD",public/data/frontend-data.json
74,"Bemm River, Victoria 2013",-37.639909,148.8869984,"Bemm River, VIC",public/data/frontend-data.json
75,"Healesville, Victoria 2013",-37.6537218,145.5161533,"Healesville, VIC",public/data/frontend-data.json
136,"Wingello, New South Wales 2012",-34.7032044,150.1660245,"Wingello, NSW",public/data/frontend-data.json
137,"Hawkesburry River, New South Wales 2013",-33.5038702,150.9274931,"Hawkesbury River, NSW",public/data/frontend-data.json
138,"Parkes, New South Wales 2013",-32.8225409,147.9761363,"Parkes, NSW",public/data/frontend-data.json
139,"Tucabia, New South Wales 2013",-29.6681594,153.1064755,"Tucabia, NSW",public/data/frontend-data.json
198,"Bribie Island, Queensland 2013",-26.9644799,153.120238,"Bribie Island, QLD",public/data/frontend-data.json
199,"Laidley, Queensland 2013",-27.6395345,152.4132894,"Laidley, QLD",public/data/frontend-data.json
226,"Colac, Victoria 2013",-38.3399766,143.5858537,"Colac, VIC",public/data/frontend-data.json
278,"Bexhill, New South Wales 2013",-28.7631637,153.3480115,"Bexhill, NSW",public/data/frontend-data.json
293,"Blaxland, New South Wales 2013",-33.7460755,150.6092697,"Blaxland, NSW",public/data/frontend-data.json
309,"Daisy Hill, Queensland 2013",-27.643611,153.1538113,"Daisy Hill, QLD",public/data/frontend-data.json
311,"Dalby, Queensland 2013",-27.1822593,151.2634168,"Dalby, QLD",public/data/frontend-data.json
379,"Maudsland, Queensland 2013",-27.9280622,153.2823303,"Maudsland/Pacific Pines, QLD",public/data/frontend-data.json
414,"Glenbrook, New South Wales 2013",-33.7670661,150.622492,"Glenbrook, NSW",public/data/frontend-data.json
438,"Grenfell, New South Wales 2013",-33.8967902,148.160764,"Grenfell, NSW",public/data/frontend-data.json
461,"Tarampa, Queensland 2013",-27.4934865,152.5442582,"Tarampa, QLD",public/data/frontend-data.json
466,"Jackadgery, New South Wales 2013",-29.5816646,152.5511068,"Jackadgery, NSW",public/data/frontend-data.json
528,"Mongarlowe, New South Wales 2013",-35.4217586,149.9390471,"Mongarlowe, NSW",public/data/frontend-data.json
529,"Mooney Mooney, New South Wales 2013",-33.465,151.2177778,"Mooney Mooney Creek, NSW",public/data/frontend-data.json
537,"Mt. Kembla, New South Wales 2013",-34.4421839,150.8067132,"Mt. Kembla, NSW",public/data/frontend-data.json
572,"Roseberg State Forest, New South Wales 2013",-33.8225728,149.0473509,"Roseberg State Forest, NSW",public/data/frontend-data.json
573,"Roseberg State Forest, New South Wales 2013",-33.8225728,149.0473509,"Roseberg State Forest, NSW",public/data/frontend-data.json
578,"Stannifer, New South Wales 2013",-29.8807245,151.2179078,"Stannifer, NSW",public/data/frontend-data.json
596,"Torrington, New South Wales 2013",-29.3112985,151.6967475,"Torrington, NSW",public/data/frontend-data.json
962,2013 - Queensland Times Yowie Article,-27.5615314,152.2791353,Gatton,public/data/frontend-data.json
1096,2013 - Northern Star Yowie Article,-28.7631637,153.3480115,Bexhill,public/data/frontend-data.json
3997,Faust's Ghost,-37.8106911,144.9723167,"Princess Theatre Melbourne, VIC",public/data/frontend-data.json
4047,Ghost hunters check Tasmania's Franklin House for bumps in the night,-41.4900176,147.1683193,"Franklin House, TAS",public/data/frontend-data.json
4074,ghost in Darwin Ambulance Centre resident ghost,-12.42858,130.8431037,"Darwin Ambulance Centre, Parap, NT",public/data/frontend-data.json
4246,Drama over ghost documentary,-42.7854275,147.0636218,"Willow Court, TAS",public/data/frontend-data.json
4314,"Written reports: Yowie Sighting at Hawkesburry River, New South Wales 2013",-33.565,151.3,"Hawkesburry River, NSW",public/data/frontend-data.json
4329,Written reports: Yowie Sighting in Central New South Wales 2013,-33.38436,148.0076,"Central New South Wales, NSW",public/data/frontend-data.json
4333,"Written reports: Yowie Sighting at Mooney Mooney, New South Wales 2013",-33.523,151.201,"Mooney Mooney, NSW",public/data/frontend-data.json
4377,"YouTube reports, interviews: Possible Yowie Sighting (Audio Report #09) at Wingello, New South Wales (Nov 2013)",-34.7032044,150.1660245,"Wingello, NSW",public/data/frontend-data.json
4379,"YouTube reports, interviews: Yowie Sighting (Audio Report #13) at Springwood, Blue Mountains, New South Wales (Dec 2013)",-33.706136,150.564693,"Springwood, Blue Mountains, NSW",public/data/frontend-data.json
4504,Reports from newspapers: 2013 - Northern Star Yowie Article,-28.743,153.357,"2013 - Northern Star Yowie Article, QLD",public/data/frontend-data.json
4505,Reports from newspapers: 2013 - Queensland Times Yowie Article,-27.7208,152.3752,"2013 - Queensland Times Yowie Article, QLD",public/data/frontend-data.json
4567,"Photographs of footprints and handprints : Nerang State Forest, Queensland (2013)",-27.9766,153.293618,"Photographs of footprints and handprints : Nerang State Forest, Queensland, QLD",public/data/frontend-data.json
27,"Wilpena Pound, South Australia 2014",-31.5264564,138.606148,"Wilpena Pound, SA",public/data/frontend-data.json
140,"Nemingha, New South Wales 2014",-31.1212156,150.9888808,"Nemingha, NSW",public/data/frontend-data.json
200,"Deepwater National Park, Queensland 2014",-24.3082663,151.9379523,"Deepwater National Park, QLD",public/data/frontend-data.json
281,"Bilpin, New South Wales 2014",-33.496492,150.5288182,"Bilpin, NSW",public/data/frontend-data.json
289,"Rokewood, Victoria 2014",-37.9015846,143.7198039,"Rokewood, VIC",public/data/frontend-data.json
343,"Jacobs Well, Queensland 2014",-27.781997,153.3548782,"Jacobs Well, QLD",public/data/frontend-data.json
360,"Cessnock, New South Wales 2014",-32.8316667,151.3511111,"Cessnock, NSW",public/data/frontend-data.json
378,"Cooperbung, New South Wales 2014",-31.2816667,152.7844444,"Cooperbung, NSW",public/data/frontend-data.json
428,"Grafton - Coutts Crossing, New South Wales 2014",-29.6816773,152.9336357,"Grafton, NSW",public/data/frontend-data.json
963,2014 - Cairns Post Yowie Article,-16.9206657,145.7721854,"Cairns, QLD",public/data/frontend-data.json
964,2014 - Cairns Post Yowie Article 2,-16.9206657,145.7721854,"Cairns, QLD",public/data/frontend-data.json
965,"2014 - Canberra Times, Re: 1912 Braidwood",-35.2975906,149.1012676,"Canberra, ACT",public/data/frontend-data.json
966,2014 - Gympie Times Yowie Article,-26.1900447,152.6600256,Gympie,public/data/frontend-data.json
1049,2014 - ABC News Yowie Article 2,-35.4388907,149.7955552,Braidwood,public/data/frontend-data.json
1050,2014 - Pt Douglas Gazette Yowie Article,-16.4845983,145.4636294,"Port Douglas, QLD",public/data/frontend-data.json
1097,2014 - ABC News Yowie Article,-26.6352315,152.6166379,Kenilworth,public/data/frontend-data.json
4015,Adelaide's notorious Z Ward asylum opens for after-dark ghost tours,-34.9428535,138.6323835,"Z Ward Glenside, SA",public/data/frontend-data.json
4073,Yowie in Acacia Hills yowie sightings and damage speculation,-12.768419,131.141951,"Acacia Hills, NT",public/data/frontend-data.json
4301,"Written reports: Yowie Sighting at Cooperabung, New South Wales 2014",-31.2816667,152.7844444,"Cooperabung, NSW",public/data/frontend-data.json
4310,"Written reports: Yowie Sighting at Grafton - Coutts Crossing, New South Wales 2014",-29.787695,152.86262,"Grafton - Coutts Crossing, NSW",public/data/frontend-data.json
4506,Reports from newspapers: 2014 - ABC News Yowie Article,-28.3,153.216667,"2014 - ABC News Yowie Article, QLD",public/data/frontend-data.json
4507,Reports from newspapers: 2014 - ABC News Yowie Article 2,-35.708056,150.174444,"2014 - ABC News Yowie Article 2, NSW",public/data/frontend-data.json
4508,Reports from newspapers: 2014 - Cairns Post Yowie Article,-12.6187,141.8855,"2014 - Cairns Post Yowie Article, QLD",public/data/frontend-data.json
4509,Reports from newspapers: 2014 - Gympie Times Yowie Article,-26.185,152.6755,"2014 - Gympie Times Yowie Article, QLD",public/data/frontend-data.json
4510,Reports from newspapers: 2014 - NT News Yowie Article,-12.524085,131.092505,2014 - NT News Yowie Article,public/data/frontend-data.json
4511,Reports from newspapers: 2014 - Pt Douglas Gazette Yowie Article,-16.5394,145.4636,"2014 - Pt Douglas Gazette Yowie Article, QLD",public/data/frontend-data.json
4571,"Photographs of footprints and handprints : Stanthorpe, Queensland (March 2014)",-28.659219,151.948368,"Photographs of footprints and handprints : Stanthorpe, Queensland (March 2014), QLD",public/data/frontend-data.json
4585,"Witness sketches: Deepwater National Park, Queensland (2014)",-24.266016,151.878768,"Deepwater National Park, Queensland, QLD",public/data/frontend-data.json
28,"Sixth Creek - Adelaide Hills, South Australia 2015",-34.9060729,138.7798387,"Sixth Creek, SA",public/data/frontend-data.json
76,"Harrietville, Victoria 2015",-36.8923168,147.0638695,"Harrietville, VIC",public/data/frontend-data.json
77,"Mount Hotham, Victoria 2015",-36.9752998,147.1280943,"Mt Hotham, VIC",public/data/frontend-data.json
141,"Coramba, New South Wales 2015",-30.2208606,153.0148823,"Near Coramba, NSW",public/data/frontend-data.json
142,"Mt. Keira, New South Wales 2015",-34.403077,150.8520661,"Mt Keira, NSW",public/data/frontend-data.json
201,"Nanango, Queensland 2015",-26.6764195,151.9851744,"Nanango, QLD",public/data/frontend-data.json
203,"Ormeau Hills, Queensland 2016",-27.800612,153.2337463,"Ormeau Hills, QLD",public/data/frontend-data.json
266,"Belbora, New South Wales 2015",-31.9733333,152.1511111,"Belbora, NSW",public/data/frontend-data.json
295,"Trentham, Victoria 2015",-37.3900875,144.3263388,"Trentham, VIC",public/data/frontend-data.json
304,"Bocoble, New South Wales 2015",-32.7983333,149.7177778,"Bocoble, NSW",public/data/frontend-data.json
326,"Brisbane Water National Park, New South Wales 2015",-33.4880548,151.3274925,"Woy Woy, NSW",public/data/frontend-data.json
328,"Broke, New South Wales 2015",-32.7477265,151.102302,"Broke, NSW",public/data/frontend-data.json
367,"Lake Tinaroo, Queensland 1995",-17.1964585,145.5740538,"Lake Tinaroo, QLD",public/data/frontend-data.json
377,"Manumbar, Queensland 2015",-26.370452,152.2800721,"Manumbar, QLD",public/data/frontend-data.json
396,"Dorrigo, New South Wales 2015",-30.3399677,152.7120341,"Dorrigo, NSW",public/data/frontend-data.json
493,"Witheren, Queensland 2015",-28.0506572,153.1877059,"Witheren, QLD",public/data/frontend-data.json
521,"Maldon, New South Wales 2015",-34.1984323,150.6372344,"Maldon, NSW",public/data/frontend-data.json
530,"Morton NP, New South Wales 2015",-35.2321015,150.2110148,"Morton National Park, NSW",public/data/frontend-data.json
546,"Narara, New South Wales 2015",-33.3955556,151.3355556,"Narara, NSW",public/data/frontend-data.json
628,"Woy Woy, New South Wales 2015",-33.4880548,151.3274925,"Woy Woy, NSW",public/data/frontend-data.json
968,2015 - Byron Shire News Yowie Article,-27.6160323,152.7608348,Ipswich,public/data/frontend-data.json
969,2015 - Gympie Times Yowie Article,-26.1900447,152.6600256,Gympie,public/data/frontend-data.json
970,2015- Epoch Times Yowie Article,-33.7017613,150.5655467,"Springwood, NSW",public/data/frontend-data.json
1051,2015 - Logan Reporter Yowie Article,-27.76316,153.0027044,"Logan, QLD",public/data/frontend-data.json
1052,2015 - Sunshine Valley Gazette Yowie Article,-26.7079095,152.8508329,"Sunshine Coast, QLD",public/data/frontend-data.json
4051,Dumbleyung Pub,-33.3158771,117.7417032,"Grand Olde Dumbleyung Inn, WA",public/data/frontend-data.json
4053,TV ghost buster Ben Hansen investigates Adelaide's popular haunts,-35.224964,139.4214197,"Old Tailem Town, SA",public/data/frontend-data.json
4078,ghost in Spectrum Theatre convict ghost,-35.0297984,117.8894525,"Albany Port Theatre, Albany, WA",public/data/frontend-data.json
4084,ghost in Bayview Hotel young woman ghost,-40.7605718,145.2945184,"Stanley, TAS",public/data/frontend-data.json
4085,woman in Majestic Theatre woman presence,-26.3656737,152.857472,"Majestic Theatre, Pomona, QLD",public/data/frontend-data.json
4241,Adelaide Gaol guided tours return to historic site after long hiatus,-34.9179424,138.5848489,"Adelaide Gaol, SA",public/data/frontend-data.json
4302,"Written reports: Yowie Sighting at Coramba, New South Wales 2015",-30.216667,153.016667,"Coramba, NSW",public/data/frontend-data.json
4334,"Written reports: Yowie Sighting at Morton NP, New South Wales 2015",-35.181944,150.208056,"Morton NP, NSW",public/data/frontend-data.json
4338,"Written reports: Yowie Sighting at Brisbane Water National Park, New South Wales 2015",-33.5157145,151.2697774,"Brisbane Water National Park, NSW",public/data/frontend-data.json
4380,"YouTube reports, interviews: Yowie Sighting (Audio Report #126) near Meckering, Western Australia (2015)",-31.578517,117.024761,"Meckering, WA",public/data/frontend-data.json
4381,"YouTube reports, interviews: Yowie Sighting (Audio Report #148) at Brisbane Water National Park, New South Wales (mid 2015)",-33.5157145,151.2697774,"Brisbane Water National Park, NSW",public/data/frontend-data.json
4382,"Written reports: Yowie Sighting near Tom Price, WA (2015)",-22.68648,117.57723,"Tom Price, WA",public/data/frontend-data.json
4383,"YouTube reports, interviews: Yowie Sighting (Audio Report #141) at Coutts Crossing, New South Wales (Aug 2015)",-29.7907,152.85962,"Coutts Crossing, NSW",public/data/frontend-data.json
4385,"YouTube reports, interviews: Yowie Sighting (Audio Report #150) at Manumbah, Queensland (2015)",-26.53985,152.05297,"Manumbah, QLD",public/data/frontend-data.json
4512,Reports from newspapers: 2015 - Ancient Origins Yowie Article,-38.483333,145.233333,"2015 - Ancient Origins Yowie Article, VIC",public/data/frontend-data.json
4513,Reports from newspapers: 2015 - Logan Reporter Yowie Article,-27.6519,152.848,"2015 - Logan Reporter Yowie Article, QLD",public/data/frontend-data.json
4514,Reports from newspapers: 2015 - Sunshine Valley Gazette Yowie Article,-26.6083366,152.72678443718,"2015 - Sunshine Valley Gazette Yowie Article, QLD",public/data/frontend-data.json
4554,"Photographs of footprints and handprints : Barraganyatti, near Kempsey New South Wales (Sep 2015)",-30.878361,152.920445,"Kempsey New South Wales (Sep, NSW",public/data/frontend-data.json
4556,"Photographs of footprints and handprints : Blackbutt - Linville area, Queensland (2015)",-26.860608,152.189992,"Photographs of footprints and handprints : Blackbutt - Linville area, Queensland, QLD",public/data/frontend-data.json
4569,"Photographs of footprints and handprints : Sapphire Bend, Oberon, New South Wales (July 2015)",-33.853566,149.767237,"Photographs of footprints and handprints : Sapphire Bend, Oberon, New South Wales (July 2015), NSW",public/data/frontend-data.json
4579,"Witness sketches: Woy Woy, New South Wales (2015)",-33.490601,151.329884,"Woy Woy, New South Wales, NSW",public/data/frontend-data.json
4589,"Witness sketches: Picton Rd., West of Sydnet, New South Wales (2015)",-34.276872,150.710397,"Picton Rd., West of Sydnet, New South Wales, NSW",public/data/frontend-data.json
4626,"AYR report index: Mount Hotham, Victoria 2015",-36.97712,147.13303,"Mount Hotham, VIC",public/data/frontend-data.json
4628,"AYR report index: Sixth Creek - Adelaide Hills, South Australia 2015",-34.911185,138.70735,"Sixth Creek - Adelaide Hills, SA",public/data/frontend-data.json
29,"Loxton, South Australia 2016",-34.4511348,140.5696644,"Loxton, SA",public/data/frontend-data.json
30,"Poochera, South Australia 2016",-32.7203096,134.8385447,"Poochera, SA",public/data/frontend-data.json
78,"Goongerah, Victoria 2016",-37.374696,148.7899152,"Goongerah Errinundra National Park, VIC",public/data/frontend-data.json
79,"Noojee, Victoria 2016",-37.8352675,145.9443211,"Noojee, VIC",public/data/frontend-data.json
143,"Kiah, New South Wales 2016",-37.1481965,149.8555282,"Kiah, NSW",public/data/frontend-data.json
202,"Glenbar, Queensland 2016",-25.764955,152.3437658,"Glenbar, QLD",public/data/frontend-data.json
204,"Yandina, Queensland 2016",-26.5658945,152.9596114,"Yandina, QLD",public/data/frontend-data.json
238,"Grampians, Victoria 2016",-36.718805,142.2209509,"Grampians, VIC",public/data/frontend-data.json
240,"Bellthorpe, Queensland 2016",-26.85239,152.7274089,"Bellthorpe, QLD",public/data/frontend-data.json
298,"Werribee, Victoria 2016",-37.8995007,144.6609036,"Werribee, VIC",public/data/frontend-data.json
320,"Bowen Mountain, New South Wales 2016",-33.5735614,150.6256438,"Bowen Mountain, NSW",public/data/frontend-data.json
327,"Gatton, Queensland 2016",-27.5615314,152.2791353,"Gatton, QLD",public/data/frontend-data.json
330,"Broke, New South Wales 2016",-32.7477265,151.102302,"Broke, NSW",public/data/frontend-data.json
341,"Howard, Queensland 2016",-25.3383285,152.536403,"Howard, QLD",public/data/frontend-data.json
381,"Miles, Queensland 2016",-26.7296445,150.1520205,"Miles, QLD",public/data/frontend-data.json
463,"Tarzali, Queensland 2016",-17.4246226,145.6038006,"Tarzali, QLD",public/data/frontend-data.json
487,"Weyba Downs, Queensland 2016",-26.4502994,153.044541,"Weyba Downs, QLD",public/data/frontend-data.json
971,2016 - Cairns Post Yowie Article,-16.9206657,145.7721854,"Cairns, QLD",public/data/frontend-data.json
972,2016 - Chinchilla News Yowie Article,-29.6816773,152.9336357,Grafton,public/data/frontend-data.json
973,2016 - Daily Examiner Yowie Article,-26.080292,152.2473652,Kilkivan,public/data/frontend-data.json
974,2016 - Daily Mail UK Yowie Article,-26.080292,152.2473652,Kilkivan,public/data/frontend-data.json
975,2016 - Gympie Times Yowie Article,-26.1900447,152.6600256,Gympie,public/data/frontend-data.json
976,2016- NRM Digital Media Yowie Article,-26.080292,152.2473652,Kilkivan,public/data/frontend-data.json
1053,2016 - 9 News 06-09-2016,-27.5610193,151.953351,Toowoomba,public/data/frontend-data.json
1054,2016 - Toowoomba Cronicle Yowie Article,-27.5610193,151.953351,"Toowoomba, QLD",public/data/frontend-data.json
1099,2016 - ABC Yowie Article,-35.4388907,149.7955552,Braidwood,public/data/frontend-data.json
1100,2016 - News.com.au Yowie Article,-27.774813,153.2520815,Ormeau,public/data/frontend-data.json
3988,The History of Port Arthur,-43.1531346,147.8694003,"Port Arthur Historic Site, TAS",public/data/frontend-data.json
3989,National Film and Sound Archive one of Australia's 'most haunted buildings',-35.2828643,149.1209536,"National Film and Sound Archive, ACT",public/data/frontend-data.json
4146,hairy man in Arthur Marrin Braidwood hairy man,-35.4388907,149.7955552,"Braidwood, NSW",public/data/frontend-data.json
4180,ghost in Burnie Arts Centre ghost stories,-41.0509798,145.902639,"Burnie Arts and Function Centre, TAS",public/data/frontend-data.json
4308,"Written reports: Yowie Sighting at Goongerah, Victoria 2016",-37.35,148.7,"Goongerah, VIC",public/data/frontend-data.json
4387,"YouTube reports, interviews: Yowie Sighting (Audio Report #128) at Wandina near Geraldton, Western Australia (2016)",-28.819819,114.631969,"Wandina near Geraldton, WA",public/data/frontend-data.json
4388,"YouTube reports, interviews: Yowie Sighting (Audio Report #145) near Glenbar / Woolooga in Queensland (July 2016)",-25.77877,152.26529,"Glenbar / Woolooga in Queensland (July, QLD",public/data/frontend-data.json
4410,"Videos: Channel 7 Morning Show, Yowie Story on 9th of Sept 2016",-27.574728,151.9944,"Channel 7 Morning Show, Yowie Story on 9th of Sept, QLD",public/data/frontend-data.json
4515,Reports from newspapers: 2016 - ABC Yowie Article,-35.540682,149.657449,"2016 - ABC Yowie Article, NSW",public/data/frontend-data.json
4516,Reports from newspapers: 2016 - Cairns Post Yowie Article,-16.8197,145.6369,"2016 - Cairns Post Yowie Article, QLD",public/data/frontend-data.json
4517,Reports from newspapers: 2016 - Chinchilla News Yowie Article,-29.663084,153.107103,"2016 - Chinchilla News Yowie Article, NSW",public/data/frontend-data.json
4518,Reports from newspapers: 2016 - Daily Mail UK Yowie Article,-27.816667,151.633333,"2016 - Daily Mail UK Yowie Article, QLD",public/data/frontend-data.json
4519,Reports from newspapers: 2016 - Gympie Times Yowie Article,-26.1583,152.8347,"2016 - Gympie Times Yowie Article, QLD",public/data/frontend-data.json
4520,Reports from newspapers: 2016 - NRM Digital Media Yowie Article,-29.71238,152.966138,"2016 - NRM Digital Media Yowie Article, NSW",public/data/frontend-data.json
4521,Reports from newspapers: 2016 - Toowoomba Cronicle Yowie Article,-27.580508,151.990503,"2016 - Toowoomba Cronicle Yowie Article, QLD",public/data/frontend-data.json
4565,"Photographs of footprints and handprints : Kinds Road, Ulladulla, New South Wales (2016)",-35.362339,150.459172,"Photographs of footprints and handprints : Kinds Road, Ulladulla, New South Wales, NSW",public/data/frontend-data.json
144,"Lawrence, New South Wales 2017",-29.5009847,153.1003352,"Lawrence, NSW",public/data/frontend-data.json
145,"Wingello, New South Wales 2017",-34.7032044,150.1660245,"Wingello, NSW",public/data/frontend-data.json
205,"Ormeau / Kingsholme, Queensland 2017",-27.8479219,153.2147611,"Ormeau / Kingsholme, QLD",public/data/frontend-data.json
316,"Border Ranges, New South Wales 2017",-28.3944444,153.0672222,"Border Ranges, NSW",public/data/frontend-data.json
336,"Bucca, New South Wales 2017",-30.1469444,153.0941667,"Bucca, NSW",public/data/frontend-data.json
356,"Cattai, New South Wales 2017",-33.5482394,150.9164045,"Cattai, NSW",public/data/frontend-data.json
361,"Kingsholme / Ormeau, Queensland 2017",-27.8182749,153.2467766,"Kingsholme / Ormeau, QLD",public/data/frontend-data.json
373,"Logan Village, Queensland 2017",-27.7675482,153.1070052,"Logan Village, QLD",public/data/frontend-data.json
380,"Cooperbung, New South Wales 2017",-31.2816667,152.7844444,"Cooperabung, NSW",public/data/frontend-data.json
425,"Owens Creek, Queensland 2017",-21.1005285,148.7057421,"Owens Creek, QLD",public/data/frontend-data.json
429,"Quaids Dam, Queensland 2017",-17.4098776,145.5618517,"Atherton Tableland, QLD",public/data/frontend-data.json
538,"Mt. Warning - Tyalgum, New South Wales 2017",-28.3818,153.2846,"Mt. Warning, NSW",public/data/frontend-data.json
580,"Strickland, New South Wales 2017",-33.8558957,151.2682802,"Strickland, NSW",public/data/frontend-data.json
592,"Tharwa, New South Wales 2017",-35.3585986,149.2208702,"Tharwa, NSW",public/data/frontend-data.json
614,"Wee Jasper, New South Wales 2017",-35.1105708,148.6759186,"Wee Jasper, NSW",public/data/frontend-data.json
977,2017 - Eden Magnet Yowie Article (2) 27-04-2017,-37.0640494,149.9035118,Eden,public/data/frontend-data.json
978,2017 - Illawarra Mercury Yowie Article 02-05-2017,-34.4614504,150.790409,"Illawarra, NSW",public/data/frontend-data.json
980,2017 - Sunshine Coast Daily Yowie Article 13-12-2017,-26.7079095,152.8508329,"Sunshine Coast, QLD",public/data/frontend-data.json
1055,2017 - Bendigo Advertiser Yowie Article 17-03-2017,-36.7590183,144.2826718,"Bendigo, VIC",public/data/frontend-data.json
1101,2017 - Daily Examiner Yowie Article 04-02-2017,-27.6160323,152.7608348,Ipswich,public/data/frontend-data.json
1103,2017 - Eden Magnet Yowie Article (3) 27-04-2017,-37.0640494,149.9035118,Eden,public/data/frontend-data.json
1104,2017 - Eden Magnet Yowie Article 19-04-2017,-37.0640494,149.9035118,Eden,public/data/frontend-data.json
2703,Federici in Federici's ghost,-37.8109,144.9724,"Princess Theatre, Melbourne, VIC",public/data/frontend-data.json
2704,Federici in Federici's ghost,-37.8109,144.9724,"Princess Theatre, Melbourne, VIC",public/data/frontend-data.json
2705,Federici in Federici's ghost,-37.8109,144.9724,"Princess Theatre, Melbourne, VIC",public/data/frontend-data.json
2706,ghost in Federici's ghost,-37.8109,144.9724,"Princess Theatre, Melbourne, VIC",public/data/frontend-data.json
2707,ghost in Federici's ghost,-37.8109,144.9724,"Princess Theatre, Melbourne, VIC",public/data/frontend-data.json
2708,ghost in Federici's ghost,-37.8109,144.9724,"Princess Theatre, Melbourne, VIC",public/data/frontend-data.json
2709,ghost in Federici's ghost,-37.8109,144.9724,"Princess Theatre, Melbourne, VIC",public/data/frontend-data.json
2710,Mephistopheles in Federici's ghost,-37.8109,144.9724,"Princess Theatre, Melbourne, VIC",public/data/frontend-data.json
3990,I spent Halloween in one of Australia's 'most haunted buildings',-35.2828643,149.1209536,"National Film and Sound Archive, ACT",public/data/frontend-data.json
4014,"Ghost hunting in the Grand, one of SA's most haunted hotels",-37.5949239,140.3540571,"Grand Hotel Millicent, SA",public/data/frontend-data.json
4032,Richmond Bridge works begin to preserve convict-era landmark,-42.7338298,147.4399809,"Richmond Bridge, TAS",public/data/frontend-data.json
4042,Perth tradies turned paranormal hunters,-31.8831486,116.0695475,"Swan View Tunnel, WA",public/data/frontend-data.json
4063,Paranormal investigator claims to have recorded the voice of a ghost who haunts the Cuballing Tavern,-32.819972,117.1789178,"Cuballing Tavern, WA",public/data/frontend-data.json
4066,Old Parliament House and its spooky past creating high demand for ghost tours,-35.3023519,149.1300176,"Old Parliament House, ACT",public/data/frontend-data.json
4072,South Sea Islander community confronts fears of yowies and ghosts with night walk,-23.378726,150.8040757,"Joskeleigh, QLD",public/data/frontend-data.json
4083,doctor in Willow Court morgue doctor spirit,-42.7854275,147.0636218,"Willow Court Historic Site, New Norfolk, TAS",public/data/frontend-data.json
4086,Sarah in Willow Court Sarah spirit,-42.7854275,147.0636218,"Willow Court Historic Site, New Norfolk, TAS",public/data/frontend-data.json
4116,Haunted in Hobart,-42.7359665,147.4384839,"Richmond, TAS",public/data/frontend-data.json
4243,Perth tradies turned paranormal hunters,-32.0553437,115.7534563,"Fremantle Prison, WA",public/data/frontend-data.json
4245,Ghost hunters conduct global seance via Facebook at Australia's 'oldest mental hospital',-42.7854275,147.0636218,"Willow Court, TAS",public/data/frontend-data.json
4339,"Written reports: Yowie Sighting at Mt. Warning - Tyalgum, New South Wales 2017",-28.397222,153.270833,"Mt. Warning - Tyalgum, NSW",public/data/frontend-data.json
4389,"YouTube reports, interviews: Yowie Sighting (Audio Report #119) near Logan Village, Queensland (Feb 2017)",-27.7675482,153.1070052,"Logan Village, QLD",public/data/frontend-data.json
4390,"Written reports: Yowie Sighting at Quaids Dam, Queensland 2017",-16.775905,145.340276,"Quaids Dam, QLD",public/data/frontend-data.json
4391,"Written reports: Yowie Sighting at Roleystone, WA (April 2017)",-32.11287,116.069603,"Roleystone, WA",public/data/frontend-data.json
4392,"YouTube reports, interviews: Yowie Sighting (Audio Report #155) in the Border Ranges, New South Wales (2017)",-28.35972,152.98611,"the Border Ranges, NSW",public/data/frontend-data.json
4393,"YouTube reports, interviews: Yowie Sighting (Audio Report #158) near Owens Creek, Queensland (2017)",-21.1005285,148.7057421,"Owens Creek, QLD",public/data/frontend-data.json
4394,"YouTube reports, interviews: Yowie Sighting (Audio Report #163) at Cattai, New South Wales (Sep 2017)",-33.5482394,150.9164045,"Cattai, NSW",public/data/frontend-data.json
4396,"YouTube reports, interviews: Yowie Sighting (Audio Report #114) at Broke, New South Wales (2017)",-32.7477265,151.102302,"Broke, NSW",public/data/frontend-data.json
4522,Reports from newspapers: 2017 - Bendigo Advertiser Yowie Article 17-03-2017,-36.716667,144.283333,"2017 - Bendigo Advertiser Yowie Article 17-03-2017, NSW",public/data/frontend-data.json
4523,Reports from newspapers: 2017 - Daily Examiner Yowie Article 04-02-2017,-27.583333,152.766667,"2017 - Daily Examiner Yowie Article 04-02-2017, QLD",public/data/frontend-data.json
4524,Reports from newspapers: 2017 - Daily Mail Yowie Article 18-12-2017,-27.0402,152.8613,"2017 - Daily Mail Yowie Article 18-12-2017, QLD",public/data/frontend-data.json
4525,Reports from newspapers: 2017 - Daily Star Yowie Article 02-12-2017,-28.183333,153.3,"2017 - Daily Star Yowie Article 02-12-2017, QLD",public/data/frontend-data.json
4526,Reports from newspapers: 2017 - Eden Magnet Yowie Article (3) 27-04-2017,-36.60667,149.458372,"2017 - Eden Magnet Yowie Article (3) 27-04-2017, NSW",public/data/frontend-data.json
4527,Reports from newspapers: 2017 - Eden Magnet Yowie Article 19-04-2017,-37.083333,149.813889,"2017 - Eden Magnet Yowie Article 19-04-2017, NSW",public/data/frontend-data.json
4528,Reports from newspapers: 2017 - Sunshine Coast Daily Yowie Article 13-12-2017,-27.0432,152.8613,"2017 - Sunshine Coast Daily Yowie Article 13-12-2017, QLD",public/data/frontend-data.json
4529,Reports from newspapers: 2017 - The Australian Yowie Article 18-03-2017,-30.183333,152.683333,"2017 - The Australian Yowie Article 18-03-2017, NSW",public/data/frontend-data.json
4577,"Witness sketches: Strickland, New South Wales (2017)",-33.379145,151.294097,"Strickland, New South Wales, NSW",public/data/frontend-data.json
4578,"Witness sketches: Owens Creek, Queensland (2017)",-21.077443,148.688111,"Owens Creek, Queensland, QLD",public/data/frontend-data.json
4586,"Witness sketches: Bucca, New South Wales (2017)",-30.15737,153.09578,"Bucca, New South Wales, NSW",public/data/frontend-data.json
4611,"AYR report index: Cooperbung, New South Wales 2017",-31.2816667,152.7844444,"Cooperbung, NSW",public/data/frontend-data.json
6,Yowie country: Queensland town revamps tourism brand as a prime spot for mythological creature,-26.943,152.565,Kilcoy,public/data/frontend-data.json
80,"Bunyip, Victoria 2018",-38.0971242,145.7208993,"Bunyip, VIC",public/data/frontend-data.json
146,"Grafton, New South Wales 2018",-29.6816773,152.9336357,"Grafton, NSW",public/data/frontend-data.json
206,"Agnes Waters, Queensland 2018",-24.2112376,151.9005473,"Agnes Waters, QLD",public/data/frontend-data.json
207,"Nunimbah Valley, Queensland 2018",-27.9896566,153.3365942,Nerang,public/data/frontend-data.json
208,"Witheren, Queensland 2018",-28.0506572,153.1877059,"Witheren, QLD",public/data/frontend-data.json
219,"Aratula, Queensland 2018",-27.9830985,152.5391088,"Aratula, QLD",public/data/frontend-data.json
230,"Bara, New South Wales 2018",-32.565,149.8344444,"Bara, NSW",public/data/frontend-data.json
272,"Bellingen, New South Wales 2018",-30.3739913,152.71921,"Bellingen, NSW",public/data/frontend-data.json
282,"Conondale, Queensland 2018",-26.743368,152.6710401,"Conondale, QLD",public/data/frontend-data.json
306,"Bocoble, New South Wales 2018",-32.7983333,149.7177778,"Bocoble, NSW",public/data/frontend-data.json
398,"Dorrigo, New South Wales 2018",-30.3399677,152.7120341,"Dorrigo, NSW",public/data/frontend-data.json
437,"Roma, Queensland 2018",-26.5710356,148.7868137,"Roma, QLD",public/data/frontend-data.json
489,"Widgee, Queensland 2018",-26.240797,152.4034957,"Widgee, QLD",public/data/frontend-data.json
518,"Lithgow, New South Wales 2018",-33.481536,150.1564887,"Lithgow, NSW",public/data/frontend-data.json
571,"Richmond Range, New South Wales 2018",-29.3285389,152.9977378,"Richmond Range, NSW",public/data/frontend-data.json
600,"Uki, New South Wales 2018",-28.4152778,153.3305556,"Uki, NSW",public/data/frontend-data.json
981,2018 - Northern Star Yowie Article 02-06-2018,-28.7631637,153.3480115,Bexhill,public/data/frontend-data.json
982,2018 - South Burnett Times Yowie Article,-26.6764195,151.9851744,"Nanango, QLD",public/data/frontend-data.json
983,2018 - Sydney Morning Herald Yowie Article 10-11-2018,-33.8698439,151.2082848,"Sydney, NSW",public/data/frontend-data.json
1056,2018 - Balonne Shire News Yowie Article 09-08-2018,-28.285835,147.9436644,"Balonne Shire, QLD",public/data/frontend-data.json
1057,2018- Herbert River Express Yowie Article 15-08-2018,-18.2484306,145.6112083,"Herbert River, QLD",public/data/frontend-data.json
1109,2018 - Grey Nomads Yowie Article 10-09-2018,-28.4152778,153.3305556,Uki,public/data/frontend-data.json
1110,2018 - Herald Yowie article 02-08-2018,-26.5710356,148.7868137,Roma,public/data/frontend-data.json
1111,2018 - The Sun Yowie Article 06-03-2018,-26.8501432,151.8153509,Coomba Falls,public/data/frontend-data.json
1114,2018- Daily Mail Yowie Article 08-03-2018,-26.8501432,151.8153509,Coomba Falls,public/data/frontend-data.json
1115,2018- Northern Star (2) 22-08-2018,-28.4152778,153.3305556,Uki,public/data/frontend-data.json
3968,Celebrating the history of the Theatre Royal.,-42.8825088,147.3281233,"Hobart, TAS",public/data/frontend-data.json
4012,"The tourist attraction dropping its ghostly status, because it is scaring people off",-28.5001294,114.5996739,"Oakabella Homestead, WA",public/data/frontend-data.json
4019,"Urban legend, Asian myth, or historical figure: Who was the ghostly Poinciana Woman?",-12.4077106,130.8254206,"East Point Reserve, NT",public/data/frontend-data.json
4054,Celebrating the history of the Theatre Royal,-42.8795092,147.3311803,"Theatre Royal Hobart, TAS",public/data/frontend-data.json
4071,Woodenbong in Yowie Country is a good place to start if you're looking for Australia's Big Foot,-28.3913455,152.6120214,"Woodenbong, NSW",public/data/frontend-data.json
4122,What are Canberra's most haunted places?,-35.2828643,149.1209536,"National Film and Sound Archive, ACT",public/data/frontend-data.json
4123,What are Canberra's most haunted places?,-35.2927998,149.1417718,"Blundells Cottage, ACT",public/data/frontend-data.json
4124,What are Canberra's most haunted places?,-35.3075211,149.134539,"Hotel Kurrajong, ACT",public/data/frontend-data.json
4395,"Written reports: Yowie Sighting at Numinbah Valley, Queensland 2018",-28.1472,153.2302,"Numinbah Valley, QLD",public/data/frontend-data.json
4397,"YouTube reports, interviews: Yowie Sighting (Audio Report #127) near Lithgow, New South Wales (May 2018)",-33.481536,150.1564887,"Lithgow, NSW",public/data/frontend-data.json
4398,"YouTube reports, interviews: Yowie Sighting (Audio Report #157) at Deepwater National Park, Queensland (2018)",-24.3082663,151.9379523,"Deepwater National Park, QLD",public/data/frontend-data.json
4399,"YouTube reports, interviews: Yowie Sighting (Audio Report #117) near Roma, Queensland (2018)",-26.5710356,148.7868137,"Roma, QLD",public/data/frontend-data.json
4401,"YouTube reports, interviews: Yowie Footprints? (Audio Report #132) near Widgee, Queensland (Dec 2018)",-26.240797,152.4034957,"Widgee, QLD",public/data/frontend-data.json
4402,"YouTube reports, interviews: Yowie Sighting (Audio Report #136) near Numinbah Valley, Queensland (Aug 2018)",-28.1472,153.2302,"Numinbah Valley, QLD",public/data/frontend-data.json
4530,Reports from newspapers: 2018 - ABC North Coast Yowie Article 22-11-2018,-28.343333,152.6,"2018 - ABC North Coast Yowie Article 22-11-2018, QLD",public/data/frontend-data.json
4531,Reports from newspapers: 2018 - Daily Mail UK (3) 30-08-2018,-28.484444,153.357778,"2018 - Daily Mail UK (3) 30-08-2018, QLD",public/data/frontend-data.json
4532,Reports from newspapers: 2018 - Daily Mail Yowie Article (2) 23-08-2018,-28.595833,153.223056,"2018 - Daily Mail Yowie Article (2) 23-08-2018, QLD",public/data/frontend-data.json
4533,Reports from newspapers: 2018 - Herald Yowie article 02-08-2018,-26.268238,148.738672,"2018 - Herald Yowie article 02-08-2018, QLD",public/data/frontend-data.json
4534,Reports from newspapers: 2018 - Herbert River Express Yowie Article 15-08-2018,-18.152778,145.819167,"2018 - Herbert River Express Yowie Article 15-08-2018, QLD",public/data/frontend-data.json
4535,Reports from newspapers: 2018 - Northern Star Yowie Article 02-06-2018,-29.116667,153.430333,"2018 - Northern Star Yowie Article 02-06-2018, QLD",public/data/frontend-data.json
4536,Reports from newspapers: 2018 - South Burnett Times Yowie Article,-26.667667,152.001,"2018 - South Burnett Times Yowie Article, QLD",public/data/frontend-data.json
4537,Reports from newspapers: 2018 - Sydney Morning Herald Yowie Article 10-11-2018,-35.332222,148.921111,"2018 - Sydney Morning Herald Yowie Article 10-11-2018, ACT",public/data/frontend-data.json
4538,Reports from newspapers: 2018 - The Sun Yowie Article 06-03-2018,-26.850278,151.815556,"2018 - The Sun Yowie Article 06-03-2018, QLD",public/data/frontend-data.json
4553,"Photographs of footprints and handprints : Ashford, New South Wales (2018)",-29.320507,151.091176,"Photographs of footprints and handprints : Ashford, New South Wales, NSW",public/data/frontend-data.json
4573,"Photographs of footprints and handprints : Widgee, Queensland (2018)",-26.170653,152.433198,"Photographs of footprints and handprints : Widgee, Queensland, QLD",public/data/frontend-data.json
4575,"Photographs of footprints and handprints : Wivenhoe Dam, Queensland (2018)",-27.372789,152.591996,"Photographs of footprints and handprints : Wivenhoe Dam, Queensland, QLD",public/data/frontend-data.json
4582,"Witness sketches: Witheren, Queensland (2018)",-28.037015,153.179165,"Witheren, Queensland, QLD",public/data/frontend-data.json
4583,"Witness sketches: Roma, Queensland (2018)",-26.579661,148.794688,"Roma, Queensland, QLD",public/data/frontend-data.json
4621,"AYR report index: Nunimbah Valley, Queensland 2018",-28.1518255,153.2224557,"Nunimbah Valley, QLD",public/data/frontend-data.json
81,"Blackwood, Victoria 2019",-37.488796,144.2868937,"Blackwood, VIC",public/data/frontend-data.json
147,"Wingen, New South Wales 2019",-31.8909675,150.8775387,"Wingen, NSW",public/data/frontend-data.json
209,"Currumbin Valley, Queensland 2019 (3)",-28.204048,153.3980364,"Currumbin Valley, QLD",public/data/frontend-data.json
210,"Kilkivan, Queensland 2019",-26.080292,152.2473652,"Kilkivan, QLD",public/data/frontend-data.json
244,"Hepburn Springs, Victoria 2019",-37.3161925,144.1467627,"Hepburn Springs, VIC",public/data/frontend-data.json
285,"Cooktown, Queensland 2019",-15.3718125,144.9028573,"Cooktown, QLD",public/data/frontend-data.json
303,"Currumbin Valley, Queensland 2019",-28.204048,153.3980364,"Currumbin Valley, QLD",public/data/frontend-data.json
305,"Currumbin Valley, Queensland 2019 (2)",-28.204048,153.3980364,"Currumbin Valley, QLD",public/data/frontend-data.json
313,"Deepwater, Queensland 2019",-24.3716505,151.9390051,"Deepwater, QLD",public/data/frontend-data.json
323,"Gallangowan State Forest, Queensland 2019",-26.4537713,152.3077508,"Gallangowen State Forest, QLD",public/data/frontend-data.json
355,"Kilkivan, Queensland 2019",-26.080292,152.2473652,"Kilkivan, QLD",public/data/frontend-data.json
407,"Nunimbah Valley, Queensland 2019",-28.1518255,153.2224557,"Nunimbah Valley, QLD",public/data/frontend-data.json
549,"Newry State Forest, New South Wales 2019",-30.539809,152.965781,"Newry State Forest, NSW",public/data/frontend-data.json
629,"Woy Woy, New South Wales 2019",-33.4880548,151.3274925,"Woy Woy, NSW",public/data/frontend-data.json
984,2019 - Courier Mail Yowie Article 15-07-2019,-27.4689623,153.0235009,"Brisbane, QLD",public/data/frontend-data.json
985,2019 - Daily Mail Yowie Article (Cairns) 07-02-2019,-16.9206657,145.7721854,"Cairns, QLD",public/data/frontend-data.json
986,2019 - Daily Mail Yowie Article 29-01-2019,-28.126238,153.1951742,Beechmont,public/data/frontend-data.json
987,2019 - Gold Coast Bulletin Yowie Article (Various GC Based Information) 09-02-2019,-28.0023731,153.4145987,"Gold Coast, QLD",public/data/frontend-data.json
988,2019 - Gold Coast Bulletin Yowie Article 09-02-2019,-28.0023731,153.4145987,"Gold Coast, QLD",public/data/frontend-data.json
989,2019 - Gold Coast Bulletin Yowie Article 19-07-2019,-28.0023731,153.4145987,"Gold Coast, QLD",public/data/frontend-data.json
990,2019 - Gold Coast Bulletin Yowie Article 24-01-2019,-28.0023731,153.4145987,"Gold Coast, QLD",public/data/frontend-data.json
991,2019 - Gympie Times Yowie Article 15-06-2019,-26.1900447,152.6600256,Gympie,public/data/frontend-data.json
992,2019- Gold Coast Bulletin Yowie Article 20-07-2019,-28.0023731,153.4145987,"Gold Coast, QLD",public/data/frontend-data.json
993,2019- Gold Coast Bulletin Yowie Article 24-07-2019,-28.0023731,153.4145987,"Gold Coast, QLD",public/data/frontend-data.json
994,2019- Gold Coast Bulletin Yowie Article 25-01-2019,-28.0023731,153.4145987,"Gold Coast, QLD",public/data/frontend-data.json
1116,2019 - 9 News 24-01-2019,-28.0506572,153.1877059,Witheren,public/data/frontend-data.json
1117,2019 - Daily Mail Yowie Article 02-08-2019,-33.1810592,150.234389,Newnes,public/data/frontend-data.json
1118,2019 - Daily Mail Yowie Article 02-09-2019,-34.0115925,150.4315419,Burragorang,public/data/frontend-data.json
1120,2019 - Daily Mail Yowie Article 07-08-2019,-27.9024629,153.1095731,Tamborine,public/data/frontend-data.json
1121,2019 - Daily Mail Yowie Article 15-07-2019,-17.4246226,145.6038006,Tarzali,public/data/frontend-data.json
1123,2019 - Daily Mail Yowie Article 23-07-2019 (2),-17.4246226,145.6038006,Tarzali,public/data/frontend-data.json
1126,2019 - Northern Daily Leader Yowie Article 30-06-2019,-25.698345,151.7621472,Ban Ban,public/data/frontend-data.json
1127,2019 - SBS Yowie Article 24-01-2019,-28.126238,153.1951742,Beechmont,public/data/frontend-data.json
3998,Faust — more than we bargained for?,-37.8106911,144.9723167,"Princess Theatre Melbourne, VIC",public/data/frontend-data.json
4016,What are Hobart's most famous ghost stories?,-42.8825088,147.3281233,"Hobart, TAS",public/data/frontend-data.json
4031,What are Hobart's most famous ghost stories?,-42.8889972,147.3351286,"Arthur Circus, TAS",public/data/frontend-data.json
4056,What are Hobart's most famous ghost stories?,-42.8876,147.3370428,"Princes Park, TAS",public/data/frontend-data.json
4057,What are Hobart's most famous ghost stories?,-42.8773197,147.3275298,"Hobart Convict Penitentiary, TAS",public/data/frontend-data.json
4058,Henry Jones in Drunken Admiral Henry Jones apparition,-42.8811591,147.3349313,"Drunken Admiral, TAS",public/data/frontend-data.json
4059,Alex in Lenna of Hobart Alex and Harriet,-42.8873486,147.3357623,"Lenna of Hobart Hotel, TAS",public/data/frontend-data.json
4060,Polly in Narryna Polly ghost,-42.8892857,147.3315508,"Narryna Heritage Museum, TAS",public/data/frontend-data.json
4064,"On Drive with Piia; Ghost stories, adulting app and mental health",-41.8048849,147.4039171,"St Andrews Inn, TAS",public/data/frontend-data.json
4069,"Spot on the map: Kilcoy, Queensland",-26.9417175,152.561157,"Kilcoy, QLD",public/data/frontend-data.json
4400,"YouTube reports, interviews: Yowie Sighting (Audio Report #129) at Witheren near Canungra, Queensland (Nov 2019)",-28.054176,153.18679,"Witheren near Canungra, QLD",public/data/frontend-data.json
4403,"YouTube reports, interviews: Yowie Sighting (Audio Report #137) at Newry, New South Wales (March 2019)",-30.54561,153.002421,"Newry, NSW",public/data/frontend-data.json
4404,"Written reports: Yowie Sighting at Gallangowan State Forest, Queensland 2019",-26.432395,152.330037,"Gallangowan State Forest, QLD",public/data/frontend-data.json
4405,"YouTube reports, interviews: Yowie Sighting (Audio Report #147) near Wingen New South Wales (Aug 2019)",-31.87522,150.88153,"Wingen New South Wales (Aug, NSW",public/data/frontend-data.json
4406,"YouTube reports, interviews: Yowie Sighting (Audio Report #151) near Woy Woy, New South Wales (Nov 2019)",-33.4880548,151.3274925,"Woy Woy, NSW",public/data/frontend-data.json
4539,Reports from newspapers: 2019 - Courier Mail Yowie Article 15-07-2019,-17.4252,145.6036,"2019 - Courier Mail Yowie Article 15-07-2019, QLD",public/data/frontend-data.json
4540,Reports from newspapers: 2019 - Daily Mail Yowie Article (Cairns) 07-02-2019,-16.9627,145.743,"2019 - Daily Mail Yowie Article (Cairns) 07-02-2019, QLD",public/data/frontend-data.json
4541,Reports from newspapers: 2019 - Daily Mail Yowie Article 02-08-2019,-33.238727,150.226593,"2019 - Daily Mail Yowie Article 02-08-2019, NSW",public/data/frontend-data.json
4542,Reports from newspapers: 2019 - Daily Mail Yowie Article 02-09-2019,-34.015288,150.448145,"2019 - Daily Mail Yowie Article 02-09-2019, NSW",public/data/frontend-data.json
4543,Reports from newspapers: 2019 - Daily Mail Yowie Article 07-08-2019,-27.8816,153.13,"2019 - Daily Mail Yowie Article 07-08-2019, QLD",public/data/frontend-data.json
4544,Reports from newspapers: 2019 - Daily Mail Yowie Article 26-07-2019,-17.345,145.925,"2019 - Daily Mail Yowie Article 26-07-2019, QLD",public/data/frontend-data.json
4545,Reports from newspapers: 2019 - Daily Mail Yowie Article 29-01-2019,-28.070484,153.227225,"2019 - Daily Mail Yowie Article 29-01-2019, QLD",public/data/frontend-data.json
4546,Reports from newspapers: 2019 - Daily Mail Yowie Article 31-09-2019,-26.943056,152.562989,"2019 - Daily Mail Yowie Article 31-09-2019, QLD",public/data/frontend-data.json
4547,Reports from newspapers: 2019 - Gold Coast Bulletin Yowie Article 19-07-2019,-28.2016,153.3999,"2019 - Gold Coast Bulletin Yowie Article 19-07-2019, QLD",public/data/frontend-data.json
4548,Reports from newspapers: 2019 - Gold Coast Bulletin Yowie Article 20-07-2019,-28.2016,153.408,"2019 - Gold Coast Bulletin Yowie Article 20-07-2019, QLD",public/data/frontend-data.json
4549,Reports from newspapers: 2019 - Gold Coast Bulletin Yowie Article 24-07-2019,-28.1858,153.3627,"2019 - Gold Coast Bulletin Yowie Article 24-07-2019, QLD",public/data/frontend-data.json
4550,Reports from newspapers: 2019 - Gold Coast Bulletin Yowie Article 25-01-2019,-28.066815,153.230337,"2019 - Gold Coast Bulletin Yowie Article 25-01-2019, QLD",public/data/frontend-data.json
4551,Reports from newspapers: 2019 - Northern Daily Leader Yowie Article 30-06-2019,-28.6547,151.935,"2019 - Northern Daily Leader Yowie Article 30-06-2019, QLD",public/data/frontend-data.json
4552,"Sound recordings of calls, etc: on Facebook - Newnes, New South Wales - Possible Yowie Audio (March 2019)",-33.18333,150.25,"Sound recordings of calls, etc: on Facebook - Newnes, New South Wales - Possible Yowie Audio (March 2019), NSW",public/data/frontend-data.json
4562,Photographs of footprints and handprints : Hannam Vale (2019),-31.716667,152.6,"Photographs of footprints and handprints : Hannam Vale, NSW",public/data/frontend-data.json
22,"Jarrahdale, Western Australia 2020",-32.3393559,116.066177,"Jarrahdale, WA",public/data/frontend-data.json
82,"Creswick, Victoria 2020",-37.4245857,143.8939669,"Creswick, VIC",public/data/frontend-data.json
211,"Bellbird Grove, Queensland 2020",-27.4238044,152.903316,"Bellbird Grove, QLD",public/data/frontend-data.json
247,"Hepburn Springs, Victoria 2020",-37.3161925,144.1467627,"Hepburn Springs, VIC",public/data/frontend-data.json
359,"Kinbombi Falls, Queensland - 2020",-26.2212465,152.1514665,"Kinbombi Falls, QLD",public/data/frontend-data.json
371,"Landsborough, Queensland 2020",-26.809659,152.9907408,"Landsborough, QLD",public/data/frontend-data.json
581,"Strickland, New South Wales 2020",-33.8558957,151.2682802,"Strickland, NSW",public/data/frontend-data.json
616,"Wentworth Falls, New South Wales 2020",-33.72802,150.3740633,"Wentworth Falls, NSW",public/data/frontend-data.json
995,2020 - Coast to Coast Yowie Article 21-02-2020,-28.0023731,153.4145987,Gold Coast,public/data/frontend-data.json
996,2020 - Gold Coast Bulletin Yowie Article 14-02-2020,-28.0023731,153.4145987,"Gold Coast, QLD",public/data/frontend-data.json
997,2020 - Gold Coast Bulletin Yowie Article 18-07-2020,-28.0023731,153.4145987,"Gold Coast, QLD",public/data/frontend-data.json
998,2020 - Gold Coast Bulletin Yowie Article 25-07-2020,-28.0023731,153.4145987,"Gold Coast, QLD",public/data/frontend-data.json
999,2020 - News Mail Yowie Article 29-11-2020,-24.8653253,152.3516785,Bundaberg,public/data/frontend-data.json
1000,2020 - Stanthorpe Border Post Yowie Article 07-07-2020,-28.6559947,151.9338265,"Stanthorpe, QLD",public/data/frontend-data.json
1058,2020 - Toowoomba Chronicle Yowie Article 07-07-2020,-27.5610193,151.953351,"Toowoomba, QLD",public/data/frontend-data.json
1129,2020 - Daily Mail Yowie Article 29-09-2020,-18.5139714,144.0936324,Einasleigh,public/data/frontend-data.json
1130,2020- Daily Mail Yowie Article 22-07-2020,-36.4485,148.2346,Kosciuszko,public/data/frontend-data.json
3993,Ghost tales and grisly histories give 'haunted' buildings their scary appeal. Here's how,-37.2775765,142.9581683,"Aradale Asylum, VIC",public/data/frontend-data.json
3999,Ghost tales and grisly histories give 'haunted' buildings their scary appeal. Here's how,-33.7989451,151.0007621,"Parramatta Gaol, NSW",public/data/frontend-data.json
4043,Meet the woman taking Tasmania's most haunted sites to the social media masses,-42.7854275,147.0636218,"Willow Court Asylum, TAS",public/data/frontend-data.json
4044,Meet the woman taking Tasmania's most haunted sites to the social media masses,-41.8819768,145.3353375,"Gaiety Theatre Zeehan, TAS",public/data/frontend-data.json
4045,Meet the woman taking Tasmania's most haunted sites to the social media masses,-42.0777582,145.5517178,"Penghana Bed and Breakfast, TAS",public/data/frontend-data.json
4046,Launceston's Princess Theatre celebrates colourful history,-41.436237,147.1413958,"Princess Theatre Launceston, TAS",public/data/frontend-data.json
4068,Imagine being grabbed around the ankle when there's no-one else in the room. Ghosts?,-43.1531346,147.8694003,"Port Arthur Historic Site, TAS",public/data/frontend-data.json
4134,tortured spirit in Black Rock House tortured spirit legend,-37.9706564,145.0212822,"Black Rock, VIC",public/data/frontend-data.json
4137,Ava in Gaiety Theatre Ava apparition,-41.8819768,145.3353375,"Gaiety Theatre, Zeehan, TAS",public/data/frontend-data.json
4138,ghostly figure of a nurse in Willow Court nurse in period dress,-42.7854275,147.0636218,"Willow Court Asylum, TAS",public/data/frontend-data.json
4154,haunted house in Monte Cristo most haunted house,-34.8682927,147.5758032,"Monte Cristo Homestead, NSW",public/data/frontend-data.json
148,"Nightcap NP, New South Wales 2022",-28.6027032,153.3506066,"Nightcap National Park – Whian Whian State Conservation Area, NSW",public/data/frontend-data.json
212,"Moore Park Beach / Bundaberg, Queensland 2021",-24.8653253,152.3516785,Bundaberg,public/data/frontend-data.json
527,"Molong, New South Wales 2021",-33.0923817,148.8638613,"Molong, NSW",public/data/frontend-data.json
1001,2021 - Coast to Coast Radio Yowie Article 24-05-2021,-28.185749,153.2715593,"Springbrook, QLD",public/data/frontend-data.json
1002,2021 - Coonabarabran Times Yowie Article 05-12-2021,-31.2728076,149.2733225,"Coonabarabran, NSW",public/data/frontend-data.json
1003,2021 - Courier Mail Yowie Article 07-02-2021,-27.4689623,153.0235009,"Brisbane, QLD",public/data/frontend-data.json
1004,2021 - Daily Mail Yowie Article 22-05-2021,-28.0023731,153.4145987,Gold Coast,public/data/frontend-data.json
1005,2021 - Fortean News Yowie Article 26-05-2021,-28.185749,153.2715593,"Springbrook, QLD",public/data/frontend-data.json
1006,2021 - Gold Coast Bulletin Yowie Article 06-02-2021,-28.0023731,153.4145987,"Gold Coast, QLD",public/data/frontend-data.json
1007,2021 - Gold Coast Bulletin Yowie Article 01-01-2021,-28.0023731,153.4145987,"Gold Coast, QLD",public/data/frontend-data.json
1008,2021 - Gold Coast Bulletin Yowie Article 06-02-2021,-28.0023731,153.4145987,"Gold Coast, QLD",public/data/frontend-data.json
1009,2021 - News Mail Yowie Article 12-02-2021,-24.8653253,152.3516785,Bundaberg,public/data/frontend-data.json
1010,2021 - News Mail Yowie Article 11-02-2021,-24.8653253,152.3516785,Bundaberg,public/data/frontend-data.json
1011,2021 - News.com Yowie Article 24-05-2021,-28.0023731,153.4145987,Gold Coast,public/data/frontend-data.json
1012,2021 - Paris Match Newspaper Yowie Article - 25-05-2021,-28.185749,153.2715593,"Springbrook, QLD",public/data/frontend-data.json
1013,2021- 7 News / Sunrise Yowie Article 24-05-2021,-28.0023731,153.4145987,Gold Coast,public/data/frontend-data.json
1014,2021- Mysterious Universe Yowie Article 25-05-2021,-28.185749,153.2715593,"Springbrook, QLD",public/data/frontend-data.json
1015,2021- Sydney News Today Yowie Article 23-05-2021,-28.185749,153.2715593,"Springbrook, QLD",public/data/frontend-data.json
1131,2021 - Daily Mail Yowie Article 16-12-2021,-26.701463,152.5099119,Jimna,public/data/frontend-data.json
1132,2021 - The Sun UK Yowie Article 14-12-2021,-26.701463,152.5099119,Jimna,public/data/frontend-data.json
2693,ghosts in Spooky stories from the Library,-37.8098,144.9652,"State Library Victoria, Melbourne, VIC",public/data/frontend-data.json
2694,ghost in Spooky stories from the Library,-37.8098,144.9652,"State Library Victoria, Melbourne, VIC",public/data/frontend-data.json
2695,ghost in Spooky stories from the Library,-37.8098,144.9652,"State Library Victoria, Melbourne, VIC",public/data/frontend-data.json
2696,ghosts in Spooky stories from the Library,-37.8098,144.9652,"State Library Victoria, Melbourne, VIC",public/data/frontend-data.json
2697,ghost in Spooky stories from the Library,-37.8098,144.9652,"State Library Victoria, Melbourne, VIC",public/data/frontend-data.json
2698,ghost in Spooky stories from the Library,-37.8098,144.9652,"State Library Victoria, Melbourne, VIC",public/data/frontend-data.json
2699,ghosts in Spooky stories from the Library,-37.8098,144.9652,"State Library Victoria, Melbourne, VIC",public/data/frontend-data.json
2700,ghosts in Spooky stories from the Library,-37.8098,144.9652,"State Library Victoria, Melbourne, VIC",public/data/frontend-data.json
2701,spooky in Spooky stories from the Library,-37.8098,144.9652,"State Library Victoria, Melbourne, VIC",public/data/frontend-data.json
2702,supernatural in Spooky stories from the Library,-37.8098,144.9652,"State Library Victoria, Melbourne, VIC",public/data/frontend-data.json
3976,On a hill in Junee sits Monte Christo: Australia's most haunted house,-34.8150256,147.672675,"Junee, NSW",public/data/frontend-data.json
4020,Uncovering the past of one of Queensland's most haunted towns,-27.6160323,152.7608348,"Ipswich, QLD",public/data/frontend-data.json
4070,Sighting of mythical 'Yowie' turns Queensland forest workers into believers,-26.701463,152.5099119,"Jimna, QLD",public/data/frontend-data.json
23,"Alcoa Wetlands, Western Australia 2022",-32.2160518,115.838423,"Alcoa Wetlands, WA",public/data/frontend-data.json
495,"Witheren, Queensland 2022",-28.0506572,153.1877059,"Witheren, QLD",public/data/frontend-data.json
507,"Woolooga, Queensland 2022",-26.0171915,152.3704487,"Woolooga, QLD",public/data/frontend-data.json
1016,2022 - 7 News Yowie Article 26-02-2022,-28.185749,153.2715593,"Springbrook, QLD",public/data/frontend-data.json
1017,2022 - Gold Coast Bulletin Yowie Article 22-06-2022,-28.0023731,153.4145987,"Gold Coast, QLD",public/data/frontend-data.json
1018,2022 - Gold Coast Bulletin Yowie Article 25-06-2022,-28.0023731,153.4145987,"Gold Coast, QLD",public/data/frontend-data.json
4010,"Ghosts of Castle, Settlers hotels and Old York Hospital spook and delight tourists in WA town",-31.8889034,116.7691483,"York, WA",public/data/frontend-data.json
4030,"Ghosts of Castle, Settlers hotels and Old York Hospital spook and delight tourists in WA town",-31.8898416,116.7682163,"Castle Hotel York, WA",public/data/frontend-data.json
4065,Gladstone Gaol caretakers hang up their keys as 'haunted' building succumbs to lack of volunteers and visitors,-33.2617877,138.3558523,"Gladstone Gaol, SA",public/data/frontend-data.json
4076,ghost in Settlers Inn Mrs Inkpen ghost,-31.8887729,116.7679705,"Settlers Inn, York, WA",public/data/frontend-data.json
4077,figures in Old York Hospital paranormal figures,-31.8889034,116.7691483,"York, WA",public/data/frontend-data.json
4136,spirits in Fremantle Arts Centre haunted claims,-32.0476763,115.7539837,"Fremantle Arts Centre, WA",public/data/frontend-data.json
4238,Tasmanian cultural heritage curator Elspeth Wishart reflects on a fascinating career,-43.1531346,147.8694003,"Port Arthur Historic Site, TAS",public/data/frontend-data.json
4250,Finding true love at the barre,-26.3656737,152.857472,"Majestic Theatre, QLD",public/data/frontend-data.json
83,"Mitta Mitta, Victoria 2023",-36.625397,147.3283168,"Mitta Mitta, VIC",public/data/frontend-data.json
213,"Mount Nebo, Queensland 2023",-27.3752485,152.7790189,"Mt Nebo, QLD",public/data/frontend-data.json
1019,2023 - Gold Coast Bulletin Yowie Article 01-10-2023,-28.0023731,153.4145987,"Gold Coast, QLD",public/data/frontend-data.json
3986,'What is ethical and appropriate?': Should ghost tours be allowed at a former Tasmanian asylum?,-42.7854275,147.0636218,"Willow Court, TAS",public/data/frontend-data.json
4018,The stories of Australia's ghosts,-34.5672546,150.3212358,"Sutton Forest, NSW",public/data/frontend-data.json
4029,The stories of Australia's ghosts,-27.4689623,153.0235009,"Brisbane, QLD",public/data/frontend-data.json
4089,Greenough ghost tour and sleepover,-28.9199695,114.7172748,"Greenough, WA",public/data/frontend-data.json
4240,Old Adelaide Gaol gives former-Crows captain the creeps,-34.9179424,138.5848489,"Adelaide Gaol, SA",public/data/frontend-data.json
43,"Christmas Hills Reserve, Tasmania 2024",-40.90011,144.9947,"Christmas Hills Reserve, TAS",public/data/frontend-data.json
3985,Adelaide - Australia's most haunted town,-34.339951,138.915863,"Kapunda, SA",public/data/frontend-data.json
4049,Adelaide - Australia's most haunted town,-34.3407794,138.9157143,"North Kapunda Hotel, SA",public/data/frontend-data.json
4050,Thirsty ghosts haunt Port Adelaide's pubs,-34.8342755,138.5123548,"Port Adelaide, SA",public/data/frontend-data.json
4052,Haunted house sells for record price in Cowandilla,-34.9324599,138.5569406,"Cowandilla, SA",public/data/frontend-data.json
4091,Old Zincy and other tall tales: Tasmania's weirdest urban myths,-41.4390338,147.136768,"Village Cinemas Launceston, TAS",public/data/frontend-data.json
4092,Old Zincy and other tall tales: Tasmania's weirdest urban myths,-41.0945112,146.024731,"Sulphur Creek, TAS",public/data/frontend-data.json
4126,Lady in White in Woodford Academy Lady in White,-33.733114,150.4736891,"Woodford Academy, NSW",public/data/frontend-data.json
4127,Lady in Black in Woodford Academy Lady in Black,-33.733114,150.4736891,"Woodford Academy, NSW",public/data/frontend-data.json
4128,Mary in Old Government House Mary apparition,-33.8121519,150.9973594,"Old Government House, NSW",public/data/frontend-data.json
4129,Elsie White in Saumarez Homestead Elsie White ghost,-30.530062,151.6606465,"Saumarez Homestead, NSW",public/data/frontend-data.json
4130,little girl in Old Government House little girl by the tree,-33.8121519,150.9973594,"Old Government House, NSW",public/data/frontend-data.json
4131,cranky woman in Old Government House staircase whisper,-33.8121519,150.9973594,"Old Government House, NSW",public/data/frontend-data.json
4132,Crowther's Christmas ghost in Crowther's Christmas ghost at Spencer Street,-37.8191925,144.9533975,"Southern Cross Station, Melbourne, VIC",public/data/frontend-data.json
4135,invisible man in Old Adelaide Gaol invisible man,-34.9179424,138.5848489,"Adelaide Gaol, SA",public/data/frontend-data.json
4237,Hobart Drive,-43.1531346,147.8694003,"Port Arthur Historic Site, TAS",public/data/frontend-data.json
3966,Tour guide shares ghost stories and chilling experiences from Port Arthur Historic Site,-42.8825088,147.3281233,"Hobart, TAS",public/data/frontend-data.json
3975,Small town behind Australia's 'most haunted house' hopes next buyer will honour legacy,-34.8682927,147.5758032,"Monte Cristo Homestead, NSW",public/data/frontend-data.json
3994,Dark tourism on the rise in regional Australia,-36.35165,146.69093,"Beechworth Asylum, VIC",public/data/frontend-data.json
4048,Tour guide shares ghost stories and chilling experiences from Port Arthur Historic Site,-43.1531346,147.8694003,"Port Arthur Historic Site, TAS",public/data/frontend-data.json
4067,The 'haunted' historic houses of Tasmania's east coast,-42.124933,148.0757326,"Swansea, TAS",public/data/frontend-data.json
4075,Yowie in Litchfield National Park yowie speculation,-13.2755716,130.9006256,"Litchfield National Park, NT",public/data/frontend-data.json
4133,brother's spirit in Iolanthe spirit contact in Port Phillip Bay,-38.1046482,144.7798547,"Port Phillip Bay, VIC",public/data/frontend-data.json
4139,Alice Maria King in Piermont Alice Maria King ghost story,-42.1541194,148.0746678,"Piermont Retreat, Swansea, TAS",public/data/frontend-data.json
4153,Ghost stories in Port Arthur ghost stories,-43.1531346,147.8694003,"Port Arthur Historic Site, TAS",public/data/frontend-data.json
4235,Tiwi Islands prepare for Cyclone Fina,-34.8682927,147.5758032,"Monte Cristo Homestead, NSW",public/data/frontend-data.json
4236,Dark tourism on the rise in regional Australia,-43.1531346,147.8694003,"Port Arthur Historic Site, TAS",public/data/frontend-data.json
4242,Melbourne sites with horrific histories embrace a little spookiness this Halloween,-37.8078,144.9653,"Old Melbourne Gaol, VIC",public/data/frontend-data.json
4257,Tiwi Islands prepare for Cyclone Fina,-34.8150256,147.672675,"Junee, NSW",public/data/frontend-data.json
1134,Den of Nargun,-37.70211,147.355978,"Den of Nargun, Mitchell River National Park, Victoria",public/data/frontend-data.json
1137,Mitchell River National Park,-37.70211,147.355978,Mitchell River National Park,public/data/frontend-data.json
1141,Ghost Tour - Port Arthur Historic Site,-43.147019,147.851265,Port Arthur Historic Site,public/data/frontend-data.json
1147,Adelaide Gaol | Ghostly sightings,-34.9157,138.5889,"Adelaide Gaol, Adelaide, South Australia",public/data/frontend-data.json
1148,Dark Ghost Tours - Afterlife Tales of the Hobart Convict Penitentiary,-42.8796,147.3275,"Hobart Convict Penitentiary, Hobart, Tasmania",public/data/frontend-data.json
1149,Hobart Penitentiary - Paranormal Investigation,-42.8796,147.3275,"Hobart Convict Penitentiary, Hobart, Tasmania",public/data/frontend-data.json
1150,Ghost! What Ghosts? Night Tour at Old Melbourne Gaol,-37.8078,144.9653,"Old Melbourne Gaol, Melbourne, Victoria",public/data/frontend-data.json
1151,Ghost Tours at Port Arthur - Off Season Tasmania 2026,-43.147019,147.851265,"Port Arthur Historic Site, Tasmania",public/data/frontend-data.json
1152,The ghost of Governor Fiddimont,-37.2786058,142.9304654,"J Ward, Girdlestone Street, Ararat, Victoria",public/data/frontend-data.json
2711,ghost in Adelaide Arcade history,-34.9225,138.604,"Adelaide Arcade, Adelaide, SA",public/data/frontend-data.json
2712,ghost in Adelaide Arcade history,-34.9225,138.604,"Adelaide Arcade, Adelaide, SA",public/data/frontend-data.json
2713,ghost in Adelaide Arcade history,-34.9225,138.604,"Adelaide Arcade, Adelaide, SA",public/data/frontend-data.json
2714,ghost in Adelaide Arcade history,-34.9225,138.604,"Adelaide Arcade, Adelaide, SA",public/data/frontend-data.json
2715,haunted in Adelaide Arcade history,-34.9225,138.604,"Adelaide Arcade, Adelaide, SA",public/data/frontend-data.json
3980,The spooky Aussie folklore of Fisher's Ghost,-34.0667,150.8167,"Campbelltown, NSW",public/data/frontend-data.json
4035,Frederick Carr in Ghostly sightings,-34.9179424,138.5848489,"Adelaide Gaol, SA",public/data/frontend-data.json
4038,Ben Ellis in Ghostly sightings,-34.9179424,138.5848489,"Adelaide Gaol, SA",public/data/frontend-data.json
4041,William Baker Ashton in Ghostly sightings,-34.9179424,138.5848489,"Adelaide Gaol, SA",public/data/frontend-data.json
4080,ghost in Mix 104.9 FM studios ghost,-12.46044,130.8410469,"Darwin, NT",public/data/frontend-data.json
4082,ghost in Dead Man's Pass tree ghost,-34.6101243,138.7521001,"Dead Mans Pass Reserve, Gawler, SA",public/data/frontend-data.json
4088,Dark Ghost Tours - Afterlife Tales of the Hobart Convict Penitentiary,-42.8773197,147.3275298,"Hobart Convict Penitentiary, TAS",public/data/frontend-data.json
4090,Paranormal Nights at Old Government House,-33.8121519,150.9973594,"Old Government House, NSW",public/data/frontend-data.json
4093,Ghost Tour in Altona Homestead Ghost Tour,-37.8694488,144.8292539,"Altona Homestead, VIC",public/data/frontend-data.json
4094,Ghost Tour in Point Cook Homestead Ghost Tour,-37.9261016,144.7929218,"Point Cook Homestead, VIC",public/data/frontend-data.json
4095,Ghost of Kelly Steps in Ghost of Kelly Steps,-42.8871651,147.3340274,"Kelly's Steps, TAS",public/data/frontend-data.json
1135,Ghosts? What Ghosts? - Night Tour,-37.8078185,144.9652682,"Old Melbourne Gaol, Melbourne, VIC",public/data/frontend-data.json
1136,Torchlight Tour,-32.0553437,115.7534563,"Fremantle Prison, WA",public/data/frontend-data.json
2850,ghosts in For the Term of His Natural Life,-43.1531346,147.8694003,"Port Arthur Historic Site, TAS",public/data/frontend-data.json
