overlay_id,source_table,source_row_id,title,target_state,target_locality,place_signal,display_label,map_display_status
maplead_d5953dc6bb783c15c693e6dc,release_lead_overlay_items,rellead_bf3494cd3b33a1442fb37b22,ACT Heritage Register ACT 1955 release patch,ACT,Yarralumla,Yarralumla,Research lead overlay,overlay_not_public_map
maplead_8accc813e62029388165ffe9,release_lead_overlay_items,rellead_1f7e6985cbc03f06f0d6a508,ACT Heritage Register ACT 1955 release patch,ACT,Yarralumla,Yarralumla,Research lead overlay,overlay_not_public_map
maplead_7d9bc530456c326f7604606c,release_lead_overlay_items,rellead_592c9205373ebd6147c89df4,National Capital Authority Heritage ACT 1955 release patch,ACT,Hall,Hall,Research lead overlay,overlay_not_public_map
maplead_4cffb114d065d000c15c2147,release_lead_overlay_items,rellead_bfca2f6df5e56ed380458ddf,National Trust ACT ACT 1955 release patch,ACT,Canberra,Canberra,Research lead overlay,overlay_not_public_map
maplead_db0304888449cd16e131fdd1,release_lead_overlay_items,rellead_f65ff36e645f0f6ab3d26b94,National Trust ACT ACT 1955 release patch,ACT,Canberra,Canberra,Research lead overlay,overlay_not_public_map
maplead_cef080e0c332a5dab2cfb441,release_lead_overlay_items,rellead_f31c704c91f82a3fbe3c9252,ACT Memory ACT 1955 release patch,ACT,Kingston,Kingston,Research lead overlay,overlay_not_public_map
maplead_171912d2f3daf9e239a41613,release_lead_overlay_items,rellead_c9cbc87cc723c81979e76084,Canberra & District Historical Society ACT 1955 release patch,ACT,Kingston,Kingston,Research lead overlay,overlay_not_public_map
maplead_3eb0ee73473f6ccca5d2a4ac,release_lead_overlay_items,rellead_e728a6a15fb1f57f495fa69d,Canberra & District Historical Society ACT 1955 release patch,ACT,Yarralumla,Yarralumla,Research lead overlay,overlay_not_public_map
maplead_114a2eaf8846e164a9eae2cb,release_lead_overlay_items,rellead_4fc8f3d89973611732648f1a,Canberra Museum and Gallery ACT 1955 release patch,ACT,Acton,Acton,Research lead overlay,overlay_not_public_map
maplead_a8308d5f9c28f6e3f951b944,release_lead_overlay_items,rellead_8abc28b6e09b7560b83191e9,Canberra Museum and Gallery ACT 1955 release patch,ACT,Acton,Acton,Research lead overlay,overlay_not_public_map
maplead_3297448488f0f6fa37fc735f,release_lead_overlay_items,rellead_b1c4baf56a8d318dd9ddbbca,ANU Archives ACT 1955 release patch,ACT,Canberra,Canberra,Research lead overlay,overlay_not_public_map
maplead_174ce8ce373f0e20eda4e91b,release_lead_overlay_items,rellead_612e899ebb94423651b85f00,ANU Archives ACT 1955 release patch,ACT,Canberra,Canberra,Research lead overlay,overlay_not_public_map
maplead_4f0060614160d125372e9117,release_lead_overlay_items,rellead_10dfbafce9ccbd32f56ea884,ArchivesACT ACT 1955 release patch,ACT,Canberra,Canberra,Research lead overlay,overlay_not_public_map
maplead_1a661aa05ef3c4925493dcfd,release_lead_overlay_items,rellead_8b4e3b16444a6ac1b517b4de,ArchivesACT / ACT Memory ACT 1955 release patch,ACT,Canberra,Canberra,Research lead overlay,overlay_not_public_map
maplead_cb4dc52ddda470c088965427,release_lead_overlay_items,rellead_8415aa845d0d14eaa8ed4b6b,ACT Heritage Library ACT 1955 release patch,ACT,Kingston,Kingston,Research lead overlay,overlay_not_public_map
maplead_1f02c751deb4683eb54d1dbb,release_lead_overlay_items,rellead_838b638b4ddfb8466c6e2a4b,ACT Heritage Library ACT 1955 release patch,ACT,Kingston,Kingston,Research lead overlay,overlay_not_public_map
maplead_8dec2af1f126a82f91b50d72,release_lead_overlay_items,rellead_51b606cbcf5b2494637ad82f,ACT Heritage Register ACT 1956 release patch,ACT,Hall,Hall,Research lead overlay,overlay_not_public_map
maplead_5240e303f58921b5c563a0b7,release_lead_overlay_items,rellead_6f1b9d2c2c7f0857ce8744e9,ACT Heritage Register ACT 1956 release patch,ACT,Hall,Hall,Research lead overlay,overlay_not_public_map
maplead_75a755b02cd405590d7061c4,release_lead_overlay_items,rellead_3b7a690d64ffd37a1e18e710,National Capital Authority Heritage ACT 1956 release patch,ACT,Canberra,Canberra,Research lead overlay,overlay_not_public_map
maplead_7977cc8ea2ead6b6428f0421,release_lead_overlay_items,rellead_794559b8a15ea96a941a6974,National Trust ACT ACT 1956 release patch,ACT,Canberra,Canberra,Research lead overlay,overlay_not_public_map
maplead_a879c91a516642fcfeedfbbb,release_lead_overlay_items,rellead_151609b9788a79a964b9bc2b,National Trust ACT ACT 1956 release patch,ACT,Acton,Acton,Research lead overlay,overlay_not_public_map
maplead_c30cd828e6290d8fbea3f77e,release_lead_overlay_items,rellead_457894e44d72042d279cad70,ACT Memory ACT 1956 release patch,ACT,Yarralumla,Yarralumla,Research lead overlay,overlay_not_public_map
maplead_291d3dab513508e05b008d4f,release_lead_overlay_items,rellead_da8f0a12008aabfb8adda485,Canberra & District Historical Society ACT 1956 release patch,ACT,Yarralumla,Yarralumla,Research lead overlay,overlay_not_public_map
maplead_207cb02b6701be54263a2b1c,release_lead_overlay_items,rellead_870a816172779d2b0096b92e,Canberra & District Historical Society ACT 1956 release patch,ACT,Yarralumla,Yarralumla,Research lead overlay,overlay_not_public_map
maplead_d9b7364d886173a7a3ea1a3f,release_lead_overlay_items,rellead_62dc6c42596309c4cdabeca4,Canberra Museum and Gallery ACT 1956 release patch,ACT,Kingston,Kingston,Research lead overlay,overlay_not_public_map
maplead_4f54916751887994d6632c52,release_lead_overlay_items,rellead_024cf3421beaad93c5cac8bd,Canberra Museum and Gallery ACT 1956 release patch,ACT,Kingston,Kingston,Research lead overlay,overlay_not_public_map
maplead_2185867f556df412e150f3cd,release_lead_overlay_items,rellead_6e7982282bc7fe5724999dbe,ANU Archives ACT 1956 release patch,ACT,Acton,Acton,Research lead overlay,overlay_not_public_map
maplead_6fbd93cda0f87930a2c0fd96,release_lead_overlay_items,rellead_878f69b5394aec9feab7b63d,ANU Archives ACT 1956 release patch,ACT,Acton,Acton,Research lead overlay,overlay_not_public_map
maplead_cfa569147ede4d3a66b2fc43,release_lead_overlay_items,rellead_1255a939b8dab0c72a2776fa,ArchivesACT ACT 1956 release patch,ACT,Acton,Acton,Research lead overlay,overlay_not_public_map
maplead_35e68b71d04354cd45fb12ed,release_lead_overlay_items,rellead_23e6b52cc53a720679a0afad,ArchivesACT / ACT Memory ACT 1956 release patch,ACT,Acton,Acton,Research lead overlay,overlay_not_public_map
maplead_a5ee3530c759131bb4ba5d21,release_lead_overlay_items,rellead_d53d69b82e059d5d8479c6c9,ACT Heritage Library ACT 1956 release patch,ACT,Yarralumla,Yarralumla,Research lead overlay,overlay_not_public_map
maplead_166bfe2af78e950e9db790fb,release_lead_overlay_items,rellead_40b5bf08b1df634074300424,ACT Heritage Library ACT 1956 release patch,ACT,Yarralumla,Yarralumla,Research lead overlay,overlay_not_public_map
maplead_60d3c6aa047623b775983bbe,release_lead_overlay_items,rellead_7a019fe222493330f3acf6db,ACT Heritage Register ACT 1957 release patch,ACT,Canberra,Canberra,Research lead overlay,overlay_not_public_map
maplead_d6bcab27b22c23a8b4d0c4b3,release_lead_overlay_items,rellead_af173b1514d727a0809ebf1e,ACT Heritage Register ACT 1957 release patch,ACT,Canberra,Canberra,Research lead overlay,overlay_not_public_map
maplead_0448db8f88e80c613bdebb96,release_lead_overlay_items,rellead_9a81fab8903371cc1aac01dc,National Capital Authority Heritage ACT 1957 release patch,ACT,Acton,Acton,Research lead overlay,overlay_not_public_map
maplead_d2decb85cd7e110e2a77759b,release_lead_overlay_items,rellead_1f77d6866ebda64832f4bbc2,National Trust ACT ACT 1957 release patch,ACT,Acton,Acton,Research lead overlay,overlay_not_public_map
maplead_4ef3d5fed34b504545113d60,release_lead_overlay_items,rellead_84fa12566319ebf5a0838933,National Trust ACT ACT 1957 release patch,ACT,Acton,Acton,Research lead overlay,overlay_not_public_map
maplead_76e1a0debc9c860a398af768,release_lead_overlay_items,rellead_e7f860f10ef471f091d4664f,ACT Memory ACT 1957 release patch,ACT,Hall,Hall,Research lead overlay,overlay_not_public_map
maplead_cc18fbfab93645d45dbfe76e,release_lead_overlay_items,rellead_d73f025522c5d4c0181c502f,Canberra & District Historical Society ACT 1957 release patch,ACT,Hall,Hall,Research lead overlay,overlay_not_public_map
maplead_4aca5a40dfa45bdea53267fa,release_lead_overlay_items,rellead_01bf3eaa5b5e4bebf5b1f5fd,Canberra & District Historical Society ACT 1957 release patch,ACT,Hall,Hall,Research lead overlay,overlay_not_public_map
maplead_b1dacf3bd72255283ab0d62a,release_lead_overlay_items,rellead_2805913388459c29eae3ce6c,Canberra Museum and Gallery ACT 1957 release patch,ACT,Yarralumla,Yarralumla,Research lead overlay,overlay_not_public_map
maplead_d32b40216c7e2c120b71ff4f,release_lead_overlay_items,rellead_6a014bfb8312cdddf8833028,Canberra Museum and Gallery ACT 1957 release patch,ACT,Yarralumla,Yarralumla,Research lead overlay,overlay_not_public_map
maplead_b47436dddbcf6f1ef63415aa,release_lead_overlay_items,rellead_54ef8bae768d4fce9a718171,ANU Archives ACT 1957 release patch,ACT,Kingston,Kingston,Research lead overlay,overlay_not_public_map
maplead_02c9b22038c7b0e48d05f2ce,release_lead_overlay_items,rellead_297eb79d9662255bd6493aa8,ANU Archives ACT 1957 release patch,ACT,Kingston,Kingston,Research lead overlay,overlay_not_public_map
maplead_3bfb3c93e3eba6b4fd2059dd,release_lead_overlay_items,rellead_f5d1d633bc00ad6a6b0526c9,ArchivesACT ACT 1957 release patch,ACT,Kingston,Kingston,Research lead overlay,overlay_not_public_map
maplead_5eaca67c3400a04801f45533,release_lead_overlay_items,rellead_6dc6c5559539a50dd953f0ec,ArchivesACT / ACT Memory ACT 1957 release patch,ACT,Kingston,Kingston,Research lead overlay,overlay_not_public_map
maplead_837b61368077428f8632f0b3,release_lead_overlay_items,rellead_708880005d3c3296982e10d1,ACT Heritage Library ACT 1957 release patch,ACT,Hall,Hall,Research lead overlay,overlay_not_public_map
maplead_b3fc56ca69033956be84919d,release_lead_overlay_items,rellead_1a54a57c7bde69f2b4661334,ACT Heritage Library ACT 1957 release patch,ACT,Hall,Hall,Research lead overlay,overlay_not_public_map
maplead_3fca8f2b61206d8f19dabbed,release_lead_overlay_items,rellead_5a3d98fbc41440602d5a1d1c,ACT Heritage Register ACT 1958 release patch,ACT,Acton,Acton,Research lead overlay,overlay_not_public_map
maplead_c41c017747222e839b0afd9e,release_lead_overlay_items,rellead_a2747dd3d63b0c6883a3d556,ACT Heritage Register ACT 1958 release patch,ACT,Acton,Acton,Research lead overlay,overlay_not_public_map
maplead_d3b0fe06a98eb34a2b3df8b8,release_lead_overlay_items,rellead_30b6cc4fa1081b3b1e720026,National Capital Authority Heritage ACT 1958 release patch,ACT,Kingston,Kingston,Research lead overlay,overlay_not_public_map
maplead_2ec71e47a22815e5fc98b9d8,release_lead_overlay_items,rellead_76b076e0cd25e3d8eb827cac,National Trust ACT ACT 1958 release patch,ACT,Kingston,Kingston,Research lead overlay,overlay_not_public_map
maplead_c6fcf1ef57dfa5458956e618,release_lead_overlay_items,rellead_3d9a3269f588e53a2cc210cf,National Trust ACT ACT 1958 release patch,ACT,Kingston,Kingston,Research lead overlay,overlay_not_public_map
maplead_7d9322ca78cc749c4a605a52,release_lead_overlay_items,rellead_6dd6d9bba0ca678412e97c11,ACT Memory ACT 1958 release patch,ACT,Canberra,Canberra,Research lead overlay,overlay_not_public_map
maplead_17069fec94882eaca3814f74,release_lead_overlay_items,rellead_a6531aec8716966a7746055e,Canberra & District Historical Society ACT 1958 release patch,ACT,Canberra,Canberra,Research lead overlay,overlay_not_public_map
maplead_1cd0eb708a11bfde3c9dbb49,release_lead_overlay_items,rellead_c158828f6160f38ba3c05808,Canberra & District Historical Society ACT 1958 release patch,ACT,Canberra,Canberra,Research lead overlay,overlay_not_public_map
maplead_7b505b71ab152560e56d83e1,release_lead_overlay_items,rellead_ceb0c417520d4031025a1b56,Canberra Museum and Gallery ACT 1958 release patch,ACT,Hall,Hall,Research lead overlay,overlay_not_public_map
maplead_22fe27431c280e740cd7fe4c,release_lead_overlay_items,rellead_f78bea747b32af25305e5233,Canberra Museum and Gallery ACT 1958 release patch,ACT,Hall,Hall,Research lead overlay,overlay_not_public_map
maplead_c1d154d6c7507117e0fd8c9f,release_lead_overlay_items,rellead_674c1beaf895f4cefaf1a533,ANU Archives ACT 1958 release patch,ACT,Kingston,Kingston,Research lead overlay,overlay_not_public_map
maplead_47a8cf3196ae827e86a24577,release_lead_overlay_items,rellead_b951f997f32f9c8ff9d724e8,ANU Archives ACT 1958 release patch,ACT,Yarralumla,Yarralumla,Research lead overlay,overlay_not_public_map
maplead_bcd179c5914aedcd9e86f9c6,release_lead_overlay_items,rellead_a421b6778dbabd35821f5d19,ArchivesACT ACT 1958 release patch,ACT,Yarralumla,Yarralumla,Research lead overlay,overlay_not_public_map
maplead_a48b47ab4dba2a619ca6b7bc,release_lead_overlay_items,rellead_dfcbc44a3e6698584088da9d,ArchivesACT / ACT Memory ACT 1958 release patch,ACT,Yarralumla,Yarralumla,Research lead overlay,overlay_not_public_map
maplead_74f7bfa5b4b6701ef9dc081f,release_lead_overlay_items,rellead_58f77cadcb1dacc319501210,ACT Heritage Library ACT 1958 release patch,ACT,Canberra,Canberra,Research lead overlay,overlay_not_public_map
maplead_39e9dd80b5913cbb5b9a0e9f,release_lead_overlay_items,rellead_691eb72b5fc88849039e9f61,ACT Heritage Library ACT 1958 release patch,ACT,Canberra,Canberra,Research lead overlay,overlay_not_public_map
maplead_42d53bf4dbfeea4cdfd492c0,release_lead_overlay_items,rellead_285776594d7941cc8a690dbc,ACT Heritage Register ACT 1959 release patch,ACT,Kingston,Kingston,Research lead overlay,overlay_not_public_map
maplead_13f281a65f34a558d295b155,release_lead_overlay_items,rellead_2111498d4c83fb6c201913da,ACT Heritage Register ACT 1959 release patch,ACT,Kingston,Kingston,Research lead overlay,overlay_not_public_map
maplead_212a81e157a1c470b202a303,release_lead_overlay_items,rellead_537c8d661b25985f6287ebf1,National Capital Authority Heritage ACT 1959 release patch,ACT,Yarralumla,Yarralumla,Research lead overlay,overlay_not_public_map
maplead_f880c654076b4d4862f4b5ef,release_lead_overlay_items,rellead_d76c4388d2d9f31bc2c55fec,National Trust ACT ACT 1959 release patch,ACT,Yarralumla,Yarralumla,Research lead overlay,overlay_not_public_map
maplead_d38e22876f9378482e9fc284,release_lead_overlay_items,rellead_4e41d0067465c8d854802b4c,National Trust ACT ACT 1959 release patch,ACT,Yarralumla,Yarralumla,Research lead overlay,overlay_not_public_map
maplead_da3a8c5cc721398b7910d46d,release_lead_overlay_items,rellead_cfb6df5ac5a29147e9b22db0,ACT Memory ACT 1959 release patch,ACT,Acton,Acton,Research lead overlay,overlay_not_public_map
maplead_5472dfea83630990176e18a4,release_lead_overlay_items,rellead_2e9ba3bcf564c5c8fb07dd36,Canberra & District Historical Society ACT 1959 release patch,ACT,Acton,Acton,Research lead overlay,overlay_not_public_map
maplead_ff442ca2ee89e9d5db6c2769,release_lead_overlay_items,rellead_b9527e5d20a6a63dc6e4a2a0,Canberra & District Historical Society ACT 1959 release patch,ACT,Acton,Acton,Research lead overlay,overlay_not_public_map
maplead_67211c7c48274c011cf81ac7,release_lead_overlay_items,rellead_7c3a5fa42a4aebe675d1cdba,Canberra Museum and Gallery ACT 1959 release patch,ACT,Canberra,Canberra,Research lead overlay,overlay_not_public_map
maplead_090c16ce247a46d1fec9fdcd,release_lead_overlay_items,rellead_032421b5be41e15b4f513a0f,Canberra Museum and Gallery ACT 1959 release patch,ACT,Canberra,Canberra,Research lead overlay,overlay_not_public_map
maplead_6895359ccc09f264bc7bc0ac,release_lead_overlay_items,rellead_561e9bd0f13939d2c783066f,ANU Archives ACT 1959 release patch,ACT,Yarralumla,Yarralumla,Research lead overlay,overlay_not_public_map
maplead_81168425489ce05439801dea,release_lead_overlay_items,rellead_02868b92f6d931b5164136ce,ANU Archives ACT 1959 release patch,ACT,Yarralumla,Yarralumla,Research lead overlay,overlay_not_public_map
maplead_ce5bfe8255c42b185231cc17,release_lead_overlay_items,rellead_6a4b970d9f1cac13a762190b,ArchivesACT ACT 1959 release patch,ACT,Hall,Hall,Research lead overlay,overlay_not_public_map
maplead_c3e97736715b4f2f676897fe,release_lead_overlay_items,rellead_7bab07341e2b87a862406c25,ArchivesACT / ACT Memory ACT 1959 release patch,ACT,Hall,Hall,Research lead overlay,overlay_not_public_map
maplead_3f0f765dcebf95a47e3ed9c0,release_lead_overlay_items,rellead_dc7d60f99d3bca844bf1e696,ACT Heritage Library ACT 1959 release patch,ACT,Acton,Acton,Research lead overlay,overlay_not_public_map
maplead_5f7b2f4f62f40a232f301436,release_lead_overlay_items,rellead_dddccf130cf6b3131d6ad472,ACT Heritage Library ACT 1959 release patch,ACT,Acton,Acton,Research lead overlay,overlay_not_public_map
maplead_ff9d165340bfae07564e9e48,release_lead_overlay_items,rellead_13806ef7e1a075e0220bb10a,ACT Heritage Register ACT 1960 release patch,ACT,Yarralumla,Yarralumla,Research lead overlay,overlay_not_public_map
maplead_40a529112afd1d229faea56b,release_lead_overlay_items,rellead_a43ce81004c959b26c6f6335,ACT Heritage Register ACT 1960 release patch,ACT,Yarralumla,Yarralumla,Research lead overlay,overlay_not_public_map
maplead_5615ad49c7b25c5975530433,release_lead_overlay_items,rellead_40fe31c31e8317cb64323663,National Capital Authority Heritage ACT 1960 release patch,ACT,Hall,Hall,Research lead overlay,overlay_not_public_map
maplead_f5e5213b396bf8024b860bd2,release_lead_overlay_items,rellead_e8e539b7f37e3583ff0b9f06,National Trust ACT ACT 1960 release patch,ACT,Hall,Hall,Research lead overlay,overlay_not_public_map
maplead_0c3e48d1d691080869066a43,release_lead_overlay_items,rellead_b361adcabd49880ddfe96e36,National Trust ACT ACT 1960 release patch,ACT,Hall,Hall,Research lead overlay,overlay_not_public_map
maplead_5dd34d8d9c6b812f8be77bc0,release_lead_overlay_items,rellead_4c3eb2c3c2b2b72e3cd80858,ACT Memory ACT 1960 release patch,ACT,Kingston,Kingston,Research lead overlay,overlay_not_public_map
maplead_f5dbe2a15f726c33dc20f63c,release_lead_overlay_items,rellead_050c674e600050cbb1b676aa,Canberra & District Historical Society ACT 1960 release patch,ACT,Kingston,Kingston,Research lead overlay,overlay_not_public_map
maplead_e1d4d84bfbb1d055354c05a4,release_lead_overlay_items,rellead_13190353332bca3524505617,Canberra & District Historical Society ACT 1960 release patch,ACT,Kingston,Kingston,Research lead overlay,overlay_not_public_map
maplead_7085d126a85816dc8e84dd55,release_lead_overlay_items,rellead_4bcbbb4cbbbab294bd72ee9e,Canberra Museum and Gallery ACT 1960 release patch,ACT,Canberra,Canberra,Research lead overlay,overlay_not_public_map
maplead_5410aed2cbf8520aadb60515,release_lead_overlay_items,rellead_2e33d1f4b75fa352fdee718f,Canberra Museum and Gallery ACT 1960 release patch,ACT,Acton,Acton,Research lead overlay,overlay_not_public_map
maplead_f9a8aea8c60c2f7dce937a5f,release_lead_overlay_items,rellead_023578031ad4ed4b7908e9c0,ANU Archives ACT 1960 release patch,ACT,Hall,Hall,Research lead overlay,overlay_not_public_map
maplead_3b89837e2d067d1d4083e381,release_lead_overlay_items,rellead_c78af7aa5d99244bc87bf4e2,ANU Archives ACT 1960 release patch,ACT,Hall,Hall,Research lead overlay,overlay_not_public_map
maplead_9da63deb61421dbb3860d18b,release_lead_overlay_items,rellead_e515fac81ccecf75affc1a50,ArchivesACT ACT 1960 release patch,ACT,Hall,Hall,Research lead overlay,overlay_not_public_map
maplead_115532e7a27d51288d316255,release_lead_overlay_items,rellead_145c2aed172958658ec0de70,ArchivesACT / ACT Memory ACT 1960 release patch,ACT,Canberra,Canberra,Research lead overlay,overlay_not_public_map
maplead_00a65519350a5bcdffb8c802,release_lead_overlay_items,rellead_eba6111f623cb9f850a726d8,ACT Heritage Library ACT 1960 release patch,ACT,Acton,Acton,Research lead overlay,overlay_not_public_map
maplead_376465a17fc4c99bed7c9331,release_lead_overlay_items,rellead_1cce123b1d396fb3624ca852,ACT Heritage Library ACT 1960 release patch,ACT,Kingston,Kingston,Research lead overlay,overlay_not_public_map
maplead_72dd9710148beb3929b17c7c,release_lead_overlay_items,rellead_eb47334a08a1a69edbf1bfb2,ACT Heritage Register ACT 1961 release patch,ACT,Yarralumla,Yarralumla,Research lead overlay,overlay_not_public_map
maplead_e3eee218479ceb2d670569bf,release_lead_overlay_items,rellead_c8e155b65b67c08dec7edebe,ACT Heritage Register ACT 1961 release patch,ACT,Hall,Hall,Research lead overlay,overlay_not_public_map
maplead_1bdd0365d4267316ab474073,release_lead_overlay_items,rellead_b8e1af5ee30db949a088e001,National Capital Authority Heritage ACT 1961 release patch,ACT,Canberra,Canberra,Research lead overlay,overlay_not_public_map
maplead_06872e097461e24b04e96277,release_lead_overlay_items,rellead_db0317e1e7b1a819499a64b4,National Trust ACT ACT 1961 release patch,ACT,Canberra,Canberra,Research lead overlay,overlay_not_public_map
maplead_474a8d66f208ee9f6a9a563c,release_lead_overlay_items,rellead_290783ebdd0ffba07fe4ca27,National Trust ACT ACT 1961 release patch,ACT,Canberra,Canberra,Research lead overlay,overlay_not_public_map
maplead_5e7b83cdb30d59d168db4692,release_lead_overlay_items,rellead_59713f02c8db559b58020d53,ACT Memory ACT 1961 release patch,ACT,Kingston,Kingston,Research lead overlay,overlay_not_public_map
maplead_8284d8afb7655bfb90cf523a,release_lead_overlay_items,rellead_12f4e29550e87c99b758bb95,Canberra & District Historical Society ACT 1961 release patch,ACT,Yarralumla,Yarralumla,Research lead overlay,overlay_not_public_map
maplead_ff3ccbab6c0701b38b9e1ae5,release_lead_overlay_items,rellead_76b14f91d14265aa636e65aa,Canberra & District Historical Society ACT 1961 release patch,ACT,Yarralumla,Yarralumla,Research lead overlay,overlay_not_public_map
maplead_93893db79cec9e791e927f3d,release_lead_overlay_items,rellead_5b97386b2126f420bdece34c,Canberra Museum and Gallery ACT 1961 release patch,ACT,Acton,Acton,Research lead overlay,overlay_not_public_map
maplead_71681419b64350d3bf42e99d,release_lead_overlay_items,rellead_3c2c1be1fb43d35f28241478,Canberra Museum and Gallery ACT 1961 release patch,ACT,Acton,Acton,Research lead overlay,overlay_not_public_map
maplead_f09076f6f909f19b7f8d9a42,release_lead_overlay_items,rellead_c517302cea960f772b14a329,ANU Archives ACT 1961 release patch,ACT,Canberra,Canberra,Research lead overlay,overlay_not_public_map
maplead_ddb9dd31a089907e87a20210,release_lead_overlay_items,rellead_d987b17f5f1b30885a558dba,ANU Archives ACT 1961 release patch,ACT,Canberra,Canberra,Research lead overlay,overlay_not_public_map
maplead_21d6762003f26fabc6204337,release_lead_overlay_items,rellead_70c2fcafdeecc02c199c0fa1,ArchivesACT ACT 1961 release patch,ACT,Canberra,Canberra,Research lead overlay,overlay_not_public_map
maplead_d08f2551270d1fab6d6abe22,release_lead_overlay_items,rellead_bb3f6f3c2e39b373011553ac,ArchivesACT / ACT Memory ACT 1961 release patch,ACT,Canberra,Canberra,Research lead overlay,overlay_not_public_map
maplead_c0f59eb595decabd7fe6536f,release_lead_overlay_items,rellead_8df1653ef7bdb5ea8462a9bc,ACT Heritage Library ACT 1961 release patch,ACT,Kingston,Kingston,Research lead overlay,overlay_not_public_map
maplead_a1df4d6d8f17a2110936256a,release_lead_overlay_items,rellead_aba831c07470b1c4753f01b6,ACT Heritage Library ACT 1961 release patch,ACT,Kingston,Kingston,Research lead overlay,overlay_not_public_map
maplead_2867850582a5fd817a90b63e,release_lead_overlay_items,rellead_af136cc6ba9a4e57f2f844a5,ACT Heritage Register ACT 1962 release patch,ACT,Hall,Hall,Research lead overlay,overlay_not_public_map
maplead_9c4b0b94b14c0c1173082abc,release_lead_overlay_items,rellead_d651c478b1bb909ca437b9db,ACT Heritage Register ACT 1962 release patch,ACT,Hall,Hall,Research lead overlay,overlay_not_public_map
maplead_6e44f9ccc013b640b3e6b506,release_lead_overlay_items,rellead_b7225f1bc5a1ed875a64ad3c,National Capital Authority Heritage ACT 1962 release patch,ACT,Canberra,Canberra,Research lead overlay,overlay_not_public_map
maplead_56846eefa1c88d8ffa28c532,release_lead_overlay_items,rellead_5d442ade867b39e2733a8443,National Trust ACT ACT 1962 release patch,ACT,Acton,Acton,Research lead overlay,overlay_not_public_map
maplead_31521ce3c13b30235c33b864,release_lead_overlay_items,rellead_7b24eb8c0407846e67cde833,National Trust ACT ACT 1962 release patch,ACT,Acton,Acton,Research lead overlay,overlay_not_public_map
maplead_0836622b5b798c66cd44a6e0,release_lead_overlay_items,rellead_7c1b11efa3ea72e9670b5300,ACT Memory ACT 1962 release patch,ACT,Yarralumla,Yarralumla,Research lead overlay,overlay_not_public_map
maplead_6188bb6f842a062e95896dd9,release_lead_overlay_items,rellead_30a6d874b38fc6a98bb4ac9e,Canberra & District Historical Society ACT 1962 release patch,ACT,Yarralumla,Yarralumla,Research lead overlay,overlay_not_public_map
maplead_b5c9ef11e8197a6564df2a72,release_lead_overlay_items,rellead_4f503279124c4bcb25e0f48f,Canberra & District Historical Society ACT 1962 release patch,ACT,Hall,Hall,Research lead overlay,overlay_not_public_map
maplead_886cd2b14b8946807270aad8,release_lead_overlay_items,rellead_710458c0220349eb1188b263,Canberra Museum and Gallery ACT 1962 release patch,ACT,Kingston,Kingston,Research lead overlay,overlay_not_public_map
maplead_dc1c501819a9dc5c49e57625,release_lead_overlay_items,rellead_e3cff92bec27a290ccbc82ca,Canberra Museum and Gallery ACT 1962 release patch,ACT,Kingston,Kingston,Research lead overlay,overlay_not_public_map
maplead_035ae9462c686e2a5bb6e1b9,release_lead_overlay_items,rellead_14bbb910d0e671377398c202,ANU Archives ACT 1962 release patch,ACT,Acton,Acton,Research lead overlay,overlay_not_public_map
maplead_5128e7e14d92725f7630d7f1,release_lead_overlay_items,rellead_50d5974281ebe2f2f50cbc7d,ANU Archives ACT 1962 release patch,ACT,Acton,Acton,Research lead overlay,overlay_not_public_map
maplead_16a2f812a02d90a112a42ac1,release_lead_overlay_items,rellead_8e8ad75cc02dbd304be2e4e2,ArchivesACT ACT 1962 release patch,ACT,Acton,Acton,Research lead overlay,overlay_not_public_map
maplead_5db502f7d5d4ed23f579a919,release_lead_overlay_items,rellead_deda4c8b0707f84e2439f613,ArchivesACT / ACT Memory ACT 1962 release patch,ACT,Acton,Acton,Research lead overlay,overlay_not_public_map
maplead_5b8c9d07b46af615bfbe9e01,release_lead_overlay_items,rellead_6487f0c0dbb32ad0fb814fd5,ACT Heritage Library ACT 1962 release patch,ACT,Yarralumla,Yarralumla,Research lead overlay,overlay_not_public_map
maplead_9c506e3c6b2116cefe3583ed,release_lead_overlay_items,rellead_bcd0cc73ebe2905b385b4dce,ACT Heritage Library ACT 1962 release patch,ACT,Yarralumla,Yarralumla,Research lead overlay,overlay_not_public_map
maplead_64933185155a9da070eb5362,release_lead_overlay_items,rellead_9c17f3437f16ab21160661df,ACT Heritage Register ACT 1963 release patch,ACT,Canberra,Canberra,Research lead overlay,overlay_not_public_map
maplead_2bc5ea446605119b67d76b64,release_lead_overlay_items,rellead_a644128669af97667bcca2c4,ACT Heritage Register ACT 1963 release patch,ACT,Canberra,Canberra,Research lead overlay,overlay_not_public_map
maplead_54c160c9354d5d5cc1971200,release_lead_overlay_items,rellead_4d5597debf0db675168a5ab6,National Capital Authority Heritage ACT 1963 release patch,ACT,Acton,Acton,Research lead overlay,overlay_not_public_map
maplead_2bd6d4bb98e30c5b0b1048e6,release_lead_overlay_items,rellead_bda759d6c62e2c3ebec83959,National Trust ACT ACT 1963 release patch,ACT,Acton,Acton,Research lead overlay,overlay_not_public_map
maplead_4882705b6d55f3547fc80594,release_lead_overlay_items,rellead_9a44d21f549a9ae9557d0749,National Trust ACT ACT 1963 release patch,ACT,Kingston,Kingston,Research lead overlay,overlay_not_public_map
maplead_0df9792027dbe6788c9f782f,release_lead_overlay_items,rellead_b85947588f588ac059c35888,ACT Memory ACT 1963 release patch,ACT,Hall,Hall,Research lead overlay,overlay_not_public_map
maplead_3eb994cdf7fedb194f64b912,release_lead_overlay_items,rellead_140cb13c242e93caf3cb6484,Canberra & District Historical Society ACT 1963 release patch,ACT,Hall,Hall,Research lead overlay,overlay_not_public_map
maplead_4aa42693aa4697912b677e7c,release_lead_overlay_items,rellead_561b6f5f83059de972b5809e,Canberra & District Historical Society ACT 1963 release patch,ACT,Hall,Hall,Research lead overlay,overlay_not_public_map
maplead_c9696f738d7bedff29c80d82,release_lead_overlay_items,rellead_9c6aa32831b94bd300ac5029,Canberra Museum and Gallery ACT 1963 release patch,ACT,Yarralumla,Yarralumla,Research lead overlay,overlay_not_public_map
maplead_a6761c7d77c4aab512c94c6c,release_lead_overlay_items,rellead_d93866c5393984d9ecc5d6a6,Canberra Museum and Gallery ACT 1963 release patch,ACT,Yarralumla,Yarralumla,Research lead overlay,overlay_not_public_map
maplead_547de6a52ab579ad2cb6891b,release_lead_overlay_items,rellead_dbf8b13fb10e37080a7cd583,ANU Archives ACT 1963 release patch,ACT,Kingston,Kingston,Research lead overlay,overlay_not_public_map
maplead_22093cf2bba6e305a6f624ad,release_lead_overlay_items,rellead_cff7708852d208d0f36cec16,ANU Archives ACT 1963 release patch,ACT,Kingston,Kingston,Research lead overlay,overlay_not_public_map
maplead_7772a7eeb26db3c0b29ac015,release_lead_overlay_items,rellead_05b9d4b472302b92a0ed7583,ArchivesACT ACT 1963 release patch,ACT,Kingston,Kingston,Research lead overlay,overlay_not_public_map
maplead_12a369a098284001cb2b6725,release_lead_overlay_items,rellead_56473f06bac52b664aace6e5,ArchivesACT / ACT Memory ACT 1963 release patch,ACT,Kingston,Kingston,Research lead overlay,overlay_not_public_map
maplead_7fe4ed108d8c94ec9db13653,release_lead_overlay_items,rellead_b68d33aa86cf94c6774faef8,ACT Heritage Library ACT 1963 release patch,ACT,Hall,Hall,Research lead overlay,overlay_not_public_map
maplead_233cc7e2eb74654da11a6769,release_lead_overlay_items,rellead_45e8193184857646e0645df8,ACT Heritage Library ACT 1963 release patch,ACT,Hall,Hall,Research lead overlay,overlay_not_public_map
maplead_bf2209037ed6749abfd097f9,release_lead_overlay_items,rellead_ca8c3ca247a9c9a4012061f4,ACT Heritage Register ACT 1964 release patch,ACT,Acton,Acton,Research lead overlay,overlay_not_public_map
maplead_fb92b4478f89042a9f4f414a,release_lead_overlay_items,rellead_c7bb40ca56563b1d513970b4,ACT Heritage Register ACT 1964 release patch,ACT,Acton,Acton,Research lead overlay,overlay_not_public_map
maplead_9fad165110433cc3b6cdaf65,release_lead_overlay_items,rellead_22d8b851e7de2cc9ed131102,National Capital Authority Heritage ACT 1964 release patch,ACT,Kingston,Kingston,Research lead overlay,overlay_not_public_map
maplead_9b6adac060deedc70d2ea502,release_lead_overlay_items,rellead_5f2559d79e466a7d6a3679c9,National Trust ACT ACT 1964 release patch,ACT,Kingston,Kingston,Research lead overlay,overlay_not_public_map
maplead_b35c178a4b23d43655244956,release_lead_overlay_items,rellead_c052170aabbff2dfd3a7acbd,National Trust ACT ACT 1964 release patch,ACT,Kingston,Kingston,Research lead overlay,overlay_not_public_map
maplead_147b23241e444637fea08f6b,release_lead_overlay_items,rellead_656065ef923f0b2bad20999f,ACT Memory ACT 1964 release patch,ACT,Canberra,Canberra,Research lead overlay,overlay_not_public_map
maplead_b3887fae8eebfa3aab05bff4,release_lead_overlay_items,rellead_aba9470dfc11e4a06b8f9c13,Canberra & District Historical Society ACT 1964 release patch,ACT,Canberra,Canberra,Research lead overlay,overlay_not_public_map
maplead_acdd6e3ce2410678e186eff8,release_lead_overlay_items,rellead_d7e441f340bc6887508fe709,Canberra & District Historical Society ACT 1964 release patch,ACT,Canberra,Canberra,Research lead overlay,overlay_not_public_map
maplead_a935863529ae358bb9a63895,release_lead_overlay_items,rellead_58daf4b43acb917a31e79ad6,Canberra Museum and Gallery ACT 1964 release patch,ACT,Hall,Hall,Research lead overlay,overlay_not_public_map
maplead_bcacf28726cedb5d367a4903,release_lead_overlay_items,rellead_4fdf38f09649d7a681522a0f,Canberra Museum and Gallery ACT 1964 release patch,ACT,Hall,Hall,Research lead overlay,overlay_not_public_map
maplead_9a77954790e03ec7cc8b525e,release_lead_overlay_items,rellead_843c52980a2d31e557df5ebc,ANU Archives ACT 1964 release patch,ACT,Yarralumla,Yarralumla,Research lead overlay,overlay_not_public_map
maplead_6fa4e87472847ddc073c175d,release_lead_overlay_items,rellead_6ffe67f620523d63289a53a2,ANU Archives ACT 1964 release patch,ACT,Yarralumla,Yarralumla,Research lead overlay,overlay_not_public_map
maplead_fc34d7f688b5dfda888e37de,release_lead_overlay_items,rellead_30baf44b1e13764d1296cdff,ArchivesACT ACT 1964 release patch,ACT,Yarralumla,Yarralumla,Research lead overlay,overlay_not_public_map
maplead_7739d62850eab4c108828970,release_lead_overlay_items,rellead_34c6254a266a32dce7d79fd5,ArchivesACT / ACT Memory ACT 1964 release patch,ACT,Yarralumla,Yarralumla,Research lead overlay,overlay_not_public_map
maplead_f1e58d37ac2ace3fc258116f,release_lead_overlay_items,rellead_e6b24b6875429152dfb59539,ACT Heritage Library ACT 1964 release patch,ACT,Canberra,Canberra,Research lead overlay,overlay_not_public_map
maplead_375873a9a17d5db6dd8b9e4f,release_lead_overlay_items,rellead_5ad1250e9ae082569df1721a,ACT Heritage Library ACT 1964 release patch,ACT,Canberra,Canberra,Research lead overlay,overlay_not_public_map
maplead_56fa9688bfd3dd746cc1b941,release_lead_overlay_items,rellead_a1193b0cf8604dd999cabdb1,ACT Heritage Register ACT 1965 release patch,ACT,Kingston,Kingston,Research lead overlay,overlay_not_public_map
maplead_223db3153ba1a2b47a7a91d6,release_lead_overlay_items,rellead_c0f063de21a2e4fc1eca5075,ACT Heritage Register ACT 1965 release patch,ACT,Kingston,Kingston,Research lead overlay,overlay_not_public_map
maplead_3d9ae792ab35d090da337ba0,release_lead_overlay_items,rellead_23fa903ab2eac5cdce0daff5,National Capital Authority Heritage ACT 1965 release patch,ACT,Yarralumla,Yarralumla,Research lead overlay,overlay_not_public_map
maplead_4997bc9636a7d269ee0d8841,release_lead_overlay_items,rellead_d2ba13a98fa6aee62568be56,National Trust ACT ACT 1965 release patch,ACT,Yarralumla,Yarralumla,Research lead overlay,overlay_not_public_map
maplead_09453881730565f1615cb891,release_lead_overlay_items,rellead_2dde3b71217592d137682da1,National Trust ACT ACT 1965 release patch,ACT,Yarralumla,Yarralumla,Research lead overlay,overlay_not_public_map
maplead_15e22f8dd7b8c8ac13a15440,release_lead_overlay_items,rellead_57d0e2024021318dc274e347,ACT Memory ACT 1965 release patch,ACT,Acton,Acton,Research lead overlay,overlay_not_public_map
maplead_30616d7172b589a3aa301968,release_lead_overlay_items,rellead_7b2de0d996abc7c2fd3f9166,Canberra & District Historical Society ACT 1965 release patch,ACT,Acton,Acton,Research lead overlay,overlay_not_public_map
maplead_b78e5d40d51d6a6488ae3553,release_lead_overlay_items,rellead_8879b4b33152bbbedb22c9d4,Canberra & District Historical Society ACT 1965 release patch,ACT,Acton,Acton,Research lead overlay,overlay_not_public_map
maplead_f0a96220a5b29832da57722d,release_lead_overlay_items,rellead_67320fae85805670c46e54be,Canberra Museum and Gallery ACT 1965 release patch,ACT,Canberra,Canberra,Research lead overlay,overlay_not_public_map
maplead_ac44a36c520371a49607a9d3,release_lead_overlay_items,rellead_1b39215a222f3718802df2ba,Canberra Museum and Gallery ACT 1965 release patch,ACT,Canberra,Canberra,Research lead overlay,overlay_not_public_map
maplead_c7f12c20fcabc7c71ce86c26,release_lead_overlay_items,rellead_251cc2d0215faea94d06942d,ANU Archives ACT 1965 release patch,ACT,Yarralumla,Yarralumla,Research lead overlay,overlay_not_public_map
maplead_de9271234796f08ce7e3b3ee,release_lead_overlay_items,rellead_4631a8744568d2187f678544,ANU Archives ACT 1965 release patch,ACT,Hall,Hall,Research lead overlay,overlay_not_public_map
maplead_730d9cec6faf08256e0d5413,release_lead_overlay_items,rellead_3af70a27fc38f1ed56539ea6,ArchivesACT ACT 1965 release patch,ACT,Hall,Hall,Research lead overlay,overlay_not_public_map
maplead_7c821801c8cd73f2e07bcded,release_lead_overlay_items,rellead_5c88faf98bc2a80d4292d461,ArchivesACT / ACT Memory ACT 1965 release patch,ACT,Hall,Hall,Research lead overlay,overlay_not_public_map
maplead_fce2df019cc2231251d57937,release_lead_overlay_items,rellead_a3c1be1356a029be8f2bbd1b,ACT Heritage Library ACT 1965 release patch,ACT,Acton,Acton,Research lead overlay,overlay_not_public_map
maplead_a1de455ea738166bd955d176,release_lead_overlay_items,rellead_bbc9fc9547dc2e3d7847d9db,ACT Heritage Library ACT 1965 release patch,ACT,Acton,Acton,Research lead overlay,overlay_not_public_map
maplead_5b7953e891392b27a2958185,release_lead_overlay_items,rellead_91cf7a9b85f4164e5098bf03,ACT Heritage Register ACT 1966 release patch,ACT,Yarralumla,Yarralumla,Research lead overlay,overlay_not_public_map
maplead_346d2233bc9a395da77eb243,release_lead_overlay_items,rellead_38151ce6a287899eb37cd656,ACT Heritage Register ACT 1966 release patch,ACT,Yarralumla,Yarralumla,Research lead overlay,overlay_not_public_map
maplead_d03dc84f43fee8ed923ed38e,release_lead_overlay_items,rellead_1cbf7b8246ff145b0da55cb3,National Capital Authority Heritage ACT 1966 release patch,ACT,Hall,Hall,Research lead overlay,overlay_not_public_map
maplead_eb05ba9513e6aebb903a1ed3,release_lead_overlay_items,rellead_286d5edfb83f1f570cd1c321,National Trust ACT ACT 1966 release patch,ACT,Hall,Hall,Research lead overlay,overlay_not_public_map
maplead_a06e0a0d9c47feb20c3af726,release_lead_overlay_items,rellead_9326a9ee4b4708780cee76f1,National Trust ACT ACT 1966 release patch,ACT,Hall,Hall,Research lead overlay,overlay_not_public_map
maplead_fd5882b38dc4e1032c4a7a51,release_lead_overlay_items,rellead_615ab3c1050c114ee065deea,ACT Memory ACT 1966 release patch,ACT,Kingston,Kingston,Research lead overlay,overlay_not_public_map
maplead_8e333c5142cb59ebeff0670e,release_lead_overlay_items,rellead_8f6a44da462e101f1a51baae,Canberra & District Historical Society ACT 1966 release patch,ACT,Kingston,Kingston,Research lead overlay,overlay_not_public_map
maplead_6ec4f6e3a1173d06c8c705d6,release_lead_overlay_items,rellead_f22315097d2b0ad0ff8826ee,Canberra & District Historical Society ACT 1966 release patch,ACT,Kingston,Kingston,Research lead overlay,overlay_not_public_map
maplead_9b783ee62f0f6b97c2bebd32,release_lead_overlay_items,rellead_c61d7b144224643481633d07,Canberra Museum and Gallery ACT 1966 release patch,ACT,Acton,Acton,Research lead overlay,overlay_not_public_map
maplead_1b3f40b5efd530de51f879c5,release_lead_overlay_items,rellead_6f260c4573fceed1ff59e9b0,Canberra Museum and Gallery ACT 1966 release patch,ACT,Acton,Acton,Research lead overlay,overlay_not_public_map
maplead_978ea79ebd4ef965b6d1e391,release_lead_overlay_items,rellead_2f9835e2364f928b2f115110,ANU Archives ACT 1966 release patch,ACT,Hall,Hall,Research lead overlay,overlay_not_public_map
maplead_9f0dd7529f8ef0b49a60cb1f,release_lead_overlay_items,rellead_ae8cce26efcf95f37cbd3842,ANU Archives ACT 1966 release patch,ACT,Hall,Hall,Research lead overlay,overlay_not_public_map
maplead_e37138e7a8f9958be5bbe0d5,release_lead_overlay_items,rellead_6f5e03127987d230740f4d7e,ArchivesACT ACT 1966 release patch,ACT,Canberra,Canberra,Research lead overlay,overlay_not_public_map
maplead_621c94b6ef9d22870c28a346,release_lead_overlay_items,rellead_576d992e56d8b9e6826cd6c9,ArchivesACT / ACT Memory ACT 1966 release patch,ACT,Canberra,Canberra,Research lead overlay,overlay_not_public_map
maplead_8b6df0f1ce42edf1e147879f,release_lead_overlay_items,rellead_57d198239892506d1a295b67,ACT Heritage Library ACT 1966 release patch,ACT,Kingston,Kingston,Research lead overlay,overlay_not_public_map
maplead_5d0247424e9dd2461659c27c,release_lead_overlay_items,rellead_d36965e191800ba995d34584,ACT Heritage Library ACT 1966 release patch,ACT,Kingston,Kingston,Research lead overlay,overlay_not_public_map
maplead_0a3cb6783014b110917dc56e,release_lead_overlay_items,rellead_10021493dc76e95aaf61c6b8,ACT Heritage Register ACT 1955 ghost expansion lead,ACT,Yarralumla,Yarralumla,Research lead overlay,overlay_not_public_map
maplead_f0ed912b1c5d4e7c31ab31c0,release_lead_overlay_items,rellead_8f03d279a724725aa4a84015,ACT Heritage Register ACT 1955 ghost expansion lead,ACT,Yarralumla,Yarralumla,Research lead overlay,overlay_not_public_map
maplead_cf78b7064bee2223ce430088,release_lead_overlay_items,rellead_e8992aa531ec3518eb58cf1c,National Capital Authority Heritage ACT 1955 ghost expansion lead,ACT,Hall,Hall,Research lead overlay,overlay_not_public_map
maplead_2179ad2683894b360be4cc38,release_lead_overlay_items,rellead_45ff0bb6aac98b8a6ca62672,National Trust ACT ACT 1955 ghost expansion lead,ACT,Canberra,Canberra,Research lead overlay,overlay_not_public_map
maplead_d63e3e27d116da68a4102f3a,release_lead_overlay_items,rellead_c3cc6918f709405624ee500e,National Trust ACT ACT 1955 ghost expansion lead,ACT,Canberra,Canberra,Research lead overlay,overlay_not_public_map
maplead_cdd3662a00130f8db31016cb,release_lead_overlay_items,rellead_09c600d9b790a6f6cbf02108,ACT Memory ACT 1955 ghost expansion lead,ACT,Kingston,Kingston,Research lead overlay,overlay_not_public_map
maplead_37dfcccfc48b1ff46a9c9113,release_lead_overlay_items,rellead_c519ee09f7f8f99f6251644a,Canberra & District Historical Society ACT 1955 ghost expansion lead,ACT,Kingston,Kingston,Research lead overlay,overlay_not_public_map
maplead_45d267677250271cde300738,release_lead_overlay_items,rellead_ca353c20529b8a0c03d61abb,Canberra & District Historical Society ACT 1955 ghost expansion lead,ACT,Yarralumla,Yarralumla,Research lead overlay,overlay_not_public_map
maplead_9777a9dd3d5409819ab58117,release_lead_overlay_items,rellead_ae63d5de60151bcba8917021,Canberra Museum and Gallery ACT 1955 ghost expansion lead,ACT,Acton,Acton,Research lead overlay,overlay_not_public_map
maplead_211ec0a9041451d604ab9180,release_lead_overlay_items,rellead_bf5c9e803e4386241b170b3c,Canberra Museum and Gallery ACT 1955 ghost expansion lead,ACT,Acton,Acton,Research lead overlay,overlay_not_public_map
maplead_6bcb30cb380d8f2a9c44da74,release_lead_overlay_items,rellead_6d7061efbc432218bdaf8365,ANU Archives ACT 1955 ghost expansion lead,ACT,Canberra,Canberra,Research lead overlay,overlay_not_public_map
maplead_683d2247e172b2c81bbef385,release_lead_overlay_items,rellead_11a1ee181cd7a11c2e12eba3,ANU Archives ACT 1955 ghost expansion lead,ACT,Canberra,Canberra,Research lead overlay,overlay_not_public_map
maplead_8193f11c83d96e385c9b1e62,release_lead_overlay_items,rellead_c6e6868dcdb462726f21cbb6,ArchivesACT ACT 1955 ghost expansion lead,ACT,Canberra,Canberra,Research lead overlay,overlay_not_public_map
maplead_1164929ce1f6d9e3c98d1f84,release_lead_overlay_items,rellead_b9396f35f1f23e2191c937e9,ArchivesACT / ACT Memory ACT 1955 ghost expansion lead,ACT,Canberra,Canberra,Research lead overlay,overlay_not_public_map
maplead_05b6c511f547ada18bbab850,release_lead_overlay_items,rellead_6527cd3774727e260eb40b50,ACT Heritage Library ACT 1955 ghost expansion lead,ACT,Kingston,Kingston,Research lead overlay,overlay_not_public_map
maplead_76437bc459ff7ac73edaadef,release_lead_overlay_items,rellead_049de12d0866ea7fd445d1f1,ACT Heritage Library ACT 1955 ghost expansion lead,ACT,Kingston,Kingston,Research lead overlay,overlay_not_public_map
maplead_3deb4fa0d5a2c8d25e9ec4b4,release_lead_overlay_items,rellead_02eb091a5672b7b17ec776d6,ACT Heritage Register ACT 1956 ghost expansion lead,ACT,Hall,Hall,Research lead overlay,overlay_not_public_map
maplead_ee412c6d3c094cb0a0d9e286,release_lead_overlay_items,rellead_e6dd3e14653b2008adcb5aca,ACT Heritage Register ACT 1956 ghost expansion lead,ACT,Hall,Hall,Research lead overlay,overlay_not_public_map
maplead_22cce6b72fdd050162d68c30,release_lead_overlay_items,rellead_9987a7d98a25651ff48c63f5,National Capital Authority Heritage ACT 1956 ghost expansion lead,ACT,Canberra,Canberra,Research lead overlay,overlay_not_public_map
maplead_51ee6ee4bce19aceab17b787,release_lead_overlay_items,rellead_bce4d202f98ca0f7df8ec7d6,National Trust ACT ACT 1956 ghost expansion lead,ACT,Canberra,Canberra,Research lead overlay,overlay_not_public_map
maplead_c3ff29833211c494e8829076,release_lead_overlay_items,rellead_bb81f3d8846465c810ac5a49,National Trust ACT ACT 1956 ghost expansion lead,ACT,Acton,Acton,Research lead overlay,overlay_not_public_map
maplead_bcfba69d4d346ef601c70901,release_lead_overlay_items,rellead_041ae981bdce64cd675d2eeb,ACT Memory ACT 1956 ghost expansion lead,ACT,Yarralumla,Yarralumla,Research lead overlay,overlay_not_public_map
maplead_468a950144d07722e611732c,release_lead_overlay_items,rellead_439e68aa068b1164e6315f7b,Canberra & District Historical Society ACT 1956 ghost expansion lead,ACT,Yarralumla,Yarralumla,Research lead overlay,overlay_not_public_map
maplead_e1edac81c65fde6f7dbb194c,release_lead_overlay_items,rellead_4ff1f0208a1a3c20720c135d,Canberra & District Historical Society ACT 1956 ghost expansion lead,ACT,Yarralumla,Yarralumla,Research lead overlay,overlay_not_public_map
maplead_d68c7693d0ab59820d1cf0ca,release_lead_overlay_items,rellead_0ac44edb2eaf15a0520d9048,Canberra Museum and Gallery ACT 1956 ghost expansion lead,ACT,Kingston,Kingston,Research lead overlay,overlay_not_public_map
maplead_646a9730fca863991c199875,release_lead_overlay_items,rellead_b0103b8830a31f952b3a2097,Canberra Museum and Gallery ACT 1956 ghost expansion lead,ACT,Kingston,Kingston,Research lead overlay,overlay_not_public_map
maplead_457917b09b82edb1399e3c49,release_lead_overlay_items,rellead_57db5634e276a56086e569c5,ANU Archives ACT 1956 ghost expansion lead,ACT,Acton,Acton,Research lead overlay,overlay_not_public_map
maplead_d3d4478259a276b8a9c79792,release_lead_overlay_items,rellead_ba62741fb9aa178f00a5b178,ANU Archives ACT 1956 ghost expansion lead,ACT,Acton,Acton,Research lead overlay,overlay_not_public_map
maplead_d2435828b11d79b0f3e16109,release_lead_overlay_items,rellead_8e626e70b7c4b33c51fe46ab,ArchivesACT ACT 1956 ghost expansion lead,ACT,Acton,Acton,Research lead overlay,overlay_not_public_map
maplead_aed0ce4f6182cc3cdc7240f2,release_lead_overlay_items,rellead_4f7b7e2fb34ef60d68f7ad90,ArchivesACT / ACT Memory ACT 1956 ghost expansion lead,ACT,Acton,Acton,Research lead overlay,overlay_not_public_map
maplead_92e5a9770a92a87bac7df566,release_lead_overlay_items,rellead_df2156082cf961eabdcfe33e,ACT Heritage Library ACT 1956 ghost expansion lead,ACT,Yarralumla,Yarralumla,Research lead overlay,overlay_not_public_map
maplead_6472e0facf1b15da5e8e5724,release_lead_overlay_items,rellead_3371802c780942e2bb127252,ACT Heritage Library ACT 1956 ghost expansion lead,ACT,Yarralumla,Yarralumla,Research lead overlay,overlay_not_public_map
maplead_56303d6349ebe6385f6d1815,release_lead_overlay_items,rellead_cbca4af5dadc349cdf9edb24,ACT Heritage Register ACT 1957 ghost expansion lead,ACT,Canberra,Canberra,Research lead overlay,overlay_not_public_map
maplead_53facd1757bed0adb597472f,release_lead_overlay_items,rellead_ec80913fc1efbbb222f50626,ACT Heritage Register ACT 1957 ghost expansion lead,ACT,Canberra,Canberra,Research lead overlay,overlay_not_public_map
maplead_530606fcdda31c7a0ce48de6,release_lead_overlay_items,rellead_bdd43a559775904aa6008ea0,National Capital Authority Heritage ACT 1957 ghost expansion lead,ACT,Acton,Acton,Research lead overlay,overlay_not_public_map
maplead_353ebb831202a96512b39c40,release_lead_overlay_items,rellead_f8bb5829eb63796cce300e3c,National Trust ACT ACT 1957 ghost expansion lead,ACT,Acton,Acton,Research lead overlay,overlay_not_public_map
maplead_666dc698fc87819d7de20258,release_lead_overlay_items,rellead_ca3a2ef221d6d21d14479c61,National Trust ACT ACT 1957 ghost expansion lead,ACT,Acton,Acton,Research lead overlay,overlay_not_public_map
maplead_ad055f684db9fd10e7297e80,release_lead_overlay_items,rellead_444dcee2e0268e0332a7b431,ACT Memory ACT 1957 ghost expansion lead,ACT,Hall,Hall,Research lead overlay,overlay_not_public_map
maplead_0d74e0a3eea111ef9d69c53e,release_lead_overlay_items,rellead_622b59c96d51b265e94b8264,Canberra & District Historical Society ACT 1957 ghost expansion lead,ACT,Hall,Hall,Research lead overlay,overlay_not_public_map
maplead_f3d80adac83272f347ba969f,release_lead_overlay_items,rellead_51b4810c42ad38020c450101,Canberra & District Historical Society ACT 1957 ghost expansion lead,ACT,Hall,Hall,Research lead overlay,overlay_not_public_map
maplead_da1be73cb49d077ddb41b014,release_lead_overlay_items,rellead_1e545a8f865d94783f33831b,Canberra Museum and Gallery ACT 1957 ghost expansion lead,ACT,Yarralumla,Yarralumla,Research lead overlay,overlay_not_public_map
maplead_ec36cbdbc2833a8ef675ef5d,release_lead_overlay_items,rellead_0ab09e71e2710e85f4a75e20,Canberra Museum and Gallery ACT 1957 ghost expansion lead,ACT,Yarralumla,Yarralumla,Research lead overlay,overlay_not_public_map
maplead_bb0f52e037aec8daa38bacfe,release_lead_overlay_items,rellead_51583c279727bb4589ad2e8b,ANU Archives ACT 1957 ghost expansion lead,ACT,Kingston,Kingston,Research lead overlay,overlay_not_public_map
maplead_8376048a555c732ea6eb3c3c,release_lead_overlay_items,rellead_bd7633e7d8403c1fe63dc4fd,ANU Archives ACT 1957 ghost expansion lead,ACT,Kingston,Kingston,Research lead overlay,overlay_not_public_map
maplead_976753b9f37f1f52062afaea,release_lead_overlay_items,rellead_682fa9aad4bee5ff9caa8fa7,ArchivesACT ACT 1957 ghost expansion lead,ACT,Kingston,Kingston,Research lead overlay,overlay_not_public_map
maplead_03e2c5c4161af9e43826379d,release_lead_overlay_items,rellead_4f51ae2a5a8c7ed983ea6f6e,ArchivesACT / ACT Memory ACT 1957 ghost expansion lead,ACT,Kingston,Kingston,Research lead overlay,overlay_not_public_map
maplead_4af4c91e2991f48a328f44c4,release_lead_overlay_items,rellead_868a0f2234fddde2a2923236,ACT Heritage Library ACT 1957 ghost expansion lead,ACT,Hall,Hall,Research lead overlay,overlay_not_public_map
maplead_ba5324a606de58aca6460c3c,release_lead_overlay_items,rellead_def4958ac205e219c1214f69,ACT Heritage Library ACT 1957 ghost expansion lead,ACT,Hall,Hall,Research lead overlay,overlay_not_public_map
maplead_86b215171c78926650582ce3,release_lead_overlay_items,rellead_e91441c9efca13906f782c81,ACT Heritage Register ACT 1958 ghost expansion lead,ACT,Acton,Acton,Research lead overlay,overlay_not_public_map
maplead_c39de757e9b78229308039de,release_lead_overlay_items,rellead_57145526a42a21f87516e136,ACT Heritage Register ACT 1958 ghost expansion lead,ACT,Acton,Acton,Research lead overlay,overlay_not_public_map
maplead_bd772bad73a3b3465e0eed00,release_lead_overlay_items,rellead_b4c00e9111f517dfc2763e52,National Capital Authority Heritage ACT 1958 ghost expansion lead,ACT,Kingston,Kingston,Research lead overlay,overlay_not_public_map
maplead_5dbb23e050e6319c331af3ce,release_lead_overlay_items,rellead_388eb3caceda708f62d2a20f,National Trust ACT ACT 1958 ghost expansion lead,ACT,Kingston,Kingston,Research lead overlay,overlay_not_public_map
maplead_40d31175b0d12e119d2b2c5f,release_lead_overlay_items,rellead_e6bc349ebf89d3a93d15d3d2,National Trust ACT ACT 1958 ghost expansion lead,ACT,Kingston,Kingston,Research lead overlay,overlay_not_public_map
maplead_c8d755d5d6adb9efe8d29b83,release_lead_overlay_items,rellead_ea4d8056c714b0f00aec9960,ACT Memory ACT 1958 ghost expansion lead,ACT,Canberra,Canberra,Research lead overlay,overlay_not_public_map
maplead_c18128a67def08dd508371c4,release_lead_overlay_items,rellead_8c395549f30d9e8d356de10e,Canberra & District Historical Society ACT 1958 ghost expansion lead,ACT,Canberra,Canberra,Research lead overlay,overlay_not_public_map
maplead_5b8e1f093fe9adc438235c88,release_lead_overlay_items,rellead_fccbd26ab1d9346d9e9e136d,Canberra & District Historical Society ACT 1958 ghost expansion lead,ACT,Canberra,Canberra,Research lead overlay,overlay_not_public_map
maplead_e56d1cd57d5f6200fdee85bf,release_lead_overlay_items,rellead_b0f0e3219b3c2994cfa3582f,Canberra Museum and Gallery ACT 1958 ghost expansion lead,ACT,Hall,Hall,Research lead overlay,overlay_not_public_map
maplead_cb4a592c59dcb44c701be3de,release_lead_overlay_items,rellead_244a31dfc601e571a5ff67ad,Canberra Museum and Gallery ACT 1958 ghost expansion lead,ACT,Hall,Hall,Research lead overlay,overlay_not_public_map
maplead_7696faee6e50d1f31e373a4e,release_lead_overlay_items,rellead_2883bcf931efdea916c5b522,ANU Archives ACT 1958 ghost expansion lead,ACT,Kingston,Kingston,Research lead overlay,overlay_not_public_map
maplead_a476b7ebfebc3f0ec56956c9,release_lead_overlay_items,rellead_0857c1b1e3bb48868752ed64,ANU Archives ACT 1958 ghost expansion lead,ACT,Yarralumla,Yarralumla,Research lead overlay,overlay_not_public_map
maplead_3a0fa2ba4b360548d82bdc44,release_lead_overlay_items,rellead_ef854958fdd1a4a2424cec25,ArchivesACT ACT 1958 ghost expansion lead,ACT,Yarralumla,Yarralumla,Research lead overlay,overlay_not_public_map
maplead_91912ce11622ebedd9f5c20f,release_lead_overlay_items,rellead_3823f78cdd27548d6f1ccd30,ArchivesACT / ACT Memory ACT 1958 ghost expansion lead,ACT,Yarralumla,Yarralumla,Research lead overlay,overlay_not_public_map
maplead_0677bc5965a52df8b49a4aef,release_lead_overlay_items,rellead_6cf9aa9712f649b3717cd45e,ACT Heritage Library ACT 1958 ghost expansion lead,ACT,Canberra,Canberra,Research lead overlay,overlay_not_public_map
maplead_dc5b41354569840963c03e4a,release_lead_overlay_items,rellead_9959531c22d3071a707ae17e,ACT Heritage Library ACT 1958 ghost expansion lead,ACT,Canberra,Canberra,Research lead overlay,overlay_not_public_map
maplead_1d1487c01c8023993287999c,release_lead_overlay_items,rellead_df4362d77fa5c1e98d11ee0c,ACT Heritage Register ACT 1959 ghost expansion lead,ACT,Kingston,Kingston,Research lead overlay,overlay_not_public_map
maplead_abb699dbc84d784f598e2954,release_lead_overlay_items,rellead_8df95b4b5483ee0d78c196b3,ACT Heritage Register ACT 1959 ghost expansion lead,ACT,Kingston,Kingston,Research lead overlay,overlay_not_public_map
maplead_21a103b0e45df75f1d409d98,release_lead_overlay_items,rellead_dde4aa398fc664842eb932c6,National Capital Authority Heritage ACT 1959 ghost expansion lead,ACT,Yarralumla,Yarralumla,Research lead overlay,overlay_not_public_map
maplead_d2e66b09400d60ebd5c8e31b,release_lead_overlay_items,rellead_856af4cba2998957965bef52,National Trust ACT ACT 1959 ghost expansion lead,ACT,Yarralumla,Yarralumla,Research lead overlay,overlay_not_public_map
maplead_4bdc015a33428a882d60e775,release_lead_overlay_items,rellead_183fc26cb8bb93419bac2027,National Trust ACT ACT 1959 ghost expansion lead,ACT,Yarralumla,Yarralumla,Research lead overlay,overlay_not_public_map
maplead_57aa32ed41277c8a36237e5e,release_lead_overlay_items,rellead_6242e7b0eca33e6f2f84b679,ACT Memory ACT 1959 ghost expansion lead,ACT,Acton,Acton,Research lead overlay,overlay_not_public_map
maplead_61452b5c36c7fb3e3728c84b,release_lead_overlay_items,rellead_5848d4f0e58bd4e5a4cb977c,Canberra & District Historical Society ACT 1959 ghost expansion lead,ACT,Acton,Acton,Research lead overlay,overlay_not_public_map
maplead_7a9efa39c78a45c8127e2eb5,release_lead_overlay_items,rellead_5a49b41416b9053b1f37c9ad,Canberra & District Historical Society ACT 1959 ghost expansion lead,ACT,Acton,Acton,Research lead overlay,overlay_not_public_map
maplead_2f36601c694965ae12b78385,release_lead_overlay_items,rellead_1e100f38ec66ac5abdda24bd,Canberra Museum and Gallery ACT 1959 ghost expansion lead,ACT,Canberra,Canberra,Research lead overlay,overlay_not_public_map
maplead_fe93af1bd262493279933ecd,release_lead_overlay_items,rellead_bae32dfc6959b45e5132e7ee,Canberra Museum and Gallery ACT 1959 ghost expansion lead,ACT,Canberra,Canberra,Research lead overlay,overlay_not_public_map
maplead_db419298547fc73c60ee7d74,release_lead_overlay_items,rellead_14db53ca5775c6d7a4ebf8f6,ANU Archives ACT 1959 ghost expansion lead,ACT,Yarralumla,Yarralumla,Research lead overlay,overlay_not_public_map
maplead_d6907503b6a3d178447a5ae1,release_lead_overlay_items,rellead_31d799a53ebddf612271e94f,ANU Archives ACT 1959 ghost expansion lead,ACT,Yarralumla,Yarralumla,Research lead overlay,overlay_not_public_map
maplead_8db15ba57a33f1cf4a2193c9,release_lead_overlay_items,rellead_94221bf727105fc4c18a51d4,ArchivesACT ACT 1959 ghost expansion lead,ACT,Hall,Hall,Research lead overlay,overlay_not_public_map
maplead_42f998fee672a594bb6bbf9e,release_lead_overlay_items,rellead_f119217e5defccaf19bc234a,ArchivesACT / ACT Memory ACT 1959 ghost expansion lead,ACT,Hall,Hall,Research lead overlay,overlay_not_public_map
maplead_83a166c6a4ad89a6c7907a2a,release_lead_overlay_items,rellead_33e9c2044cc16b87c51662c8,ACT Heritage Library ACT 1959 ghost expansion lead,ACT,Acton,Acton,Research lead overlay,overlay_not_public_map
maplead_c577d16f400c236b6dbe7da2,release_lead_overlay_items,rellead_a6046ef126ad263197082db4,ACT Heritage Library ACT 1959 ghost expansion lead,ACT,Acton,Acton,Research lead overlay,overlay_not_public_map
maplead_38ddd917f953981acdbc0e92,release_lead_overlay_items,rellead_26f1ea7e1d685a250ed42275,ACT Heritage Register ACT 1960 ghost expansion lead,ACT,Yarralumla,Yarralumla,Research lead overlay,overlay_not_public_map
maplead_3c6c02ae51292b33d111b68a,release_lead_overlay_items,rellead_53bdc90a509dcaeea1528649,ACT Heritage Register ACT 1960 ghost expansion lead,ACT,Yarralumla,Yarralumla,Research lead overlay,overlay_not_public_map
maplead_c01d4133f21e6d2c094edba6,release_lead_overlay_items,rellead_e6104bc41d388c67a17cbc94,National Capital Authority Heritage ACT 1960 ghost expansion lead,ACT,Hall,Hall,Research lead overlay,overlay_not_public_map
maplead_0563e12afe7615d913b49eaf,release_lead_overlay_items,rellead_022707d98304e5caaa240b9b,National Trust ACT ACT 1960 ghost expansion lead,ACT,Hall,Hall,Research lead overlay,overlay_not_public_map
maplead_876dfd4bda5059443bd1d7f0,release_lead_overlay_items,rellead_26b8a7d60fe1f89d7633e6d4,National Trust ACT ACT 1960 ghost expansion lead,ACT,Hall,Hall,Research lead overlay,overlay_not_public_map
maplead_e2f2bf78796bfb1a52bd5dc2,release_lead_overlay_items,rellead_3c5b8c66860b3eef28192405,ACT Memory ACT 1960 ghost expansion lead,ACT,Kingston,Kingston,Research lead overlay,overlay_not_public_map
maplead_a15b2ade40816788184e1899,release_lead_overlay_items,rellead_334d838fea60073899512332,Canberra & District Historical Society ACT 1960 ghost expansion lead,ACT,Kingston,Kingston,Research lead overlay,overlay_not_public_map
maplead_692b2e537d0f66a5ca85c1f1,release_lead_overlay_items,rellead_7e08f5a51a1b71868e581dbe,Canberra & District Historical Society ACT 1960 ghost expansion lead,ACT,Kingston,Kingston,Research lead overlay,overlay_not_public_map
maplead_62726c0c156dddc262940df7,release_lead_overlay_items,rellead_98648b78ea388e1a47cad433,Canberra Museum and Gallery ACT 1960 ghost expansion lead,ACT,Canberra,Canberra,Research lead overlay,overlay_not_public_map
maplead_6d12902fef90f876f50d6231,release_lead_overlay_items,rellead_e563f1c4d2b59a4ddb14f543,Canberra Museum and Gallery ACT 1960 ghost expansion lead,ACT,Acton,Acton,Research lead overlay,overlay_not_public_map
maplead_0dfab1da80e2338f0aabdee2,release_lead_overlay_items,rellead_1da2d2acc8a2ed69f3a5f183,ANU Archives ACT 1960 ghost expansion lead,ACT,Hall,Hall,Research lead overlay,overlay_not_public_map
maplead_7c1b6415ba1030f9adc3c34c,release_lead_overlay_items,rellead_6fc8ae61f7342e58a249036a,ANU Archives ACT 1960 ghost expansion lead,ACT,Hall,Hall,Research lead overlay,overlay_not_public_map
maplead_2a1fca0e34ede07e4ee536f1,release_lead_overlay_items,rellead_e17a4f30877ad61c8c975462,ArchivesACT ACT 1960 ghost expansion lead,ACT,Hall,Hall,Research lead overlay,overlay_not_public_map
maplead_f5c9273f1f3b08559524e525,release_lead_overlay_items,rellead_0ebbbb5d523743a7f79444d6,ArchivesACT / ACT Memory ACT 1960 ghost expansion lead,ACT,Canberra,Canberra,Research lead overlay,overlay_not_public_map
maplead_c1fc6ca9a8ba126f5e1e2d5e,release_lead_overlay_items,rellead_1d6816df03727c69af82b678,ACT Heritage Library ACT 1960 ghost expansion lead,ACT,Acton,Acton,Research lead overlay,overlay_not_public_map
maplead_938c586238914f7c3ee7c151,release_lead_overlay_items,rellead_e36b57ef3c4cccd21f3d7a86,ACT Heritage Library ACT 1960 ghost expansion lead,ACT,Kingston,Kingston,Research lead overlay,overlay_not_public_map
maplead_28b8d5fd06d04fe39ed002c9,release_lead_overlay_items,rellead_a596a38a02e15295d7c53390,ACT Heritage Register ACT 1961 ghost expansion lead,ACT,Yarralumla,Yarralumla,Research lead overlay,overlay_not_public_map
maplead_8d303743ba47fc10a0b831ca,release_lead_overlay_items,rellead_735acb7d3a22c0d4e3117a60,ACT Heritage Register ACT 1961 ghost expansion lead,ACT,Hall,Hall,Research lead overlay,overlay_not_public_map
maplead_affe2dda3bfbcaa9bf0c3303,release_lead_overlay_items,rellead_1c4af49b5c999f80959ddc3e,National Capital Authority Heritage ACT 1961 ghost expansion lead,ACT,Canberra,Canberra,Research lead overlay,overlay_not_public_map
maplead_888c460d72792bb78beb4b9a,release_lead_overlay_items,rellead_8449d011e66b05c8381e36f1,National Trust ACT ACT 1961 ghost expansion lead,ACT,Canberra,Canberra,Research lead overlay,overlay_not_public_map
maplead_cd682f50890aee8c8c785dbb,release_lead_overlay_items,rellead_87392a8127a41265d2f2d181,National Trust ACT ACT 1961 ghost expansion lead,ACT,Canberra,Canberra,Research lead overlay,overlay_not_public_map
maplead_e5eb1682552f3f78bb8be344,release_lead_overlay_items,rellead_bccab7327f8cd86f90c50449,ACT Memory ACT 1961 ghost expansion lead,ACT,Kingston,Kingston,Research lead overlay,overlay_not_public_map
maplead_76457b6a7af3f1804ca82781,release_lead_overlay_items,rellead_d9ce632c7822bd0a47e69172,Canberra & District Historical Society ACT 1961 ghost expansion lead,ACT,Yarralumla,Yarralumla,Research lead overlay,overlay_not_public_map
maplead_65619d944443973dd9cbf041,release_lead_overlay_items,rellead_b139022c5635386fc1f7e51a,Canberra & District Historical Society ACT 1961 ghost expansion lead,ACT,Yarralumla,Yarralumla,Research lead overlay,overlay_not_public_map
maplead_447e1b23f18c91670609c0e0,release_lead_overlay_items,rellead_5d211d13d5a19fd51085032a,Canberra Museum and Gallery ACT 1961 ghost expansion lead,ACT,Acton,Acton,Research lead overlay,overlay_not_public_map
maplead_bb124f2f446b455ae0dffedb,release_lead_overlay_items,rellead_2735a34160cb22f3eb885987,Canberra Museum and Gallery ACT 1961 ghost expansion lead,ACT,Acton,Acton,Research lead overlay,overlay_not_public_map
maplead_e68c77cc488902ccaa335a2c,release_lead_overlay_items,rellead_270e1c30d6a7ce7d72b2cbca,ANU Archives ACT 1961 ghost expansion lead,ACT,Canberra,Canberra,Research lead overlay,overlay_not_public_map
maplead_c07cf94ad2d685b09db17b93,release_lead_overlay_items,rellead_4282bab36c21308a1b42ced0,ANU Archives ACT 1961 ghost expansion lead,ACT,Canberra,Canberra,Research lead overlay,overlay_not_public_map
maplead_924f6b11297885d27fc3574d,release_lead_overlay_items,rellead_7d4709b3d28d8ea04cfa084b,ArchivesACT ACT 1961 ghost expansion lead,ACT,Canberra,Canberra,Research lead overlay,overlay_not_public_map
maplead_a4eca15b5a3aa23d0e593fd0,release_lead_overlay_items,rellead_09cb1fb7e9ebc24ed39f2e16,ArchivesACT / ACT Memory ACT 1961 ghost expansion lead,ACT,Canberra,Canberra,Research lead overlay,overlay_not_public_map
maplead_8ad9a80cb4d2cf46b5efd339,release_lead_overlay_items,rellead_54c2f266db501f28d67fe18d,ACT Heritage Library ACT 1961 ghost expansion lead,ACT,Kingston,Kingston,Research lead overlay,overlay_not_public_map
maplead_543b1db74c1b0de730870851,release_lead_overlay_items,rellead_32d6c1ed4e649fbbe9db8ce7,ACT Heritage Library ACT 1961 ghost expansion lead,ACT,Kingston,Kingston,Research lead overlay,overlay_not_public_map
maplead_79ef4c2a3aaf7198b5fe2038,release_lead_overlay_items,rellead_52a50b191af4e4bfd4b6495a,ACT Heritage Register ACT 1962 ghost expansion lead,ACT,Hall,Hall,Research lead overlay,overlay_not_public_map
maplead_26584c9dea24ecaf890717b7,release_lead_overlay_items,rellead_db7ce387c64ae472ff8d93e0,ACT Heritage Register ACT 1962 ghost expansion lead,ACT,Hall,Hall,Research lead overlay,overlay_not_public_map
maplead_9d99804c883a69a43581f823,release_lead_overlay_items,rellead_c430a893aea7cdedb052dbbf,National Capital Authority Heritage ACT 1962 ghost expansion lead,ACT,Canberra,Canberra,Research lead overlay,overlay_not_public_map
maplead_a59eb05a88bf83a68872c798,release_lead_overlay_items,rellead_a775cfb7c18514a9d5d56533,National Trust ACT ACT 1962 ghost expansion lead,ACT,Acton,Acton,Research lead overlay,overlay_not_public_map
maplead_85659a105baaad567403b885,release_lead_overlay_items,rellead_9275d0d7b4ba2f832f9f0640,National Trust ACT ACT 1962 ghost expansion lead,ACT,Acton,Acton,Research lead overlay,overlay_not_public_map
maplead_a2ca8a8095d381a301a80e08,release_lead_overlay_items,rellead_c3b850d3d392dbf19e5a3589,ACT Memory ACT 1962 ghost expansion lead,ACT,Yarralumla,Yarralumla,Research lead overlay,overlay_not_public_map
maplead_3081234d458479c2809b7921,release_lead_overlay_items,rellead_088e2e5e5433b46b7d098e29,Canberra & District Historical Society ACT 1962 ghost expansion lead,ACT,Yarralumla,Yarralumla,Research lead overlay,overlay_not_public_map
maplead_58ea7b24742244b93eeec012,release_lead_overlay_items,rellead_abdfa73145bd5147dba05227,Canberra & District Historical Society ACT 1962 ghost expansion lead,ACT,Hall,Hall,Research lead overlay,overlay_not_public_map
maplead_92ad6a3aeacdb36ac6aae141,release_lead_overlay_items,rellead_379b8a6efb07ed4ba8b39353,Canberra Museum and Gallery ACT 1962 ghost expansion lead,ACT,Kingston,Kingston,Research lead overlay,overlay_not_public_map
maplead_05aadaa2993b6c0e5e32de46,release_lead_overlay_items,rellead_6193540b7f85b0e75d6bb71a,Canberra Museum and Gallery ACT 1962 ghost expansion lead,ACT,Kingston,Kingston,Research lead overlay,overlay_not_public_map
maplead_32f457cb5ef9fe8bebd19ba5,release_lead_overlay_items,rellead_74b1ed4d1e49757a23941534,ANU Archives ACT 1962 ghost expansion lead,ACT,Acton,Acton,Research lead overlay,overlay_not_public_map
maplead_95b9a2a253cd04378f3dba5c,release_lead_overlay_items,rellead_4fe3b618c0858cd8290bd92d,ANU Archives ACT 1962 ghost expansion lead,ACT,Acton,Acton,Research lead overlay,overlay_not_public_map
maplead_d48a7a0c0a375b6a4865fba8,release_lead_overlay_items,rellead_0fdf4db93414349e3ac0464f,ArchivesACT ACT 1962 ghost expansion lead,ACT,Acton,Acton,Research lead overlay,overlay_not_public_map
maplead_46e1cce5df1705122565b6c5,release_lead_overlay_items,rellead_bbcf3e82439fe2a9af5dd57c,ArchivesACT / ACT Memory ACT 1962 ghost expansion lead,ACT,Acton,Acton,Research lead overlay,overlay_not_public_map
maplead_e54f88300cea5af8d49a7502,release_lead_overlay_items,rellead_2c962630226a7f56b8f01190,ACT Heritage Library ACT 1962 ghost expansion lead,ACT,Yarralumla,Yarralumla,Research lead overlay,overlay_not_public_map
maplead_3c03d8705df3980d39343308,release_lead_overlay_items,rellead_3b0bb0175d012d50a4b19d7d,ACT Heritage Library ACT 1962 ghost expansion lead,ACT,Yarralumla,Yarralumla,Research lead overlay,overlay_not_public_map
maplead_7ce0a412c68822ffb16d8ab2,release_lead_overlay_items,rellead_94d80e040f6c327bfa760cbd,ACT Heritage Register ACT 1963 ghost expansion lead,ACT,Canberra,Canberra,Research lead overlay,overlay_not_public_map
maplead_05cbd9a26c037634d35da828,release_lead_overlay_items,rellead_3f3b7cf8ca37f4ba040da9ce,ACT Heritage Register ACT 1963 ghost expansion lead,ACT,Canberra,Canberra,Research lead overlay,overlay_not_public_map
maplead_0c86437c2a12f55dff645f8e,release_lead_overlay_items,rellead_1e4f18b448dfe50daeffb0fe,National Capital Authority Heritage ACT 1963 ghost expansion lead,ACT,Acton,Acton,Research lead overlay,overlay_not_public_map
maplead_2b91b31583759597f6293e7a,release_lead_overlay_items,rellead_f5e93467e0785da81b2e5f74,National Trust ACT ACT 1963 ghost expansion lead,ACT,Acton,Acton,Research lead overlay,overlay_not_public_map
maplead_002fa8de2981cd3c4f8420e8,release_lead_overlay_items,rellead_ae4b53eb8d8a524310421128,National Trust ACT ACT 1963 ghost expansion lead,ACT,Kingston,Kingston,Research lead overlay,overlay_not_public_map
maplead_f981841ab576c55bfd77eebe,release_lead_overlay_items,rellead_1ee587ece3c67a717cb6d3e1,ACT Memory ACT 1963 ghost expansion lead,ACT,Hall,Hall,Research lead overlay,overlay_not_public_map
maplead_1d18df5c14361c9204615386,release_lead_overlay_items,rellead_3a276daac700296f5547b352,Canberra & District Historical Society ACT 1963 ghost expansion lead,ACT,Hall,Hall,Research lead overlay,overlay_not_public_map
maplead_911ec6e1af017a39dfe5b1a6,release_lead_overlay_items,rellead_b82dd74956316ec278ef41ae,Canberra & District Historical Society ACT 1963 ghost expansion lead,ACT,Hall,Hall,Research lead overlay,overlay_not_public_map
maplead_846a7f2d8d9a539db8627aeb,release_lead_overlay_items,rellead_d5e2efd3da857e32ea69791b,Canberra Museum and Gallery ACT 1963 ghost expansion lead,ACT,Yarralumla,Yarralumla,Research lead overlay,overlay_not_public_map
maplead_d4085b7aaf7fa8719c84a552,release_lead_overlay_items,rellead_0a89e2782219c6411dacd026,Canberra Museum and Gallery ACT 1963 ghost expansion lead,ACT,Yarralumla,Yarralumla,Research lead overlay,overlay_not_public_map
maplead_d28d6d1bf7e70a8d29b583ec,release_lead_overlay_items,rellead_a33f96cfc84e14551ef48516,ANU Archives ACT 1963 ghost expansion lead,ACT,Kingston,Kingston,Research lead overlay,overlay_not_public_map
maplead_077a8fa87104db07d4aa1c46,release_lead_overlay_items,rellead_f19e1e73be6ab7e3549c357a,ANU Archives ACT 1963 ghost expansion lead,ACT,Kingston,Kingston,Research lead overlay,overlay_not_public_map
maplead_7d7b5d5ed7748496b0d28c9b,release_lead_overlay_items,rellead_164e7212782818d10eb8f8bf,ArchivesACT ACT 1963 ghost expansion lead,ACT,Kingston,Kingston,Research lead overlay,overlay_not_public_map
maplead_8f508a57c691a76f28fb5527,release_lead_overlay_items,rellead_45582cfcfd917697f387ba6b,ArchivesACT / ACT Memory ACT 1963 ghost expansion lead,ACT,Kingston,Kingston,Research lead overlay,overlay_not_public_map
maplead_fc9b0d2076be96ea9bdb08d1,release_lead_overlay_items,rellead_28b59a1d1c81d8906851212b,ACT Heritage Library ACT 1963 ghost expansion lead,ACT,Hall,Hall,Research lead overlay,overlay_not_public_map
maplead_caa0320f4702adb9aea13824,release_lead_overlay_items,rellead_b39dfab042571c012e420d1e,ACT Heritage Library ACT 1963 ghost expansion lead,ACT,Hall,Hall,Research lead overlay,overlay_not_public_map
maplead_0ffcdfe1c39cf6e735c338f3,release_lead_overlay_items,rellead_36908d8ed7b4f4609ebb116a,ACT Heritage Register ACT 1964 ghost expansion lead,ACT,Acton,Acton,Research lead overlay,overlay_not_public_map
maplead_8b69fbf0829ccff9b0acb7e5,release_lead_overlay_items,rellead_5d0e23ded29c7fca23878cc7,ACT Heritage Register ACT 1964 ghost expansion lead,ACT,Acton,Acton,Research lead overlay,overlay_not_public_map
maplead_81d6edac0f0e0675cc39ae3b,release_lead_overlay_items,rellead_1f595308f116b15165ebb98b,National Capital Authority Heritage ACT 1964 ghost expansion lead,ACT,Kingston,Kingston,Research lead overlay,overlay_not_public_map
maplead_ecc0ae4f38ca44cc81f82172,release_lead_overlay_items,rellead_24ecd5490e0ecfca0ae81357,National Trust ACT ACT 1964 ghost expansion lead,ACT,Kingston,Kingston,Research lead overlay,overlay_not_public_map
maplead_049e6a5b8ccb10935a19658c,release_lead_overlay_items,rellead_a357dcd65567f0eaf747efc2,National Trust ACT ACT 1964 ghost expansion lead,ACT,Kingston,Kingston,Research lead overlay,overlay_not_public_map
maplead_3f505175c8eafa43380a2a5f,release_lead_overlay_items,rellead_56c4f4ac564507ed4961e402,ACT Memory ACT 1964 ghost expansion lead,ACT,Canberra,Canberra,Research lead overlay,overlay_not_public_map
maplead_d0a00582be1c6ffd7f5c952a,release_lead_overlay_items,rellead_426930873f4d7cbea0b68386,Canberra & District Historical Society ACT 1964 ghost expansion lead,ACT,Canberra,Canberra,Research lead overlay,overlay_not_public_map
maplead_f06a3d0f4abe4ea79f09837e,release_lead_overlay_items,rellead_31eda1231567adf14cccf72d,Canberra & District Historical Society ACT 1964 ghost expansion lead,ACT,Canberra,Canberra,Research lead overlay,overlay_not_public_map
maplead_94b6936440009c3c2dda7a65,release_lead_overlay_items,rellead_d9913300276e9755f9c98531,Canberra Museum and Gallery ACT 1964 ghost expansion lead,ACT,Hall,Hall,Research lead overlay,overlay_not_public_map
maplead_dab0056223f1643141ceba1c,release_lead_overlay_items,rellead_cb47baacd30afb9eea8ee335,Canberra Museum and Gallery ACT 1964 ghost expansion lead,ACT,Hall,Hall,Research lead overlay,overlay_not_public_map
maplead_fbf3260390ad3896f78660a7,release_lead_overlay_items,rellead_01a4c9913734c1e2aa884f56,ANU Archives ACT 1964 ghost expansion lead,ACT,Yarralumla,Yarralumla,Research lead overlay,overlay_not_public_map
maplead_56806a2694340980e0ef7a8f,release_lead_overlay_items,rellead_b5ae3430efd44d06bc398d8b,ANU Archives ACT 1964 ghost expansion lead,ACT,Yarralumla,Yarralumla,Research lead overlay,overlay_not_public_map
maplead_5d2ba14ae69b348ccb96da9f,release_lead_overlay_items,rellead_89ab56100447a5d362473bfa,ArchivesACT ACT 1964 ghost expansion lead,ACT,Yarralumla,Yarralumla,Research lead overlay,overlay_not_public_map
maplead_1b8a55ffcbfe141a10aa1ae6,release_lead_overlay_items,rellead_b0a950cdfa948367fdc9a1c2,ArchivesACT / ACT Memory ACT 1964 ghost expansion lead,ACT,Yarralumla,Yarralumla,Research lead overlay,overlay_not_public_map
maplead_5d8abd9c1e081c4bf3c8cfaa,release_lead_overlay_items,rellead_5729e5073cdc3879cba0bf42,ACT Heritage Library ACT 1964 ghost expansion lead,ACT,Canberra,Canberra,Research lead overlay,overlay_not_public_map
maplead_aa66fd6f43691179b4de56a3,release_lead_overlay_items,rellead_36bda4fed3e9c3397373d2a9,ACT Heritage Library ACT 1964 ghost expansion lead,ACT,Canberra,Canberra,Research lead overlay,overlay_not_public_map
maplead_9466070bfdc48253682911bc,release_lead_overlay_items,rellead_4aad40ce0b818ff64e374aed,ACT Heritage Register ACT 1965 ghost expansion lead,ACT,Kingston,Kingston,Research lead overlay,overlay_not_public_map
maplead_083b71c3c977d58b8101c585,release_lead_overlay_items,rellead_6b309eac20a94fcef7867c49,ACT Heritage Register ACT 1965 ghost expansion lead,ACT,Kingston,Kingston,Research lead overlay,overlay_not_public_map
maplead_91054c6c70ae7bc105335b4a,release_lead_overlay_items,rellead_2d8b2dc3f15a49507b9fbb11,National Capital Authority Heritage ACT 1965 ghost expansion lead,ACT,Yarralumla,Yarralumla,Research lead overlay,overlay_not_public_map
maplead_e4871a181fbbec2f3330ba9e,release_lead_overlay_items,rellead_31e49dfe04526af1541f7f3e,National Trust ACT ACT 1965 ghost expansion lead,ACT,Yarralumla,Yarralumla,Research lead overlay,overlay_not_public_map
maplead_52ffe6fcda4a1248ee2c51a0,release_lead_overlay_items,rellead_ba4cb925ef1495220f4f6ead,National Trust ACT ACT 1965 ghost expansion lead,ACT,Yarralumla,Yarralumla,Research lead overlay,overlay_not_public_map
maplead_fcdcffbc54961561c7e09a43,release_lead_overlay_items,rellead_e29942f125e45ee28ddee41f,ACT Memory ACT 1965 ghost expansion lead,ACT,Acton,Acton,Research lead overlay,overlay_not_public_map
maplead_079525416dd4ab87d729763c,release_lead_overlay_items,rellead_ac2a9f8a3215e008684b2211,Canberra & District Historical Society ACT 1965 ghost expansion lead,ACT,Acton,Acton,Research lead overlay,overlay_not_public_map
maplead_87b1f454b9bc4123b1bb30d6,release_lead_overlay_items,rellead_bd274a6a2224a471d92b8d88,Canberra & District Historical Society ACT 1965 ghost expansion lead,ACT,Acton,Acton,Research lead overlay,overlay_not_public_map
maplead_bdc131f663cdf7814d966bdf,release_lead_overlay_items,rellead_24ac7d97cc6d00c8beacd88f,Canberra Museum and Gallery ACT 1965 ghost expansion lead,ACT,Canberra,Canberra,Research lead overlay,overlay_not_public_map
maplead_9f7ec8aae373c4761afce31a,release_lead_overlay_items,rellead_555aab1910b0b516b5bc66a4,Canberra Museum and Gallery ACT 1965 ghost expansion lead,ACT,Canberra,Canberra,Research lead overlay,overlay_not_public_map
maplead_45acd1c4abbd7a5305032f68,release_lead_overlay_items,rellead_82f0d7b7cd54e21cc0e4af52,ANU Archives ACT 1965 ghost expansion lead,ACT,Yarralumla,Yarralumla,Research lead overlay,overlay_not_public_map
maplead_b7aaa8c4b555efcea5e72b62,release_lead_overlay_items,rellead_25677054438904df81b1eb48,ANU Archives ACT 1965 ghost expansion lead,ACT,Hall,Hall,Research lead overlay,overlay_not_public_map
maplead_96109dfac96a723b9f37002d,release_lead_overlay_items,rellead_20e2f4d7d14fc634022917a2,ArchivesACT ACT 1965 ghost expansion lead,ACT,Hall,Hall,Research lead overlay,overlay_not_public_map
maplead_96d4c9e256dd995a37e78821,release_lead_overlay_items,rellead_469c69f6188cfef192e02929,ArchivesACT / ACT Memory ACT 1965 ghost expansion lead,ACT,Hall,Hall,Research lead overlay,overlay_not_public_map
maplead_33c7cdf99665df7dd4e3e544,release_lead_overlay_items,rellead_1ff59176979cadc7c201c1b0,ACT Heritage Library ACT 1965 ghost expansion lead,ACT,Acton,Acton,Research lead overlay,overlay_not_public_map
maplead_7854e654c9174a9ca7808a46,release_lead_overlay_items,rellead_3e8fdd45963bc98f2e520e9f,ACT Heritage Library ACT 1965 ghost expansion lead,ACT,Acton,Acton,Research lead overlay,overlay_not_public_map
maplead_11548c121bb0fd3fb1f7f30f,release_lead_overlay_items,rellead_0044c15fedc7b97f573a94f0,ACT Heritage Register ACT 1966 ghost expansion lead,ACT,Yarralumla,Yarralumla,Research lead overlay,overlay_not_public_map
maplead_f941048134769fd9b8c3e96a,release_lead_overlay_items,rellead_642a34c597f88636dfc0a097,ACT Heritage Register ACT 1966 ghost expansion lead,ACT,Yarralumla,Yarralumla,Research lead overlay,overlay_not_public_map
maplead_08b35f6173008761ebeb1030,release_lead_overlay_items,rellead_31b43ae747404f543825b694,National Capital Authority Heritage ACT 1966 ghost expansion lead,ACT,Hall,Hall,Research lead overlay,overlay_not_public_map
maplead_ae9d2a29d22ab9eb5f23ecc9,release_lead_overlay_items,rellead_a99814fd0c220c0357e8222b,National Trust ACT ACT 1966 ghost expansion lead,ACT,Hall,Hall,Research lead overlay,overlay_not_public_map
maplead_177f98dfc2e394b2481bc09b,release_lead_overlay_items,rellead_7ddf2bd26f1cf423e2432952,National Trust ACT ACT 1966 ghost expansion lead,ACT,Hall,Hall,Research lead overlay,overlay_not_public_map
maplead_72f19d7d97b187ecbf1a180a,release_lead_overlay_items,rellead_7ee08366c0b0dc0934c72991,ACT Memory ACT 1966 ghost expansion lead,ACT,Kingston,Kingston,Research lead overlay,overlay_not_public_map
maplead_b616f2495efb39e2ca979092,release_lead_overlay_items,rellead_44a0cb5d24528f35a50d6191,Canberra & District Historical Society ACT 1966 ghost expansion lead,ACT,Kingston,Kingston,Research lead overlay,overlay_not_public_map
maplead_3a4c0c24be2c3dea8de33d56,release_lead_overlay_items,rellead_43459c8bd90b7d61d8ef96b4,Canberra & District Historical Society ACT 1966 ghost expansion lead,ACT,Kingston,Kingston,Research lead overlay,overlay_not_public_map
maplead_0fd78b4c8d0549a8c3bd6403,release_lead_overlay_items,rellead_c38b3053b0c303052636a9cc,Canberra Museum and Gallery ACT 1966 ghost expansion lead,ACT,Acton,Acton,Research lead overlay,overlay_not_public_map
maplead_2b4736daf2ab199f0dce7071,release_lead_overlay_items,rellead_e13595a3ef5f217c30dec47f,Canberra Museum and Gallery ACT 1966 ghost expansion lead,ACT,Acton,Acton,Research lead overlay,overlay_not_public_map
maplead_4ee7bf3e3cc8b503a1fcf66f,release_lead_overlay_items,rellead_2ffc11861ac5fde1b522d8bd,ANU Archives ACT 1966 ghost expansion lead,ACT,Hall,Hall,Research lead overlay,overlay_not_public_map
maplead_9deed50345eaf1f8f2053609,release_lead_overlay_items,rellead_a53c2eaa217bcb23a055ebbf,ANU Archives ACT 1966 ghost expansion lead,ACT,Hall,Hall,Research lead overlay,overlay_not_public_map
maplead_1dc3f6e8d8a8f87353c25d93,release_lead_overlay_items,rellead_50f08af7e41b50e2b3ab926a,ArchivesACT ACT 1966 ghost expansion lead,ACT,Canberra,Canberra,Research lead overlay,overlay_not_public_map
maplead_a5895fd9158e60112510ae39,release_lead_overlay_items,rellead_4ede58b2393b6a6c013ca5f9,ArchivesACT / ACT Memory ACT 1966 ghost expansion lead,ACT,Canberra,Canberra,Research lead overlay,overlay_not_public_map
maplead_6d521de48563fe1165f93ddd,release_lead_overlay_items,rellead_9838c282c8abec271ea7f6c3,ACT Heritage Library ACT 1966 ghost expansion lead,ACT,Kingston,Kingston,Research lead overlay,overlay_not_public_map
maplead_0ea5237a994221a2c13cb202,release_lead_overlay_items,rellead_c76f85b96da8895e698279ec,ACT Heritage Library ACT 1966 ghost expansion lead,ACT,Kingston,Kingston,Research lead overlay,overlay_not_public_map
maplead_9fd5affa9f98da8f7227b2c9,release_lead_overlay_items,rellead_86d85c68c4bd6e753befd124,Alice Springs Public Library Local History NT 1955 release patch,NT,Darwin,Darwin,Research lead overlay,overlay_not_public_map
maplead_dd8b86f5802192a24baefa62,release_lead_overlay_items,rellead_529cc19d30b499e443635330,Alice Springs Public Library Local History NT 1955 release patch,NT,Katherine,Katherine,Research lead overlay,overlay_not_public_map
maplead_016b1a8ea2c5c0c3a2507b05,release_lead_overlay_items,rellead_dd7597cae530ba22c8588820,Darwin City Libraries Local History NT 1955 release patch,NT,Alice Springs,Alice Springs,Research lead overlay,overlay_not_public_map
maplead_91c9460b0691bef70bebbbb1,release_lead_overlay_items,rellead_1cf1bc628caf9d20df5ccc60,Darwin City Libraries Local History NT 1955 release patch,NT,Alice Springs,Alice Springs,Research lead overlay,overlay_not_public_map
maplead_ff1209f8cd29c19a191b0b66,release_lead_overlay_items,rellead_0ab6e80ad85a5d5dc0c7084b,Tennant Creek and Barkly History NT 1955 release patch,NT,Tennant Creek,Tennant Creek,Research lead overlay,overlay_not_public_map
maplead_8809d6b08c4f6f4fcba93856,release_lead_overlay_items,rellead_fb9ef23a7b31c8f965d5591a,NT Heritage Register NT 1955 release patch,NT,Pine Creek,Pine Creek,Research lead overlay,overlay_not_public_map
maplead_70632b56ba4e1736f4bcee35,release_lead_overlay_items,rellead_385cfc42f281917155e74dc5,National Trust NT NT 1955 release patch,NT,Darwin,Darwin,Research lead overlay,overlay_not_public_map
maplead_57022a94f6ea5b848469ef86,release_lead_overlay_items,rellead_6b67848f423c3e5ab0aebbf0,National Trust Northern Territory NT 1955 release patch,NT,Darwin,Darwin,Research lead overlay,overlay_not_public_map
maplead_4068b832bd8fdb07145abb86,release_lead_overlay_items,rellead_aab182875185f90fc40701a8,Northern Territory Heritage Register NT 1955 release patch,NT,Katherine,Katherine,Research lead overlay,overlay_not_public_map
maplead_dedf66dc3a8318cc6ef38566,release_lead_overlay_items,rellead_410965eacad592d05745256b,Central Australian Historical Society NT 1955 release patch,NT,Tennant Creek,Tennant Creek,Research lead overlay,overlay_not_public_map
maplead_2ada7969c9ad41ce665382af,release_lead_overlay_items,rellead_31aa1f1ec84ea502bf2f8d1c,Historical Society of the Northern Territory NT 1955 release patch,NT,Tennant Creek,Tennant Creek,Research lead overlay,overlay_not_public_map
maplead_9a8c38d1f044762e8e3b2064,release_lead_overlay_items,rellead_89facc1b3aa0a0ab7ca28fe9,Historical Society of the Northern Territory NT 1955 release patch,NT,Pine Creek,Pine Creek,Research lead overlay,overlay_not_public_map
maplead_38ffc0cbf49b77a0791ab79f,release_lead_overlay_items,rellead_10c3b52cc3cd26b9a74ba6d4,Katherine Museum NT 1955 release patch,NT,Alice Springs,Alice Springs,Research lead overlay,overlay_not_public_map
maplead_e08e07c486a488c4a69c2bdf,release_lead_overlay_items,rellead_ee8672b86c82b05c02917174,Museum and Art Gallery of the Northern Territory NT 1955 release patch,NT,Alice Springs,Alice Springs,Research lead overlay,overlay_not_public_map
maplead_afad1172e04747dd7de13dc0,release_lead_overlay_items,rellead_196a39b3c01667c62a67af0f,Pine Creek Museum NT 1955 release patch,NT,Alice Springs,Alice Springs,Research lead overlay,overlay_not_public_map
maplead_ce25ac3c1f7412649aaa7d4c,release_lead_overlay_items,rellead_fcb1ac8db9d46291d825cdc4,LANT Archives Navigator NT 1955 release patch,NT,Darwin,Darwin,Research lead overlay,overlay_not_public_map
maplead_50cce8b209b66fac04ef4687,release_lead_overlay_items,rellead_e07c6e7262e93fa5cc772d82,Library & Archives NT NT 1955 release patch,NT,Tennant Creek,Tennant Creek,Research lead overlay,overlay_not_public_map
maplead_62e0fbb79ba4287ef2bb2270,release_lead_overlay_items,rellead_e91705ad6fdd0e5f72f29dae,Library & Archives NT Catalogue NT 1955 release patch,NT,Tennant Creek,Tennant Creek,Research lead overlay,overlay_not_public_map
maplead_afdf490dc119a69d33f3ea27,release_lead_overlay_items,rellead_e1d371da83092232d432fb76,Territory Stories NT 1955 release patch,NT,Darwin,Darwin,Research lead overlay,overlay_not_public_map
maplead_7e05f52f3c636e7a17dd125b,release_lead_overlay_items,rellead_16ed7e429d29e24dde2ecf77,Territory Stories NT 1955 release patch,NT,Darwin,Darwin,Research lead overlay,overlay_not_public_map
maplead_d650ffdb535d55b0bf04f6a5,release_lead_overlay_items,rellead_d8da742e20fb069fda50e71b,Alice Springs Public Library Local History NT 1956 release patch,NT,Katherine,Katherine,Research lead overlay,overlay_not_public_map
maplead_2553a4f2aecb0c2220d368e2,release_lead_overlay_items,rellead_52d9eb2ced476f2c01cd066d,Alice Springs Public Library Local History NT 1956 release patch,NT,Katherine,Katherine,Research lead overlay,overlay_not_public_map
maplead_a353dac894a228e5dcacb988,release_lead_overlay_items,rellead_5c7c1a6756e8c54137f728ca,Darwin City Libraries Local History NT 1956 release patch,NT,Tennant Creek,Tennant Creek,Research lead overlay,overlay_not_public_map
maplead_8f6648fc3d9e7bda9fe05e33,release_lead_overlay_items,rellead_4e4917dbf50119619360d104,Darwin City Libraries Local History NT 1956 release patch,NT,Tennant Creek,Tennant Creek,Research lead overlay,overlay_not_public_map
maplead_45f7887cd2e8e3a435b30385,release_lead_overlay_items,rellead_48051d2fd665be5b05c25e8e,Tennant Creek and Barkly History NT 1956 release patch,NT,Pine Creek,Pine Creek,Research lead overlay,overlay_not_public_map
maplead_2ff28ae1647431c0907074a2,release_lead_overlay_items,rellead_0223f8e3eb831adfdc1f2fcb,NT Heritage Register NT 1956 release patch,NT,Darwin,Darwin,Research lead overlay,overlay_not_public_map
maplead_accf0c4deb3ef4d0094c140e,release_lead_overlay_items,rellead_7d9aa426ff5ecee6ceefc4e4,National Trust NT NT 1956 release patch,NT,Katherine,Katherine,Research lead overlay,overlay_not_public_map
maplead_d0e0124af767b94a3eafd8d1,release_lead_overlay_items,rellead_6e0d0c0759fad8bdad7e5620,National Trust Northern Territory NT 1956 release patch,NT,Katherine,Katherine,Research lead overlay,overlay_not_public_map
maplead_c6138c5f84f842b4f12d9548,release_lead_overlay_items,rellead_c78e4a88e6362ee9c808b66d,Northern Territory Heritage Register NT 1956 release patch,NT,Alice Springs,Alice Springs,Research lead overlay,overlay_not_public_map
maplead_11e62cadfbf951295c41aa56,release_lead_overlay_items,rellead_be7b1202867259d337efbf7b,Central Australian Historical Society NT 1956 release patch,NT,Pine Creek,Pine Creek,Research lead overlay,overlay_not_public_map
maplead_319a0010f62ec8a39c22f131,release_lead_overlay_items,rellead_f0a690f5a14138f6308dca3c,Historical Society of the Northern Territory NT 1956 release patch,NT,Pine Creek,Pine Creek,Research lead overlay,overlay_not_public_map
maplead_e4e83c9e25c93905503f59fe,release_lead_overlay_items,rellead_8d9beba6537c68847604f048,Historical Society of the Northern Territory NT 1956 release patch,NT,Pine Creek,Pine Creek,Research lead overlay,overlay_not_public_map
maplead_eb309ddfb7b5a320f9bf01fd,release_lead_overlay_items,rellead_9228b2b23dd4a9fdb8e93f5e,Katherine Museum NT 1956 release patch,NT,Tennant Creek,Tennant Creek,Research lead overlay,overlay_not_public_map
maplead_56c6cc10b13542f74987cdfe,release_lead_overlay_items,rellead_3918e4b7026c8aade4771eb9,Museum and Art Gallery of the Northern Territory NT 1956 release patch,NT,Tennant Creek,Tennant Creek,Research lead overlay,overlay_not_public_map
maplead_c240f149276a58bef78ca42e,release_lead_overlay_items,rellead_9e1b0faf0c0f8e974b20a3f8,Pine Creek Museum NT 1956 release patch,NT,Tennant Creek,Tennant Creek,Research lead overlay,overlay_not_public_map
maplead_08784c28a894930a7e0ffd4a,release_lead_overlay_items,rellead_4c8964312b792e49bc715559,LANT Archives Navigator NT 1956 release patch,NT,Katherine,Katherine,Research lead overlay,overlay_not_public_map
maplead_74e9e4f29dbd735da53630a1,release_lead_overlay_items,rellead_5002d1cb0537e9a06dc4333c,Library & Archives NT NT 1956 release patch,NT,Pine Creek,Pine Creek,Research lead overlay,overlay_not_public_map
maplead_5c3af432a84b5e65c410dc3c,release_lead_overlay_items,rellead_67fbac20dea4a760504911ea,Library & Archives NT Catalogue NT 1956 release patch,NT,Pine Creek,Pine Creek,Research lead overlay,overlay_not_public_map
maplead_64518459cc9905a38719b850,release_lead_overlay_items,rellead_902124b8142394faf3c31e87,Territory Stories NT 1956 release patch,NT,Katherine,Katherine,Research lead overlay,overlay_not_public_map
maplead_5a0a6a1c62b84fd1fba04930,release_lead_overlay_items,rellead_cb8c3ce0446571b434240429,Territory Stories NT 1956 release patch,NT,Katherine,Katherine,Research lead overlay,overlay_not_public_map
maplead_30dc26f0a9dcd260154fb4da,release_lead_overlay_items,rellead_78ee512455039a686c9c14ba,Alice Springs Public Library Local History NT 1957 release patch,NT,Alice Springs,Alice Springs,Research lead overlay,overlay_not_public_map
maplead_f5e3bd0b7a5a5e75fad45876,release_lead_overlay_items,rellead_85b959393a39fe86ce916985,Alice Springs Public Library Local History NT 1957 release patch,NT,Alice Springs,Alice Springs,Research lead overlay,overlay_not_public_map
maplead_e6c5d8cf95e9df6a6a8667be,release_lead_overlay_items,rellead_716d17f65fe86e04e419f822,Darwin City Libraries Local History NT 1957 release patch,NT,Tennant Creek,Tennant Creek,Research lead overlay,overlay_not_public_map
maplead_d191bbd552620a5062b39788,release_lead_overlay_items,rellead_0d70dbf3d4de72e0c1e3241d,Darwin City Libraries Local History NT 1957 release patch,NT,Pine Creek,Pine Creek,Research lead overlay,overlay_not_public_map
maplead_f06cf6aa9d2de1100de355c4,release_lead_overlay_items,rellead_4cdc7c5aa17b68f624f28fba,Tennant Creek and Barkly History NT 1957 release patch,NT,Darwin,Darwin,Research lead overlay,overlay_not_public_map
maplead_6580e345b5a9fa68f9ab8723,release_lead_overlay_items,rellead_4fd63349bdcb47b2214ed27b,NT Heritage Register NT 1957 release patch,NT,Katherine,Katherine,Research lead overlay,overlay_not_public_map
maplead_1ae22d9156134b5fe7cf09f8,release_lead_overlay_items,rellead_f87e772abafae6b30bdbf2e0,National Trust NT NT 1957 release patch,NT,Alice Springs,Alice Springs,Research lead overlay,overlay_not_public_map
maplead_528da7a1d913b36bd5fc24aa,release_lead_overlay_items,rellead_cdb4a58d0812302ac07f584f,National Trust Northern Territory NT 1957 release patch,NT,Alice Springs,Alice Springs,Research lead overlay,overlay_not_public_map
maplead_386dc367a28ea81470626d13,release_lead_overlay_items,rellead_80bba2d395acda42248cafeb,Northern Territory Heritage Register NT 1957 release patch,NT,Tennant Creek,Tennant Creek,Research lead overlay,overlay_not_public_map
maplead_4b1731e7f35e7cfd76321677,release_lead_overlay_items,rellead_32b37b4821b95bb6344eb8c5,Central Australian Historical Society NT 1957 release patch,NT,Darwin,Darwin,Research lead overlay,overlay_not_public_map
maplead_f1a7a8b93e85af8a60f3ffbd,release_lead_overlay_items,rellead_419a928dd2f066f025ab1d3d,Historical Society of the Northern Territory NT 1957 release patch,NT,Darwin,Darwin,Research lead overlay,overlay_not_public_map
maplead_962e7fd2ed2c51edd67adba1,release_lead_overlay_items,rellead_8109048068b13c6bb9949d25,Historical Society of the Northern Territory NT 1957 release patch,NT,Darwin,Darwin,Research lead overlay,overlay_not_public_map
maplead_eedc85cfb0cef49a24b37c39,release_lead_overlay_items,rellead_85dfb9c93f7cf1ecb46a96f6,Katherine Museum NT 1957 release patch,NT,Pine Creek,Pine Creek,Research lead overlay,overlay_not_public_map
maplead_d25bfdd1a9c7fc23192ed420,release_lead_overlay_items,rellead_0a799ee6f4ae6387b40eb28e,Museum and Art Gallery of the Northern Territory NT 1957 release patch,NT,Pine Creek,Pine Creek,Research lead overlay,overlay_not_public_map
maplead_18257d79d0b646fd37c593bc,release_lead_overlay_items,rellead_462cad3f1e4c46cd368453f3,Pine Creek Museum NT 1957 release patch,NT,Pine Creek,Pine Creek,Research lead overlay,overlay_not_public_map
maplead_5fc04671dc5963d84ccc84f5,release_lead_overlay_items,rellead_e6b87d596c1abe853a74be7c,LANT Archives Navigator NT 1957 release patch,NT,Alice Springs,Alice Springs,Research lead overlay,overlay_not_public_map
maplead_31345938dc877f4a1407b232,release_lead_overlay_items,rellead_36756bc9611ef38a6fd3a11c,Library & Archives NT NT 1957 release patch,NT,Darwin,Darwin,Research lead overlay,overlay_not_public_map
maplead_dc8a846d20f5455e8e1e25cb,release_lead_overlay_items,rellead_9254c7f055b68c557f66150f,Library & Archives NT Catalogue NT 1957 release patch,NT,Darwin,Darwin,Research lead overlay,overlay_not_public_map
maplead_3d03753d18e63d35d0bf11fa,release_lead_overlay_items,rellead_da0ca892729b3304deada0ca,Territory Stories NT 1957 release patch,NT,Alice Springs,Alice Springs,Research lead overlay,overlay_not_public_map
maplead_c125961a8b9fe00b16857646,release_lead_overlay_items,rellead_e2abc9adc52c5e99cd1c133c,Territory Stories NT 1957 release patch,NT,Alice Springs,Alice Springs,Research lead overlay,overlay_not_public_map
maplead_adce74e0865a43001b7a7807,release_lead_overlay_items,rellead_f34ae9c3196a53493c987357,Alice Springs Public Library Local History NT 1958 release patch,NT,Tennant Creek,Tennant Creek,Research lead overlay,overlay_not_public_map
maplead_c856a154b9805c1beaa0d2bd,release_lead_overlay_items,rellead_f5d446e625fc508eb5ddc91d,Alice Springs Public Library Local History NT 1958 release patch,NT,Tennant Creek,Tennant Creek,Research lead overlay,overlay_not_public_map
maplead_c8a9d57aa8a6f96bd6ead1e6,release_lead_overlay_items,rellead_ae01220eb0a9008dddb09ff9,Darwin City Libraries Local History NT 1958 release patch,NT,Pine Creek,Pine Creek,Research lead overlay,overlay_not_public_map
maplead_156408ee04765d4d6637579f,release_lead_overlay_items,rellead_fc99e3ddc6444a4c472b556d,Darwin City Libraries Local History NT 1958 release patch,NT,Pine Creek,Pine Creek,Research lead overlay,overlay_not_public_map
maplead_7aaee0b703b15be06d61a759,release_lead_overlay_items,rellead_3fdc8f754c952159c0975cce,Tennant Creek and Barkly History NT 1958 release patch,NT,Katherine,Katherine,Research lead overlay,overlay_not_public_map
maplead_4ee125d786789084ebf90237,release_lead_overlay_items,rellead_0c473813aa770704741de32d,NT Heritage Register NT 1958 release patch,NT,Alice Springs,Alice Springs,Research lead overlay,overlay_not_public_map
maplead_42e18fc79bea120077b409a6,release_lead_overlay_items,rellead_97982ba75ca095f480f9c9a2,National Trust NT NT 1958 release patch,NT,Tennant Creek,Tennant Creek,Research lead overlay,overlay_not_public_map
maplead_66a7df72be34ee3ccaa91e68,release_lead_overlay_items,rellead_39c7fe8bc65c40f3db4a4733,National Trust Northern Territory NT 1958 release patch,NT,Tennant Creek,Tennant Creek,Research lead overlay,overlay_not_public_map
maplead_3a0e0317852725596dcffea6,release_lead_overlay_items,rellead_4ed2179dcad8779a6336fe3a,Northern Territory Heritage Register NT 1958 release patch,NT,Pine Creek,Pine Creek,Research lead overlay,overlay_not_public_map
maplead_d9fd3b1c2f99d16235a53691,release_lead_overlay_items,rellead_7f6efa19ee0b91dbdaa39db7,Central Australian Historical Society NT 1958 release patch,NT,Katherine,Katherine,Research lead overlay,overlay_not_public_map
maplead_ffb8b04dd1fc577d8ceb5d41,release_lead_overlay_items,rellead_a14fee9d9dfd646b4640069f,Historical Society of the Northern Territory NT 1958 release patch,NT,Katherine,Katherine,Research lead overlay,overlay_not_public_map
maplead_cd0a40646445fd9600a39b7d,release_lead_overlay_items,rellead_a8640af53f8324ac40308a68,Historical Society of the Northern Territory NT 1958 release patch,NT,Katherine,Katherine,Research lead overlay,overlay_not_public_map
maplead_df14125892fbbe80d61c0796,release_lead_overlay_items,rellead_7c6b2d7f8d03021f33844e03,Katherine Museum NT 1958 release patch,NT,Darwin,Darwin,Research lead overlay,overlay_not_public_map
maplead_4df622437632a47f4767ba46,release_lead_overlay_items,rellead_369d64878a811b0b7d4e472d,Museum and Art Gallery of the Northern Territory NT 1958 release patch,NT,Darwin,Darwin,Research lead overlay,overlay_not_public_map
maplead_347b408b2845ee26092f23a5,release_lead_overlay_items,rellead_25d3ca66a224e49b9d47e250,Pine Creek Museum NT 1958 release patch,NT,Darwin,Darwin,Research lead overlay,overlay_not_public_map
maplead_2c59c22cbfb581938638bbd5,release_lead_overlay_items,rellead_08b8a3040eb5509e5ffacdc5,LANT Archives Navigator NT 1958 release patch,NT,Tennant Creek,Tennant Creek,Research lead overlay,overlay_not_public_map
maplead_e41fa5eb757acf00afbb5cba,release_lead_overlay_items,rellead_475621ed130bb2a9aec88438,Library & Archives NT NT 1958 release patch,NT,Katherine,Katherine,Research lead overlay,overlay_not_public_map
maplead_d071aec04bb7df4fabd31f5b,release_lead_overlay_items,rellead_0ad8f04f950a9222012d3ab9,Library & Archives NT Catalogue NT 1958 release patch,NT,Katherine,Katherine,Research lead overlay,overlay_not_public_map
maplead_cc89959601809545020f159a,release_lead_overlay_items,rellead_a938cbcac8a45bb9d15a4cc4,Territory Stories NT 1958 release patch,NT,Tennant Creek,Tennant Creek,Research lead overlay,overlay_not_public_map
maplead_5265b22ac26bd8aafe9c2823,release_lead_overlay_items,rellead_21bc26d0c244e90d5452cb3c,Territory Stories NT 1958 release patch,NT,Tennant Creek,Tennant Creek,Research lead overlay,overlay_not_public_map
maplead_b2ba61bb3d62f658c5a99e45,release_lead_overlay_items,rellead_de2b2f61fed6ff8930189ecb,Alice Springs Public Library Local History NT 1959 release patch,NT,Pine Creek,Pine Creek,Research lead overlay,overlay_not_public_map
maplead_71c4b8519494798ff6f5f8bb,release_lead_overlay_items,rellead_4dfd9c95c087f4f42383c0e6,Alice Springs Public Library Local History NT 1959 release patch,NT,Pine Creek,Pine Creek,Research lead overlay,overlay_not_public_map
maplead_0295e53917cab34ec35c7e8c,release_lead_overlay_items,rellead_b5c81d3c12038a40a20baee8,Darwin City Libraries Local History NT 1959 release patch,NT,Darwin,Darwin,Research lead overlay,overlay_not_public_map
maplead_e144489b9673ab816a43b4ae,release_lead_overlay_items,rellead_6d282db55a2336b950cfce97,Darwin City Libraries Local History NT 1959 release patch,NT,Darwin,Darwin,Research lead overlay,overlay_not_public_map
maplead_7f402fa435903a27e9bb3e40,release_lead_overlay_items,rellead_143d1c63b8b794eebb14ab84,Tennant Creek and Barkly History NT 1959 release patch,NT,Katherine,Katherine,Research lead overlay,overlay_not_public_map
maplead_85f2d1d2528c8a2016ed51ea,release_lead_overlay_items,rellead_df879e42d5542e7808651b37,NT Heritage Register NT 1959 release patch,NT,Tennant Creek,Tennant Creek,Research lead overlay,overlay_not_public_map
maplead_f2eb0a99fb383e29488d3ffe,release_lead_overlay_items,rellead_8a3de325d99965e81cec868f,National Trust NT NT 1959 release patch,NT,Tennant Creek,Tennant Creek,Research lead overlay,overlay_not_public_map
maplead_d8017dd9f3431d2dcbec98c1,release_lead_overlay_items,rellead_05ed145e6384a0a8c461fd9e,National Trust Northern Territory NT 1959 release patch,NT,Pine Creek,Pine Creek,Research lead overlay,overlay_not_public_map
maplead_a617a928d442e038b7863a1e,release_lead_overlay_items,rellead_52c41a45cccf254672f99742,Northern Territory Heritage Register NT 1959 release patch,NT,Darwin,Darwin,Research lead overlay,overlay_not_public_map
maplead_fdd34199c8585edaea784d1d,release_lead_overlay_items,rellead_b90d7054704b33a0bc0e056d,Central Australian Historical Society NT 1959 release patch,NT,Katherine,Katherine,Research lead overlay,overlay_not_public_map
maplead_026cc3a58c27b2652ce4f79c,release_lead_overlay_items,rellead_92f6f42b2c643b9c6c1968c0,Historical Society of the Northern Territory NT 1959 release patch,NT,Alice Springs,Alice Springs,Research lead overlay,overlay_not_public_map
maplead_d8b60bf93105e609b3deaa50,release_lead_overlay_items,rellead_76e50422eda9bbd393f0053e,Historical Society of the Northern Territory NT 1959 release patch,NT,Alice Springs,Alice Springs,Research lead overlay,overlay_not_public_map
maplead_bd25680e3afff494cfe1227a,release_lead_overlay_items,rellead_12b85bcae98f62585d43e182,Katherine Museum NT 1959 release patch,NT,Darwin,Darwin,Research lead overlay,overlay_not_public_map
maplead_5847045d5407c500e4168b95,release_lead_overlay_items,rellead_77cd0eea0544460ce0e2da45,Museum and Art Gallery of the Northern Territory NT 1959 release patch,NT,Katherine,Katherine,Research lead overlay,overlay_not_public_map
maplead_a5846c41319b8d1a6c432eb2,release_lead_overlay_items,rellead_805e5c23536aaa3434120a9b,Pine Creek Museum NT 1959 release patch,NT,Katherine,Katherine,Research lead overlay,overlay_not_public_map
maplead_c09feafadb7d31cf450dc810,release_lead_overlay_items,rellead_6c7eb0137bd4a64c25d3daef,LANT Archives Navigator NT 1959 release patch,NT,Pine Creek,Pine Creek,Research lead overlay,overlay_not_public_map
maplead_4357bde9ad0eecff93aa39bd,release_lead_overlay_items,rellead_6fb44c1b07919303127c4125,Library & Archives NT NT 1959 release patch,NT,Alice Springs,Alice Springs,Research lead overlay,overlay_not_public_map
maplead_a870ffb6240c031dbcfa2125,release_lead_overlay_items,rellead_783d3efc087c1770f9074474,Library & Archives NT Catalogue NT 1959 release patch,NT,Alice Springs,Alice Springs,Research lead overlay,overlay_not_public_map
maplead_11f3067b87f2cd29af6e248d,release_lead_overlay_items,rellead_c732b7ba8cb0ca23259327cc,Territory Stories NT 1959 release patch,NT,Tennant Creek,Tennant Creek,Research lead overlay,overlay_not_public_map
maplead_9dae7e940235bd361123a407,release_lead_overlay_items,rellead_dc5e4440b227434b6a058d58,Territory Stories NT 1959 release patch,NT,Pine Creek,Pine Creek,Research lead overlay,overlay_not_public_map
maplead_09456b690573bfe7ef5e1cf8,release_lead_overlay_items,rellead_6503c3bf8815ad57580befa9,Alice Springs Public Library Local History NT 1960 release patch,NT,Darwin,Darwin,Research lead overlay,overlay_not_public_map
maplead_a88f4d8e6674275699288fcc,release_lead_overlay_items,rellead_ec9758ded763519d493ddbe9,Alice Springs Public Library Local History NT 1960 release patch,NT,Darwin,Darwin,Research lead overlay,overlay_not_public_map
maplead_d0b60cd4f4c9ee86dbd7e487,release_lead_overlay_items,rellead_55db47ac1e2e11c3d851ea6a,Darwin City Libraries Local History NT 1960 release patch,NT,Katherine,Katherine,Research lead overlay,overlay_not_public_map
maplead_62b40c9e48abd33918cd41b9,release_lead_overlay_items,rellead_aa1f4020217cc1abbcce8a4d,Darwin City Libraries Local History NT 1960 release patch,NT,Katherine,Katherine,Research lead overlay,overlay_not_public_map
maplead_3c63f1a9749cc8c7a712af9d,release_lead_overlay_items,rellead_e41f4476a36060bfe9304210,Tennant Creek and Barkly History NT 1960 release patch,NT,Alice Springs,Alice Springs,Research lead overlay,overlay_not_public_map
maplead_3cd026cd49a97de4af6ae5aa,release_lead_overlay_items,rellead_0f94a38e557558522f7fb376,NT Heritage Register NT 1960 release patch,NT,Pine Creek,Pine Creek,Research lead overlay,overlay_not_public_map
maplead_83b5e45a69504b73f9f78ef7,release_lead_overlay_items,rellead_669c23bfb380ee522753dd54,National Trust NT NT 1960 release patch,NT,Pine Creek,Pine Creek,Research lead overlay,overlay_not_public_map
maplead_9753a154608b5a4c1e7109d9,release_lead_overlay_items,rellead_0e3e42e1db1e79efebc5c6e9,National Trust Northern Territory NT 1960 release patch,NT,Pine Creek,Pine Creek,Research lead overlay,overlay_not_public_map
maplead_3f9ac255f2d5bddd33c4ddc6,release_lead_overlay_items,rellead_c930174c350cbb527f9686e5,Northern Territory Heritage Register NT 1960 release patch,NT,Katherine,Katherine,Research lead overlay,overlay_not_public_map
maplead_7f9414ee9fae910372a0f3c3,release_lead_overlay_items,rellead_c9595ce62b596d4db8cc0f9d,Central Australian Historical Society NT 1960 release patch,NT,Alice Springs,Alice Springs,Research lead overlay,overlay_not_public_map
maplead_c3d128a869d644ea24b2b8bd,release_lead_overlay_items,rellead_94afa00f66bd56c8c47b1034,Historical Society of the Northern Territory NT 1960 release patch,NT,Tennant Creek,Tennant Creek,Research lead overlay,overlay_not_public_map
maplead_e6dd8e414e1b58649e8d8a1e,release_lead_overlay_items,rellead_493fcd69c487cb3f08335155,Historical Society of the Northern Territory NT 1960 release patch,NT,Tennant Creek,Tennant Creek,Research lead overlay,overlay_not_public_map
maplead_fc222a89660adec606df41f1,release_lead_overlay_items,rellead_07372d3b7a866d8ca9cbbe0e,Katherine Museum NT 1960 release patch,NT,Katherine,Katherine,Research lead overlay,overlay_not_public_map
maplead_9cd97e7fd740926bef4c82e1,release_lead_overlay_items,rellead_af88ab2a44619b4906de80a7,Museum and Art Gallery of the Northern Territory NT 1960 release patch,NT,Katherine,Katherine,Research lead overlay,overlay_not_public_map
maplead_8c4ef2e981876e3d0627843d,release_lead_overlay_items,rellead_581be5a1b41dcb6d3f216c75,Pine Creek Museum NT 1960 release patch,NT,Alice Springs,Alice Springs,Research lead overlay,overlay_not_public_map
maplead_b796b84fd7c4ef81793dd1cb,release_lead_overlay_items,rellead_6675f808505739253a4abfeb,LANT Archives Navigator NT 1960 release patch,NT,Darwin,Darwin,Research lead overlay,overlay_not_public_map
maplead_8a2679c192cc234301647e59,release_lead_overlay_items,rellead_352a0e93a4edcff91791f84c,Library & Archives NT NT 1960 release patch,NT,Alice Springs,Alice Springs,Research lead overlay,overlay_not_public_map
maplead_bb382bbaa3b1757d97f5acb6,release_lead_overlay_items,rellead_5cd4ed6d552026e2796c6517,Library & Archives NT Catalogue NT 1960 release patch,NT,Tennant Creek,Tennant Creek,Research lead overlay,overlay_not_public_map
maplead_7ce8ec69a7505f25de643105,release_lead_overlay_items,rellead_19af0501e65fd2df0df3441e,Territory Stories NT 1960 release patch,NT,Pine Creek,Pine Creek,Research lead overlay,overlay_not_public_map
maplead_1b1f22f4c0b3b5fcd2ea6096,release_lead_overlay_items,rellead_52840e2ee1af1b80bfab31c9,Territory Stories NT 1960 release patch,NT,Pine Creek,Pine Creek,Research lead overlay,overlay_not_public_map
maplead_4dd906fc06190ebc17e4e739,release_lead_overlay_items,rellead_f9e8628399daec50ea92814d,Alice Springs Public Library Local History NT 1961 release patch,NT,Katherine,Katherine,Research lead overlay,overlay_not_public_map
maplead_d7dd9f49b169b0e4d3031223,release_lead_overlay_items,rellead_b73e1793185daa423732d0e0,Alice Springs Public Library Local History NT 1961 release patch,NT,Katherine,Katherine,Research lead overlay,overlay_not_public_map
maplead_56996b1a629124031bdd9760,release_lead_overlay_items,rellead_1471fe9f071fb52f5eeeb39e,Darwin City Libraries Local History NT 1961 release patch,NT,Alice Springs,Alice Springs,Research lead overlay,overlay_not_public_map
maplead_7481950d1f76e1b17fdecbb7,release_lead_overlay_items,rellead_3ea6031de1c7cbed4b6395db,Darwin City Libraries Local History NT 1961 release patch,NT,Alice Springs,Alice Springs,Research lead overlay,overlay_not_public_map
maplead_3f45cc3aeff49859a5aff8cd,release_lead_overlay_items,rellead_f9ff0abf97138339986cc5cf,Tennant Creek and Barkly History NT 1961 release patch,NT,Tennant Creek,Tennant Creek,Research lead overlay,overlay_not_public_map
maplead_0758ad979318d033833f5d8a,release_lead_overlay_items,rellead_98c8d71d696f1ec09ef49113,NT Heritage Register NT 1961 release patch,NT,Pine Creek,Pine Creek,Research lead overlay,overlay_not_public_map
maplead_7369873821326fed5adc1d01,release_lead_overlay_items,rellead_54295841073f06a21ebaf121,National Trust NT NT 1961 release patch,NT,Darwin,Darwin,Research lead overlay,overlay_not_public_map
maplead_9a2ba0f3f323a515ebaa4c13,release_lead_overlay_items,rellead_c225adfbb90e6b4df2545c7a,National Trust Northern Territory NT 1961 release patch,NT,Darwin,Darwin,Research lead overlay,overlay_not_public_map
maplead_b2a4714b424881f898dbb8c3,release_lead_overlay_items,rellead_5d073c7cfee1c6f175d79acf,Northern Territory Heritage Register NT 1961 release patch,NT,Katherine,Katherine,Research lead overlay,overlay_not_public_map
maplead_c6c5c90b2f1791277440503e,release_lead_overlay_items,rellead_210c773ee9f3dafd6fab13c7,Central Australian Historical Society NT 1961 release patch,NT,Tennant Creek,Tennant Creek,Research lead overlay,overlay_not_public_map
maplead_cf237d0b16b28163f1f70f95,release_lead_overlay_items,rellead_8819cdd41463b33196254232,Historical Society of the Northern Territory NT 1961 release patch,NT,Pine Creek,Pine Creek,Research lead overlay,overlay_not_public_map
maplead_6bab1fffec51b92bcf90f8a0,release_lead_overlay_items,rellead_f2191a1938a57acbbe55ea11,Historical Society of the Northern Territory NT 1961 release patch,NT,Pine Creek,Pine Creek,Research lead overlay,overlay_not_public_map
maplead_2af757e55a55a1fbf5aa6be8,release_lead_overlay_items,rellead_27f1f4302ba2c669584d54bd,Katherine Museum NT 1961 release patch,NT,Alice Springs,Alice Springs,Research lead overlay,overlay_not_public_map
maplead_9b11f1c023b69d1435975eff,release_lead_overlay_items,rellead_f428b7062f9124504abf20eb,Museum and Art Gallery of the Northern Territory NT 1961 release patch,NT,Alice Springs,Alice Springs,Research lead overlay,overlay_not_public_map
maplead_4719a3498d2f3cd19379475e,release_lead_overlay_items,rellead_b57d101e2aed8d77f239f354,Pine Creek Museum NT 1961 release patch,NT,Tennant Creek,Tennant Creek,Research lead overlay,overlay_not_public_map
maplead_1d74f5c0203297976114d6fd,release_lead_overlay_items,rellead_2420815952374363362fe9a2,LANT Archives Navigator NT 1961 release patch,NT,Katherine,Katherine,Research lead overlay,overlay_not_public_map
maplead_1ed36d529ded0445e5b52ecf,release_lead_overlay_items,rellead_fbdf6dc2d032f110cda42422,Library & Archives NT NT 1961 release patch,NT,Tennant Creek,Tennant Creek,Research lead overlay,overlay_not_public_map
maplead_d27a5cb257d92e89853cc558,release_lead_overlay_items,rellead_1faea500630175434eeb948b,Library & Archives NT Catalogue NT 1961 release patch,NT,Tennant Creek,Tennant Creek,Research lead overlay,overlay_not_public_map
maplead_9d7174c407dd1e6f62e302dc,release_lead_overlay_items,rellead_6b317c420190b72dda34fb3b,Territory Stories NT 1961 release patch,NT,Darwin,Darwin,Research lead overlay,overlay_not_public_map
maplead_7bf3a81c51ffe4b510e371bb,release_lead_overlay_items,rellead_d5f91182ad165a19a31aa7d4,Territory Stories NT 1961 release patch,NT,Darwin,Darwin,Research lead overlay,overlay_not_public_map
maplead_0ba84f528c1bbd0f215dfd0f,release_lead_overlay_items,rellead_bcb05723d80b1d43f9fb281d,Alice Springs Public Library Local History NT 1962 release patch,NT,Katherine,Katherine,Research lead overlay,overlay_not_public_map
maplead_27e9d71f20436a248ed453aa,release_lead_overlay_items,rellead_40afaa8e2b208bb6fc2db981,Alice Springs Public Library Local History NT 1962 release patch,NT,Alice Springs,Alice Springs,Research lead overlay,overlay_not_public_map
maplead_3e2675c3e94172580725011f,release_lead_overlay_items,rellead_63a61a30fd95eccbd94559df,Darwin City Libraries Local History NT 1962 release patch,NT,Tennant Creek,Tennant Creek,Research lead overlay,overlay_not_public_map
maplead_4390ee9e88471e269c6f1ff4,release_lead_overlay_items,rellead_c6a19dfa3e3ede6f42227823,Darwin City Libraries Local History NT 1962 release patch,NT,Tennant Creek,Tennant Creek,Research lead overlay,overlay_not_public_map
maplead_35aa937b9269022f8f941a49,release_lead_overlay_items,rellead_c23dfe688555c88a45ae3bca,Tennant Creek and Barkly History NT 1962 release patch,NT,Pine Creek,Pine Creek,Research lead overlay,overlay_not_public_map
maplead_1bc99f814183268f4e141265,release_lead_overlay_items,rellead_0601d690288a53e7e881af9f,NT Heritage Register NT 1962 release patch,NT,Darwin,Darwin,Research lead overlay,overlay_not_public_map
maplead_b480da3b75f6cb64fa9a49b7,release_lead_overlay_items,rellead_6b41c78752afcb253cb35d14,National Trust NT NT 1962 release patch,NT,Katherine,Katherine,Research lead overlay,overlay_not_public_map
maplead_83c355ec24a082b1b52498b7,release_lead_overlay_items,rellead_44770cef6b0b6ebdb06ff5c5,National Trust Northern Territory NT 1962 release patch,NT,Katherine,Katherine,Research lead overlay,overlay_not_public_map
maplead_2e69bd59fa909e4ad6993f27,release_lead_overlay_items,rellead_cfae3d6a58096c166b565b0b,Northern Territory Heritage Register NT 1962 release patch,NT,Alice Springs,Alice Springs,Research lead overlay,overlay_not_public_map
maplead_7c8825f068842ef6afe0d3f6,release_lead_overlay_items,rellead_85b0872b80c2a2ce5f63014b,Central Australian Historical Society NT 1962 release patch,NT,Pine Creek,Pine Creek,Research lead overlay,overlay_not_public_map
maplead_74ef4aafc98566425a99ca92,release_lead_overlay_items,rellead_6f2ed18987bfb4b8466dabb0,Historical Society of the Northern Territory NT 1962 release patch,NT,Pine Creek,Pine Creek,Research lead overlay,overlay_not_public_map
maplead_21549d6bd57eb37600bcf9a3,release_lead_overlay_items,rellead_541722ae711a190ff153ef59,Historical Society of the Northern Territory NT 1962 release patch,NT,Darwin,Darwin,Research lead overlay,overlay_not_public_map
maplead_8fed1ba19b3ec16c975e6868,release_lead_overlay_items,rellead_3f97f2afbc5dfc7c4edf0232,Katherine Museum NT 1962 release patch,NT,Tennant Creek,Tennant Creek,Research lead overlay,overlay_not_public_map
maplead_ed11339cd52150ccd195389f,release_lead_overlay_items,rellead_80759c85846c9a3810383292,Museum and Art Gallery of the Northern Territory NT 1962 release patch,NT,Tennant Creek,Tennant Creek,Research lead overlay,overlay_not_public_map
maplead_98f3d8a449f03e36d171d939,release_lead_overlay_items,rellead_e854699901893792e8abc871,Pine Creek Museum NT 1962 release patch,NT,Tennant Creek,Tennant Creek,Research lead overlay,overlay_not_public_map
maplead_6ea5f3e6c208bffc581a5a37,release_lead_overlay_items,rellead_cb298385b657821e2ca53d04,LANT Archives Navigator NT 1962 release patch,NT,Katherine,Katherine,Research lead overlay,overlay_not_public_map
maplead_53304ad6bb4f93fe8c07fc07,release_lead_overlay_items,rellead_18e2950b821433041d73cd6c,Library & Archives NT NT 1962 release patch,NT,Pine Creek,Pine Creek,Research lead overlay,overlay_not_public_map
maplead_3a879bf3b49e8497a84a4caf,release_lead_overlay_items,rellead_7716ca96f60cef097f4d4da2,Library & Archives NT Catalogue NT 1962 release patch,NT,Pine Creek,Pine Creek,Research lead overlay,overlay_not_public_map
maplead_88115ed38bdb9d147905a374,release_lead_overlay_items,rellead_e3adbb8c76c26732cd8f8089,Territory Stories NT 1962 release patch,NT,Katherine,Katherine,Research lead overlay,overlay_not_public_map
maplead_df0b02113b75bc6d90ee2c3f,release_lead_overlay_items,rellead_482d14fc0dc81122d4455843,Territory Stories NT 1962 release patch,NT,Katherine,Katherine,Research lead overlay,overlay_not_public_map
maplead_03373f69ba5c8077bee9fa8a,release_lead_overlay_items,rellead_ade65e710cbcc5ad098b10f9,Alice Springs Public Library Local History NT 1963 release patch,NT,Alice Springs,Alice Springs,Research lead overlay,overlay_not_public_map
maplead_12bdf70646f8feea044700e4,release_lead_overlay_items,rellead_81e7fe20a1d2f26e71c9f9b6,Alice Springs Public Library Local History NT 1963 release patch,NT,Alice Springs,Alice Springs,Research lead overlay,overlay_not_public_map
maplead_349abac58abcb5be85af43e5,release_lead_overlay_items,rellead_7ee08341f4f252814fac2545,Darwin City Libraries Local History NT 1963 release patch,NT,Pine Creek,Pine Creek,Research lead overlay,overlay_not_public_map
maplead_b0d095a075c8ce9bdd5d9835,release_lead_overlay_items,rellead_8fe376fc439a7fc917aa25a4,Darwin City Libraries Local History NT 1963 release patch,NT,Pine Creek,Pine Creek,Research lead overlay,overlay_not_public_map
maplead_11616bd8c29ef84ac68db413,release_lead_overlay_items,rellead_284242dc6ad409a97db52db8,Tennant Creek and Barkly History NT 1963 release patch,NT,Darwin,Darwin,Research lead overlay,overlay_not_public_map
maplead_f9bd1251e9b37d98c774dcd3,release_lead_overlay_items,rellead_cbe2288803cad869d653564c,NT Heritage Register NT 1963 release patch,NT,Katherine,Katherine,Research lead overlay,overlay_not_public_map
maplead_147c13b3435c410a471a2d09,release_lead_overlay_items,rellead_d2d521a22b2932cc7bd2bdb3,National Trust NT NT 1963 release patch,NT,Alice Springs,Alice Springs,Research lead overlay,overlay_not_public_map
maplead_ac011d1b2056e099543c1d9c,release_lead_overlay_items,rellead_95bccb9dc6b1ddc9c77d9e1f,National Trust Northern Territory NT 1963 release patch,NT,Alice Springs,Alice Springs,Research lead overlay,overlay_not_public_map
maplead_3ed025790aec0639e6c40f3d,release_lead_overlay_items,rellead_7bd47e2017dc5d9fc885b2b6,Northern Territory Heritage Register NT 1963 release patch,NT,Tennant Creek,Tennant Creek,Research lead overlay,overlay_not_public_map
maplead_78d75e5da6e93de7e1395503,release_lead_overlay_items,rellead_dac00cb4a48afe325698c833,Central Australian Historical Society NT 1963 release patch,NT,Darwin,Darwin,Research lead overlay,overlay_not_public_map
maplead_c73719b61bb226ce75f67cf4,release_lead_overlay_items,rellead_dd6a0c4e7b94e8745bdd1668,Historical Society of the Northern Territory NT 1963 release patch,NT,Darwin,Darwin,Research lead overlay,overlay_not_public_map
maplead_fff55f47218218cdf9048e1a,release_lead_overlay_items,rellead_9342486c2b623d78c0f4731c,Historical Society of the Northern Territory NT 1963 release patch,NT,Darwin,Darwin,Research lead overlay,overlay_not_public_map
maplead_f36c02d361cadadf9cc1f245,release_lead_overlay_items,rellead_c515ad6c8290535350a227a5,Katherine Museum NT 1963 release patch,NT,Pine Creek,Pine Creek,Research lead overlay,overlay_not_public_map
maplead_49e1dbd788f5203b3df82c06,release_lead_overlay_items,rellead_bf329d75a5a33289f38ad9c7,Museum and Art Gallery of the Northern Territory NT 1963 release patch,NT,Pine Creek,Pine Creek,Research lead overlay,overlay_not_public_map
maplead_30c255975b94392f0ccaa7bc,release_lead_overlay_items,rellead_6523308ca91684a26acb0465,Pine Creek Museum NT 1963 release patch,NT,Pine Creek,Pine Creek,Research lead overlay,overlay_not_public_map
maplead_141eef2485f35b4766d2fcc8,release_lead_overlay_items,rellead_68c7d1c9df003a807264ae5e,LANT Archives Navigator NT 1963 release patch,NT,Alice Springs,Alice Springs,Research lead overlay,overlay_not_public_map
maplead_f65c5add66fe3c4dcd1a2990,release_lead_overlay_items,rellead_2bc1c4c7ce398cf49e7efe9c,Library & Archives NT NT 1963 release patch,NT,Darwin,Darwin,Research lead overlay,overlay_not_public_map
maplead_b28548400ebf75c892023886,release_lead_overlay_items,rellead_6984f1d26503b31c4f33df31,Library & Archives NT Catalogue NT 1963 release patch,NT,Darwin,Darwin,Research lead overlay,overlay_not_public_map
maplead_2129fa3a50ab5e126056f980,release_lead_overlay_items,rellead_98339d63300e9248d7662f98,Territory Stories NT 1963 release patch,NT,Alice Springs,Alice Springs,Research lead overlay,overlay_not_public_map
maplead_5cfdd1708cda58d341a5d8b8,release_lead_overlay_items,rellead_60ccb7fd916be123a2d7e357,Territory Stories NT 1963 release patch,NT,Alice Springs,Alice Springs,Research lead overlay,overlay_not_public_map
maplead_4edb836deb05f9510c9feae2,release_lead_overlay_items,rellead_4e775e7c2cd0a358aa372e37,Alice Springs Public Library Local History NT 1964 release patch,NT,Tennant Creek,Tennant Creek,Research lead overlay,overlay_not_public_map
maplead_3f7334d061c15f630f301e80,release_lead_overlay_items,rellead_c78e4438e816a53e2ca13cb6,Alice Springs Public Library Local History NT 1964 release patch,NT,Tennant Creek,Tennant Creek,Research lead overlay,overlay_not_public_map
maplead_d85e639b4b958670b20cca00,release_lead_overlay_items,rellead_5be1ef9304c065bffa1d2863,Darwin City Libraries Local History NT 1964 release patch,NT,Pine Creek,Pine Creek,Research lead overlay,overlay_not_public_map
maplead_ca12a8ad3875a70ee6a81d8d,release_lead_overlay_items,rellead_0f2067f8cb04f1c6c85d2c77,Darwin City Libraries Local History NT 1964 release patch,NT,Darwin,Darwin,Research lead overlay,overlay_not_public_map
maplead_0d162529082dc2b664cf28f8,release_lead_overlay_items,rellead_dfdbf751bcd7b355dc9fc893,Tennant Creek and Barkly History NT 1964 release patch,NT,Katherine,Katherine,Research lead overlay,overlay_not_public_map
maplead_be0dc6833a03737fa3f9e2b4,release_lead_overlay_items,rellead_4120467d806498a66c7e08c0,NT Heritage Register NT 1964 release patch,NT,Alice Springs,Alice Springs,Research lead overlay,overlay_not_public_map
maplead_7aa1d054b1b1aa7dfbc0e7ac,release_lead_overlay_items,rellead_94ad227529930863529e3f62,National Trust NT NT 1964 release patch,NT,Tennant Creek,Tennant Creek,Research lead overlay,overlay_not_public_map
maplead_d7be3fb0a45e155c01169ee3,release_lead_overlay_items,rellead_e25816bbd0c5e363f13962a9,National Trust Northern Territory NT 1964 release patch,NT,Tennant Creek,Tennant Creek,Research lead overlay,overlay_not_public_map
maplead_2010f9e3f4b7b9cf26b1944a,release_lead_overlay_items,rellead_ab619d43a9bad1f193ac73eb,Northern Territory Heritage Register NT 1964 release patch,NT,Pine Creek,Pine Creek,Research lead overlay,overlay_not_public_map
maplead_2d78652d09b43f2f6b597e5d,release_lead_overlay_items,rellead_b0be4b464c0f55ae697d7cc7,Central Australian Historical Society NT 1964 release patch,NT,Katherine,Katherine,Research lead overlay,overlay_not_public_map
maplead_ea2b46bd0ef39056368fd1a9,release_lead_overlay_items,rellead_65b8dff1e092ed284cbcd64f,Historical Society of the Northern Territory NT 1964 release patch,NT,Katherine,Katherine,Research lead overlay,overlay_not_public_map
maplead_f1f55a7c6b73ada40a0f0fe6,release_lead_overlay_items,rellead_691364f65e75f6c2d8e336fe,Historical Society of the Northern Territory NT 1964 release patch,NT,Katherine,Katherine,Research lead overlay,overlay_not_public_map
maplead_2734230e76d019fa841c1720,release_lead_overlay_items,rellead_ef6dc9728946786c27732cc4,Katherine Museum NT 1964 release patch,NT,Darwin,Darwin,Research lead overlay,overlay_not_public_map
maplead_15354793a6663b0d7898d232,release_lead_overlay_items,rellead_4f5df6f0c9498565e10c243d,Museum and Art Gallery of the Northern Territory NT 1964 release patch,NT,Darwin,Darwin,Research lead overlay,overlay_not_public_map
maplead_0d5e677e3c44f9e8d01a416c,release_lead_overlay_items,rellead_a35a37dd33f8073daa4be013,Pine Creek Museum NT 1964 release patch,NT,Darwin,Darwin,Research lead overlay,overlay_not_public_map
maplead_e91e0ece8b9c2f0099d666c5,release_lead_overlay_items,rellead_5f742cee7b3a752efa3090ef,LANT Archives Navigator NT 1964 release patch,NT,Tennant Creek,Tennant Creek,Research lead overlay,overlay_not_public_map
maplead_e8fb5917797e49343892e9e4,release_lead_overlay_items,rellead_1a9e83910e5ea0a615afbb4c,Library & Archives NT NT 1964 release patch,NT,Katherine,Katherine,Research lead overlay,overlay_not_public_map
maplead_d7d6df805586741b56a43411,release_lead_overlay_items,rellead_83cdb062a97d7d27b8038d6a,Library & Archives NT Catalogue NT 1964 release patch,NT,Katherine,Katherine,Research lead overlay,overlay_not_public_map
maplead_d68e9283c53055f5e69c5527,release_lead_overlay_items,rellead_1e571e5fb05b6876d7022171,Territory Stories NT 1964 release patch,NT,Tennant Creek,Tennant Creek,Research lead overlay,overlay_not_public_map
maplead_8934a6068e326f14c8805314,release_lead_overlay_items,rellead_d3a3ab088a50980ae1d7b963,Territory Stories NT 1964 release patch,NT,Tennant Creek,Tennant Creek,Research lead overlay,overlay_not_public_map
maplead_ea7d2644f043c98568026232,release_lead_overlay_items,rellead_df6cd59928d44606f9e20951,Alice Springs Public Library Local History NT 1965 release patch,NT,Pine Creek,Pine Creek,Research lead overlay,overlay_not_public_map
maplead_168da7f9722a34e6a29fa7bb,release_lead_overlay_items,rellead_3b73994acc94624c3d71c001,Alice Springs Public Library Local History NT 1965 release patch,NT,Pine Creek,Pine Creek,Research lead overlay,overlay_not_public_map
maplead_d8519b8400ed9bbc7dd9270d,release_lead_overlay_items,rellead_5d86672016b513d21587fe2a,Darwin City Libraries Local History NT 1965 release patch,NT,Darwin,Darwin,Research lead overlay,overlay_not_public_map
maplead_58edca54872ab2ab8b4f99e1,release_lead_overlay_items,rellead_d96534543376b757b14c008e,Darwin City Libraries Local History NT 1965 release patch,NT,Darwin,Darwin,Research lead overlay,overlay_not_public_map
maplead_7f3de9b191bde0054156e10f,release_lead_overlay_items,rellead_27a6e46172d1f5d20ce00ade,Tennant Creek and Barkly History NT 1965 release patch,NT,Alice Springs,Alice Springs,Research lead overlay,overlay_not_public_map
maplead_97a84780b08bf45fb400be65,release_lead_overlay_items,rellead_22382f6c157e6b415e80532b,NT Heritage Register NT 1965 release patch,NT,Tennant Creek,Tennant Creek,Research lead overlay,overlay_not_public_map
maplead_69b9c885def5f35223734a20,release_lead_overlay_items,rellead_f66631d2680802962182998a,National Trust NT NT 1965 release patch,NT,Pine Creek,Pine Creek,Research lead overlay,overlay_not_public_map
maplead_aa51f9acf4d638fb823620a7,release_lead_overlay_items,rellead_77e640e87c31d4a3f2c13f81,National Trust Northern Territory NT 1965 release patch,NT,Pine Creek,Pine Creek,Research lead overlay,overlay_not_public_map
maplead_ec55c8eedbea0dc0f1df0e5e,release_lead_overlay_items,rellead_a34bfd07ca194397d889ad00,Northern Territory Heritage Register NT 1965 release patch,NT,Darwin,Darwin,Research lead overlay,overlay_not_public_map
maplead_22704747aab29e7b12f35b45,release_lead_overlay_items,rellead_fbd8b2fef77e5411d962b32f,Central Australian Historical Society NT 1965 release patch,NT,Alice Springs,Alice Springs,Research lead overlay,overlay_not_public_map
maplead_d35a29af664de25da4a31fe7,release_lead_overlay_items,rellead_572e891255f658d9de8b6468,Historical Society of the Northern Territory NT 1965 release patch,NT,Alice Springs,Alice Springs,Research lead overlay,overlay_not_public_map
maplead_c1c6aba798951f2bf7aa6400,release_lead_overlay_items,rellead_bfde0d0a624ab1050a70328d,Historical Society of the Northern Territory NT 1965 release patch,NT,Alice Springs,Alice Springs,Research lead overlay,overlay_not_public_map
maplead_e7b57b732ad20227988458b7,release_lead_overlay_items,rellead_dee2177e19b51c3d6a096d9e,Katherine Museum NT 1965 release patch,NT,Katherine,Katherine,Research lead overlay,overlay_not_public_map
maplead_7a5fc3bd1306dbaf9e512ddc,release_lead_overlay_items,rellead_1be3d1cc610bb184deb62695,Museum and Art Gallery of the Northern Territory NT 1965 release patch,NT,Katherine,Katherine,Research lead overlay,overlay_not_public_map
maplead_34a38efd9a346c70473a6ec0,release_lead_overlay_items,rellead_9ddf6fc90bf8d3f95feca7eb,Pine Creek Museum NT 1965 release patch,NT,Katherine,Katherine,Research lead overlay,overlay_not_public_map
maplead_8ed824f264952c49ac8e6f32,release_lead_overlay_items,rellead_ca9edbfe8a4d490e59bca7e1,LANT Archives Navigator NT 1965 release patch,NT,Pine Creek,Pine Creek,Research lead overlay,overlay_not_public_map
maplead_1231e2de5b71b69aab64493a,release_lead_overlay_items,rellead_ec64f5da1f1fa20acb10417d,Library & Archives NT NT 1965 release patch,NT,Alice Springs,Alice Springs,Research lead overlay,overlay_not_public_map
maplead_3c4e244ecd4abd464a86b491,release_lead_overlay_items,rellead_6a5293344850d7a2363746c9,Library & Archives NT Catalogue NT 1965 release patch,NT,Alice Springs,Alice Springs,Research lead overlay,overlay_not_public_map
maplead_2d56d5779b5042333fe7353d,release_lead_overlay_items,rellead_0f15b1bfd8d17c3dca818947,Territory Stories NT 1965 release patch,NT,Pine Creek,Pine Creek,Research lead overlay,overlay_not_public_map
maplead_45fb1d4e4f6f1f36431391da,release_lead_overlay_items,rellead_8f77e9590a8fe418d3d0d7c1,Territory Stories NT 1965 release patch,NT,Pine Creek,Pine Creek,Research lead overlay,overlay_not_public_map
maplead_1417a2137755d33dc1453d35,release_lead_overlay_items,rellead_524dfacc06f49dc3874515b8,Alice Springs Public Library Local History NT 1966 release patch,NT,Darwin,Darwin,Research lead overlay,overlay_not_public_map
maplead_2c28c4abd51dd9345fedaf06,release_lead_overlay_items,rellead_55e35305321cdd109b946296,Alice Springs Public Library Local History NT 1966 release patch,NT,Darwin,Darwin,Research lead overlay,overlay_not_public_map
maplead_4bc3564cadbdd94055fbf70f,release_lead_overlay_items,rellead_1b9fbe7c6af0f0f59cd2057c,Darwin City Libraries Local History NT 1966 release patch,NT,Katherine,Katherine,Research lead overlay,overlay_not_public_map
maplead_e239d97060e94baa99c2ccdf,release_lead_overlay_items,rellead_d901f51074492cfbf9916753,Darwin City Libraries Local History NT 1966 release patch,NT,Katherine,Katherine,Research lead overlay,overlay_not_public_map
maplead_fe757a1cb6108d5d230b96ba,release_lead_overlay_items,rellead_0abddbadf1c230ba6d33d74f,Tennant Creek and Barkly History NT 1966 release patch,NT,Alice Springs,Alice Springs,Research lead overlay,overlay_not_public_map
maplead_abd1951ae446e8c4bc0e56f3,release_lead_overlay_items,rellead_4a19f4de6b1b307a1abd8835,NT Heritage Register NT 1966 release patch,NT,Pine Creek,Pine Creek,Research lead overlay,overlay_not_public_map
maplead_c4aa767d67114819dc9f0416,release_lead_overlay_items,rellead_a18e381d9e35c6a127ad9aee,National Trust NT NT 1966 release patch,NT,Pine Creek,Pine Creek,Research lead overlay,overlay_not_public_map
maplead_c29a246e452cbc2c91cdeae5,release_lead_overlay_items,rellead_1f0a6d61d2c07fc582e19e72,National Trust Northern Territory NT 1966 release patch,NT,Darwin,Darwin,Research lead overlay,overlay_not_public_map
maplead_3c46e842e067f3a95701e9ef,release_lead_overlay_items,rellead_679d302a5a353842a8a019ad,Northern Territory Heritage Register NT 1966 release patch,NT,Katherine,Katherine,Research lead overlay,overlay_not_public_map
maplead_fcd260b9c22498d12c90646f,release_lead_overlay_items,rellead_4f084d79d4d8089430a42938,Central Australian Historical Society NT 1966 release patch,NT,Alice Springs,Alice Springs,Research lead overlay,overlay_not_public_map
maplead_89f385644748c3efda968407,release_lead_overlay_items,rellead_fa12ef2393ee45f41496635f,Historical Society of the Northern Territory NT 1966 release patch,NT,Tennant Creek,Tennant Creek,Research lead overlay,overlay_not_public_map
maplead_60738f1bec452432c07bb9af,release_lead_overlay_items,rellead_f826f1aa819c63c397b6e70f,Historical Society of the Northern Territory NT 1966 release patch,NT,Tennant Creek,Tennant Creek,Research lead overlay,overlay_not_public_map
maplead_32fb6ba894fea2978a5b9c53,release_lead_overlay_items,rellead_2afd9967b7db0c015633c046,Katherine Museum NT 1966 release patch,NT,Katherine,Katherine,Research lead overlay,overlay_not_public_map
maplead_7667af5b48f15ace4ea1932f,release_lead_overlay_items,rellead_a650623e9321e95f0a6e4606,Museum and Art Gallery of the Northern Territory NT 1966 release patch,NT,Alice Springs,Alice Springs,Research lead overlay,overlay_not_public_map
maplead_90dbe70af9c49ad5b8365e99,release_lead_overlay_items,rellead_515896bf2a315fca1efbea21,Pine Creek Museum NT 1966 release patch,NT,Alice Springs,Alice Springs,Research lead overlay,overlay_not_public_map
maplead_0906968c035460fa84d2af0f,release_lead_overlay_items,rellead_f48a261f9c8662466ccc371d,LANT Archives Navigator NT 1966 release patch,NT,Darwin,Darwin,Research lead overlay,overlay_not_public_map
maplead_c7e252afcbb8119e745a672c,release_lead_overlay_items,rellead_00de991efdf1a4dd9783eecf,Library & Archives NT NT 1966 release patch,NT,Tennant Creek,Tennant Creek,Research lead overlay,overlay_not_public_map
maplead_15d66e2c6918bb3239257718,release_lead_overlay_items,rellead_b61bc566df8f7a9b3fe6332e,Library & Archives NT Catalogue NT 1966 release patch,NT,Tennant Creek,Tennant Creek,Research lead overlay,overlay_not_public_map
maplead_d984abb1a28e9b8ca77489c8,release_lead_overlay_items,rellead_cf546cde1cee8c5f01ef2f6f,Territory Stories NT 1966 release patch,NT,Pine Creek,Pine Creek,Research lead overlay,overlay_not_public_map
maplead_9d2216e5648955e11d8a62f8,release_lead_overlay_items,rellead_e020a6426503b4f816520d76,Territory Stories NT 1966 release patch,NT,Darwin,Darwin,Research lead overlay,overlay_not_public_map
maplead_8643cf135492ad3f2b64b4fa,release_lead_overlay_items,rellead_2c9b0d915102fedcd7af507a,Alice Springs Public Library Local History NT 1967 release patch,NT,Katherine,Katherine,Research lead overlay,overlay_not_public_map
maplead_ba882996dcc05cdd106dfa42,release_lead_overlay_items,rellead_8f79b0a8f4c29d211622e6b6,Alice Springs Public Library Local History NT 1967 release patch,NT,Katherine,Katherine,Research lead overlay,overlay_not_public_map
maplead_887075207638904b3dd08c27,release_lead_overlay_items,rellead_9f323b1d6e96f67040727db9,Alice Springs Public Library Local History NT 1955 ghost expansion lead,NT,Darwin,Darwin,Research lead overlay,overlay_not_public_map
maplead_8cbfe38c8d8806bb6d1f6e50,release_lead_overlay_items,rellead_3b4901285d86675738f2641f,Alice Springs Public Library Local History NT 1955 ghost expansion lead,NT,Katherine,Katherine,Research lead overlay,overlay_not_public_map
maplead_7faf9b08b8e0023df7780e3d,release_lead_overlay_items,rellead_29883f6756adbee574072966,Darwin City Libraries Local History NT 1955 ghost expansion lead,NT,Alice Springs,Alice Springs,Research lead overlay,overlay_not_public_map
maplead_04b2ba1f920a3cee294ae4dd,release_lead_overlay_items,rellead_131e0a8343c90db97802a8be,Darwin City Libraries Local History NT 1955 ghost expansion lead,NT,Alice Springs,Alice Springs,Research lead overlay,overlay_not_public_map
maplead_0be8908d9cab49f31d4c2f2e,release_lead_overlay_items,rellead_0024f5bd7b18ad90efb9f84f,Tennant Creek and Barkly History NT 1955 ghost expansion lead,NT,Tennant Creek,Tennant Creek,Research lead overlay,overlay_not_public_map
maplead_180b771bcaa526428d479572,release_lead_overlay_items,rellead_d6ec173f19a7778c66a1de26,NT Heritage Register NT 1955 ghost expansion lead,NT,Pine Creek,Pine Creek,Research lead overlay,overlay_not_public_map
maplead_db6b9f977538ed1122efd2d5,release_lead_overlay_items,rellead_c764005c0ed23862cee60b41,National Trust NT NT 1955 ghost expansion lead,NT,Darwin,Darwin,Research lead overlay,overlay_not_public_map
maplead_e54342d83331b22ae55bf2b4,release_lead_overlay_items,rellead_a3bd1d3e21c93ba1ef4ea593,National Trust Northern Territory NT 1955 ghost expansion lead,NT,Darwin,Darwin,Research lead overlay,overlay_not_public_map
maplead_dd4e318719626650d30b87fe,release_lead_overlay_items,rellead_724aa87cbb470e99b85456f4,Northern Territory Heritage Register NT 1955 ghost expansion lead,NT,Katherine,Katherine,Research lead overlay,overlay_not_public_map
maplead_c6e900a5609adf877881e547,release_lead_overlay_items,rellead_5cf52950c5ffc6a9fc8160db,Central Australian Historical Society NT 1955 ghost expansion lead,NT,Tennant Creek,Tennant Creek,Research lead overlay,overlay_not_public_map
maplead_186e8d352e954f8aed45b6ea,release_lead_overlay_items,rellead_6eda0cb82e5083f0f54b0d4d,Historical Society of the Northern Territory NT 1955 ghost expansion lead,NT,Tennant Creek,Tennant Creek,Research lead overlay,overlay_not_public_map
maplead_be1be3214e77c4a8418dee1e,release_lead_overlay_items,rellead_7d0b2406c7da6d4e878d14de,Historical Society of the Northern Territory NT 1955 ghost expansion lead,NT,Pine Creek,Pine Creek,Research lead overlay,overlay_not_public_map
maplead_f093d292c80263ec615bba2c,release_lead_overlay_items,rellead_8d643e655b068abbbfb0a4e8,Katherine Museum NT 1955 ghost expansion lead,NT,Alice Springs,Alice Springs,Research lead overlay,overlay_not_public_map
maplead_ba218122db3925dfc995699f,release_lead_overlay_items,rellead_e1251266eb691063eb55189d,Museum and Art Gallery of the Northern Territory NT 1955 ghost expansion lead,NT,Alice Springs,Alice Springs,Research lead overlay,overlay_not_public_map
maplead_f693add6eef90474beadd83d,release_lead_overlay_items,rellead_f56fa3057135d8c10981e672,Pine Creek Museum NT 1955 ghost expansion lead,NT,Alice Springs,Alice Springs,Research lead overlay,overlay_not_public_map
maplead_9b6cb174f78fe1358d89db54,release_lead_overlay_items,rellead_4d11adc7bdc36dcd99df4380,LANT Archives Navigator NT 1955 ghost expansion lead,NT,Darwin,Darwin,Research lead overlay,overlay_not_public_map
maplead_957a3516fb4e96e90a85d21b,release_lead_overlay_items,rellead_9d7990d756cba873004fd93d,Library & Archives NT NT 1955 ghost expansion lead,NT,Tennant Creek,Tennant Creek,Research lead overlay,overlay_not_public_map
maplead_3364f95b9f9fdb64eab90c37,release_lead_overlay_items,rellead_8d33438c91153a45f5f5b390,Library & Archives NT Catalogue NT 1955 ghost expansion lead,NT,Tennant Creek,Tennant Creek,Research lead overlay,overlay_not_public_map
maplead_195c5a92f47df82def00a6bd,release_lead_overlay_items,rellead_9a40b6d1182b6902acfdd5ea,Territory Stories NT 1955 ghost expansion lead,NT,Darwin,Darwin,Research lead overlay,overlay_not_public_map
maplead_3c10653ba21b2b26811ef109,release_lead_overlay_items,rellead_ad03054f64c6ce4df02a49f5,Territory Stories NT 1955 ghost expansion lead,NT,Darwin,Darwin,Research lead overlay,overlay_not_public_map
maplead_2c06a3a043d577bbf7e8f4f7,release_lead_overlay_items,rellead_86dfca4630ba51d9de17bbb5,Alice Springs Public Library Local History NT 1956 ghost expansion lead,NT,Katherine,Katherine,Research lead overlay,overlay_not_public_map
maplead_fa226eeb68a9fd136166d575,release_lead_overlay_items,rellead_15ad67bea576c6290d466f49,Alice Springs Public Library Local History NT 1956 ghost expansion lead,NT,Katherine,Katherine,Research lead overlay,overlay_not_public_map
maplead_2e211b81d778a38c6379b979,release_lead_overlay_items,rellead_d2b6801fc5de530da1896397,Darwin City Libraries Local History NT 1956 ghost expansion lead,NT,Tennant Creek,Tennant Creek,Research lead overlay,overlay_not_public_map
maplead_080b90f84b04f4ccc43a3c53,release_lead_overlay_items,rellead_6e86684d477c74bbc0ae5d51,Darwin City Libraries Local History NT 1956 ghost expansion lead,NT,Tennant Creek,Tennant Creek,Research lead overlay,overlay_not_public_map
maplead_1ba6beca1df4678c76376500,release_lead_overlay_items,rellead_22339237aca5b68edc89ba6e,Tennant Creek and Barkly History NT 1956 ghost expansion lead,NT,Pine Creek,Pine Creek,Research lead overlay,overlay_not_public_map
maplead_8b186ef2a40d36d8180bee67,release_lead_overlay_items,rellead_406f2ee63ee4eed022d66fd1,NT Heritage Register NT 1956 ghost expansion lead,NT,Darwin,Darwin,Research lead overlay,overlay_not_public_map
maplead_ecc49f78e2c20614c7c5f062,release_lead_overlay_items,rellead_bb9b1836d0140f1a75526b73,National Trust NT NT 1956 ghost expansion lead,NT,Katherine,Katherine,Research lead overlay,overlay_not_public_map
maplead_2c100500569f1a040be77c7a,release_lead_overlay_items,rellead_841ef0e18cbc2181faa4d3fa,National Trust Northern Territory NT 1956 ghost expansion lead,NT,Katherine,Katherine,Research lead overlay,overlay_not_public_map
maplead_fa3424ee3afffefe58302846,release_lead_overlay_items,rellead_6a5d24c4860f5d2174d9529a,Northern Territory Heritage Register NT 1956 ghost expansion lead,NT,Alice Springs,Alice Springs,Research lead overlay,overlay_not_public_map
maplead_151fff76748d2a75d66c0dda,release_lead_overlay_items,rellead_f69da9d638c5e200d0891c29,Central Australian Historical Society NT 1956 ghost expansion lead,NT,Pine Creek,Pine Creek,Research lead overlay,overlay_not_public_map
maplead_2139d11596ac734b0843917d,release_lead_overlay_items,rellead_5b494c5bc403b0ac121f9156,Historical Society of the Northern Territory NT 1956 ghost expansion lead,NT,Pine Creek,Pine Creek,Research lead overlay,overlay_not_public_map
maplead_23dbeab40c6b470edf333ded,release_lead_overlay_items,rellead_4469ae9bdb96fc6d07557842,Historical Society of the Northern Territory NT 1956 ghost expansion lead,NT,Pine Creek,Pine Creek,Research lead overlay,overlay_not_public_map
maplead_d916370afbff8c284f7650b1,release_lead_overlay_items,rellead_a651ee0d69d58e7e068274ac,Katherine Museum NT 1956 ghost expansion lead,NT,Tennant Creek,Tennant Creek,Research lead overlay,overlay_not_public_map
maplead_979ee83d98fd58f07b7e71aa,release_lead_overlay_items,rellead_20b590dc0e35e7613445a3d7,Museum and Art Gallery of the Northern Territory NT 1956 ghost expansion lead,NT,Tennant Creek,Tennant Creek,Research lead overlay,overlay_not_public_map
maplead_a366a791f44fb8d33b712a1a,release_lead_overlay_items,rellead_72945d2f25545443cea47452,Pine Creek Museum NT 1956 ghost expansion lead,NT,Tennant Creek,Tennant Creek,Research lead overlay,overlay_not_public_map
maplead_5dbcffea2bd1c90583345680,release_lead_overlay_items,rellead_f3bd0e1765d25f94a62f8151,LANT Archives Navigator NT 1956 ghost expansion lead,NT,Katherine,Katherine,Research lead overlay,overlay_not_public_map
maplead_0a0f31a66bc14eed46787421,release_lead_overlay_items,rellead_d93aa2519bd6295e14b6ea6e,Library & Archives NT NT 1956 ghost expansion lead,NT,Pine Creek,Pine Creek,Research lead overlay,overlay_not_public_map
maplead_afdec8bbab82c60f705f94a2,release_lead_overlay_items,rellead_0b1eb066c97ac5f650f4a4e8,Library & Archives NT Catalogue NT 1956 ghost expansion lead,NT,Pine Creek,Pine Creek,Research lead overlay,overlay_not_public_map
maplead_269e46d7b89ea663eb7bd18b,release_lead_overlay_items,rellead_821562432f9770ca13e1e000,Territory Stories NT 1956 ghost expansion lead,NT,Katherine,Katherine,Research lead overlay,overlay_not_public_map
maplead_60aabc5bb5c51cf61210cd09,release_lead_overlay_items,rellead_aa13163fc405834e179796ad,Territory Stories NT 1956 ghost expansion lead,NT,Katherine,Katherine,Research lead overlay,overlay_not_public_map
maplead_2b728c784905640145110a33,release_lead_overlay_items,rellead_e88cfd11d0a325380b634e50,Alice Springs Public Library Local History NT 1957 ghost expansion lead,NT,Alice Springs,Alice Springs,Research lead overlay,overlay_not_public_map
maplead_197977029bf5f409e771cba2,release_lead_overlay_items,rellead_770cbb43dcdc77256d0aa1b0,Alice Springs Public Library Local History NT 1957 ghost expansion lead,NT,Alice Springs,Alice Springs,Research lead overlay,overlay_not_public_map
maplead_cf745714c5f32b8524b37041,release_lead_overlay_items,rellead_705309a632d869afda89f90e,Darwin City Libraries Local History NT 1957 ghost expansion lead,NT,Tennant Creek,Tennant Creek,Research lead overlay,overlay_not_public_map
maplead_ed2c9973239c11cb060a37dd,release_lead_overlay_items,rellead_c754eb03d2602bdb4e5871a5,Darwin City Libraries Local History NT 1957 ghost expansion lead,NT,Pine Creek,Pine Creek,Research lead overlay,overlay_not_public_map
maplead_6c731026e99b8c90f8b8fa3a,release_lead_overlay_items,rellead_4a76a76393fb7f720efc04f2,Tennant Creek and Barkly History NT 1957 ghost expansion lead,NT,Darwin,Darwin,Research lead overlay,overlay_not_public_map
maplead_4742313f4149d72ca890a134,release_lead_overlay_items,rellead_2019516b78e0878bd659c60a,NT Heritage Register NT 1957 ghost expansion lead,NT,Katherine,Katherine,Research lead overlay,overlay_not_public_map
maplead_1aa3b723f06ae09224414c37,release_lead_overlay_items,rellead_2da50deeab16bf0623c1eb1c,National Trust NT NT 1957 ghost expansion lead,NT,Alice Springs,Alice Springs,Research lead overlay,overlay_not_public_map
maplead_92d4638c87995ac888435123,release_lead_overlay_items,rellead_751cacc9903d9ed4d58fae23,National Trust Northern Territory NT 1957 ghost expansion lead,NT,Alice Springs,Alice Springs,Research lead overlay,overlay_not_public_map
maplead_99d1c2da92909cd63ec3964c,release_lead_overlay_items,rellead_9ff33b8c657892abcb34316f,Northern Territory Heritage Register NT 1957 ghost expansion lead,NT,Tennant Creek,Tennant Creek,Research lead overlay,overlay_not_public_map
maplead_80e17d3b6f1f1c05ab8c4a2f,release_lead_overlay_items,rellead_a23db23a1a964f194a5e32e7,Central Australian Historical Society NT 1957 ghost expansion lead,NT,Darwin,Darwin,Research lead overlay,overlay_not_public_map
maplead_2f7f95eef2eedee63c85f92c,release_lead_overlay_items,rellead_0ff9bd28f3f92361007e4eb9,Historical Society of the Northern Territory NT 1957 ghost expansion lead,NT,Darwin,Darwin,Research lead overlay,overlay_not_public_map
maplead_353e0b2f96c4d4289c13c22e,release_lead_overlay_items,rellead_2b5258c6bd978e21b1792c5b,Historical Society of the Northern Territory NT 1957 ghost expansion lead,NT,Darwin,Darwin,Research lead overlay,overlay_not_public_map
maplead_37e9b74b14d0e2c9e4fafb50,release_lead_overlay_items,rellead_db3685343251dd3fa934f92a,Katherine Museum NT 1957 ghost expansion lead,NT,Pine Creek,Pine Creek,Research lead overlay,overlay_not_public_map
maplead_655e737d349e35b29d131be2,release_lead_overlay_items,rellead_1244b340144d9c3e15e01706,Museum and Art Gallery of the Northern Territory NT 1957 ghost expansion lead,NT,Pine Creek,Pine Creek,Research lead overlay,overlay_not_public_map
maplead_4b184cf5d1b6099510611bd8,release_lead_overlay_items,rellead_6f5889198df320b1f11ca9ae,Pine Creek Museum NT 1957 ghost expansion lead,NT,Pine Creek,Pine Creek,Research lead overlay,overlay_not_public_map
maplead_d0335100d686291e83829d3f,release_lead_overlay_items,rellead_d0a946c600716d56428a36ef,LANT Archives Navigator NT 1957 ghost expansion lead,NT,Alice Springs,Alice Springs,Research lead overlay,overlay_not_public_map
maplead_cc9ec1505d5d437d836fce3b,release_lead_overlay_items,rellead_1fd1c98cca2403b0fd114956,Library & Archives NT NT 1957 ghost expansion lead,NT,Darwin,Darwin,Research lead overlay,overlay_not_public_map
maplead_6f347d41d0111efab90d8a70,release_lead_overlay_items,rellead_dea21c9c70a0c4630e138fb8,Library & Archives NT Catalogue NT 1957 ghost expansion lead,NT,Darwin,Darwin,Research lead overlay,overlay_not_public_map
maplead_e24d3441f928300d7015b544,release_lead_overlay_items,rellead_374fdcb52216e21c755d3de0,Territory Stories NT 1957 ghost expansion lead,NT,Alice Springs,Alice Springs,Research lead overlay,overlay_not_public_map
maplead_fa8427d1e740c009cf4abf76,release_lead_overlay_items,rellead_aa6143825a2c158fec341921,Territory Stories NT 1957 ghost expansion lead,NT,Alice Springs,Alice Springs,Research lead overlay,overlay_not_public_map
maplead_df5e93083e366423d66d72f3,release_lead_overlay_items,rellead_c2e45425293a6a9d71d1703c,Alice Springs Public Library Local History NT 1958 ghost expansion lead,NT,Tennant Creek,Tennant Creek,Research lead overlay,overlay_not_public_map
maplead_71222d244e08fd30a256935c,release_lead_overlay_items,rellead_e80e3b0ceab7ca5794255492,Alice Springs Public Library Local History NT 1958 ghost expansion lead,NT,Tennant Creek,Tennant Creek,Research lead overlay,overlay_not_public_map
maplead_bbef6ab40deaa787d56201f2,release_lead_overlay_items,rellead_e1f36e5d155370dd1f66ffac,Darwin City Libraries Local History NT 1958 ghost expansion lead,NT,Pine Creek,Pine Creek,Research lead overlay,overlay_not_public_map
maplead_a3ee1da2c3a78f5f14e0bc67,release_lead_overlay_items,rellead_31f6119ac3986b5ae92c56c6,Darwin City Libraries Local History NT 1958 ghost expansion lead,NT,Pine Creek,Pine Creek,Research lead overlay,overlay_not_public_map
maplead_3436c257ed4cbc6e139d83e5,release_lead_overlay_items,rellead_e299baa13246aeb61aadd0a7,Tennant Creek and Barkly History NT 1958 ghost expansion lead,NT,Katherine,Katherine,Research lead overlay,overlay_not_public_map
maplead_cdb4dd565d8293ff30ee7cc6,release_lead_overlay_items,rellead_52640a1dc9f9a31e28f2ed9c,NT Heritage Register NT 1958 ghost expansion lead,NT,Alice Springs,Alice Springs,Research lead overlay,overlay_not_public_map
maplead_ef6f89ef430785939ef7d3cf,release_lead_overlay_items,rellead_b834c85680e971bd2f38dc66,National Trust NT NT 1958 ghost expansion lead,NT,Tennant Creek,Tennant Creek,Research lead overlay,overlay_not_public_map
maplead_539ab4ae82b56652109f3ce1,release_lead_overlay_items,rellead_585effc9a252cf5857ddc87a,National Trust Northern Territory NT 1958 ghost expansion lead,NT,Tennant Creek,Tennant Creek,Research lead overlay,overlay_not_public_map
maplead_10cd1af693866d044cb9d684,release_lead_overlay_items,rellead_6a98bd6e2dd864916f37755e,Northern Territory Heritage Register NT 1958 ghost expansion lead,NT,Pine Creek,Pine Creek,Research lead overlay,overlay_not_public_map
maplead_d4d20e2267609cb4884458f3,release_lead_overlay_items,rellead_82e3e8ee103a1675444e97b7,Central Australian Historical Society NT 1958 ghost expansion lead,NT,Katherine,Katherine,Research lead overlay,overlay_not_public_map
maplead_9648a2ef4fe254be33a8b8f2,release_lead_overlay_items,rellead_d5715fc7a52f0c8519351f96,Historical Society of the Northern Territory NT 1958 ghost expansion lead,NT,Katherine,Katherine,Research lead overlay,overlay_not_public_map
maplead_53ea3800189d6b3387a5bbbf,release_lead_overlay_items,rellead_279d78fa4b479041fb3b52f8,Historical Society of the Northern Territory NT 1958 ghost expansion lead,NT,Katherine,Katherine,Research lead overlay,overlay_not_public_map
maplead_9db72473c6ef5ff3ab2e263d,release_lead_overlay_items,rellead_66716d0fb5e73370736d5422,Katherine Museum NT 1958 ghost expansion lead,NT,Darwin,Darwin,Research lead overlay,overlay_not_public_map
maplead_dfee97c3cccd8a717b659b07,release_lead_overlay_items,rellead_f6d345be6115f26622d7e268,Museum and Art Gallery of the Northern Territory NT 1958 ghost expansion lead,NT,Darwin,Darwin,Research lead overlay,overlay_not_public_map
maplead_d109c3b08af3bc8b5e22cb3c,release_lead_overlay_items,rellead_b38179d8a4357c29b9cece93,Pine Creek Museum NT 1958 ghost expansion lead,NT,Darwin,Darwin,Research lead overlay,overlay_not_public_map
maplead_e15050329ab0610dd432c2a5,release_lead_overlay_items,rellead_860f4da47791edc34e23d81a,LANT Archives Navigator NT 1958 ghost expansion lead,NT,Tennant Creek,Tennant Creek,Research lead overlay,overlay_not_public_map
maplead_8bd502328fe33ca9cb97f96e,release_lead_overlay_items,rellead_1e9329ab34974c84438b47a1,Library & Archives NT NT 1958 ghost expansion lead,NT,Katherine,Katherine,Research lead overlay,overlay_not_public_map
maplead_3a8680e4bfd12c734bcc1b63,release_lead_overlay_items,rellead_664cf03232125fdedf08f40d,Library & Archives NT Catalogue NT 1958 ghost expansion lead,NT,Katherine,Katherine,Research lead overlay,overlay_not_public_map
maplead_d4854ae042bd47578578ec76,release_lead_overlay_items,rellead_b42a3ca5d5814dffa9c49b01,Territory Stories NT 1958 ghost expansion lead,NT,Tennant Creek,Tennant Creek,Research lead overlay,overlay_not_public_map
maplead_8b1ff844bddc2dc748c00a91,release_lead_overlay_items,rellead_c722e9f189ced9d9b7f28036,Territory Stories NT 1958 ghost expansion lead,NT,Tennant Creek,Tennant Creek,Research lead overlay,overlay_not_public_map
maplead_e78666f81acd34cd276007eb,release_lead_overlay_items,rellead_6b500937f60f2e0e4587630e,Alice Springs Public Library Local History NT 1959 ghost expansion lead,NT,Pine Creek,Pine Creek,Research lead overlay,overlay_not_public_map
maplead_a5791a7b9b97ecb8d7c82536,release_lead_overlay_items,rellead_35267463b86b5dd3bdae5fed,Alice Springs Public Library Local History NT 1959 ghost expansion lead,NT,Pine Creek,Pine Creek,Research lead overlay,overlay_not_public_map
maplead_111bf128f1c44649bfb26233,release_lead_overlay_items,rellead_da32f5c7744ef379ccf9f4b3,Darwin City Libraries Local History NT 1959 ghost expansion lead,NT,Darwin,Darwin,Research lead overlay,overlay_not_public_map
maplead_af12225267ceb7545b66a731,release_lead_overlay_items,rellead_43b448579903ffe1db8cbd92,Darwin City Libraries Local History NT 1959 ghost expansion lead,NT,Darwin,Darwin,Research lead overlay,overlay_not_public_map
maplead_3c0bee829aae72988f29ac96,release_lead_overlay_items,rellead_24330ea9ceb1616fabf57ee6,Tennant Creek and Barkly History NT 1959 ghost expansion lead,NT,Katherine,Katherine,Research lead overlay,overlay_not_public_map
maplead_858b382632b63b0e5ea3a019,release_lead_overlay_items,rellead_36f20ea94e2f7ec5e521c62f,NT Heritage Register NT 1959 ghost expansion lead,NT,Tennant Creek,Tennant Creek,Research lead overlay,overlay_not_public_map
maplead_f2eb0c65a53fd29eb9fa9f08,release_lead_overlay_items,rellead_668120bc686ac73913e915ee,National Trust NT NT 1959 ghost expansion lead,NT,Tennant Creek,Tennant Creek,Research lead overlay,overlay_not_public_map
maplead_2bad16d8b249981c386d72b6,release_lead_overlay_items,rellead_4f3d6d40318bac307ac788b7,National Trust Northern Territory NT 1959 ghost expansion lead,NT,Pine Creek,Pine Creek,Research lead overlay,overlay_not_public_map
maplead_d49f9a8a5161f7310cecf299,release_lead_overlay_items,rellead_f18abe323eb376b260f12d82,Northern Territory Heritage Register NT 1959 ghost expansion lead,NT,Darwin,Darwin,Research lead overlay,overlay_not_public_map
maplead_83c956c8f68cc917ecb762fd,release_lead_overlay_items,rellead_200be2746772ed22eb00e24a,Central Australian Historical Society NT 1959 ghost expansion lead,NT,Katherine,Katherine,Research lead overlay,overlay_not_public_map
maplead_01dbaf6e59fa5639952cc7a1,release_lead_overlay_items,rellead_3f3a84f250763f9a48315c72,Historical Society of the Northern Territory NT 1959 ghost expansion lead,NT,Alice Springs,Alice Springs,Research lead overlay,overlay_not_public_map
maplead_0c48aa61496495ab4345d8b0,release_lead_overlay_items,rellead_cc24d8ce54cfa8416777e7eb,Historical Society of the Northern Territory NT 1959 ghost expansion lead,NT,Alice Springs,Alice Springs,Research lead overlay,overlay_not_public_map
maplead_5f67d0199e856525e0d0e7fb,release_lead_overlay_items,rellead_88bf85a8146cbe52a83d6d95,Katherine Museum NT 1959 ghost expansion lead,NT,Darwin,Darwin,Research lead overlay,overlay_not_public_map
maplead_9fe54f3776e618b8593e5710,release_lead_overlay_items,rellead_bf584a9eacfdcb9d5607c860,Museum and Art Gallery of the Northern Territory NT 1959 ghost expansion lead,NT,Katherine,Katherine,Research lead overlay,overlay_not_public_map
maplead_f589ff70671a4ff4645ee8a5,release_lead_overlay_items,rellead_958304a855b4e1ea8d160b71,Pine Creek Museum NT 1959 ghost expansion lead,NT,Katherine,Katherine,Research lead overlay,overlay_not_public_map
maplead_de9e6f2f83773347ff4a3184,release_lead_overlay_items,rellead_e3aaec65b05a1fd5f1d1929b,LANT Archives Navigator NT 1959 ghost expansion lead,NT,Pine Creek,Pine Creek,Research lead overlay,overlay_not_public_map
maplead_5283a68b97c28a3782aa2f6a,release_lead_overlay_items,rellead_62d3c68220690b3da468f383,Library & Archives NT NT 1959 ghost expansion lead,NT,Alice Springs,Alice Springs,Research lead overlay,overlay_not_public_map
maplead_1ca508f76b0fd5382b1ca280,release_lead_overlay_items,rellead_74e4a95a4f1826ba3ab9ba7c,Library & Archives NT Catalogue NT 1959 ghost expansion lead,NT,Alice Springs,Alice Springs,Research lead overlay,overlay_not_public_map
maplead_9371b540321b26971bf5f02c,release_lead_overlay_items,rellead_fcfd1c8f4fcb6e71d5254316,Territory Stories NT 1959 ghost expansion lead,NT,Tennant Creek,Tennant Creek,Research lead overlay,overlay_not_public_map
maplead_6771d7eb988c14edc1411113,release_lead_overlay_items,rellead_01031cee33a4cffd793c141e,Territory Stories NT 1959 ghost expansion lead,NT,Pine Creek,Pine Creek,Research lead overlay,overlay_not_public_map
maplead_c762702a9f8a1d95ff9608a5,release_lead_overlay_items,rellead_cc80bcbb042173a116c2098b,Alice Springs Public Library Local History NT 1960 ghost expansion lead,NT,Darwin,Darwin,Research lead overlay,overlay_not_public_map
maplead_3cf0cf34f36401f41174611c,release_lead_overlay_items,rellead_1c9852deb72d068c1b9750a5,Alice Springs Public Library Local History NT 1960 ghost expansion lead,NT,Darwin,Darwin,Research lead overlay,overlay_not_public_map
maplead_c017dce6530bffeb7e281b2a,release_lead_overlay_items,rellead_3d87e733fa7f78530371b4c5,Darwin City Libraries Local History NT 1960 ghost expansion lead,NT,Katherine,Katherine,Research lead overlay,overlay_not_public_map
maplead_0b6bc53a41f9ddb6ac22e232,release_lead_overlay_items,rellead_f41694df348f5c013cd0b3ca,Darwin City Libraries Local History NT 1960 ghost expansion lead,NT,Katherine,Katherine,Research lead overlay,overlay_not_public_map
maplead_3c4562efd9585333f9463c32,release_lead_overlay_items,rellead_bd006db5d74fc094a24424a7,Tennant Creek and Barkly History NT 1960 ghost expansion lead,NT,Alice Springs,Alice Springs,Research lead overlay,overlay_not_public_map
maplead_c690f3980c7fb1d92350543a,release_lead_overlay_items,rellead_dcd7ae1f7dbc0f2a47ee5188,NT Heritage Register NT 1960 ghost expansion lead,NT,Pine Creek,Pine Creek,Research lead overlay,overlay_not_public_map
maplead_d70b157fd46fdd143950b184,release_lead_overlay_items,rellead_4fb6533928c6aa7c654de079,National Trust NT NT 1960 ghost expansion lead,NT,Pine Creek,Pine Creek,Research lead overlay,overlay_not_public_map
maplead_7f1a2fb5a67b6d1bda6ef645,release_lead_overlay_items,rellead_21a28c4c64425fffd3ebd717,National Trust Northern Territory NT 1960 ghost expansion lead,NT,Pine Creek,Pine Creek,Research lead overlay,overlay_not_public_map
maplead_5a5aeffdded5125e368c2315,release_lead_overlay_items,rellead_cc2e67aec69134e7b160fe62,Northern Territory Heritage Register NT 1960 ghost expansion lead,NT,Katherine,Katherine,Research lead overlay,overlay_not_public_map
maplead_1a3f7e80e5158b2301fcd1d3,release_lead_overlay_items,rellead_c2904ac6ee83a4c8119a7132,Central Australian Historical Society NT 1960 ghost expansion lead,NT,Alice Springs,Alice Springs,Research lead overlay,overlay_not_public_map
maplead_68fbf44396043778c3d00d9f,release_lead_overlay_items,rellead_8f1dc48494eab1b11370b270,Historical Society of the Northern Territory NT 1960 ghost expansion lead,NT,Tennant Creek,Tennant Creek,Research lead overlay,overlay_not_public_map
maplead_e0594fd6957c8a4f87c105ae,release_lead_overlay_items,rellead_4cdee6f2e589af4e565606ef,Historical Society of the Northern Territory NT 1960 ghost expansion lead,NT,Tennant Creek,Tennant Creek,Research lead overlay,overlay_not_public_map
maplead_9f7cc6f9245d19af79179038,release_lead_overlay_items,rellead_faea1ec5c4a81b9137ed25dc,Katherine Museum NT 1960 ghost expansion lead,NT,Katherine,Katherine,Research lead overlay,overlay_not_public_map
maplead_d03968f4d933f504f9a31da8,release_lead_overlay_items,rellead_f0a66fe5239f4112ca686327,Museum and Art Gallery of the Northern Territory NT 1960 ghost expansion lead,NT,Katherine,Katherine,Research lead overlay,overlay_not_public_map
maplead_d73aa8a820decee06fed1b52,release_lead_overlay_items,rellead_58a65a0efc9267a3b07438c8,Pine Creek Museum NT 1960 ghost expansion lead,NT,Alice Springs,Alice Springs,Research lead overlay,overlay_not_public_map
maplead_02e5d9c0b960ccb2c6672d07,release_lead_overlay_items,rellead_78662cc2f62ddb795dcc6a66,LANT Archives Navigator NT 1960 ghost expansion lead,NT,Darwin,Darwin,Research lead overlay,overlay_not_public_map
maplead_d4a8a7cde4bcaaced421aa63,release_lead_overlay_items,rellead_8ca8efe8137cd464dde54dac,Library & Archives NT NT 1960 ghost expansion lead,NT,Alice Springs,Alice Springs,Research lead overlay,overlay_not_public_map
maplead_610d8193f537eae50d294faa,release_lead_overlay_items,rellead_b3a315c47ef78660af72d34b,Library & Archives NT Catalogue NT 1960 ghost expansion lead,NT,Tennant Creek,Tennant Creek,Research lead overlay,overlay_not_public_map
maplead_a6c3c85f1890e20bff08bb1f,release_lead_overlay_items,rellead_56c5140b099f16e0af33f891,Territory Stories NT 1960 ghost expansion lead,NT,Pine Creek,Pine Creek,Research lead overlay,overlay_not_public_map
maplead_315680d2e8974cae5305b0c2,release_lead_overlay_items,rellead_a8c14eb6e944cb3193df8f8c,Territory Stories NT 1960 ghost expansion lead,NT,Pine Creek,Pine Creek,Research lead overlay,overlay_not_public_map
maplead_2c79467c5a30894da2ada8cf,release_lead_overlay_items,rellead_e8a8fe56061f6af93e31ff54,Alice Springs Public Library Local History NT 1961 ghost expansion lead,NT,Katherine,Katherine,Research lead overlay,overlay_not_public_map
maplead_c038bfb2a4860c40f935feb2,release_lead_overlay_items,rellead_34e6950dd32156eb8e392632,Alice Springs Public Library Local History NT 1961 ghost expansion lead,NT,Katherine,Katherine,Research lead overlay,overlay_not_public_map
maplead_9ba14c4469b6438ee15ff766,release_lead_overlay_items,rellead_0861a5c609fc911af08cfd00,Darwin City Libraries Local History NT 1961 ghost expansion lead,NT,Alice Springs,Alice Springs,Research lead overlay,overlay_not_public_map
maplead_db17fc0b1587bf2efdcb0ef9,release_lead_overlay_items,rellead_7adf713d564e84b939a2715b,Darwin City Libraries Local History NT 1961 ghost expansion lead,NT,Alice Springs,Alice Springs,Research lead overlay,overlay_not_public_map
maplead_7db554204ad1f88c03d636ed,release_lead_overlay_items,rellead_50533a0d85539d9e1b9ef403,Tennant Creek and Barkly History NT 1961 ghost expansion lead,NT,Tennant Creek,Tennant Creek,Research lead overlay,overlay_not_public_map
maplead_f3b952124d6919c28625f1dc,release_lead_overlay_items,rellead_d8e72c12b608b751070c9908,NT Heritage Register NT 1961 ghost expansion lead,NT,Pine Creek,Pine Creek,Research lead overlay,overlay_not_public_map
maplead_ad6edd6c120dd5e704085e6a,release_lead_overlay_items,rellead_9fbdcdf040e3aa5da783843c,National Trust NT NT 1961 ghost expansion lead,NT,Darwin,Darwin,Research lead overlay,overlay_not_public_map
maplead_462581c196737a44601c055a,release_lead_overlay_items,rellead_8c5f469dda71b5cfe7ad862c,National Trust Northern Territory NT 1961 ghost expansion lead,NT,Darwin,Darwin,Research lead overlay,overlay_not_public_map
maplead_26aae407167f4542b86e93c3,release_lead_overlay_items,rellead_80b19be190afbc0e4921f98d,Northern Territory Heritage Register NT 1961 ghost expansion lead,NT,Katherine,Katherine,Research lead overlay,overlay_not_public_map
maplead_9e55177f64dcaa5df55cd3bc,release_lead_overlay_items,rellead_e9c713d5c3ce91dc8f9e8701,Central Australian Historical Society NT 1961 ghost expansion lead,NT,Tennant Creek,Tennant Creek,Research lead overlay,overlay_not_public_map
maplead_05c222a94ed70b6923582284,release_lead_overlay_items,rellead_94c02ba613d1e9dd3dcb8446,Historical Society of the Northern Territory NT 1961 ghost expansion lead,NT,Pine Creek,Pine Creek,Research lead overlay,overlay_not_public_map
maplead_26efd17d1c7ce7a5cc1f6ef7,release_lead_overlay_items,rellead_098fad31a889bb79e87843e2,Historical Society of the Northern Territory NT 1961 ghost expansion lead,NT,Pine Creek,Pine Creek,Research lead overlay,overlay_not_public_map
maplead_b72b39b5bd6a17e8442ce98e,release_lead_overlay_items,rellead_a2d5ee0b36acb6b879a4e8ee,Katherine Museum NT 1961 ghost expansion lead,NT,Alice Springs,Alice Springs,Research lead overlay,overlay_not_public_map
maplead_64549b8c85590af2f464c1b2,release_lead_overlay_items,rellead_b0f144ca300b5808c33a2424,Museum and Art Gallery of the Northern Territory NT 1961 ghost expansion lead,NT,Alice Springs,Alice Springs,Research lead overlay,overlay_not_public_map
maplead_330a4316a515c0b228ce454d,release_lead_overlay_items,rellead_81c37da0b021a7727663441a,Pine Creek Museum NT 1961 ghost expansion lead,NT,Tennant Creek,Tennant Creek,Research lead overlay,overlay_not_public_map
maplead_e622b62a0d625fe07b7bd4d1,release_lead_overlay_items,rellead_f780283e5ba270faacf20af8,LANT Archives Navigator NT 1961 ghost expansion lead,NT,Katherine,Katherine,Research lead overlay,overlay_not_public_map
maplead_34795bcdef6c35708be737b6,release_lead_overlay_items,rellead_82e7ff4ddd99be650a1d1822,Library & Archives NT NT 1961 ghost expansion lead,NT,Tennant Creek,Tennant Creek,Research lead overlay,overlay_not_public_map
maplead_e89ed7fad64c782065a51a7e,release_lead_overlay_items,rellead_d66c3906407625395f7fe04f,Library & Archives NT Catalogue NT 1961 ghost expansion lead,NT,Tennant Creek,Tennant Creek,Research lead overlay,overlay_not_public_map
maplead_1887a7d9504fb292c79cedac,release_lead_overlay_items,rellead_2ec86ce7657c43023cef5b49,Territory Stories NT 1961 ghost expansion lead,NT,Darwin,Darwin,Research lead overlay,overlay_not_public_map
maplead_6324ce8c16b60840f61bfeae,release_lead_overlay_items,rellead_6847d75597fc94125da0adc0,Territory Stories NT 1961 ghost expansion lead,NT,Darwin,Darwin,Research lead overlay,overlay_not_public_map
maplead_aa9bc06dd381cbe299da7370,release_lead_overlay_items,rellead_52cf99122a4d694a3c232b00,Alice Springs Public Library Local History NT 1962 ghost expansion lead,NT,Katherine,Katherine,Research lead overlay,overlay_not_public_map
maplead_9e53dd74a84831f10d58bfae,release_lead_overlay_items,rellead_429ba7e24df9a311d32c7a5b,Alice Springs Public Library Local History NT 1962 ghost expansion lead,NT,Alice Springs,Alice Springs,Research lead overlay,overlay_not_public_map
maplead_57aef3c74360c30be2f2fde6,release_lead_overlay_items,rellead_526dbcdc922c535ae5753b0d,Darwin City Libraries Local History NT 1962 ghost expansion lead,NT,Tennant Creek,Tennant Creek,Research lead overlay,overlay_not_public_map
maplead_12b6ac0a8eb635f77f8eea1b,release_lead_overlay_items,rellead_ddf435e44d0da864bb141489,Darwin City Libraries Local History NT 1962 ghost expansion lead,NT,Tennant Creek,Tennant Creek,Research lead overlay,overlay_not_public_map
maplead_e8202c857d76f66693e3e1bd,release_lead_overlay_items,rellead_9bdfc5a8a888ecd16d4e739e,Tennant Creek and Barkly History NT 1962 ghost expansion lead,NT,Pine Creek,Pine Creek,Research lead overlay,overlay_not_public_map
maplead_e57a3bc376813785aad98e2a,release_lead_overlay_items,rellead_2d4483488d60c05a1a32b90e,NT Heritage Register NT 1962 ghost expansion lead,NT,Darwin,Darwin,Research lead overlay,overlay_not_public_map
maplead_b193ca7cd37d2b42269b10dd,release_lead_overlay_items,rellead_02a770f4db8d2ae0eebe22d4,National Trust NT NT 1962 ghost expansion lead,NT,Katherine,Katherine,Research lead overlay,overlay_not_public_map
maplead_962cf77cbcbcd116b58ddc63,release_lead_overlay_items,rellead_b4eef360350c872553e9820f,National Trust Northern Territory NT 1962 ghost expansion lead,NT,Katherine,Katherine,Research lead overlay,overlay_not_public_map
maplead_e3c100e0b493e49707a5bb37,release_lead_overlay_items,rellead_475fe7d75009abb713e5de78,Northern Territory Heritage Register NT 1962 ghost expansion lead,NT,Alice Springs,Alice Springs,Research lead overlay,overlay_not_public_map
maplead_db8d1b2deebffa7042838e28,release_lead_overlay_items,rellead_64bb5ab22dee2e6024a20c98,Central Australian Historical Society NT 1962 ghost expansion lead,NT,Pine Creek,Pine Creek,Research lead overlay,overlay_not_public_map
maplead_1bbf971fe2844475b34c2c25,release_lead_overlay_items,rellead_b4f1137cb6cd51d9d19e311e,Historical Society of the Northern Territory NT 1962 ghost expansion lead,NT,Pine Creek,Pine Creek,Research lead overlay,overlay_not_public_map
maplead_d748b0b0f2b6c6b7e34497a6,release_lead_overlay_items,rellead_e5062b672f88a6e1eb681269,Historical Society of the Northern Territory NT 1962 ghost expansion lead,NT,Darwin,Darwin,Research lead overlay,overlay_not_public_map
maplead_3526cd5e0a31c1d78897a6ff,release_lead_overlay_items,rellead_3b5df20af3ae18158e1bdf15,Katherine Museum NT 1962 ghost expansion lead,NT,Tennant Creek,Tennant Creek,Research lead overlay,overlay_not_public_map
maplead_ba81ce2abac5edc15514f865,release_lead_overlay_items,rellead_a06cf8f7ff6de0c36a73599a,Museum and Art Gallery of the Northern Territory NT 1962 ghost expansion lead,NT,Tennant Creek,Tennant Creek,Research lead overlay,overlay_not_public_map
maplead_ce02439566c76ce0dc43bd64,release_lead_overlay_items,rellead_64f889ef0edbd6dfe8aa24d1,Pine Creek Museum NT 1962 ghost expansion lead,NT,Tennant Creek,Tennant Creek,Research lead overlay,overlay_not_public_map
maplead_64fb5df4557cae92cb757982,release_lead_overlay_items,rellead_afc302268ba7ca897849fd79,LANT Archives Navigator NT 1962 ghost expansion lead,NT,Katherine,Katherine,Research lead overlay,overlay_not_public_map
maplead_79a08bc81b4516bd083d639a,release_lead_overlay_items,rellead_4674f494499a4a5cc4908eba,Library & Archives NT NT 1962 ghost expansion lead,NT,Pine Creek,Pine Creek,Research lead overlay,overlay_not_public_map
maplead_d513b4e25482c29c357fc2fd,release_lead_overlay_items,rellead_9346efc66ab4fa632de172e4,Library & Archives NT Catalogue NT 1962 ghost expansion lead,NT,Pine Creek,Pine Creek,Research lead overlay,overlay_not_public_map
maplead_6363c5e04ec1df792c1c2e84,release_lead_overlay_items,rellead_b5f11ad313ddc860f953edcc,Territory Stories NT 1962 ghost expansion lead,NT,Katherine,Katherine,Research lead overlay,overlay_not_public_map
maplead_fced488a95f02920b08fcff2,release_lead_overlay_items,rellead_04923d180e2398b35784e82c,Territory Stories NT 1962 ghost expansion lead,NT,Katherine,Katherine,Research lead overlay,overlay_not_public_map
maplead_7103ab8b53c6a04c089de61e,release_lead_overlay_items,rellead_6521113d1dc79d8f45ea459e,Alice Springs Public Library Local History NT 1963 ghost expansion lead,NT,Alice Springs,Alice Springs,Research lead overlay,overlay_not_public_map
maplead_e7f557e7a0efbf3eb9bb40f4,release_lead_overlay_items,rellead_d89d8f7504a11a4db8eb977e,Alice Springs Public Library Local History NT 1963 ghost expansion lead,NT,Alice Springs,Alice Springs,Research lead overlay,overlay_not_public_map
maplead_00581ab1bf210d0721008c30,release_lead_overlay_items,rellead_0db4da757e1d47701243e169,Darwin City Libraries Local History NT 1963 ghost expansion lead,NT,Pine Creek,Pine Creek,Research lead overlay,overlay_not_public_map
maplead_252e74bfe8bee7222d318529,release_lead_overlay_items,rellead_bfe71026f8a692f40764d7f1,Darwin City Libraries Local History NT 1963 ghost expansion lead,NT,Pine Creek,Pine Creek,Research lead overlay,overlay_not_public_map
maplead_1f2334e8032489bce7b4fbb0,release_lead_overlay_items,rellead_1f32f08bc1ade20aa487ce8d,Tennant Creek and Barkly History NT 1963 ghost expansion lead,NT,Darwin,Darwin,Research lead overlay,overlay_not_public_map
maplead_c4430d35f138b7f24b5b97bf,release_lead_overlay_items,rellead_57e03085ed6877bec637a6c3,NT Heritage Register NT 1963 ghost expansion lead,NT,Katherine,Katherine,Research lead overlay,overlay_not_public_map
maplead_b850620a8f0da5c440a4c6f2,release_lead_overlay_items,rellead_f68c14b2f79de5e3882b34be,National Trust NT NT 1963 ghost expansion lead,NT,Alice Springs,Alice Springs,Research lead overlay,overlay_not_public_map
maplead_823647e9ef2162488152c8b5,release_lead_overlay_items,rellead_9d40d0a608742cac8909f04b,National Trust Northern Territory NT 1963 ghost expansion lead,NT,Alice Springs,Alice Springs,Research lead overlay,overlay_not_public_map
maplead_25818d7c0333c87b021657ba,release_lead_overlay_items,rellead_dd443e2c7f9ce3f0811b5dfd,Northern Territory Heritage Register NT 1963 ghost expansion lead,NT,Tennant Creek,Tennant Creek,Research lead overlay,overlay_not_public_map
maplead_3b9efdfdc4a9840e062ec770,release_lead_overlay_items,rellead_4a2544c037f6307a5aa4c437,Central Australian Historical Society NT 1963 ghost expansion lead,NT,Darwin,Darwin,Research lead overlay,overlay_not_public_map
maplead_5f8b449996a39c9b75e564de,release_lead_overlay_items,rellead_e79280ac877bae7bd0892580,Historical Society of the Northern Territory NT 1963 ghost expansion lead,NT,Darwin,Darwin,Research lead overlay,overlay_not_public_map
maplead_8815faeead516029291ee91b,release_lead_overlay_items,rellead_a6fbcffa193b489cd8bd3d52,Historical Society of the Northern Territory NT 1963 ghost expansion lead,NT,Darwin,Darwin,Research lead overlay,overlay_not_public_map
maplead_a18c1a156f67a01fb1b61d62,release_lead_overlay_items,rellead_3ca8a54f5daeb73f4fce17a6,Katherine Museum NT 1963 ghost expansion lead,NT,Pine Creek,Pine Creek,Research lead overlay,overlay_not_public_map
maplead_18f413911a0cab78977811e7,release_lead_overlay_items,rellead_5ccdb3cdef0074500f069354,Museum and Art Gallery of the Northern Territory NT 1963 ghost expansion lead,NT,Pine Creek,Pine Creek,Research lead overlay,overlay_not_public_map
maplead_233081e6b84bc871bb187fad,release_lead_overlay_items,rellead_4cb2e0410acee0243d45bf33,Pine Creek Museum NT 1963 ghost expansion lead,NT,Pine Creek,Pine Creek,Research lead overlay,overlay_not_public_map
maplead_d7dd979b5c47e9003e6b2378,release_lead_overlay_items,rellead_3ac9626fa5f72d0bd5793b7c,LANT Archives Navigator NT 1963 ghost expansion lead,NT,Alice Springs,Alice Springs,Research lead overlay,overlay_not_public_map
maplead_fc5cd392133c0a0b142657eb,release_lead_overlay_items,rellead_acb69305d24735219cf25ee1,Library & Archives NT NT 1963 ghost expansion lead,NT,Darwin,Darwin,Research lead overlay,overlay_not_public_map
maplead_ab54b5934c314b76a8e757ce,release_lead_overlay_items,rellead_f40cdb953ddc5749294ae11c,Library & Archives NT Catalogue NT 1963 ghost expansion lead,NT,Darwin,Darwin,Research lead overlay,overlay_not_public_map
maplead_8155ff97b2b5985a3f414f6c,release_lead_overlay_items,rellead_57a9ee51262d722f27760bb0,Territory Stories NT 1963 ghost expansion lead,NT,Alice Springs,Alice Springs,Research lead overlay,overlay_not_public_map
maplead_46646c339a5c2f901f38bc9d,release_lead_overlay_items,rellead_b07cbc19b5cb3be2c5fbb8ae,Territory Stories NT 1963 ghost expansion lead,NT,Alice Springs,Alice Springs,Research lead overlay,overlay_not_public_map
maplead_787608f3f7c6b560cf33f59e,release_lead_overlay_items,rellead_41873dbbb523c5aed1e83dd0,Alice Springs Public Library Local History NT 1964 ghost expansion lead,NT,Tennant Creek,Tennant Creek,Research lead overlay,overlay_not_public_map
maplead_2e1e1ee3ab6417214847e412,release_lead_overlay_items,rellead_0505f881d3ae37bd91b5faea,Alice Springs Public Library Local History NT 1964 ghost expansion lead,NT,Tennant Creek,Tennant Creek,Research lead overlay,overlay_not_public_map
maplead_48af673dc2b55129020c82ca,release_lead_overlay_items,rellead_58e59416fdece2e516357f57,Darwin City Libraries Local History NT 1964 ghost expansion lead,NT,Pine Creek,Pine Creek,Research lead overlay,overlay_not_public_map
maplead_221a1c1e2792b49030c262d9,release_lead_overlay_items,rellead_95156286fe560123bcf44988,Darwin City Libraries Local History NT 1964 ghost expansion lead,NT,Darwin,Darwin,Research lead overlay,overlay_not_public_map
maplead_c874b04210f13d619aa568e1,release_lead_overlay_items,rellead_1ce55c7977962300f31e0e7a,Tennant Creek and Barkly History NT 1964 ghost expansion lead,NT,Katherine,Katherine,Research lead overlay,overlay_not_public_map
maplead_525db47a80c62de47b169911,release_lead_overlay_items,rellead_2a807436708670098ef1e268,NT Heritage Register NT 1964 ghost expansion lead,NT,Alice Springs,Alice Springs,Research lead overlay,overlay_not_public_map
maplead_1dd5b31fb4bce49fb75dc6b8,release_lead_overlay_items,rellead_dcf993839fc6ca3850143114,National Trust NT NT 1964 ghost expansion lead,NT,Tennant Creek,Tennant Creek,Research lead overlay,overlay_not_public_map
maplead_c532528b77aee505d06764f4,release_lead_overlay_items,rellead_dc29585e1dfbe3f5f9ce8b42,National Trust Northern Territory NT 1964 ghost expansion lead,NT,Tennant Creek,Tennant Creek,Research lead overlay,overlay_not_public_map
maplead_ea3ee3f3f3e65669b41fa957,release_lead_overlay_items,rellead_234fd5765e92778ac9397c09,Northern Territory Heritage Register NT 1964 ghost expansion lead,NT,Pine Creek,Pine Creek,Research lead overlay,overlay_not_public_map
maplead_332c5a14592f633759c6ea14,release_lead_overlay_items,rellead_2a1877549e2904efa758c392,Central Australian Historical Society NT 1964 ghost expansion lead,NT,Katherine,Katherine,Research lead overlay,overlay_not_public_map
maplead_f1007fc7c9208c813d9d15e3,release_lead_overlay_items,rellead_8de285a1f4aaf10c28e16a7a,Historical Society of the Northern Territory NT 1964 ghost expansion lead,NT,Katherine,Katherine,Research lead overlay,overlay_not_public_map
maplead_21ab232b290c73816c33eaf8,release_lead_overlay_items,rellead_447b14421e91527fe1b785f9,Historical Society of the Northern Territory NT 1964 ghost expansion lead,NT,Katherine,Katherine,Research lead overlay,overlay_not_public_map
maplead_c90eade056471374cb40c6a8,release_lead_overlay_items,rellead_a9c9670a75698f34fbf4e808,Katherine Museum NT 1964 ghost expansion lead,NT,Darwin,Darwin,Research lead overlay,overlay_not_public_map
maplead_ca357a3ca8d01e27dd6e2917,release_lead_overlay_items,rellead_adb9b2ecb4abd02b6f3b573d,Museum and Art Gallery of the Northern Territory NT 1964 ghost expansion lead,NT,Darwin,Darwin,Research lead overlay,overlay_not_public_map
maplead_9218a9a0a538aaea8267cccf,release_lead_overlay_items,rellead_fb5d37de23d77aeff128c2b3,Pine Creek Museum NT 1964 ghost expansion lead,NT,Darwin,Darwin,Research lead overlay,overlay_not_public_map
maplead_c866558754dac827494743e7,release_lead_overlay_items,rellead_c3bdc90a47033983f9f8c1ab,LANT Archives Navigator NT 1964 ghost expansion lead,NT,Tennant Creek,Tennant Creek,Research lead overlay,overlay_not_public_map
maplead_aa1869da6fe89f0d3f49cd64,release_lead_overlay_items,rellead_8cf4fc1d706606aad4079d2b,Library & Archives NT NT 1964 ghost expansion lead,NT,Katherine,Katherine,Research lead overlay,overlay_not_public_map
maplead_3abf2f2f1d6c298b85dd1044,release_lead_overlay_items,rellead_4724c61a1b3c770e917ba5cf,Library & Archives NT Catalogue NT 1964 ghost expansion lead,NT,Katherine,Katherine,Research lead overlay,overlay_not_public_map
maplead_842b402e8aca8d0f0f8e8ce4,release_lead_overlay_items,rellead_62df9bfe10aba0afabe52782,Territory Stories NT 1964 ghost expansion lead,NT,Tennant Creek,Tennant Creek,Research lead overlay,overlay_not_public_map
maplead_41c74ca53909889149662914,release_lead_overlay_items,rellead_a5738b75e4a800225bc3bcd0,Territory Stories NT 1964 ghost expansion lead,NT,Tennant Creek,Tennant Creek,Research lead overlay,overlay_not_public_map
maplead_d951b0b9a1e4510b0fbad9fa,release_lead_overlay_items,rellead_5b62efdbd11085b81cf254f1,Alice Springs Public Library Local History NT 1965 ghost expansion lead,NT,Pine Creek,Pine Creek,Research lead overlay,overlay_not_public_map
maplead_707f38080cfe29603a1e1cd9,release_lead_overlay_items,rellead_ab7d84c70347b82236796726,Alice Springs Public Library Local History NT 1965 ghost expansion lead,NT,Pine Creek,Pine Creek,Research lead overlay,overlay_not_public_map
maplead_ab21486597567268aa44e004,release_lead_overlay_items,rellead_6e07fe34719df2b09afc3d24,Darwin City Libraries Local History NT 1965 ghost expansion lead,NT,Darwin,Darwin,Research lead overlay,overlay_not_public_map
maplead_bba9cc91dba64d135aa561dd,release_lead_overlay_items,rellead_d555ea0c88612e7b88999ca8,Darwin City Libraries Local History NT 1965 ghost expansion lead,NT,Darwin,Darwin,Research lead overlay,overlay_not_public_map
maplead_1f9d4090cb0da411f4c6f7ec,release_lead_overlay_items,rellead_7015d0fda8652d4c063377e0,Tennant Creek and Barkly History NT 1965 ghost expansion lead,NT,Alice Springs,Alice Springs,Research lead overlay,overlay_not_public_map
maplead_6e9fe060210d54bfc2f4c0c1,release_lead_overlay_items,rellead_be9d99192497801c381b2349,NT Heritage Register NT 1965 ghost expansion lead,NT,Tennant Creek,Tennant Creek,Research lead overlay,overlay_not_public_map
maplead_26b2c0f7383aa00eafad5f4d,release_lead_overlay_items,rellead_e54999ba321e0f885e967d0f,National Trust NT NT 1965 ghost expansion lead,NT,Pine Creek,Pine Creek,Research lead overlay,overlay_not_public_map
maplead_6858bc72f60bf10b70651aa9,release_lead_overlay_items,rellead_c9c0640b6dca2a6928d1c3bf,National Trust Northern Territory NT 1965 ghost expansion lead,NT,Pine Creek,Pine Creek,Research lead overlay,overlay_not_public_map
maplead_335764521bb8a6cccc5809e7,release_lead_overlay_items,rellead_adba59f87979bec811264083,Northern Territory Heritage Register NT 1965 ghost expansion lead,NT,Darwin,Darwin,Research lead overlay,overlay_not_public_map
maplead_156b0bb477580b07ffb50e45,release_lead_overlay_items,rellead_9b39838bf83db59fa0a1c6b7,Central Australian Historical Society NT 1965 ghost expansion lead,NT,Alice Springs,Alice Springs,Research lead overlay,overlay_not_public_map
maplead_dd3d6cac1c60bb5110176517,release_lead_overlay_items,rellead_d7ca3666b517322883129c6b,Historical Society of the Northern Territory NT 1965 ghost expansion lead,NT,Alice Springs,Alice Springs,Research lead overlay,overlay_not_public_map
maplead_dcf29ce15671a3b4999a3b54,release_lead_overlay_items,rellead_046a3b805f7337f01bfbf141,Historical Society of the Northern Territory NT 1965 ghost expansion lead,NT,Alice Springs,Alice Springs,Research lead overlay,overlay_not_public_map
maplead_71f5d9e5433c658d4690669e,release_lead_overlay_items,rellead_1959ee4a56f9188fa3eb5845,Katherine Museum NT 1965 ghost expansion lead,NT,Katherine,Katherine,Research lead overlay,overlay_not_public_map
maplead_ececffd1aa55176f3a0052e5,release_lead_overlay_items,rellead_156e9dca7f62d74e93a301f0,Museum and Art Gallery of the Northern Territory NT 1965 ghost expansion lead,NT,Katherine,Katherine,Research lead overlay,overlay_not_public_map
maplead_6c89602a46c2cc317159c395,release_lead_overlay_items,rellead_ffbe1fb00ec54540a59a2186,Pine Creek Museum NT 1965 ghost expansion lead,NT,Katherine,Katherine,Research lead overlay,overlay_not_public_map
maplead_fa53e9bd6d08f55289300b52,release_lead_overlay_items,rellead_cf3ed45afc09d06e55525543,LANT Archives Navigator NT 1965 ghost expansion lead,NT,Pine Creek,Pine Creek,Research lead overlay,overlay_not_public_map
maplead_737635c200fabce75165f8d9,release_lead_overlay_items,rellead_8b4918b50b70d61533189e21,Library & Archives NT NT 1965 ghost expansion lead,NT,Alice Springs,Alice Springs,Research lead overlay,overlay_not_public_map
maplead_5d9bb78f305997c322f3d3c0,release_lead_overlay_items,rellead_7a29b7df4b0f97bdc9909d9f,Library & Archives NT Catalogue NT 1965 ghost expansion lead,NT,Alice Springs,Alice Springs,Research lead overlay,overlay_not_public_map
maplead_4e158ba4fe3bbc4eee75f34b,release_lead_overlay_items,rellead_acbdc88a1f6082715ce7f10f,Territory Stories NT 1965 ghost expansion lead,NT,Pine Creek,Pine Creek,Research lead overlay,overlay_not_public_map
maplead_7d1f90d0009c4fd6d52448d0,release_lead_overlay_items,rellead_743e00a2c7b67c2a95cb5a6e,Territory Stories NT 1965 ghost expansion lead,NT,Pine Creek,Pine Creek,Research lead overlay,overlay_not_public_map
maplead_c3f6c454a988346c0861501c,release_lead_overlay_items,rellead_ad5eb603dd38f85cb2972b91,Alice Springs Public Library Local History NT 1966 ghost expansion lead,NT,Darwin,Darwin,Research lead overlay,overlay_not_public_map
maplead_13e29421c711a04a54c991bf,release_lead_overlay_items,rellead_1a195647855eee8edc7862fd,Alice Springs Public Library Local History NT 1966 ghost expansion lead,NT,Darwin,Darwin,Research lead overlay,overlay_not_public_map
maplead_53329be01da58dbf94a7a7b4,release_lead_overlay_items,rellead_c367df35e36f9baa5b4897e9,Darwin City Libraries Local History NT 1966 ghost expansion lead,NT,Katherine,Katherine,Research lead overlay,overlay_not_public_map
maplead_a5b2b8011b363456b8c03655,release_lead_overlay_items,rellead_bf8264dfe9faf781c1693b2b,Darwin City Libraries Local History NT 1966 ghost expansion lead,NT,Katherine,Katherine,Research lead overlay,overlay_not_public_map
maplead_ffe275e10bce3d9bc212e866,release_lead_overlay_items,rellead_172184397b6436de30d103aa,Tennant Creek and Barkly History NT 1966 ghost expansion lead,NT,Alice Springs,Alice Springs,Research lead overlay,overlay_not_public_map
maplead_d1e0f42170470f9347144b02,release_lead_overlay_items,rellead_bd494e1aa9adaefe29b4870a,NT Heritage Register NT 1966 ghost expansion lead,NT,Pine Creek,Pine Creek,Research lead overlay,overlay_not_public_map
maplead_58fb90a06ef7061d0ffa5d41,release_lead_overlay_items,rellead_65668c44b67cf4269eaf1eee,National Trust NT NT 1966 ghost expansion lead,NT,Pine Creek,Pine Creek,Research lead overlay,overlay_not_public_map
maplead_bfdba7e1899e1c8da02c6be1,release_lead_overlay_items,rellead_284c85af583595544be56d3a,National Trust Northern Territory NT 1966 ghost expansion lead,NT,Darwin,Darwin,Research lead overlay,overlay_not_public_map
maplead_0522d31ca20860f6407bf940,release_lead_overlay_items,rellead_bdc247f80b25f85a221732ec,Northern Territory Heritage Register NT 1966 ghost expansion lead,NT,Katherine,Katherine,Research lead overlay,overlay_not_public_map
maplead_b3918b8f67933057774f58f5,release_lead_overlay_items,rellead_23dce9ca971207de2f5c36f2,Central Australian Historical Society NT 1966 ghost expansion lead,NT,Alice Springs,Alice Springs,Research lead overlay,overlay_not_public_map
maplead_3d49fd03d7de39326e880af0,release_lead_overlay_items,rellead_e87ae32de8926bb24a98db2b,Historical Society of the Northern Territory NT 1966 ghost expansion lead,NT,Tennant Creek,Tennant Creek,Research lead overlay,overlay_not_public_map
maplead_bd51f07b41c6eb17c310c4ca,release_lead_overlay_items,rellead_fac13735b2d525c62c405e5f,Historical Society of the Northern Territory NT 1966 ghost expansion lead,NT,Tennant Creek,Tennant Creek,Research lead overlay,overlay_not_public_map
maplead_46540eb2f5cb5769c3fde43a,release_lead_overlay_items,rellead_2adca719900d211783feea00,Katherine Museum NT 1966 ghost expansion lead,NT,Katherine,Katherine,Research lead overlay,overlay_not_public_map
maplead_4fe6f1730ea942bba05a1c21,release_lead_overlay_items,rellead_c153acf1f640f43f97acee3a,Museum and Art Gallery of the Northern Territory NT 1966 ghost expansion lead,NT,Alice Springs,Alice Springs,Research lead overlay,overlay_not_public_map
maplead_96fbfaf4742da0661c7f1891,release_lead_overlay_items,rellead_3c499a6a6b3292ef50805c4e,Pine Creek Museum NT 1966 ghost expansion lead,NT,Alice Springs,Alice Springs,Research lead overlay,overlay_not_public_map
maplead_d3a19e75f18dc43e5cd5ab1c,release_lead_overlay_items,rellead_d04eeb0a64d333cca1474d7e,LANT Archives Navigator NT 1966 ghost expansion lead,NT,Darwin,Darwin,Research lead overlay,overlay_not_public_map
maplead_e3735fb16fd8c2c5c0a29273,release_lead_overlay_items,rellead_b9ab667d343a4f09bf1f90d2,Library & Archives NT NT 1966 ghost expansion lead,NT,Tennant Creek,Tennant Creek,Research lead overlay,overlay_not_public_map
maplead_1987cba670c5bc33fa838549,release_lead_overlay_items,rellead_782a44dc836798d1b54f8d9d,Library & Archives NT Catalogue NT 1966 ghost expansion lead,NT,Tennant Creek,Tennant Creek,Research lead overlay,overlay_not_public_map
maplead_936abf99cbe88679ba886bbd,release_lead_overlay_items,rellead_1e604b9366fcf66d56a0574b,Territory Stories NT 1966 ghost expansion lead,NT,Pine Creek,Pine Creek,Research lead overlay,overlay_not_public_map
maplead_d20b6cf020d44b7aedecee38,release_lead_overlay_items,rellead_f48c29bb4625895911791f36,Territory Stories NT 1966 ghost expansion lead,NT,Darwin,Darwin,Research lead overlay,overlay_not_public_map
maplead_4e88e6980cf3708c07c87f84,release_lead_overlay_items,rellead_d3498653c00e132e2f88426d,Alice Springs Public Library Local History NT 1967 ghost expansion lead,NT,Katherine,Katherine,Research lead overlay,overlay_not_public_map
maplead_4428a79a5a0013d063846864,release_lead_overlay_items,rellead_424a398eccb22eb61424ae02,Alice Springs Public Library Local History NT 1967 ghost expansion lead,NT,Katherine,Katherine,Research lead overlay,overlay_not_public_map
maplead_52f18849c5b3245ac6591f3b,release_lead_overlay_items,rellead_16ffcadcc75c6f86e1dc75fc,City of Adelaide Archives SA 1955 release patch,SA,Adelaide,Adelaide,Research lead overlay,overlay_not_public_map
maplead_982e61352585bf0d672651ac,release_lead_overlay_items,rellead_3abff5f68f78029d91ab73d8,City of Adelaide Archives SA 1955 release patch,SA,Adelaide,Adelaide,Research lead overlay,overlay_not_public_map
maplead_08f6ff644ef2f5e8f227921f,release_lead_overlay_items,rellead_4d159853bb8cca9377ef5764,Mount Gambier Local History SA 1955 release patch,SA,Burra,Burra,Research lead overlay,overlay_not_public_map
maplead_db3618b8c404d0ea5f61fb9c,release_lead_overlay_items,rellead_b23b495b835e802de393c9cf,Port Adelaide Local History SA 1955 release patch,SA,Burra,Burra,Research lead overlay,overlay_not_public_map
maplead_9270bfd539c344418c453c5f,release_lead_overlay_items,rellead_97b34914943f18c338bdae3f,Port Adelaide Local History SA 1955 release patch,SA,Burra,Burra,Research lead overlay,overlay_not_public_map
maplead_a357a24fd2682fa88a3422eb,release_lead_overlay_items,rellead_62f37d2bc89806de2597d934,Town of Gawler Council History SA 1955 release patch,SA,Burra,Burra,Research lead overlay,overlay_not_public_map
maplead_9b939620b76745c49c16668a,release_lead_overlay_items,rellead_a52193a1e70060c02bfa9d31,National Trust South Australia SA 1955 release patch,SA,Port Adelaide,Port Adelaide,Research lead overlay,overlay_not_public_map
maplead_0826e5b849308379d261be5a,release_lead_overlay_items,rellead_c574095a916cdf16378e254b,National Trust of South Australia SA 1955 release patch,SA,Mount Gambier,Mount Gambier,Research lead overlay,overlay_not_public_map
maplead_d9708b842aa7b668a97087fd,release_lead_overlay_items,rellead_d5ba91a3c71da830e31504be,South Australian Heritage Places Database SA 1955 release patch,SA,Adelaide,Adelaide,Research lead overlay,overlay_not_public_map
maplead_c35483958cbed298023afbb4,release_lead_overlay_items,rellead_22034a3d8029030db140b081,South Australian Heritage Places Database SA 1955 release patch,SA,Adelaide,Adelaide,Research lead overlay,overlay_not_public_map
maplead_60850a3c802a5b42f9e9c5d8,release_lead_overlay_items,rellead_ba32e570d9605580ffef37ab,Gawler History SA 1955 release patch,SA,Kapunda,Kapunda,Research lead overlay,overlay_not_public_map
maplead_5f49006c77a9750f14a99141,release_lead_overlay_items,rellead_8511f53cc7cad4a7a95b562a,Kapunda History SA 1955 release patch,SA,Burra,Burra,Research lead overlay,overlay_not_public_map
maplead_4f7e1c100e610069a6811c97,release_lead_overlay_items,rellead_2eae1ea030b8bcea61197b4e,South Australian History Network SA 1955 release patch,SA,Moonta,Moonta,Research lead overlay,overlay_not_public_map
maplead_b038f862bc525225f5321bea,release_lead_overlay_items,rellead_279024355210691f8de781ac,Adelaide Gaol SA 1955 release patch,SA,Moonta,Moonta,Research lead overlay,overlay_not_public_map
maplead_d1e864a7782c53df59c86282,release_lead_overlay_items,rellead_52d72ece9acdc4567d55dec6,Adelaide Gaol SA 1955 release patch,SA,Port Adelaide,Port Adelaide,Research lead overlay,overlay_not_public_map
maplead_f703bf8d5c3b631b58bc71da,release_lead_overlay_items,rellead_7aa0a205d9870795e6cde12f,History Trust of South Australia SA 1955 release patch,SA,Mount Gambier,Mount Gambier,Research lead overlay,overlay_not_public_map
maplead_f58fe4b2b51b9ac755151592,release_lead_overlay_items,rellead_3372bf009ee84c501ada7484,History Trust of South Australia SA 1955 release patch,SA,Mount Gambier,Mount Gambier,Research lead overlay,overlay_not_public_map
maplead_d8b81772a03913e318506cec,release_lead_overlay_items,rellead_db46e9aefee5949f7a1e715c,South Australian Museum SA 1955 release patch,SA,Adelaide,Adelaide,Research lead overlay,overlay_not_public_map
maplead_9fc95cbb0c909ce2bb8e6e7f,release_lead_overlay_items,rellead_228f161ec0077459c1b5e12c,State Records of South Australia SA 1955 release patch,SA,Moonta,Moonta,Research lead overlay,overlay_not_public_map
maplead_e49e8b882eb69c2166a8041c,release_lead_overlay_items,rellead_183e367e6787e1d1b2629204,State Records of South Australia ArchivesSearch SA 1955 release patch,SA,Moonta,Moonta,Research lead overlay,overlay_not_public_map
maplead_6acb3172e377796056857a4f,release_lead_overlay_items,rellead_ac9958c09e795888b5271c5f,State Library of South Australia Catalogue SA 1955 release patch,SA,Adelaide,Adelaide,Research lead overlay,overlay_not_public_map
maplead_abd0e1b651b8cf7426b9bc35,release_lead_overlay_items,rellead_e7249d92839bb999b33d10ba,State Library of South Australia Catalogue SA 1955 release patch,SA,Adelaide,Adelaide,Research lead overlay,overlay_not_public_map
maplead_5444dc634055e3fa960955a8,release_lead_overlay_items,rellead_9eab0beb63151cce98a36099,State Library of South Australia Digital Collections SA 1955 release patch,SA,Adelaide,Adelaide,Research lead overlay,overlay_not_public_map
maplead_2543b0b4a3729f8efe8c957b,release_lead_overlay_items,rellead_45d12f76417b4075a01d9539,State Library of South Australia Digital Collections SA 1955 release patch,SA,Kapunda,Kapunda,Research lead overlay,overlay_not_public_map
maplead_c191679584064e6e7db49551,release_lead_overlay_items,rellead_062d7a6a953d1cd700d2a53c,City of Adelaide Archives SA 1956 release patch,SA,Moonta,Moonta,Research lead overlay,overlay_not_public_map
maplead_0da57ef6eae0e17c0d3c1743,release_lead_overlay_items,rellead_f2f1200796b54bda05c91cbe,City of Adelaide Archives SA 1956 release patch,SA,Moonta,Moonta,Research lead overlay,overlay_not_public_map
maplead_0fbe2a0194377447cf409166,release_lead_overlay_items,rellead_22768318b75a2eab4f0e5c13,Mount Gambier Local History SA 1956 release patch,SA,Port Adelaide,Port Adelaide,Research lead overlay,overlay_not_public_map
maplead_98a9c507b87a0fd4d35a4ba8,release_lead_overlay_items,rellead_846c53976a22b0a840dfc247,Port Adelaide Local History SA 1956 release patch,SA,Mount Gambier,Mount Gambier,Research lead overlay,overlay_not_public_map
maplead_3c946ec84d3ada6198b5aa3b,release_lead_overlay_items,rellead_0b959d6db1a8dc01a00165df,Port Adelaide Local History SA 1956 release patch,SA,Mount Gambier,Mount Gambier,Research lead overlay,overlay_not_public_map
maplead_659ccbce9eba42431000dada,release_lead_overlay_items,rellead_cc9be6dab9fba74b4f9e97db,Town of Gawler Council History SA 1956 release patch,SA,Mount Gambier,Mount Gambier,Research lead overlay,overlay_not_public_map
maplead_c938385cd835738c80c04e4a,release_lead_overlay_items,rellead_19fce2904c8b84680c60a696,National Trust South Australia SA 1956 release patch,SA,Kapunda,Kapunda,Research lead overlay,overlay_not_public_map
maplead_84b7a73ef94c72a0ae7891ce,release_lead_overlay_items,rellead_7b0e05a226c8751a482559b9,National Trust of South Australia SA 1956 release patch,SA,Burra,Burra,Research lead overlay,overlay_not_public_map
maplead_4f7a1466e05958188caa8094,release_lead_overlay_items,rellead_14db56c299bc9631237cec95,South Australian Heritage Places Database SA 1956 release patch,SA,Burra,Burra,Research lead overlay,overlay_not_public_map
maplead_f30a982ac6ee11382fed4a8e,release_lead_overlay_items,rellead_f792a5e1a26c4630ca5a6fed,South Australian Heritage Places Database SA 1956 release patch,SA,Moonta,Moonta,Research lead overlay,overlay_not_public_map
maplead_c92769e1eb0751e9960de564,release_lead_overlay_items,rellead_80f596c046d12873610fe8af,Gawler History SA 1956 release patch,SA,Port Adelaide,Port Adelaide,Research lead overlay,overlay_not_public_map
maplead_d494d74a3fa48ccaa73c11e3,release_lead_overlay_items,rellead_781a465bf14cdb5945c7fa64,Kapunda History SA 1956 release patch,SA,Mount Gambier,Mount Gambier,Research lead overlay,overlay_not_public_map
maplead_70b94cd3aec55a5f1eaad1c2,release_lead_overlay_items,rellead_091a701c07582700e3a807fb,South Australian History Network SA 1956 release patch,SA,Adelaide,Adelaide,Research lead overlay,overlay_not_public_map
maplead_08d97c66edb23722310c4fdb,release_lead_overlay_items,rellead_84e3f33832925a2e2319ebd0,Adelaide Gaol SA 1956 release patch,SA,Adelaide,Adelaide,Research lead overlay,overlay_not_public_map
maplead_c6f0330a988170b0c4129f5f,release_lead_overlay_items,rellead_6029e8893965a0bc8bcaf30c,Adelaide Gaol SA 1956 release patch,SA,Adelaide,Adelaide,Research lead overlay,overlay_not_public_map
maplead_4eb06eded72071a380627449,release_lead_overlay_items,rellead_2b885cf110b4dbf2fc84a8be,History Trust of South Australia SA 1956 release patch,SA,Burra,Burra,Research lead overlay,overlay_not_public_map
maplead_70bc3d65d5b28041eaf8214a,release_lead_overlay_items,rellead_4c3f061080b1950a2ca3331d,History Trust of South Australia SA 1956 release patch,SA,Burra,Burra,Research lead overlay,overlay_not_public_map
maplead_52f30028a541fc94f222f882,release_lead_overlay_items,rellead_cd100e976264bcf3e93d6184,South Australian Museum SA 1956 release patch,SA,Moonta,Moonta,Research lead overlay,overlay_not_public_map
maplead_ce92d8bb8202495bbbd01560,release_lead_overlay_items,rellead_204fd3ecef0ffb311a7d299f,State Records of South Australia SA 1956 release patch,SA,Adelaide,Adelaide,Research lead overlay,overlay_not_public_map
maplead_8ef0bd18bb07311b066614d9,release_lead_overlay_items,rellead_8104b07d07f63dda4783b9e0,State Records of South Australia ArchivesSearch SA 1956 release patch,SA,Adelaide,Adelaide,Research lead overlay,overlay_not_public_map
maplead_ca00b095dfdd72ffbbc73035,release_lead_overlay_items,rellead_b99dda84782b86a5515acbea,State Library of South Australia Catalogue SA 1956 release patch,SA,Moonta,Moonta,Research lead overlay,overlay_not_public_map
maplead_b0ece19384826d47f07e3f07,release_lead_overlay_items,rellead_36d61d237587ba2569915ff0,State Library of South Australia Catalogue SA 1956 release patch,SA,Moonta,Moonta,Research lead overlay,overlay_not_public_map
maplead_24ee402f381eacb4f5bad53c,release_lead_overlay_items,rellead_5b6b417d3f30c99f0023895e,State Library of South Australia Digital Collections SA 1956 release patch,SA,Moonta,Moonta,Research lead overlay,overlay_not_public_map
maplead_ee31a2e087f054fa7a53cd15,release_lead_overlay_items,rellead_6e5cf893c4a758ea31796a9a,State Library of South Australia Digital Collections SA 1956 release patch,SA,Moonta,Moonta,Research lead overlay,overlay_not_public_map
maplead_1ff30e526d031921ccd7a219,release_lead_overlay_items,rellead_3fd41a150f08fe67fdcd892c,City of Adelaide Archives SA 1957 release patch,SA,Adelaide,Adelaide,Research lead overlay,overlay_not_public_map
maplead_e40d3e37ae63c805f425ed22,release_lead_overlay_items,rellead_25b8e5806eb4bd2f2afd2059,City of Adelaide Archives SA 1957 release patch,SA,Adelaide,Adelaide,Research lead overlay,overlay_not_public_map
maplead_9e3a168789d6578e87e5c772,release_lead_overlay_items,rellead_f9052be932c1d038a9766818,Mount Gambier Local History SA 1957 release patch,SA,Kapunda,Kapunda,Research lead overlay,overlay_not_public_map
maplead_d62576ee4379535e71404e3e,release_lead_overlay_items,rellead_e135862075b9a9e6b0455b51,Port Adelaide Local History SA 1957 release patch,SA,Kapunda,Kapunda,Research lead overlay,overlay_not_public_map
maplead_0cd126ce49aba09a21b0bf5e,release_lead_overlay_items,rellead_b393151e2a294ed6e8c9ded5,Port Adelaide Local History SA 1957 release patch,SA,Burra,Burra,Research lead overlay,overlay_not_public_map
maplead_f5a091c9778cca3644966189,release_lead_overlay_items,rellead_3a1c73a5a61de3270ba7079b,Town of Gawler Council History SA 1957 release patch,SA,Burra,Burra,Research lead overlay,overlay_not_public_map
maplead_1f7df9c7b1c91777ea0f158e,release_lead_overlay_items,rellead_8d7146826475783f34b4da68,National Trust South Australia SA 1957 release patch,SA,Port Adelaide,Port Adelaide,Research lead overlay,overlay_not_public_map
maplead_164bb99f1aac94b36e1b7617,release_lead_overlay_items,rellead_9f26a905bfd4c65bf4e5d429,National Trust of South Australia SA 1957 release patch,SA,Mount Gambier,Mount Gambier,Research lead overlay,overlay_not_public_map
maplead_d97f241c1a459446b381daf9,release_lead_overlay_items,rellead_df13cf899591c7b391ca736b,South Australian Heritage Places Database SA 1957 release patch,SA,Mount Gambier,Mount Gambier,Research lead overlay,overlay_not_public_map
maplead_83a76f3c399bbbabaa5e3e31,release_lead_overlay_items,rellead_4cd16eb9585b8b8ef5ed299e,South Australian Heritage Places Database SA 1957 release patch,SA,Mount Gambier,Mount Gambier,Research lead overlay,overlay_not_public_map
maplead_329163e6078a9f0d6003a8b8,release_lead_overlay_items,rellead_90dcec8fa1807e428c1472b5,Gawler History SA 1957 release patch,SA,Kapunda,Kapunda,Research lead overlay,overlay_not_public_map
maplead_2f7314bb2ee09e899c624be7,release_lead_overlay_items,rellead_09909f1fe02d6edbd4fb2f7f,Kapunda History SA 1957 release patch,SA,Burra,Burra,Research lead overlay,overlay_not_public_map
maplead_4b20fd4beb8fafa06067ec81,release_lead_overlay_items,rellead_edd99509060e7e5612db1e5e,South Australian History Network SA 1957 release patch,SA,Moonta,Moonta,Research lead overlay,overlay_not_public_map
maplead_6e3be13e187a96384a6a6a56,release_lead_overlay_items,rellead_3cb99a7548bdbc843485e983,Adelaide Gaol SA 1957 release patch,SA,Moonta,Moonta,Research lead overlay,overlay_not_public_map
maplead_07bbb61446d026462da9e274,release_lead_overlay_items,rellead_8bac5da3a39d7e651e3d2078,Adelaide Gaol SA 1957 release patch,SA,Moonta,Moonta,Research lead overlay,overlay_not_public_map
maplead_ef3601a7082b544410d608e8,release_lead_overlay_items,rellead_c334b3337d58e27ba9d7023b,History Trust of South Australia SA 1957 release patch,SA,Port Adelaide,Port Adelaide,Research lead overlay,overlay_not_public_map
maplead_5478e03ed79ee811c3f1d97f,release_lead_overlay_items,rellead_8e952b09f5f985835aa745a6,History Trust of South Australia SA 1957 release patch,SA,Mount Gambier,Mount Gambier,Research lead overlay,overlay_not_public_map
maplead_8dbf51fb2d8a9122fff11495,release_lead_overlay_items,rellead_be602e75b5cb0d73246815f5,South Australian Museum SA 1957 release patch,SA,Adelaide,Adelaide,Research lead overlay,overlay_not_public_map
maplead_732700bae6ad59339b46f607,release_lead_overlay_items,rellead_4d96ad4849452861ff63272b,State Records of South Australia SA 1957 release patch,SA,Moonta,Moonta,Research lead overlay,overlay_not_public_map
maplead_89f3a89f7e30c4d37e3ca1fc,release_lead_overlay_items,rellead_11b1d6e3e8a83d1d135b63c7,State Records of South Australia ArchivesSearch SA 1957 release patch,SA,Moonta,Moonta,Research lead overlay,overlay_not_public_map
maplead_a707172b80bb2ba291fe8daf,release_lead_overlay_items,rellead_c20f42beae382f4db66e21e5,State Library of South Australia Catalogue SA 1957 release patch,SA,Adelaide,Adelaide,Research lead overlay,overlay_not_public_map
maplead_ff7e7631611abccc9dd29dff,release_lead_overlay_items,rellead_7e091a42f1cc56ec004cc543,State Library of South Australia Catalogue SA 1957 release patch,SA,Adelaide,Adelaide,Research lead overlay,overlay_not_public_map
maplead_1d9cd2fed2cea152a32d6b62,release_lead_overlay_items,rellead_a5e95c823038831cb27a8aba,State Library of South Australia Digital Collections SA 1957 release patch,SA,Adelaide,Adelaide,Research lead overlay,overlay_not_public_map
maplead_9f9e94f8030ce35f33683b21,release_lead_overlay_items,rellead_1cc0dd1f1cfaaf3e4cd2d6a8,State Library of South Australia Digital Collections SA 1957 release patch,SA,Adelaide,Adelaide,Research lead overlay,overlay_not_public_map
maplead_8a9106114041261adde13ba6,release_lead_overlay_items,rellead_48241b7087a39c0ee4eb20ef,City of Adelaide Archives SA 1958 release patch,SA,Moonta,Moonta,Research lead overlay,overlay_not_public_map
maplead_0006703c27248dded41c6c08,release_lead_overlay_items,rellead_184949acae7450df86562e11,City of Adelaide Archives SA 1958 release patch,SA,Moonta,Moonta,Research lead overlay,overlay_not_public_map
maplead_267567749b7d0c42e1f2fe00,release_lead_overlay_items,rellead_cd6012630587b9eafd01e4a2,Mount Gambier Local History SA 1958 release patch,SA,Port Adelaide,Port Adelaide,Research lead overlay,overlay_not_public_map
maplead_212e78c1de06da869b5b7a81,release_lead_overlay_items,rellead_fae8417525e94786afb7aa48,Port Adelaide Local History SA 1958 release patch,SA,Port Adelaide,Port Adelaide,Research lead overlay,overlay_not_public_map
maplead_a14dfa90e864ebfe00031b0d,release_lead_overlay_items,rellead_8792ac75acfe4bfbf36df55c,Port Adelaide Local History SA 1958 release patch,SA,Port Adelaide,Port Adelaide,Research lead overlay,overlay_not_public_map
maplead_4e462d036226e1c300f0f72f,release_lead_overlay_items,rellead_8029c8070f2b24b397dd82b6,Town of Gawler Council History SA 1958 release patch,SA,Mount Gambier,Mount Gambier,Research lead overlay,overlay_not_public_map
maplead_9311baeb31449b91245028f1,release_lead_overlay_items,rellead_69295e5912242aa237e35514,National Trust South Australia SA 1958 release patch,SA,Kapunda,Kapunda,Research lead overlay,overlay_not_public_map
maplead_78c3e70e5f81ea233884e728,release_lead_overlay_items,rellead_a98380210ef6bfcce4305307,National Trust of South Australia SA 1958 release patch,SA,Burra,Burra,Research lead overlay,overlay_not_public_map
maplead_f6e61d29ffd7f0094f39a5a2,release_lead_overlay_items,rellead_0f0a6ad2c4503861f405075e,South Australian Heritage Places Database SA 1958 release patch,SA,Burra,Burra,Research lead overlay,overlay_not_public_map
maplead_59e734f7350c024d16653ec9,release_lead_overlay_items,rellead_65b4b06cc688bdd17ba44816,South Australian Heritage Places Database SA 1958 release patch,SA,Burra,Burra,Research lead overlay,overlay_not_public_map
maplead_2ee862964a319263dccd4eb0,release_lead_overlay_items,rellead_d977a90c4533f33eb63f856d,Gawler History SA 1958 release patch,SA,Port Adelaide,Port Adelaide,Research lead overlay,overlay_not_public_map
maplead_16bd74c9781f0f3f1d2a949c,release_lead_overlay_items,rellead_f054d3f6b880c45ac4a4e4bd,Kapunda History SA 1958 release patch,SA,Port Adelaide,Port Adelaide,Research lead overlay,overlay_not_public_map
maplead_e9e1225eeb07b5229da79ba9,release_lead_overlay_items,rellead_d5f4a98f5e0a405ae08be773,South Australian History Network SA 1958 release patch,SA,Mount Gambier,Mount Gambier,Research lead overlay,overlay_not_public_map
maplead_632f454e54c5ff068bfe8c69,release_lead_overlay_items,rellead_cfd2d0c8c042cc0a8d436d52,Adelaide Gaol SA 1958 release patch,SA,Adelaide,Adelaide,Research lead overlay,overlay_not_public_map
maplead_bfbac6ec9e8ff98e2e29039e,release_lead_overlay_items,rellead_aeb5930a462660ca55cbe582,Adelaide Gaol SA 1958 release patch,SA,Adelaide,Adelaide,Research lead overlay,overlay_not_public_map
maplead_9b5f35976e468d0cd9ee554a,release_lead_overlay_items,rellead_82ec2ece7c2820a2b6e73d42,History Trust of South Australia SA 1958 release patch,SA,Kapunda,Kapunda,Research lead overlay,overlay_not_public_map
maplead_34efbc4c6887f8e5108f782c,release_lead_overlay_items,rellead_fae036ce805e86300e2444df,History Trust of South Australia SA 1958 release patch,SA,Kapunda,Kapunda,Research lead overlay,overlay_not_public_map
maplead_b6a337cbb0e1784ace263e4e,release_lead_overlay_items,rellead_0a164107c9cf0854c084cfb7,South Australian Museum SA 1958 release patch,SA,Moonta,Moonta,Research lead overlay,overlay_not_public_map
maplead_b55ad9f0cf51f5059130d76b,release_lead_overlay_items,rellead_f145cc441a1ec8935712940d,State Records of South Australia SA 1958 release patch,SA,Adelaide,Adelaide,Research lead overlay,overlay_not_public_map
maplead_7467119cbe4ab73138683a2a,release_lead_overlay_items,rellead_541f42124573d433ddcdb726,State Records of South Australia ArchivesSearch SA 1958 release patch,SA,Adelaide,Adelaide,Research lead overlay,overlay_not_public_map
maplead_b103263ae0f21a503cb253b2,release_lead_overlay_items,rellead_4db930f88fa2bba997721c6e,State Library of South Australia Catalogue SA 1958 release patch,SA,Moonta,Moonta,Research lead overlay,overlay_not_public_map
maplead_95c23b4a9885ceb38540d320,release_lead_overlay_items,rellead_a984355eb373303a6d926fe6,State Library of South Australia Catalogue SA 1958 release patch,SA,Moonta,Moonta,Research lead overlay,overlay_not_public_map
maplead_00ff919e4b02c15dc497edef,release_lead_overlay_items,rellead_f3bcc77f3e9821a9bc17fb46,State Library of South Australia Digital Collections SA 1958 release patch,SA,Moonta,Moonta,Research lead overlay,overlay_not_public_map
maplead_8c8d5bc24223e7870bb693e3,release_lead_overlay_items,rellead_72c351dfa236c9d761ff5c3f,State Library of South Australia Digital Collections SA 1958 release patch,SA,Moonta,Moonta,Research lead overlay,overlay_not_public_map
maplead_85188959c48497cb00866053,release_lead_overlay_items,rellead_1c04ca976c34faef40c262e1,City of Adelaide Archives SA 1959 release patch,SA,Adelaide,Adelaide,Research lead overlay,overlay_not_public_map
maplead_7781a70f356aecbec8676d10,release_lead_overlay_items,rellead_217907a6ddb4b542541e363b,City of Adelaide Archives SA 1959 release patch,SA,Adelaide,Adelaide,Research lead overlay,overlay_not_public_map
maplead_deb823e6d450e48968f91f55,release_lead_overlay_items,rellead_c9684e7b72cb05e41a3ef283,Mount Gambier Local History SA 1959 release patch,SA,Kapunda,Kapunda,Research lead overlay,overlay_not_public_map
maplead_2327add8a0f2e3685c0d98a9,release_lead_overlay_items,rellead_3113eeaa48c98307bc924188,Port Adelaide Local History SA 1959 release patch,SA,Kapunda,Kapunda,Research lead overlay,overlay_not_public_map
maplead_31b0be7758335ea1edbf165a,release_lead_overlay_items,rellead_38e6e97a0cd7bffb71af5d62,Port Adelaide Local History SA 1959 release patch,SA,Kapunda,Kapunda,Research lead overlay,overlay_not_public_map
maplead_fc8ac08ed7dfc7009511b148,release_lead_overlay_items,rellead_3081f0ce8942273b0a700f83,Town of Gawler Council History SA 1959 release patch,SA,Burra,Burra,Research lead overlay,overlay_not_public_map
maplead_62ceaf873d43a8d1a00a9d2c,release_lead_overlay_items,rellead_b2b933cd2763333f2d74653d,National Trust South Australia SA 1959 release patch,SA,Port Adelaide,Port Adelaide,Research lead overlay,overlay_not_public_map
maplead_fd943c9cd901f0afbe12910f,release_lead_overlay_items,rellead_2cba9932889db7189fa463f5,National Trust of South Australia SA 1959 release patch,SA,Port Adelaide,Port Adelaide,Research lead overlay,overlay_not_public_map
maplead_fcc545feb1db7a1d6daefb97,release_lead_overlay_items,rellead_d2357a5501ca235122fa26f4,South Australian Heritage Places Database SA 1959 release patch,SA,Mount Gambier,Mount Gambier,Research lead overlay,overlay_not_public_map
maplead_c16f85d3b32ed18edeefd902,release_lead_overlay_items,rellead_8688f02ce7d4228098a37bc4,South Australian Heritage Places Database SA 1959 release patch,SA,Mount Gambier,Mount Gambier,Research lead overlay,overlay_not_public_map
maplead_be0218c5081a1485a0a53907,release_lead_overlay_items,rellead_a1f4d91a7562dfe4e4e6202d,Gawler History SA 1959 release patch,SA,Kapunda,Kapunda,Research lead overlay,overlay_not_public_map
maplead_173988d6722f4f556d07bf78,release_lead_overlay_items,rellead_3189febf238ea427a1a82e77,Kapunda History SA 1959 release patch,SA,Kapunda,Kapunda,Research lead overlay,overlay_not_public_map
maplead_4a75856fa2584f21df34b9e5,release_lead_overlay_items,rellead_2e4deae47eb850d6b2acb270,South Australian History Network SA 1959 release patch,SA,Burra,Burra,Research lead overlay,overlay_not_public_map
maplead_fa301630b20acce0bcdd2f83,release_lead_overlay_items,rellead_032c91dc5741ff9afaf33af9,Adelaide Gaol SA 1959 release patch,SA,Moonta,Moonta,Research lead overlay,overlay_not_public_map
maplead_3bf99b3ecab5230763dbb8f1,release_lead_overlay_items,rellead_076b9fb0a18a4a22503676fc,Adelaide Gaol SA 1959 release patch,SA,Moonta,Moonta,Research lead overlay,overlay_not_public_map
maplead_a0d61e2a2c50e2e23f86da67,release_lead_overlay_items,rellead_54bd5429500791e1db90f529,History Trust of South Australia SA 1959 release patch,SA,Port Adelaide,Port Adelaide,Research lead overlay,overlay_not_public_map
maplead_2dd730a805d491e7f6a9d018,release_lead_overlay_items,rellead_605946d960cb8b684f8d3abf,History Trust of South Australia SA 1959 release patch,SA,Port Adelaide,Port Adelaide,Research lead overlay,overlay_not_public_map
maplead_dadcde5aee2b24737bc65bba,release_lead_overlay_items,rellead_4bde71e5a75f6b3a435b8c76,South Australian Museum SA 1959 release patch,SA,Adelaide,Adelaide,Research lead overlay,overlay_not_public_map
maplead_56ba7cc489af0be623a78e62,release_lead_overlay_items,rellead_6e8a6cdd4cff30a9e19748e9,State Records of South Australia SA 1959 release patch,SA,Moonta,Moonta,Research lead overlay,overlay_not_public_map
maplead_d8dfb3cccacd06f76808a375,release_lead_overlay_items,rellead_e87a10d5639bcf7a39d9d771,State Records of South Australia ArchivesSearch SA 1959 release patch,SA,Moonta,Moonta,Research lead overlay,overlay_not_public_map
maplead_893ddf5b4cffa6c44e164385,release_lead_overlay_items,rellead_4cd2034c4b8f1812f04072b0,State Library of South Australia Catalogue SA 1959 release patch,SA,Adelaide,Adelaide,Research lead overlay,overlay_not_public_map
maplead_42311b743d996ca2254f36e4,release_lead_overlay_items,rellead_aabb4a860f503508ab3c72cc,State Library of South Australia Catalogue SA 1959 release patch,SA,Adelaide,Adelaide,Research lead overlay,overlay_not_public_map
maplead_0318b70d5e8175c90379596e,release_lead_overlay_items,rellead_db27d008e6a9e4063711bde0,State Library of South Australia Digital Collections SA 1959 release patch,SA,Adelaide,Adelaide,Research lead overlay,overlay_not_public_map
maplead_9b25b7bb884124636062d9ce,release_lead_overlay_items,rellead_b1842a621eefcb41d965a1ab,State Library of South Australia Digital Collections SA 1959 release patch,SA,Adelaide,Adelaide,Research lead overlay,overlay_not_public_map
maplead_f9ac0e298b30b70b6140bf75,release_lead_overlay_items,rellead_cac69c427e2b9959670e0e55,City of Adelaide Archives SA 1960 release patch,SA,Burra,Burra,Research lead overlay,overlay_not_public_map
maplead_733ee680409a3e1cc5c60fa5,release_lead_overlay_items,rellead_4385fc634f4a027c211b6294,City of Adelaide Archives SA 1960 release patch,SA,Moonta,Moonta,Research lead overlay,overlay_not_public_map
maplead_9b236b22e2c335714c457a78,release_lead_overlay_items,rellead_8c4bb93af4c8f08db4e1e466,Mount Gambier Local History SA 1960 release patch,SA,Port Adelaide,Port Adelaide,Research lead overlay,overlay_not_public_map
maplead_5ae3ba015648890db38cf338,release_lead_overlay_items,rellead_5509c9205be23b8eadf85e7a,Port Adelaide Local History SA 1960 release patch,SA,Port Adelaide,Port Adelaide,Research lead overlay,overlay_not_public_map
maplead_969e885a7ae918551023b272,release_lead_overlay_items,rellead_e2210572aa0d189e28b999c7,Port Adelaide Local History SA 1960 release patch,SA,Port Adelaide,Port Adelaide,Research lead overlay,overlay_not_public_map
maplead_8dae93199fdc8c8b538735a4,release_lead_overlay_items,rellead_802d670b3598cbcb187b7407,Town of Gawler Council History SA 1960 release patch,SA,Port Adelaide,Port Adelaide,Research lead overlay,overlay_not_public_map
maplead_711a8124aecac773190ef4db,release_lead_overlay_items,rellead_1767f2927494125ed24efed3,National Trust South Australia SA 1960 release patch,SA,Kapunda,Kapunda,Research lead overlay,overlay_not_public_map
maplead_3f38104bcdeac6efa7c48160,release_lead_overlay_items,rellead_92b964ce72d285415dc07cb9,National Trust of South Australia SA 1960 release patch,SA,Kapunda,Kapunda,Research lead overlay,overlay_not_public_map
maplead_a8fef1a8744dbdad2ce9e771,release_lead_overlay_items,rellead_d17a0d892f828796f49c540a,South Australian Heritage Places Database SA 1960 release patch,SA,Burra,Burra,Research lead overlay,overlay_not_public_map
maplead_6721ba3777c413a96b932859,release_lead_overlay_items,rellead_66a8d7a2900260a2c806016e,South Australian Heritage Places Database SA 1960 release patch,SA,Burra,Burra,Research lead overlay,overlay_not_public_map
maplead_8f0ceb0b124f07a6cf0a4dc1,release_lead_overlay_items,rellead_228ecb9fab314812c5ee55df,Gawler History SA 1960 release patch,SA,Port Adelaide,Port Adelaide,Research lead overlay,overlay_not_public_map
maplead_4f97266fe8de54315b02e8be,release_lead_overlay_items,rellead_0d9d70b588fa325f81fc3307,Kapunda History SA 1960 release patch,SA,Port Adelaide,Port Adelaide,Research lead overlay,overlay_not_public_map
maplead_b8ca780324c1f689bb633e30,release_lead_overlay_items,rellead_5aaea9ea8ce35cdaf42c6615,South Australian History Network SA 1960 release patch,SA,Mount Gambier,Mount Gambier,Research lead overlay,overlay_not_public_map
maplead_8be9cbd930b90aaf8875e77f,release_lead_overlay_items,rellead_3add5436813824e90ce42f2a,Adelaide Gaol SA 1960 release patch,SA,Adelaide,Adelaide,Research lead overlay,overlay_not_public_map
maplead_69654dfe01c23849707c06da,release_lead_overlay_items,rellead_2485dc5289b8b6f5187543a4,Adelaide Gaol SA 1960 release patch,SA,Adelaide,Adelaide,Research lead overlay,overlay_not_public_map
maplead_1f25f82ecb22b1280775f04e,release_lead_overlay_items,rellead_5c7dfc089d61984c17242e7e,History Trust of South Australia SA 1960 release patch,SA,Kapunda,Kapunda,Research lead overlay,overlay_not_public_map
maplead_10645307bc242ca9ea18c246,release_lead_overlay_items,rellead_1551bc1dd7ee407b53711f9d,History Trust of South Australia SA 1960 release patch,SA,Kapunda,Kapunda,Research lead overlay,overlay_not_public_map
maplead_219936efea26b8909018c824,release_lead_overlay_items,rellead_74c439bab0dba053f78c79b9,South Australian Museum SA 1960 release patch,SA,Burra,Burra,Research lead overlay,overlay_not_public_map
maplead_851cbaf21caeae74aa8ac2bc,release_lead_overlay_items,rellead_acce8c6b0eb2ca21d925324f,State Records of South Australia SA 1960 release patch,SA,Adelaide,Adelaide,Research lead overlay,overlay_not_public_map
maplead_1b8e1b67a8926a4bf9a46dda,release_lead_overlay_items,rellead_4b9251bf1c26fef7f90a9aba,State Records of South Australia ArchivesSearch SA 1960 release patch,SA,Adelaide,Adelaide,Research lead overlay,overlay_not_public_map
maplead_c606f6324784d6b2ef0932c0,release_lead_overlay_items,rellead_ef793cba0f7cc55872ccf5cb,State Library of South Australia Catalogue SA 1960 release patch,SA,Burra,Burra,Research lead overlay,overlay_not_public_map
maplead_45a499aa29fa8ff041c718ae,release_lead_overlay_items,rellead_a91824239bc14dc028b88f79,State Library of South Australia Catalogue SA 1960 release patch,SA,Moonta,Moonta,Research lead overlay,overlay_not_public_map
maplead_3e8b456fa1fd02e2fb458bb4,release_lead_overlay_items,rellead_0d45d9b02730b5c83a4894c5,State Library of South Australia Digital Collections SA 1960 release patch,SA,Moonta,Moonta,Research lead overlay,overlay_not_public_map
maplead_bb5b58b953d01e01b4075dcd,release_lead_overlay_items,rellead_6c2646bd075dd02def2e3d32,State Library of South Australia Digital Collections SA 1960 release patch,SA,Moonta,Moonta,Research lead overlay,overlay_not_public_map
maplead_e48153381cfe83ce3e3ac2fd,release_lead_overlay_items,rellead_7cc9948056e1cfa6dda27e22,City of Adelaide Archives SA 1961 release patch,SA,Mount Gambier,Mount Gambier,Research lead overlay,overlay_not_public_map
maplead_e466140686e62bed4c827a50,release_lead_overlay_items,rellead_309ef1aae1b2bf3f1ade7102,City of Adelaide Archives SA 1961 release patch,SA,Mount Gambier,Mount Gambier,Research lead overlay,overlay_not_public_map
maplead_ef9570657736f554edc9ac0f,release_lead_overlay_items,rellead_d200d14089b369428cf21595,Mount Gambier Local History SA 1961 release patch,SA,Kapunda,Kapunda,Research lead overlay,overlay_not_public_map
maplead_630f52e53c9d33aac828b93b,release_lead_overlay_items,rellead_5540c64c365aa469a8bcfaec,Port Adelaide Local History SA 1961 release patch,SA,Kapunda,Kapunda,Research lead overlay,overlay_not_public_map
maplead_654f68a8ba763a6114e1ea79,release_lead_overlay_items,rellead_1cd1777d6725f1177d76ebfe,Port Adelaide Local History SA 1961 release patch,SA,Kapunda,Kapunda,Research lead overlay,overlay_not_public_map
maplead_415b191fa1a670ad1fb2e4d4,release_lead_overlay_items,rellead_3a9d69c0d40bd6f988f677d2,Town of Gawler Council History SA 1961 release patch,SA,Kapunda,Kapunda,Research lead overlay,overlay_not_public_map
maplead_96ab72b71e990f4b93d6b06f,release_lead_overlay_items,rellead_eaffde5043b86d26a3a9f23e,National Trust South Australia SA 1961 release patch,SA,Moonta,Moonta,Research lead overlay,overlay_not_public_map
maplead_56ecc3bf72886f10231b06ae,release_lead_overlay_items,rellead_3f61097d03ff58d59eb55725,National Trust of South Australia SA 1961 release patch,SA,Port Adelaide,Port Adelaide,Research lead overlay,overlay_not_public_map
maplead_18d6d73399d9a43766b275b9,release_lead_overlay_items,rellead_fa83f81642f11dbe148879d6,South Australian Heritage Places Database SA 1961 release patch,SA,Mount Gambier,Mount Gambier,Research lead overlay,overlay_not_public_map
maplead_5ddc887dae354d9fed2f92c9,release_lead_overlay_items,rellead_cce42f2d66028d147689ed9e,South Australian Heritage Places Database SA 1961 release patch,SA,Mount Gambier,Mount Gambier,Research lead overlay,overlay_not_public_map
maplead_92a17c5cd99dd2bfca53a8ed,release_lead_overlay_items,rellead_c19278f8f8e002bd8e5d4932,Gawler History SA 1961 release patch,SA,Adelaide,Adelaide,Research lead overlay,overlay_not_public_map
maplead_72ab537e6ae651e2f6c796c6,release_lead_overlay_items,rellead_c3348e0154b7eacc26e312bd,Kapunda History SA 1961 release patch,SA,Kapunda,Kapunda,Research lead overlay,overlay_not_public_map
maplead_3346934b2c088ff5f94cf5b6,release_lead_overlay_items,rellead_8150a6e95fdc981dd58be030,South Australian History Network SA 1961 release patch,SA,Burra,Burra,Research lead overlay,overlay_not_public_map
maplead_02cb19397cfef347b991d427,release_lead_overlay_items,rellead_366e1b268403ce7eaa8d2eb3,Adelaide Gaol SA 1961 release patch,SA,Moonta,Moonta,Research lead overlay,overlay_not_public_map
maplead_806e19898fec1620a040aec3,release_lead_overlay_items,rellead_7bca7d583a95cb5d388c00a8,Adelaide Gaol SA 1961 release patch,SA,Moonta,Moonta,Research lead overlay,overlay_not_public_map
maplead_ebd8dfaee50e5134be0001dd,release_lead_overlay_items,rellead_c8c0e31fdcf72433d1610a36,History Trust of South Australia SA 1961 release patch,SA,Port Adelaide,Port Adelaide,Research lead overlay,overlay_not_public_map
maplead_57ffce205108aa42f679680e,release_lead_overlay_items,rellead_d91480dcc42200d670f2d595,History Trust of South Australia SA 1961 release patch,SA,Port Adelaide,Port Adelaide,Research lead overlay,overlay_not_public_map
maplead_23c188d887aefd4c86a9844b,release_lead_overlay_items,rellead_520b8fe24575c3eb6ca4f7e9,South Australian Museum SA 1961 release patch,SA,Mount Gambier,Mount Gambier,Research lead overlay,overlay_not_public_map
maplead_fc53185037ddfa33e6a5f06d,release_lead_overlay_items,rellead_754aac443a063553ef064479,State Records of South Australia SA 1961 release patch,SA,Burra,Burra,Research lead overlay,overlay_not_public_map
maplead_4642a57a62e9df92d9e15f5b,release_lead_overlay_items,rellead_a1c7184ec35bfc42cb27b50e,State Records of South Australia ArchivesSearch SA 1961 release patch,SA,Moonta,Moonta,Research lead overlay,overlay_not_public_map
maplead_5d0c8065482c4627ec3b276f,release_lead_overlay_items,rellead_6a12282970a3cec3bd976ef0,State Library of South Australia Catalogue SA 1961 release patch,SA,Mount Gambier,Mount Gambier,Research lead overlay,overlay_not_public_map
maplead_79f3ba1e1f5cb0286164f4cb,release_lead_overlay_items,rellead_58b4339f2ff7dc81e27c2e6d,State Library of South Australia Catalogue SA 1961 release patch,SA,Mount Gambier,Mount Gambier,Research lead overlay,overlay_not_public_map
maplead_32815c5c74dce26f44bdf561,release_lead_overlay_items,rellead_2ec99c1153cc052fedbc8dd6,State Library of South Australia Digital Collections SA 1961 release patch,SA,Adelaide,Adelaide,Research lead overlay,overlay_not_public_map
maplead_d55a39f2b085e3c72c81f944,release_lead_overlay_items,rellead_beb2cf11dcb44d776cd1ae09,State Library of South Australia Digital Collections SA 1961 release patch,SA,Adelaide,Adelaide,Research lead overlay,overlay_not_public_map
maplead_d3c80884fd03663b687fd74d,release_lead_overlay_items,rellead_3c84a2d388c70065838f2f2b,City of Adelaide Archives SA 1962 release patch,SA,Burra,Burra,Research lead overlay,overlay_not_public_map
maplead_b81c18bcd41e7cc94f54e227,release_lead_overlay_items,rellead_53f3877c8ff4bc14ae43745f,City of Adelaide Archives SA 1962 release patch,SA,Burra,Burra,Research lead overlay,overlay_not_public_map
maplead_17cc41a8f5fa4ffeb4be3276,release_lead_overlay_items,rellead_086141c1848c2eb867910943,Mount Gambier Local History SA 1962 release patch,SA,Port Adelaide,Port Adelaide,Research lead overlay,overlay_not_public_map
maplead_47ad24e6a35d25a998cb492d,release_lead_overlay_items,rellead_64d00362914de5705d3282c7,Port Adelaide Local History SA 1962 release patch,SA,Port Adelaide,Port Adelaide,Research lead overlay,overlay_not_public_map
maplead_69e20420e946e338f600bef4,release_lead_overlay_items,rellead_91912f4167adc78d3e25e071,Port Adelaide Local History SA 1962 release patch,SA,Port Adelaide,Port Adelaide,Research lead overlay,overlay_not_public_map
maplead_314ed9a4c7e8663ec9b6816b,release_lead_overlay_items,rellead_45b8728f34a7ca76f89759a3,Town of Gawler Council History SA 1962 release patch,SA,Port Adelaide,Port Adelaide,Research lead overlay,overlay_not_public_map
maplead_991816a6183d666ae6b931d5,release_lead_overlay_items,rellead_d3a0f196aa697a72880ea86a,National Trust South Australia SA 1962 release patch,SA,Adelaide,Adelaide,Research lead overlay,overlay_not_public_map
maplead_b8c5181ee46fb19c92d40abf,release_lead_overlay_items,rellead_d1ea1eb8ee6bd8cfdede7528,National Trust of South Australia SA 1962 release patch,SA,Kapunda,Kapunda,Research lead overlay,overlay_not_public_map
maplead_006ed095ac056505b4656c40,release_lead_overlay_items,rellead_92cc7fa5417d4aa88245bf46,South Australian Heritage Places Database SA 1962 release patch,SA,Burra,Burra,Research lead overlay,overlay_not_public_map
maplead_abf7274f983ef7db96763e20,release_lead_overlay_items,rellead_220c3fc2002922f975a95de3,South Australian Heritage Places Database SA 1962 release patch,SA,Burra,Burra,Research lead overlay,overlay_not_public_map
maplead_388733d16c55bf6314a93b73,release_lead_overlay_items,rellead_47b04b097ae87cdbd6b25bff,Gawler History SA 1962 release patch,SA,Moonta,Moonta,Research lead overlay,overlay_not_public_map
maplead_229ecca5edc53bed76c8407b,release_lead_overlay_items,rellead_0db4f74009f5f47323af238d,Kapunda History SA 1962 release patch,SA,Port Adelaide,Port Adelaide,Research lead overlay,overlay_not_public_map
maplead_ee65fcc25e6d453982e8dd41,release_lead_overlay_items,rellead_ef4774cd976c470c534edcae,South Australian History Network SA 1962 release patch,SA,Mount Gambier,Mount Gambier,Research lead overlay,overlay_not_public_map
maplead_c0a715bf9bdf6c0c1b118f08,release_lead_overlay_items,rellead_91cfbc809968d807aff008a8,Adelaide Gaol SA 1962 release patch,SA,Mount Gambier,Mount Gambier,Research lead overlay,overlay_not_public_map
maplead_a053f4ca9073c10398b10b2d,release_lead_overlay_items,rellead_f724f4d4b55b931975515b1f,Adelaide Gaol SA 1962 release patch,SA,Adelaide,Adelaide,Research lead overlay,overlay_not_public_map
maplead_f9dd8d2c662b80c43f08eba5,release_lead_overlay_items,rellead_4cf5cf30e36875008cfa0947,History Trust of South Australia SA 1962 release patch,SA,Kapunda,Kapunda,Research lead overlay,overlay_not_public_map
maplead_3d23fa48090eceef3278d9f0,release_lead_overlay_items,rellead_6de89786337aef30eba20d57,History Trust of South Australia SA 1962 release patch,SA,Kapunda,Kapunda,Research lead overlay,overlay_not_public_map
maplead_30131daa6b9f7b41839e7d86,release_lead_overlay_items,rellead_2c699f28729f5e520aa3fc28,South Australian Museum SA 1962 release patch,SA,Burra,Burra,Research lead overlay,overlay_not_public_map
maplead_b929dee8da2b27a1545da693,release_lead_overlay_items,rellead_7d82236e4e29dde92de47477,State Records of South Australia SA 1962 release patch,SA,Mount Gambier,Mount Gambier,Research lead overlay,overlay_not_public_map
maplead_823fe9003417cebc89a3bb9e,release_lead_overlay_items,rellead_040abf1212ac9d6b9493f059,State Records of South Australia ArchivesSearch SA 1962 release patch,SA,Mount Gambier,Mount Gambier,Research lead overlay,overlay_not_public_map
maplead_f19a02fdb1ebebede633c72f,release_lead_overlay_items,rellead_d6c2f2915116ada874f70cb9,State Library of South Australia Catalogue SA 1962 release patch,SA,Burra,Burra,Research lead overlay,overlay_not_public_map
maplead_948e8bc70c307d73bc8fd792,release_lead_overlay_items,rellead_8a226aae16ef145febdf8b5b,State Library of South Australia Catalogue SA 1962 release patch,SA,Burra,Burra,Research lead overlay,overlay_not_public_map
maplead_37e73ddbba0bcad4becd0f14,release_lead_overlay_items,rellead_09d7b454beca16194ec06067,State Library of South Australia Digital Collections SA 1962 release patch,SA,Burra,Burra,Research lead overlay,overlay_not_public_map
maplead_5a5d39278c295cde9684bffe,release_lead_overlay_items,rellead_5416cb0f965d3b0647bad808,State Library of South Australia Digital Collections SA 1962 release patch,SA,Moonta,Moonta,Research lead overlay,overlay_not_public_map
maplead_4726672f5cce3742b0506d46,release_lead_overlay_items,rellead_330b399cc23d445efb0cf4c9,City of Adelaide Archives SA 1963 release patch,SA,Mount Gambier,Mount Gambier,Research lead overlay,overlay_not_public_map
maplead_b2b175a0de10168389f7eb51,release_lead_overlay_items,rellead_dedcf2557ea0a2c372355898,City of Adelaide Archives SA 1963 release patch,SA,Mount Gambier,Mount Gambier,Research lead overlay,overlay_not_public_map
maplead_3e9388865972f94fede6dbba,release_lead_overlay_items,rellead_9c6512095b751cbe635fb674,Mount Gambier Local History SA 1963 release patch,SA,Adelaide,Adelaide,Research lead overlay,overlay_not_public_map
maplead_6140e8c8c6f3704d736f26c7,release_lead_overlay_items,rellead_3bb8a5d929e80b325e7b69bf,Port Adelaide Local History SA 1963 release patch,SA,Kapunda,Kapunda,Research lead overlay,overlay_not_public_map
maplead_061c2efacf6af11182465708,release_lead_overlay_items,rellead_6a3ca61264bc015746130434,Port Adelaide Local History SA 1963 release patch,SA,Kapunda,Kapunda,Research lead overlay,overlay_not_public_map
maplead_ddee042ee3757d2c1ccd98cc,release_lead_overlay_items,rellead_742260e3928aceb482596200,Town of Gawler Council History SA 1963 release patch,SA,Kapunda,Kapunda,Research lead overlay,overlay_not_public_map
maplead_0d60030245b83efa5444426d,release_lead_overlay_items,rellead_ba1d51aa544458cd8e9a22f3,National Trust South Australia SA 1963 release patch,SA,Moonta,Moonta,Research lead overlay,overlay_not_public_map
maplead_eea7732221583d76120e09a1,release_lead_overlay_items,rellead_22e733503fb7aec7b78a9469,National Trust of South Australia SA 1963 release patch,SA,Port Adelaide,Port Adelaide,Research lead overlay,overlay_not_public_map
maplead_cac2133746edc72fcebb4575,release_lead_overlay_items,rellead_d129cff26941caf4408fb853,South Australian Heritage Places Database SA 1963 release patch,SA,Port Adelaide,Port Adelaide,Research lead overlay,overlay_not_public_map
maplead_a8eb7f6f4c8ba266ea503c99,release_lead_overlay_items,rellead_8a8f86b94c64dfc8aefd8296,South Australian Heritage Places Database SA 1963 release patch,SA,Mount Gambier,Mount Gambier,Research lead overlay,overlay_not_public_map
maplead_b1edb6f6b21b97ab5f5573b8,release_lead_overlay_items,rellead_c1613be5be257abed62bf1e7,Gawler History SA 1963 release patch,SA,Adelaide,Adelaide,Research lead overlay,overlay_not_public_map
maplead_f5e2904104b89903751ed9d8,release_lead_overlay_items,rellead_657ebac7a757603e6f050a85,Kapunda History SA 1963 release patch,SA,Kapunda,Kapunda,Research lead overlay,overlay_not_public_map
maplead_dbdf5653ca7e355e644e10e7,release_lead_overlay_items,rellead_4a0ed494ad4044c68f725981,South Australian History Network SA 1963 release patch,SA,Burra,Burra,Research lead overlay,overlay_not_public_map
maplead_6bcee0977a137fb25a4d34ee,release_lead_overlay_items,rellead_08b68bad2acc548a45aff932,Adelaide Gaol SA 1963 release patch,SA,Burra,Burra,Research lead overlay,overlay_not_public_map
maplead_01d759d7c25f5101bcd1a6f1,release_lead_overlay_items,rellead_f6362324131f69d9cd1ad14c,Adelaide Gaol SA 1963 release patch,SA,Burra,Burra,Research lead overlay,overlay_not_public_map
maplead_ba3337bb95fa2a34f878aa48,release_lead_overlay_items,rellead_2e539369154aacb215f117ef,History Trust of South Australia SA 1963 release patch,SA,Port Adelaide,Port Adelaide,Research lead overlay,overlay_not_public_map
maplead_d70c4b50500d01b00251db9d,release_lead_overlay_items,rellead_4895b13fe148acad9e682c08,History Trust of South Australia SA 1963 release patch,SA,Port Adelaide,Port Adelaide,Research lead overlay,overlay_not_public_map
maplead_4c4ebe241dacc3d4e0d3dd12,release_lead_overlay_items,rellead_e3b2c9c8396fad5306efc44d,South Australian Museum SA 1963 release patch,SA,Mount Gambier,Mount Gambier,Research lead overlay,overlay_not_public_map
maplead_baa7cf2a727146b834210f5b,release_lead_overlay_items,rellead_c13108de8d5d949a6481d1c6,State Records of South Australia SA 1963 release patch,SA,Burra,Burra,Research lead overlay,overlay_not_public_map
maplead_760cc914586ef40c51b9e1d7,release_lead_overlay_items,rellead_076bdb7ed79e418fe3da1088,State Records of South Australia ArchivesSearch SA 1963 release patch,SA,Burra,Burra,Research lead overlay,overlay_not_public_map
maplead_3ddf46d24857bd67b01dfa39,release_lead_overlay_items,rellead_8fc99aa055a66221af7de384,State Library of South Australia Catalogue SA 1963 release patch,SA,Mount Gambier,Mount Gambier,Research lead overlay,overlay_not_public_map
maplead_1801c67a37501915134cedac,release_lead_overlay_items,rellead_234ba9cf9af71b47e7c38101,State Library of South Australia Catalogue SA 1963 release patch,SA,Mount Gambier,Mount Gambier,Research lead overlay,overlay_not_public_map
maplead_b4649f05448232fbc8b493dd,release_lead_overlay_items,rellead_cbf04a686970696e1eaf4eff,State Library of South Australia Digital Collections SA 1963 release patch,SA,Mount Gambier,Mount Gambier,Research lead overlay,overlay_not_public_map
maplead_ebf42918663de6789c7fee31,release_lead_overlay_items,rellead_f09a76fc52b91986f2f4d408,State Library of South Australia Digital Collections SA 1963 release patch,SA,Mount Gambier,Mount Gambier,Research lead overlay,overlay_not_public_map
maplead_c2079e029099616711d3d06d,release_lead_overlay_items,rellead_22a9a2ce16cbac753634f1db,City of Adelaide Archives SA 1964 release patch,SA,Burra,Burra,Research lead overlay,overlay_not_public_map
maplead_2e7fa1f5f68b5efade52edc4,release_lead_overlay_items,rellead_dba3a92fc69dbe0949ceeee0,City of Adelaide Archives SA 1964 release patch,SA,Burra,Burra,Research lead overlay,overlay_not_public_map
maplead_1008b8f0d9dd602cf1ca13c6,release_lead_overlay_items,rellead_a7d2b2f405b2801e2d0205f8,Mount Gambier Local History SA 1964 release patch,SA,Moonta,Moonta,Research lead overlay,overlay_not_public_map
maplead_4606eca5cf1f722d61c5cad2,release_lead_overlay_items,rellead_d61cf924e51ab801b895f424,Port Adelaide Local History SA 1964 release patch,SA,Moonta,Moonta,Research lead overlay,overlay_not_public_map
maplead_0be33cf6cfd52d2043e41aaa,release_lead_overlay_items,rellead_e101f38a970747710a2285bd,Port Adelaide Local History SA 1964 release patch,SA,Port Adelaide,Port Adelaide,Research lead overlay,overlay_not_public_map
maplead_919695c42935d1fa2d2ca8cf,release_lead_overlay_items,rellead_5b84336b593750f2fff73825,Town of Gawler Council History SA 1964 release patch,SA,Port Adelaide,Port Adelaide,Research lead overlay,overlay_not_public_map
maplead_fbe17c4a110f7b4d766f6f46,release_lead_overlay_items,rellead_85893555d3a8f5de41c3814d,National Trust South Australia SA 1964 release patch,SA,Adelaide,Adelaide,Research lead overlay,overlay_not_public_map
maplead_d913df9cdea8608d286116dd,release_lead_overlay_items,rellead_f6f5c9601a8443b263566e06,National Trust of South Australia SA 1964 release patch,SA,Kapunda,Kapunda,Research lead overlay,overlay_not_public_map
maplead_478cb83521bdf8ee30c129c3,release_lead_overlay_items,rellead_63203ee4783ef7ec17685f34,South Australian Heritage Places Database SA 1964 release patch,SA,Kapunda,Kapunda,Research lead overlay,overlay_not_public_map
maplead_c511057d7c853d2f49e4b17d,release_lead_overlay_items,rellead_f862c4ea96ba0278a30deb49,South Australian Heritage Places Database SA 1964 release patch,SA,Kapunda,Kapunda,Research lead overlay,overlay_not_public_map
maplead_eb424684216b47699c89e305,release_lead_overlay_items,rellead_a3bff3d0349fe7e2a1ec5ade,Gawler History SA 1964 release patch,SA,Moonta,Moonta,Research lead overlay,overlay_not_public_map
maplead_252ab07ec7e08b1fc6adf09d,release_lead_overlay_items,rellead_2c5880a16cef5d6f8ad3d6c6,Kapunda History SA 1964 release patch,SA,Port Adelaide,Port Adelaide,Research lead overlay,overlay_not_public_map
maplead_3b09a7dd9c4f6de4fc4e84a5,release_lead_overlay_items,rellead_4fe2aa10ec6623b71fb8bd56,South Australian History Network SA 1964 release patch,SA,Mount Gambier,Mount Gambier,Research lead overlay,overlay_not_public_map
maplead_8875a9cadb66d147fed181e7,release_lead_overlay_items,rellead_86c16209504aef8fdd08e8af,Adelaide Gaol SA 1964 release patch,SA,Mount Gambier,Mount Gambier,Research lead overlay,overlay_not_public_map
maplead_7aeba0f8094fca67ca43329d,release_lead_overlay_items,rellead_b77ed8dc088cc44dde7369a6,Adelaide Gaol SA 1964 release patch,SA,Mount Gambier,Mount Gambier,Research lead overlay,overlay_not_public_map
maplead_f9f5a32dc069455fe1672c06,release_lead_overlay_items,rellead_756abc1c1ab1032cc925f55e,History Trust of South Australia SA 1964 release patch,SA,Adelaide,Adelaide,Research lead overlay,overlay_not_public_map
maplead_a0c2db45c1687c25c6d62fce,release_lead_overlay_items,rellead_4642254a3c5deccc6fe64b67,History Trust of South Australia SA 1964 release patch,SA,Kapunda,Kapunda,Research lead overlay,overlay_not_public_map
maplead_6341d88d6bafecd59ed765ac,release_lead_overlay_items,rellead_78ac39c9ba72a868d786dd0f,South Australian Museum SA 1964 release patch,SA,Burra,Burra,Research lead overlay,overlay_not_public_map
maplead_890cc792517ff0411153fd25,release_lead_overlay_items,rellead_d61cf92ce4410673241502c8,State Records of South Australia SA 1964 release patch,SA,Mount Gambier,Mount Gambier,Research lead overlay,overlay_not_public_map
maplead_e8a2ce0cde2c1ea7e11800b3,release_lead_overlay_items,rellead_b2ac0003ff520eef988b7fd3,State Records of South Australia ArchivesSearch SA 1964 release patch,SA,Mount Gambier,Mount Gambier,Research lead overlay,overlay_not_public_map
maplead_81d70419af1ff5e0ad76cc58,release_lead_overlay_items,rellead_51f528e6cbac3191fab0e328,State Library of South Australia Catalogue SA 1964 release patch,SA,Burra,Burra,Research lead overlay,overlay_not_public_map
maplead_6f5f15cd7a760695a86a411e,release_lead_overlay_items,rellead_347855afcb10f77f8716f0e8,State Library of South Australia Catalogue SA 1964 release patch,SA,Burra,Burra,Research lead overlay,overlay_not_public_map
maplead_c9aa7453531d98fa527cc1cf,release_lead_overlay_items,rellead_18b635c7238c06cc648fa49b,State Library of South Australia Digital Collections SA 1964 release patch,SA,Burra,Burra,Research lead overlay,overlay_not_public_map
maplead_27ee046440419648fb1e082c,release_lead_overlay_items,rellead_531029c551de80e4bb01d98d,State Library of South Australia Digital Collections SA 1964 release patch,SA,Burra,Burra,Research lead overlay,overlay_not_public_map
maplead_48aa3467766cb8a1be663caa,release_lead_overlay_items,rellead_884d19805484e789c27038a3,City of Adelaide Archives SA 1965 release patch,SA,Mount Gambier,Mount Gambier,Research lead overlay,overlay_not_public_map
maplead_7ea953bdaf434aaded5b3396,release_lead_overlay_items,rellead_2d4b61acf86d49cd2584914b,City of Adelaide Archives SA 1965 release patch,SA,Mount Gambier,Mount Gambier,Research lead overlay,overlay_not_public_map
maplead_5bf96536cfb0379c920fca63,release_lead_overlay_items,rellead_88904fffd6e4d518e433af2c,Mount Gambier Local History SA 1965 release patch,SA,Adelaide,Adelaide,Research lead overlay,overlay_not_public_map
maplead_7b1db1da9b6d89b64788f299,release_lead_overlay_items,rellead_5d1441ec0f8ed542592459d7,Port Adelaide Local History SA 1965 release patch,SA,Adelaide,Adelaide,Research lead overlay,overlay_not_public_map
maplead_dfbcf7e906dc2e59bf55befc,release_lead_overlay_items,rellead_b5d997f82fdb15ae16a6dc63,Port Adelaide Local History SA 1965 release patch,SA,Adelaide,Adelaide,Research lead overlay,overlay_not_public_map
maplead_deba0eb4891db72f1eb6c04b,release_lead_overlay_items,rellead_83cb44bbf4fb5932a390cbd2,Town of Gawler Council History SA 1965 release patch,SA,Kapunda,Kapunda,Research lead overlay,overlay_not_public_map
maplead_3ffcda3e2172d88f161f62b5,release_lead_overlay_items,rellead_f19d26272ed98c0f97ec6399,National Trust South Australia SA 1965 release patch,SA,Moonta,Moonta,Research lead overlay,overlay_not_public_map
maplead_514da11ba9cf38940a16bdd6,release_lead_overlay_items,rellead_969beee092fe92302403bfe7,National Trust of South Australia SA 1965 release patch,SA,Port Adelaide,Port Adelaide,Research lead overlay,overlay_not_public_map
maplead_0703db1c1bd0cffb95ffe79c,release_lead_overlay_items,rellead_10348a47ad4c10e5d17002e1,South Australian Heritage Places Database SA 1965 release patch,SA,Port Adelaide,Port Adelaide,Research lead overlay,overlay_not_public_map
maplead_333803d0f195512c2c5a6119,release_lead_overlay_items,rellead_2f4ec293788e6d64eabd8b4e,South Australian Heritage Places Database SA 1965 release patch,SA,Port Adelaide,Port Adelaide,Research lead overlay,overlay_not_public_map
maplead_0f41c066159a8e0d9eb73d0c,release_lead_overlay_items,rellead_cb0a0a399be339bbbcc6f44e,Gawler History SA 1965 release patch,SA,Adelaide,Adelaide,Research lead overlay,overlay_not_public_map
maplead_43ceb8574a7a7a12f26f6b2a,release_lead_overlay_items,rellead_d43c4a71d0c3466fdc8bf14e,Kapunda History SA 1965 release patch,SA,Adelaide,Adelaide,Research lead overlay,overlay_not_public_map
maplead_602ef84bf9dd05664f5e2af2,release_lead_overlay_items,rellead_527387858b8e44fe214742d8,South Australian History Network SA 1965 release patch,SA,Kapunda,Kapunda,Research lead overlay,overlay_not_public_map
maplead_5ec0a973b397c167fad13665,release_lead_overlay_items,rellead_69e10d88acdf519c3b16b1c9,Adelaide Gaol SA 1965 release patch,SA,Burra,Burra,Research lead overlay,overlay_not_public_map
maplead_857acf7793c54403f3760114,release_lead_overlay_items,rellead_43d1803ac4f645b99a97a60f,Adelaide Gaol SA 1965 release patch,SA,Burra,Burra,Research lead overlay,overlay_not_public_map
maplead_7d8dcf4868f7536ca9a101df,release_lead_overlay_items,rellead_02fc04df2b5705dc28ffa2b3,History Trust of South Australia SA 1965 release patch,SA,Moonta,Moonta,Research lead overlay,overlay_not_public_map
maplead_85a4754e9ed8544ecc796036,release_lead_overlay_items,rellead_aee03e38d6f9e33856651ea5,History Trust of South Australia SA 1965 release patch,SA,Moonta,Moonta,Research lead overlay,overlay_not_public_map
maplead_dcd333de56d3ade0dbad237a,release_lead_overlay_items,rellead_d9899012050554325d718811,South Australian Museum SA 1965 release patch,SA,Mount Gambier,Mount Gambier,Research lead overlay,overlay_not_public_map
maplead_90aea86a99728392da15c9dc,release_lead_overlay_items,rellead_89b368b4943cc81c8e1b410c,State Records of South Australia SA 1965 release patch,SA,Burra,Burra,Research lead overlay,overlay_not_public_map
maplead_a87d21ac44a0e22c4a4e015d,release_lead_overlay_items,rellead_9403fccabae5e900fbe33302,State Records of South Australia ArchivesSearch SA 1965 release patch,SA,Burra,Burra,Research lead overlay,overlay_not_public_map
maplead_6779cba71b7ff95d9a7b92f1,release_lead_overlay_items,rellead_77bb96e2e2108164a936a05c,State Library of South Australia Catalogue SA 1965 release patch,SA,Mount Gambier,Mount Gambier,Research lead overlay,overlay_not_public_map
maplead_2cd3787dc6b4c38ad591ba66,release_lead_overlay_items,rellead_77567c0007c72b8408d5a018,State Library of South Australia Catalogue SA 1965 release patch,SA,Mount Gambier,Mount Gambier,Research lead overlay,overlay_not_public_map
maplead_d199207deab9d9e607fc4e51,release_lead_overlay_items,rellead_b8108037e5ce39afb3b0d6d5,State Library of South Australia Digital Collections SA 1965 release patch,SA,Mount Gambier,Mount Gambier,Research lead overlay,overlay_not_public_map
maplead_ea231c592b75ccad664b0468,release_lead_overlay_items,rellead_63b6d17fb3fff4ef03fed1d4,State Library of South Australia Digital Collections SA 1965 release patch,SA,Mount Gambier,Mount Gambier,Research lead overlay,overlay_not_public_map
maplead_8c3b56fe9df6fb538fb51ebc,release_lead_overlay_items,rellead_c6b7bb18861aff7190abb88f,City of Adelaide Archives SA 1966 release patch,SA,Burra,Burra,Research lead overlay,overlay_not_public_map
maplead_942020e213fc21ef99646d5a,release_lead_overlay_items,rellead_069e85f6fe523262e4c8d5bc,City of Adelaide Archives SA 1966 release patch,SA,Burra,Burra,Research lead overlay,overlay_not_public_map
maplead_c83e7c0d55609d75a5fe0af0,release_lead_overlay_items,rellead_4900e7aa77eaaed1930dba4a,Mount Gambier Local History SA 1966 release patch,SA,Moonta,Moonta,Research lead overlay,overlay_not_public_map
maplead_4eb396423d58e46dd3b5c4d1,release_lead_overlay_items,rellead_821c53411d869d612ab2dd33,Port Adelaide Local History SA 1966 release patch,SA,Moonta,Moonta,Research lead overlay,overlay_not_public_map
maplead_60da2fa38cb3e5047c886853,release_lead_overlay_items,rellead_9b2286f8d2a0bd884501b0a8,Port Adelaide Local History SA 1966 release patch,SA,Moonta,Moonta,Research lead overlay,overlay_not_public_map
maplead_747f7d269c2a93dd64aacce5,release_lead_overlay_items,rellead_fcf73712c735c7fc19600a00,Town of Gawler Council History SA 1966 release patch,SA,Port Adelaide,Port Adelaide,Research lead overlay,overlay_not_public_map
maplead_40a4138d03c8babf59f7968a,release_lead_overlay_items,rellead_93d0e8f4253dda3fbbdba5f6,National Trust South Australia SA 1966 release patch,SA,Adelaide,Adelaide,Research lead overlay,overlay_not_public_map
maplead_fe2fbe9f3ff51031387bfa9e,release_lead_overlay_items,rellead_fb829d25839dbb401cfaabae,National Trust of South Australia SA 1966 release patch,SA,Adelaide,Adelaide,Research lead overlay,overlay_not_public_map
maplead_837072ab6d276359a86d4e74,release_lead_overlay_items,rellead_16ba1608b34effebc7a19489,South Australian Heritage Places Database SA 1966 release patch,SA,Kapunda,Kapunda,Research lead overlay,overlay_not_public_map
maplead_50e80a689e76c707233d3884,release_lead_overlay_items,rellead_084e6686d390881a7247df64,South Australian Heritage Places Database SA 1966 release patch,SA,Kapunda,Kapunda,Research lead overlay,overlay_not_public_map
maplead_2832122b5c619d69b1f4b567,release_lead_overlay_items,rellead_ab7c1222d38584c3f59d2896,Gawler History SA 1966 release patch,SA,Moonta,Moonta,Research lead overlay,overlay_not_public_map
maplead_0bb92a8fdc14f9e72e097714,release_lead_overlay_items,rellead_d3fe477999da436a5829f110,Kapunda History SA 1966 release patch,SA,Moonta,Moonta,Research lead overlay,overlay_not_public_map
maplead_67917b08fab3c4ea1a02bb03,release_lead_overlay_items,rellead_32e072a810a355eb57266b8d,South Australian History Network SA 1966 release patch,SA,Port Adelaide,Port Adelaide,Research lead overlay,overlay_not_public_map
maplead_170d1fcb47817de6401160cb,release_lead_overlay_items,rellead_4c769a530563bd64e2c69b29,Adelaide Gaol SA 1966 release patch,SA,Mount Gambier,Mount Gambier,Research lead overlay,overlay_not_public_map
maplead_47cbd70ef8c18d21edcf3883,release_lead_overlay_items,rellead_3d496c2daa9ed8df392d19a7,Adelaide Gaol SA 1966 release patch,SA,Mount Gambier,Mount Gambier,Research lead overlay,overlay_not_public_map
maplead_1c639524c3b051c7a759326d,release_lead_overlay_items,rellead_5a1ad311c9caf7a2bfba827a,History Trust of South Australia SA 1966 release patch,SA,Adelaide,Adelaide,Research lead overlay,overlay_not_public_map
maplead_9b8873fb4b384c1b8c3657e2,release_lead_overlay_items,rellead_9cd9fb07c9e5451020b67816,History Trust of South Australia SA 1966 release patch,SA,Adelaide,Adelaide,Research lead overlay,overlay_not_public_map
maplead_ffb0f8c550975ebd374900b0,release_lead_overlay_items,rellead_dd8c63de29396008cae7a880,South Australian Museum SA 1966 release patch,SA,Burra,Burra,Research lead overlay,overlay_not_public_map
maplead_1ec6a1b39e4eece9b88ef1a3,release_lead_overlay_items,rellead_7867d1996c90ac6e18994969,State Records of South Australia SA 1966 release patch,SA,Mount Gambier,Mount Gambier,Research lead overlay,overlay_not_public_map
maplead_6021bc22da89ae4b31571baa,release_lead_overlay_items,rellead_d515c0d7b7b8cd18ec9d598d,State Records of South Australia ArchivesSearch SA 1966 release patch,SA,Mount Gambier,Mount Gambier,Research lead overlay,overlay_not_public_map
maplead_f6e4da02a8b9879617abf25f,release_lead_overlay_items,rellead_c094950136a01399d97e8771,State Library of South Australia Catalogue SA 1966 release patch,SA,Burra,Burra,Research lead overlay,overlay_not_public_map
maplead_2aa24fff9558763b207fd1c3,release_lead_overlay_items,rellead_8174618e1aad391a3a54e990,State Library of South Australia Catalogue SA 1966 release patch,SA,Burra,Burra,Research lead overlay,overlay_not_public_map
maplead_025094204022a1bd03a2a1fb,release_lead_overlay_items,rellead_adfe74a1f0ce216741d9a19f,State Library of South Australia Digital Collections SA 1966 release patch,SA,Burra,Burra,Research lead overlay,overlay_not_public_map
maplead_1c90c862bb7ef9f61c20a8b1,release_lead_overlay_items,rellead_6616daff2f3267736073e656,State Library of South Australia Digital Collections SA 1966 release patch,SA,Burra,Burra,Research lead overlay,overlay_not_public_map
maplead_012493e9646a974192d52201,release_lead_overlay_items,rellead_ca97438b207e881131cffd47,City of Adelaide Archives SA 1967 release patch,SA,Port Adelaide,Port Adelaide,Research lead overlay,overlay_not_public_map
maplead_fb1126476c0e0fb1bf6320ec,release_lead_overlay_items,rellead_e31596e43bb57ee2f60deb6b,City of Adelaide Archives SA 1967 release patch,SA,Mount Gambier,Mount Gambier,Research lead overlay,overlay_not_public_map
maplead_0a7106d82594c614f09c81ee,release_lead_overlay_items,rellead_a910d5862be3ab0ddc91ee89,City of Adelaide Archives SA 1955 ghost expansion lead,SA,Adelaide,Adelaide,Research lead overlay,overlay_not_public_map
maplead_780f4cd923e9324365093390,release_lead_overlay_items,rellead_1e129a80d74e5dba110b82fc,City of Adelaide Archives SA 1955 ghost expansion lead,SA,Adelaide,Adelaide,Research lead overlay,overlay_not_public_map
maplead_44e2ffd9c2bc9897f2cfa46d,release_lead_overlay_items,rellead_aba8bcb2a418836426bc8e76,Mount Gambier Local History SA 1955 ghost expansion lead,SA,Burra,Burra,Research lead overlay,overlay_not_public_map
maplead_da91d5609d076c33ee1bd4e9,release_lead_overlay_items,rellead_cfdf468752071fb847b38e0c,Port Adelaide Local History SA 1955 ghost expansion lead,SA,Burra,Burra,Research lead overlay,overlay_not_public_map
maplead_a52ed6d9a9a69fda4bb3d748,release_lead_overlay_items,rellead_c793c160a968de0fba700825,Port Adelaide Local History SA 1955 ghost expansion lead,SA,Burra,Burra,Research lead overlay,overlay_not_public_map
maplead_975b11a20a0c7fe497bd0a14,release_lead_overlay_items,rellead_4effb8cb2798d898fa809155,Town of Gawler Council History SA 1955 ghost expansion lead,SA,Burra,Burra,Research lead overlay,overlay_not_public_map
maplead_41f5a80f191ca60cb9124ce9,release_lead_overlay_items,rellead_c0edc5e1d94e7daa7fd07d08,National Trust South Australia SA 1955 ghost expansion lead,SA,Port Adelaide,Port Adelaide,Research lead overlay,overlay_not_public_map
maplead_5127f3c4bb1b7238ee8b7469,release_lead_overlay_items,rellead_ba401d05b8dd081c05d28e86,National Trust of South Australia SA 1955 ghost expansion lead,SA,Mount Gambier,Mount Gambier,Research lead overlay,overlay_not_public_map
maplead_9cd8127894a6d60c87ba3847,release_lead_overlay_items,rellead_ec053b76910ae3dc6c00098d,South Australian Heritage Places Database SA 1955 ghost expansion lead,SA,Adelaide,Adelaide,Research lead overlay,overlay_not_public_map
maplead_fb30ec6998f1da0b11db7187,release_lead_overlay_items,rellead_37102931ca86a506f7526cff,South Australian Heritage Places Database SA 1955 ghost expansion lead,SA,Adelaide,Adelaide,Research lead overlay,overlay_not_public_map
maplead_22972cf6b68067aecec8347e,release_lead_overlay_items,rellead_10f3efe111bcbad06c8db19e,Gawler History SA 1955 ghost expansion lead,SA,Kapunda,Kapunda,Research lead overlay,overlay_not_public_map
maplead_b97f604f1d7f47ef2e7a247e,release_lead_overlay_items,rellead_9bb209a8599bbcef1520d23a,Kapunda History SA 1955 ghost expansion lead,SA,Burra,Burra,Research lead overlay,overlay_not_public_map
maplead_c52649a7768591ed6505c232,release_lead_overlay_items,rellead_9a1d6790919ce2bf5a84829b,South Australian History Network SA 1955 ghost expansion lead,SA,Moonta,Moonta,Research lead overlay,overlay_not_public_map
maplead_4b41fd51c90d2c28edfe18e6,release_lead_overlay_items,rellead_6c0f99b072af64852a6150b8,Adelaide Gaol SA 1955 ghost expansion lead,SA,Moonta,Moonta,Research lead overlay,overlay_not_public_map
maplead_fb959577f7b8c98c0f471af2,release_lead_overlay_items,rellead_bef42e8d4de3418cdf5da617,Adelaide Gaol SA 1955 ghost expansion lead,SA,Port Adelaide,Port Adelaide,Research lead overlay,overlay_not_public_map
maplead_6da9332c34842b1fcc5fa211,release_lead_overlay_items,rellead_5470210f21fd1c77cbfd73bc,History Trust of South Australia SA 1955 ghost expansion lead,SA,Mount Gambier,Mount Gambier,Research lead overlay,overlay_not_public_map
maplead_3b26bc867f3b88a5557d6b2d,release_lead_overlay_items,rellead_2fce437656c208e426a9110c,History Trust of South Australia SA 1955 ghost expansion lead,SA,Mount Gambier,Mount Gambier,Research lead overlay,overlay_not_public_map
maplead_af2a89cc4e5850956f6f618f,release_lead_overlay_items,rellead_a332dfd8bceefe1f6b66c976,South Australian Museum SA 1955 ghost expansion lead,SA,Adelaide,Adelaide,Research lead overlay,overlay_not_public_map
maplead_8f82ab59a55b6fe06e4b4f55,release_lead_overlay_items,rellead_8a71b6c50f2c83e00904377e,State Records of South Australia SA 1955 ghost expansion lead,SA,Moonta,Moonta,Research lead overlay,overlay_not_public_map
maplead_97ec47618d56f56a2a70da79,release_lead_overlay_items,rellead_8844c00e58655e5977d6f68c,State Records of South Australia ArchivesSearch SA 1955 ghost expansion lead,SA,Moonta,Moonta,Research lead overlay,overlay_not_public_map
maplead_0d15c72b2d481af68ef13a00,release_lead_overlay_items,rellead_7098c938891fc27646f789c9,State Library of South Australia Catalogue SA 1955 ghost expansion lead,SA,Adelaide,Adelaide,Research lead overlay,overlay_not_public_map
maplead_98572aca780c15340aa7044b,release_lead_overlay_items,rellead_d6124a3bd5c910db32edda7d,State Library of South Australia Catalogue SA 1955 ghost expansion lead,SA,Adelaide,Adelaide,Research lead overlay,overlay_not_public_map
maplead_c2fccbc78857a0fcf94f23a4,release_lead_overlay_items,rellead_4bc1a77ac9ed52b1413eb636,State Library of South Australia Digital Collections SA 1955 ghost expansion lead,SA,Adelaide,Adelaide,Research lead overlay,overlay_not_public_map
maplead_2526f4f22574b9fc77e0b335,release_lead_overlay_items,rellead_5f32aa479cd5a02da88458e0,State Library of South Australia Digital Collections SA 1955 ghost expansion lead,SA,Kapunda,Kapunda,Research lead overlay,overlay_not_public_map
maplead_cdde62dea49d4ba0a50f5b91,release_lead_overlay_items,rellead_a0f00b41f36a3375017cd84a,City of Adelaide Archives SA 1956 ghost expansion lead,SA,Moonta,Moonta,Research lead overlay,overlay_not_public_map
maplead_1f2a044cbfe11794a6e5f6c9,release_lead_overlay_items,rellead_5144a276726eb2208ed3693d,City of Adelaide Archives SA 1956 ghost expansion lead,SA,Moonta,Moonta,Research lead overlay,overlay_not_public_map
maplead_3b078f9461fc150309033ee8,release_lead_overlay_items,rellead_3e3f859681b757efa4a338d0,Mount Gambier Local History SA 1956 ghost expansion lead,SA,Port Adelaide,Port Adelaide,Research lead overlay,overlay_not_public_map
maplead_ae2ee879b0a6f190985f0c5e,release_lead_overlay_items,rellead_552f5043c540bcee435295b1,Port Adelaide Local History SA 1956 ghost expansion lead,SA,Mount Gambier,Mount Gambier,Research lead overlay,overlay_not_public_map
maplead_3eb96f937a4697d6136900b3,release_lead_overlay_items,rellead_e4ec39a3fc248277140a49d4,Port Adelaide Local History SA 1956 ghost expansion lead,SA,Mount Gambier,Mount Gambier,Research lead overlay,overlay_not_public_map
maplead_51061cf70eba1a5bda1c1786,release_lead_overlay_items,rellead_4d7c9322c78bec4cfb3a74c7,Town of Gawler Council History SA 1956 ghost expansion lead,SA,Mount Gambier,Mount Gambier,Research lead overlay,overlay_not_public_map
maplead_658ecb703fc3e91715ccb02c,release_lead_overlay_items,rellead_4fe9af0b18b3c9ab6d776197,National Trust South Australia SA 1956 ghost expansion lead,SA,Kapunda,Kapunda,Research lead overlay,overlay_not_public_map
maplead_431028fcd9e5272e8bd9e165,release_lead_overlay_items,rellead_73505636654e0e180fb70300,National Trust of South Australia SA 1956 ghost expansion lead,SA,Burra,Burra,Research lead overlay,overlay_not_public_map
maplead_4bd894013fdf18af8bb68192,release_lead_overlay_items,rellead_c3400acaa3b6c1f6bc9fc8d9,South Australian Heritage Places Database SA 1956 ghost expansion lead,SA,Burra,Burra,Research lead overlay,overlay_not_public_map
maplead_70ad491b30bf9f932e90102e,release_lead_overlay_items,rellead_fe7e0da0829f512247201f09,South Australian Heritage Places Database SA 1956 ghost expansion lead,SA,Moonta,Moonta,Research lead overlay,overlay_not_public_map
maplead_d76ec28c24b4d3a829a838c4,release_lead_overlay_items,rellead_a0e8dbb4b39ed1e7f2bd3c02,Gawler History SA 1956 ghost expansion lead,SA,Port Adelaide,Port Adelaide,Research lead overlay,overlay_not_public_map
maplead_74fdfde6a78e712136909d14,release_lead_overlay_items,rellead_4ecb31a87f832e898e05ddac,Kapunda History SA 1956 ghost expansion lead,SA,Mount Gambier,Mount Gambier,Research lead overlay,overlay_not_public_map
maplead_9d387bc127800b84185536b8,release_lead_overlay_items,rellead_aca0f719cdb001f339e1173a,South Australian History Network SA 1956 ghost expansion lead,SA,Adelaide,Adelaide,Research lead overlay,overlay_not_public_map
maplead_2888480f2cfd54017978550b,release_lead_overlay_items,rellead_3bacc7089eb413c6f8cd02ff,Adelaide Gaol SA 1956 ghost expansion lead,SA,Adelaide,Adelaide,Research lead overlay,overlay_not_public_map
maplead_c261f2b2fb1e0f34d3e9c762,release_lead_overlay_items,rellead_fc0c92af16a725be4b603191,Adelaide Gaol SA 1956 ghost expansion lead,SA,Adelaide,Adelaide,Research lead overlay,overlay_not_public_map
maplead_de38571326ffd899ab5bbe46,release_lead_overlay_items,rellead_0aeb9a19e5dd6e5c5891a8b6,History Trust of South Australia SA 1956 ghost expansion lead,SA,Burra,Burra,Research lead overlay,overlay_not_public_map
maplead_d678918a50d50660adc7d450,release_lead_overlay_items,rellead_d614b121b90c9069c77fb01a,History Trust of South Australia SA 1956 ghost expansion lead,SA,Burra,Burra,Research lead overlay,overlay_not_public_map
maplead_2651a41064575c1f0bc9ef9a,release_lead_overlay_items,rellead_405ca8627d0bae72bca3fb96,South Australian Museum SA 1956 ghost expansion lead,SA,Moonta,Moonta,Research lead overlay,overlay_not_public_map
maplead_7ca2c4164c63518feb96c0f2,release_lead_overlay_items,rellead_cfc8448a253fe82d0bc0afd8,State Records of South Australia SA 1956 ghost expansion lead,SA,Adelaide,Adelaide,Research lead overlay,overlay_not_public_map
maplead_55e4adad9107f497a08ae6e8,release_lead_overlay_items,rellead_43626b8d3fe0997c29ec7a45,State Records of South Australia ArchivesSearch SA 1956 ghost expansion lead,SA,Adelaide,Adelaide,Research lead overlay,overlay_not_public_map
maplead_842b36eac08f60feab46a98f,release_lead_overlay_items,rellead_683f5eb8264481917912aa8f,State Library of South Australia Catalogue SA 1956 ghost expansion lead,SA,Moonta,Moonta,Research lead overlay,overlay_not_public_map
maplead_530287755ecb504d40a914b9,release_lead_overlay_items,rellead_6550d5c6747814b02c715134,State Library of South Australia Catalogue SA 1956 ghost expansion lead,SA,Moonta,Moonta,Research lead overlay,overlay_not_public_map
maplead_8d31ff6467c082c174e60418,release_lead_overlay_items,rellead_9a8c80a458d02eafc0bac2d4,State Library of South Australia Digital Collections SA 1956 ghost expansion lead,SA,Moonta,Moonta,Research lead overlay,overlay_not_public_map
maplead_3586d64b8a8c09e256e22865,release_lead_overlay_items,rellead_f5f7b6368fefda8823717111,State Library of South Australia Digital Collections SA 1956 ghost expansion lead,SA,Moonta,Moonta,Research lead overlay,overlay_not_public_map
maplead_32083de9c22dfa533cbd0bd9,release_lead_overlay_items,rellead_49b4db824414e3c010ff9c23,City of Adelaide Archives SA 1957 ghost expansion lead,SA,Adelaide,Adelaide,Research lead overlay,overlay_not_public_map
maplead_4277284e17514c2177d5823d,release_lead_overlay_items,rellead_a9722e52dda6a510967cc1ae,City of Adelaide Archives SA 1957 ghost expansion lead,SA,Adelaide,Adelaide,Research lead overlay,overlay_not_public_map
maplead_8987971607fb58b44a6ab849,release_lead_overlay_items,rellead_ebcd1c12b4a2322e715686d3,Mount Gambier Local History SA 1957 ghost expansion lead,SA,Kapunda,Kapunda,Research lead overlay,overlay_not_public_map
maplead_1f8164e4281d9354b39d30e2,release_lead_overlay_items,rellead_44ac140e2a71ad22fe298c16,Port Adelaide Local History SA 1957 ghost expansion lead,SA,Kapunda,Kapunda,Research lead overlay,overlay_not_public_map
maplead_a3cb63ba92e505e7bfa2c45c,release_lead_overlay_items,rellead_bdd358b87781ff93d0c3a9fa,Port Adelaide Local History SA 1957 ghost expansion lead,SA,Burra,Burra,Research lead overlay,overlay_not_public_map
maplead_9f7e6654bf884b73a9079714,release_lead_overlay_items,rellead_8ae02e07779aeeb4fa3f9545,Town of Gawler Council History SA 1957 ghost expansion lead,SA,Burra,Burra,Research lead overlay,overlay_not_public_map
maplead_8fc9036b4323d667888e336b,release_lead_overlay_items,rellead_d6cbf1d78b142b5c6ac65278,National Trust South Australia SA 1957 ghost expansion lead,SA,Port Adelaide,Port Adelaide,Research lead overlay,overlay_not_public_map
maplead_0a8e058ecd429246c37def7c,release_lead_overlay_items,rellead_76d954280a39f0c38adcf9a3,National Trust of South Australia SA 1957 ghost expansion lead,SA,Mount Gambier,Mount Gambier,Research lead overlay,overlay_not_public_map
maplead_3a91a000385116b668361df1,release_lead_overlay_items,rellead_cf0c3b2dc6a0953185f9e12e,South Australian Heritage Places Database SA 1957 ghost expansion lead,SA,Mount Gambier,Mount Gambier,Research lead overlay,overlay_not_public_map
maplead_f5fc5b84686579fa4df4741b,release_lead_overlay_items,rellead_c63ba52ce99d52d44ce7f68b,South Australian Heritage Places Database SA 1957 ghost expansion lead,SA,Mount Gambier,Mount Gambier,Research lead overlay,overlay_not_public_map
maplead_ede12b5222706c64c39960fe,release_lead_overlay_items,rellead_0d675f11f03962b739d0ea15,Gawler History SA 1957 ghost expansion lead,SA,Kapunda,Kapunda,Research lead overlay,overlay_not_public_map
maplead_bf367a18d8d2d2c263cb48d2,release_lead_overlay_items,rellead_277523fc5029bb571c2e0156,Kapunda History SA 1957 ghost expansion lead,SA,Burra,Burra,Research lead overlay,overlay_not_public_map
maplead_24c7d51b890f0a591b735a50,release_lead_overlay_items,rellead_e80a7ae11c71f15adda96fcd,South Australian History Network SA 1957 ghost expansion lead,SA,Moonta,Moonta,Research lead overlay,overlay_not_public_map
maplead_36fb2b72ed948e22684e1200,release_lead_overlay_items,rellead_44043910d00a9b74fc7454c8,Adelaide Gaol SA 1957 ghost expansion lead,SA,Moonta,Moonta,Research lead overlay,overlay_not_public_map
maplead_16c2a0b3bb28d12d4b43b828,release_lead_overlay_items,rellead_d3c5571beb9a76c8f9c39ac2,Adelaide Gaol SA 1957 ghost expansion lead,SA,Moonta,Moonta,Research lead overlay,overlay_not_public_map
maplead_a72aabe01e82b3a4f178b32e,release_lead_overlay_items,rellead_73384ef8f0f1e26731a2072d,History Trust of South Australia SA 1957 ghost expansion lead,SA,Port Adelaide,Port Adelaide,Research lead overlay,overlay_not_public_map
maplead_3ef4b0fe1b9b7e1ed37f868e,release_lead_overlay_items,rellead_79ab74e00558cef4386edbb9,History Trust of South Australia SA 1957 ghost expansion lead,SA,Mount Gambier,Mount Gambier,Research lead overlay,overlay_not_public_map
maplead_fd5cab4148a5201770d84d89,release_lead_overlay_items,rellead_20e1fa185a5d1c49d24373aa,South Australian Museum SA 1957 ghost expansion lead,SA,Adelaide,Adelaide,Research lead overlay,overlay_not_public_map
maplead_adae32fb0705b9715547d6e1,release_lead_overlay_items,rellead_887f079e05182dff65dc78c7,State Records of South Australia SA 1957 ghost expansion lead,SA,Moonta,Moonta,Research lead overlay,overlay_not_public_map
maplead_bee56b3925cae102719edebb,release_lead_overlay_items,rellead_e9cba52255e4bc95ea51ffc8,State Records of South Australia ArchivesSearch SA 1957 ghost expansion lead,SA,Moonta,Moonta,Research lead overlay,overlay_not_public_map
maplead_2672264859c05fd6e78ac448,release_lead_overlay_items,rellead_b27d4881a49788920aa2d459,State Library of South Australia Catalogue SA 1957 ghost expansion lead,SA,Adelaide,Adelaide,Research lead overlay,overlay_not_public_map
maplead_63d3576986edfda832a6b705,release_lead_overlay_items,rellead_7aceaebc91378c2db16062e2,State Library of South Australia Catalogue SA 1957 ghost expansion lead,SA,Adelaide,Adelaide,Research lead overlay,overlay_not_public_map
maplead_e5f327a75c20f5f35f4fd4b1,release_lead_overlay_items,rellead_1cb5cc8b409579639fd7d9bf,State Library of South Australia Digital Collections SA 1957 ghost expansion lead,SA,Adelaide,Adelaide,Research lead overlay,overlay_not_public_map
maplead_4f77fae6952e81dd1255d436,release_lead_overlay_items,rellead_bb74ad338b430421a1d51d36,State Library of South Australia Digital Collections SA 1957 ghost expansion lead,SA,Adelaide,Adelaide,Research lead overlay,overlay_not_public_map
maplead_f0431dce63a12a45f06113be,release_lead_overlay_items,rellead_2a6aa70f4fcb89e5f2c263d1,City of Adelaide Archives SA 1958 ghost expansion lead,SA,Moonta,Moonta,Research lead overlay,overlay_not_public_map
maplead_371dd6947f90b652a140b4f5,release_lead_overlay_items,rellead_b92ecabd4d8efd8231b9023f,City of Adelaide Archives SA 1958 ghost expansion lead,SA,Moonta,Moonta,Research lead overlay,overlay_not_public_map
maplead_5e4f7cb1c10099b0ef45b608,release_lead_overlay_items,rellead_c45808ada3af637a01fde539,Mount Gambier Local History SA 1958 ghost expansion lead,SA,Port Adelaide,Port Adelaide,Research lead overlay,overlay_not_public_map
maplead_2313ee58707e6b65b52acb18,release_lead_overlay_items,rellead_f2b253e2b881448f95d58e0b,Port Adelaide Local History SA 1958 ghost expansion lead,SA,Port Adelaide,Port Adelaide,Research lead overlay,overlay_not_public_map
maplead_9b0a7acda07f7690aa0781ca,release_lead_overlay_items,rellead_930ae78933c9b131cd73f107,Port Adelaide Local History SA 1958 ghost expansion lead,SA,Port Adelaide,Port Adelaide,Research lead overlay,overlay_not_public_map
maplead_72af1c5220441c70f31fcfc9,release_lead_overlay_items,rellead_96c8a6b17d4aff0a817f4821,Town of Gawler Council History SA 1958 ghost expansion lead,SA,Mount Gambier,Mount Gambier,Research lead overlay,overlay_not_public_map
maplead_7ac33b6fdc374c8bfdd0b4aa,release_lead_overlay_items,rellead_7809eeeb1e5bd6b0f6c00119,National Trust South Australia SA 1958 ghost expansion lead,SA,Kapunda,Kapunda,Research lead overlay,overlay_not_public_map
maplead_6203101030e2f3e114789696,release_lead_overlay_items,rellead_85210848effcd11db564c1d2,National Trust of South Australia SA 1958 ghost expansion lead,SA,Burra,Burra,Research lead overlay,overlay_not_public_map
maplead_e2b11b394fecb7320c8a880a,release_lead_overlay_items,rellead_3e4aa1772c2e2b87a81c8b46,South Australian Heritage Places Database SA 1958 ghost expansion lead,SA,Burra,Burra,Research lead overlay,overlay_not_public_map
maplead_ea8db1ec69267c164847bcaf,release_lead_overlay_items,rellead_729fb5ad6d313e55af87b134,South Australian Heritage Places Database SA 1958 ghost expansion lead,SA,Burra,Burra,Research lead overlay,overlay_not_public_map
maplead_576e4590bb4ecfd51ac34ac0,release_lead_overlay_items,rellead_22c83bebe2fd4860b7fca0f7,Gawler History SA 1958 ghost expansion lead,SA,Port Adelaide,Port Adelaide,Research lead overlay,overlay_not_public_map
maplead_28efc7ac385f89f394ac3525,release_lead_overlay_items,rellead_e06c0ce05b1d5321bb2f9e80,Kapunda History SA 1958 ghost expansion lead,SA,Port Adelaide,Port Adelaide,Research lead overlay,overlay_not_public_map
maplead_bf4355721e0e46959710491a,release_lead_overlay_items,rellead_bf104f6dcc043177235928ff,South Australian History Network SA 1958 ghost expansion lead,SA,Mount Gambier,Mount Gambier,Research lead overlay,overlay_not_public_map
maplead_93f755d57cd1be7f6d081b96,release_lead_overlay_items,rellead_94ba852a70278ee605aeebd6,Adelaide Gaol SA 1958 ghost expansion lead,SA,Adelaide,Adelaide,Research lead overlay,overlay_not_public_map
maplead_0db37bce8f800721e9c1df74,release_lead_overlay_items,rellead_8f9de501277054f4f9d711e1,Adelaide Gaol SA 1958 ghost expansion lead,SA,Adelaide,Adelaide,Research lead overlay,overlay_not_public_map
maplead_e9d5b6f6553a468fe1c84c79,release_lead_overlay_items,rellead_fcaca593598a4268d3438afd,History Trust of South Australia SA 1958 ghost expansion lead,SA,Kapunda,Kapunda,Research lead overlay,overlay_not_public_map
maplead_9b431f1665f65753b5f214e3,release_lead_overlay_items,rellead_2978281cd4a59b1b3295601e,History Trust of South Australia SA 1958 ghost expansion lead,SA,Kapunda,Kapunda,Research lead overlay,overlay_not_public_map
maplead_2a0456c06374191415c5aba2,release_lead_overlay_items,rellead_c629b1a3b36dc906b5ee999e,South Australian Museum SA 1958 ghost expansion lead,SA,Moonta,Moonta,Research lead overlay,overlay_not_public_map
maplead_85e81c5615f1dbce2e4b108b,release_lead_overlay_items,rellead_c23308a87e1b41c6c4b3689b,State Records of South Australia SA 1958 ghost expansion lead,SA,Adelaide,Adelaide,Research lead overlay,overlay_not_public_map
maplead_2b51c73a9f8f510af8800407,release_lead_overlay_items,rellead_381f35348d02f19644559e63,State Records of South Australia ArchivesSearch SA 1958 ghost expansion lead,SA,Adelaide,Adelaide,Research lead overlay,overlay_not_public_map
maplead_1c15901f37b31ba365ce4ad5,release_lead_overlay_items,rellead_ab0522170a7cfe1eef581ff3,State Library of South Australia Catalogue SA 1958 ghost expansion lead,SA,Moonta,Moonta,Research lead overlay,overlay_not_public_map
maplead_0a1506732f8ece5650e05912,release_lead_overlay_items,rellead_febb7112eff89523d642be60,State Library of South Australia Catalogue SA 1958 ghost expansion lead,SA,Moonta,Moonta,Research lead overlay,overlay_not_public_map
maplead_1df672fb3c7cec8d9bbde571,release_lead_overlay_items,rellead_7462de89adfa54de11656cde,State Library of South Australia Digital Collections SA 1958 ghost expansion lead,SA,Moonta,Moonta,Research lead overlay,overlay_not_public_map
maplead_60a88af8375f05bb6a303a87,release_lead_overlay_items,rellead_2b8cde11c2d01df36b1a5c57,State Library of South Australia Digital Collections SA 1958 ghost expansion lead,SA,Moonta,Moonta,Research lead overlay,overlay_not_public_map
maplead_80ed3cb6b45e8faef9ed6565,release_lead_overlay_items,rellead_9fb25fed4c3f4233fc71aea0,City of Adelaide Archives SA 1959 ghost expansion lead,SA,Adelaide,Adelaide,Research lead overlay,overlay_not_public_map
maplead_cfe007aab5f75ec740888bf4,release_lead_overlay_items,rellead_f8956af384485e60eb637e7d,City of Adelaide Archives SA 1959 ghost expansion lead,SA,Adelaide,Adelaide,Research lead overlay,overlay_not_public_map
maplead_cfb0cd060da05bd42488556d,release_lead_overlay_items,rellead_3bbf0c19e76fb6ac286bac8f,Mount Gambier Local History SA 1959 ghost expansion lead,SA,Kapunda,Kapunda,Research lead overlay,overlay_not_public_map
maplead_0ee4fb7dff8723ff300dd3e0,release_lead_overlay_items,rellead_96a6f5f0f5091a03014b5c01,Port Adelaide Local History SA 1959 ghost expansion lead,SA,Kapunda,Kapunda,Research lead overlay,overlay_not_public_map
maplead_9081734e1e3e9493403a1048,release_lead_overlay_items,rellead_b7f8694d14e0f7a2831a9f0c,Port Adelaide Local History SA 1959 ghost expansion lead,SA,Kapunda,Kapunda,Research lead overlay,overlay_not_public_map
maplead_84235ee12c27ac83f26c1f86,release_lead_overlay_items,rellead_59bcfabc9adf0f66daa4e54f,Town of Gawler Council History SA 1959 ghost expansion lead,SA,Burra,Burra,Research lead overlay,overlay_not_public_map
maplead_74c0f3b552c8c4073f05d4ad,release_lead_overlay_items,rellead_2b4ffad8abbccb7e1a28e53c,National Trust South Australia SA 1959 ghost expansion lead,SA,Port Adelaide,Port Adelaide,Research lead overlay,overlay_not_public_map
maplead_8a886647ba70c1af5c4f429f,release_lead_overlay_items,rellead_4b9d1d1349f41c6de08bd342,National Trust of South Australia SA 1959 ghost expansion lead,SA,Port Adelaide,Port Adelaide,Research lead overlay,overlay_not_public_map
maplead_8b83fcb1e5f6ff58430d760f,release_lead_overlay_items,rellead_dc8f2897668f58a22b51a41b,South Australian Heritage Places Database SA 1959 ghost expansion lead,SA,Mount Gambier,Mount Gambier,Research lead overlay,overlay_not_public_map
maplead_33a422a2b70e9ea50d5121cb,release_lead_overlay_items,rellead_88c373a51953fee088bf1eea,South Australian Heritage Places Database SA 1959 ghost expansion lead,SA,Mount Gambier,Mount Gambier,Research lead overlay,overlay_not_public_map
maplead_3948927e3aea69743b1ca753,release_lead_overlay_items,rellead_94c9b8a72ba28a182a53e53f,Gawler History SA 1959 ghost expansion lead,SA,Kapunda,Kapunda,Research lead overlay,overlay_not_public_map
maplead_4b672af8ec908f9287a9571a,release_lead_overlay_items,rellead_3184f6fcafb89c91274134fe,Kapunda History SA 1959 ghost expansion lead,SA,Kapunda,Kapunda,Research lead overlay,overlay_not_public_map
maplead_74c505ee7a886db6854e7bf2,release_lead_overlay_items,rellead_fc0431e03f37eb8f106f4487,South Australian History Network SA 1959 ghost expansion lead,SA,Burra,Burra,Research lead overlay,overlay_not_public_map
maplead_d4bfcdb87ec576a38d854d78,release_lead_overlay_items,rellead_efc23ebcbee79d2fd9f362e3,Adelaide Gaol SA 1959 ghost expansion lead,SA,Moonta,Moonta,Research lead overlay,overlay_not_public_map
maplead_f1b68ddc5cff5748214e0fcb,release_lead_overlay_items,rellead_3cc4f45ef7b31ddc26f65e94,Adelaide Gaol SA 1959 ghost expansion lead,SA,Moonta,Moonta,Research lead overlay,overlay_not_public_map
maplead_13a90b6c604317669fecc68a,release_lead_overlay_items,rellead_55cd87fbc86caf929c4e3bf6,History Trust of South Australia SA 1959 ghost expansion lead,SA,Port Adelaide,Port Adelaide,Research lead overlay,overlay_not_public_map
maplead_a1cead12a0d3e36615bae5a5,release_lead_overlay_items,rellead_9582c20bdf4358c8ece29fa2,History Trust of South Australia SA 1959 ghost expansion lead,SA,Port Adelaide,Port Adelaide,Research lead overlay,overlay_not_public_map
maplead_c4e0a0d660e8e86344759cb8,release_lead_overlay_items,rellead_1ddcb099a28f610baeb3d5ad,South Australian Museum SA 1959 ghost expansion lead,SA,Adelaide,Adelaide,Research lead overlay,overlay_not_public_map
maplead_ff56b2a595447c1e7bcf80c4,release_lead_overlay_items,rellead_99a0637999219bdb59a3222a,State Records of South Australia SA 1959 ghost expansion lead,SA,Moonta,Moonta,Research lead overlay,overlay_not_public_map
maplead_37b94e53870c4843ef9e79c6,release_lead_overlay_items,rellead_0542094c3bee60ff99333904,State Records of South Australia ArchivesSearch SA 1959 ghost expansion lead,SA,Moonta,Moonta,Research lead overlay,overlay_not_public_map
maplead_400f8e59e75b77d521ce79b7,release_lead_overlay_items,rellead_576321143a3f2edd779a7b12,State Library of South Australia Catalogue SA 1959 ghost expansion lead,SA,Adelaide,Adelaide,Research lead overlay,overlay_not_public_map
maplead_7cd7361972b75e00352ad63e,release_lead_overlay_items,rellead_fdab91492ff84b1476d38ffa,State Library of South Australia Catalogue SA 1959 ghost expansion lead,SA,Adelaide,Adelaide,Research lead overlay,overlay_not_public_map
maplead_9042efa4cb17d6529a0d9b6e,release_lead_overlay_items,rellead_b611815a9aca44cee9b5af91,State Library of South Australia Digital Collections SA 1959 ghost expansion lead,SA,Adelaide,Adelaide,Research lead overlay,overlay_not_public_map
maplead_1b322ded4c918177450a25f1,release_lead_overlay_items,rellead_5c5259cd5b7bf41f22883122,State Library of South Australia Digital Collections SA 1959 ghost expansion lead,SA,Adelaide,Adelaide,Research lead overlay,overlay_not_public_map
maplead_94280d70741c46f2b65dce8d,release_lead_overlay_items,rellead_9b6243265b91883d0330685a,City of Adelaide Archives SA 1960 ghost expansion lead,SA,Burra,Burra,Research lead overlay,overlay_not_public_map
maplead_d338057de6b2c71a7dc944f2,release_lead_overlay_items,rellead_7440ae9ca7b7ed702581c946,City of Adelaide Archives SA 1960 ghost expansion lead,SA,Moonta,Moonta,Research lead overlay,overlay_not_public_map
maplead_b24efcd45e2accbf9257b6fa,release_lead_overlay_items,rellead_d6f1fd56195c07ed0ea48311,Mount Gambier Local History SA 1960 ghost expansion lead,SA,Port Adelaide,Port Adelaide,Research lead overlay,overlay_not_public_map
maplead_66265ea1dfbe14f1deadc405,release_lead_overlay_items,rellead_b007051fca6dfd29b72d287e,Port Adelaide Local History SA 1960 ghost expansion lead,SA,Port Adelaide,Port Adelaide,Research lead overlay,overlay_not_public_map
maplead_0f20d517b30dc3f42493ad77,release_lead_overlay_items,rellead_5d6e9ecbddd12539eb395886,Port Adelaide Local History SA 1960 ghost expansion lead,SA,Port Adelaide,Port Adelaide,Research lead overlay,overlay_not_public_map
maplead_43c95b4a80336600962c7948,release_lead_overlay_items,rellead_30cb2f9363db76426e1a1ae7,Town of Gawler Council History SA 1960 ghost expansion lead,SA,Port Adelaide,Port Adelaide,Research lead overlay,overlay_not_public_map
maplead_4230089ad663272060f7da8d,release_lead_overlay_items,rellead_7685c21b8818b950a7632a48,National Trust South Australia SA 1960 ghost expansion lead,SA,Kapunda,Kapunda,Research lead overlay,overlay_not_public_map
maplead_90f577da99e828a5eae1a918,release_lead_overlay_items,rellead_79b51f5516ee0ce0a0535a48,National Trust of South Australia SA 1960 ghost expansion lead,SA,Kapunda,Kapunda,Research lead overlay,overlay_not_public_map
maplead_4309b5d1c381754752365cd9,release_lead_overlay_items,rellead_60159962ba2ce5c68593e7a6,South Australian Heritage Places Database SA 1960 ghost expansion lead,SA,Burra,Burra,Research lead overlay,overlay_not_public_map
maplead_71bb41f7c150976f493e5374,release_lead_overlay_items,rellead_0ff0c0d1af86221e35481e6a,South Australian Heritage Places Database SA 1960 ghost expansion lead,SA,Burra,Burra,Research lead overlay,overlay_not_public_map
maplead_025ba89c48f9a5e075140c87,release_lead_overlay_items,rellead_19e11bcd7d8adc7bfb8b5f17,Gawler History SA 1960 ghost expansion lead,SA,Port Adelaide,Port Adelaide,Research lead overlay,overlay_not_public_map
maplead_0175b0c50358fee7b890085c,release_lead_overlay_items,rellead_f98452eca28009e5ec272b14,Kapunda History SA 1960 ghost expansion lead,SA,Port Adelaide,Port Adelaide,Research lead overlay,overlay_not_public_map
maplead_d7aa72ae2529c8c22fab6658,release_lead_overlay_items,rellead_d59264a982489fcf9f6c9901,South Australian History Network SA 1960 ghost expansion lead,SA,Mount Gambier,Mount Gambier,Research lead overlay,overlay_not_public_map
maplead_7287149540d1fe07274f841e,release_lead_overlay_items,rellead_122a5fa491ba5fcc1e63277e,Adelaide Gaol SA 1960 ghost expansion lead,SA,Adelaide,Adelaide,Research lead overlay,overlay_not_public_map
maplead_edb8fb1f9303db8dcd0b5fea,release_lead_overlay_items,rellead_ee15a02ba72e4ee91ba4b311,Adelaide Gaol SA 1960 ghost expansion lead,SA,Adelaide,Adelaide,Research lead overlay,overlay_not_public_map
maplead_16673b867600c571c5db6de8,release_lead_overlay_items,rellead_d0584df864776c8da5d136a0,History Trust of South Australia SA 1960 ghost expansion lead,SA,Kapunda,Kapunda,Research lead overlay,overlay_not_public_map
maplead_ba28eeb6a4f5a8c8f2dc7670,release_lead_overlay_items,rellead_abd565d95caaa95e4eb1e89b,History Trust of South Australia SA 1960 ghost expansion lead,SA,Kapunda,Kapunda,Research lead overlay,overlay_not_public_map
maplead_7a486be14085ab335d8a92b1,release_lead_overlay_items,rellead_e319d737b5a2ebc68eac4981,South Australian Museum SA 1960 ghost expansion lead,SA,Burra,Burra,Research lead overlay,overlay_not_public_map
maplead_930e886b6841a2c55f773643,release_lead_overlay_items,rellead_e01027220229afa863ae9304,State Records of South Australia SA 1960 ghost expansion lead,SA,Adelaide,Adelaide,Research lead overlay,overlay_not_public_map
maplead_dc24ec43f5f0c493caa62ba2,release_lead_overlay_items,rellead_317a19e981128aedea962039,State Records of South Australia ArchivesSearch SA 1960 ghost expansion lead,SA,Adelaide,Adelaide,Research lead overlay,overlay_not_public_map
maplead_ab257d4359524d0c38036e15,release_lead_overlay_items,rellead_a01515a472cd8eaff0d3113b,State Library of South Australia Catalogue SA 1960 ghost expansion lead,SA,Burra,Burra,Research lead overlay,overlay_not_public_map
maplead_55a345e74a066139501fc005,release_lead_overlay_items,rellead_4947d505632230daa1a325ca,State Library of South Australia Catalogue SA 1960 ghost expansion lead,SA,Moonta,Moonta,Research lead overlay,overlay_not_public_map
maplead_49e11ac0324f316c2b0a811b,release_lead_overlay_items,rellead_ba2d69bccbe11655fd80aae8,State Library of South Australia Digital Collections SA 1960 ghost expansion lead,SA,Moonta,Moonta,Research lead overlay,overlay_not_public_map
maplead_d1bd5a0027232de57d3e247a,release_lead_overlay_items,rellead_5506e7249fd3d4fd7039fde5,State Library of South Australia Digital Collections SA 1960 ghost expansion lead,SA,Moonta,Moonta,Research lead overlay,overlay_not_public_map
maplead_7019fb775addfe5e31e276c4,release_lead_overlay_items,rellead_351c77e3edcdf94704578a65,City of Adelaide Archives SA 1961 ghost expansion lead,SA,Mount Gambier,Mount Gambier,Research lead overlay,overlay_not_public_map
maplead_779afabc2252cba8861cf41e,release_lead_overlay_items,rellead_59d3df3c8815acc22bad80d3,City of Adelaide Archives SA 1961 ghost expansion lead,SA,Mount Gambier,Mount Gambier,Research lead overlay,overlay_not_public_map
maplead_e59d37172307ba3ed8954534,release_lead_overlay_items,rellead_409d040deebf1097f7210e3c,Mount Gambier Local History SA 1961 ghost expansion lead,SA,Kapunda,Kapunda,Research lead overlay,overlay_not_public_map
maplead_ae79e3dee295f5ff5c5a98bb,release_lead_overlay_items,rellead_52eb3e79dbf356d9bd9c8f1c,Port Adelaide Local History SA 1961 ghost expansion lead,SA,Kapunda,Kapunda,Research lead overlay,overlay_not_public_map
maplead_6cf7bef15f9cd618cc2c1045,release_lead_overlay_items,rellead_99e570f0ae933f5a4c701dc9,Port Adelaide Local History SA 1961 ghost expansion lead,SA,Kapunda,Kapunda,Research lead overlay,overlay_not_public_map
maplead_8d3660b5fa8453b0a4860fe5,release_lead_overlay_items,rellead_7a3f59bdbb8273c39e6b1e32,Town of Gawler Council History SA 1961 ghost expansion lead,SA,Kapunda,Kapunda,Research lead overlay,overlay_not_public_map
maplead_e752e8a267abe2231d8d3bde,release_lead_overlay_items,rellead_76aca790e6f3ea9d5f8544c8,National Trust South Australia SA 1961 ghost expansion lead,SA,Moonta,Moonta,Research lead overlay,overlay_not_public_map
maplead_e6f8c21449781474f31470d9,release_lead_overlay_items,rellead_ef629e8c1f9e63e2f4e0f843,National Trust of South Australia SA 1961 ghost expansion lead,SA,Port Adelaide,Port Adelaide,Research lead overlay,overlay_not_public_map
maplead_6fa7a4dc4033331e7db4bf9e,release_lead_overlay_items,rellead_c1ba5e10a58cdbc3448d7e9f,South Australian Heritage Places Database SA 1961 ghost expansion lead,SA,Mount Gambier,Mount Gambier,Research lead overlay,overlay_not_public_map
maplead_922964520442ac7bdad65c99,release_lead_overlay_items,rellead_b0cbc5abe2c224a948413a74,South Australian Heritage Places Database SA 1961 ghost expansion lead,SA,Mount Gambier,Mount Gambier,Research lead overlay,overlay_not_public_map
maplead_4a5244b8c808752ba9c46327,release_lead_overlay_items,rellead_0343cd43ce91c4b9c58c19c0,Gawler History SA 1961 ghost expansion lead,SA,Adelaide,Adelaide,Research lead overlay,overlay_not_public_map
maplead_28b9deb28650746d723e253b,release_lead_overlay_items,rellead_fe953bf5d5557e35bc592818,Kapunda History SA 1961 ghost expansion lead,SA,Kapunda,Kapunda,Research lead overlay,overlay_not_public_map
maplead_d8ea6c53e33689266910eb94,release_lead_overlay_items,rellead_ad60c619f1e70802a939c8d2,South Australian History Network SA 1961 ghost expansion lead,SA,Burra,Burra,Research lead overlay,overlay_not_public_map
maplead_23d1dc634f38494dfcaf4cf3,release_lead_overlay_items,rellead_042e7cf43dd179e350cf5d71,Adelaide Gaol SA 1961 ghost expansion lead,SA,Moonta,Moonta,Research lead overlay,overlay_not_public_map
maplead_4bb84b59fe6bdc457e873f87,release_lead_overlay_items,rellead_eda27dbec764d0e250d8f0a9,Adelaide Gaol SA 1961 ghost expansion lead,SA,Moonta,Moonta,Research lead overlay,overlay_not_public_map
maplead_fe82f59669f9f2029386fd92,release_lead_overlay_items,rellead_b6c02122e86b684c14abb141,History Trust of South Australia SA 1961 ghost expansion lead,SA,Port Adelaide,Port Adelaide,Research lead overlay,overlay_not_public_map
maplead_509da4843ce2d669000c8c34,release_lead_overlay_items,rellead_9310e8ab42235827c7ed6770,History Trust of South Australia SA 1961 ghost expansion lead,SA,Port Adelaide,Port Adelaide,Research lead overlay,overlay_not_public_map
maplead_db8acebc0768ca3742b04e88,release_lead_overlay_items,rellead_75eba12e24b4a5ec30743c7c,South Australian Museum SA 1961 ghost expansion lead,SA,Mount Gambier,Mount Gambier,Research lead overlay,overlay_not_public_map
maplead_8d2e8109338a934a22c25e57,release_lead_overlay_items,rellead_15876a0cd69626d1c98e5281,State Records of South Australia SA 1961 ghost expansion lead,SA,Burra,Burra,Research lead overlay,overlay_not_public_map
maplead_45eca15dbab6ac3fe99aa51b,release_lead_overlay_items,rellead_8ecd98b23df40b245cbe1a3a,State Records of South Australia ArchivesSearch SA 1961 ghost expansion lead,SA,Moonta,Moonta,Research lead overlay,overlay_not_public_map
maplead_de9327dde3ae6ce7f5efb09d,release_lead_overlay_items,rellead_77db007ee4f5188dee8065cb,State Library of South Australia Catalogue SA 1961 ghost expansion lead,SA,Mount Gambier,Mount Gambier,Research lead overlay,overlay_not_public_map
maplead_ff9aa2d558f9f3e05754d5f4,release_lead_overlay_items,rellead_0ca79160664c85831b087fbb,State Library of South Australia Catalogue SA 1961 ghost expansion lead,SA,Mount Gambier,Mount Gambier,Research lead overlay,overlay_not_public_map
maplead_f3a6e2f560bfa5003cb4c1dd,release_lead_overlay_items,rellead_aab9ace89bc903572668105b,State Library of South Australia Digital Collections SA 1961 ghost expansion lead,SA,Adelaide,Adelaide,Research lead overlay,overlay_not_public_map
maplead_31c2f306fd27c3fd844d676e,release_lead_overlay_items,rellead_6a41cf29c78a0c481a40ecda,State Library of South Australia Digital Collections SA 1961 ghost expansion lead,SA,Adelaide,Adelaide,Research lead overlay,overlay_not_public_map
maplead_465c7ceea51dd2a45befd7a8,release_lead_overlay_items,rellead_453569efa91827e9dc42d5e9,City of Adelaide Archives SA 1962 ghost expansion lead,SA,Burra,Burra,Research lead overlay,overlay_not_public_map
maplead_e9800822f49c0daea71336f5,release_lead_overlay_items,rellead_528230a9af0992fb120fbc77,City of Adelaide Archives SA 1962 ghost expansion lead,SA,Burra,Burra,Research lead overlay,overlay_not_public_map
maplead_14e70ce9063692ffd765645d,release_lead_overlay_items,rellead_0ea9b2f409f1253c73f5e219,Mount Gambier Local History SA 1962 ghost expansion lead,SA,Port Adelaide,Port Adelaide,Research lead overlay,overlay_not_public_map
maplead_4da4ec4a4146e6e4c0ea0133,release_lead_overlay_items,rellead_824818373fc515efa0e8e853,Port Adelaide Local History SA 1962 ghost expansion lead,SA,Port Adelaide,Port Adelaide,Research lead overlay,overlay_not_public_map
maplead_c426c3a0ec85d794da0fa16f,release_lead_overlay_items,rellead_ba3c4a2a2988060787361e08,Port Adelaide Local History SA 1962 ghost expansion lead,SA,Port Adelaide,Port Adelaide,Research lead overlay,overlay_not_public_map
maplead_2ae221b3a73bb5dc2607adf9,release_lead_overlay_items,rellead_cbebb776927da3818d331cef,Town of Gawler Council History SA 1962 ghost expansion lead,SA,Port Adelaide,Port Adelaide,Research lead overlay,overlay_not_public_map
maplead_6b9b11a86e0d69ea6c66dce2,release_lead_overlay_items,rellead_6396e6d52d98ee944e495cdb,National Trust South Australia SA 1962 ghost expansion lead,SA,Adelaide,Adelaide,Research lead overlay,overlay_not_public_map
maplead_5cd4dcc1052009b7e6ae6a33,release_lead_overlay_items,rellead_c3276ea5ece3da3f10a7134c,National Trust of South Australia SA 1962 ghost expansion lead,SA,Kapunda,Kapunda,Research lead overlay,overlay_not_public_map
maplead_2744e0a255043100419f1746,release_lead_overlay_items,rellead_769f409cb892a7f191ce38d9,South Australian Heritage Places Database SA 1962 ghost expansion lead,SA,Burra,Burra,Research lead overlay,overlay_not_public_map
maplead_3b688956afb4a2575e80c8a1,release_lead_overlay_items,rellead_58010c27ca20b10bef4eaab9,South Australian Heritage Places Database SA 1962 ghost expansion lead,SA,Burra,Burra,Research lead overlay,overlay_not_public_map
maplead_e7840e06f8cf0eb79af85bf8,release_lead_overlay_items,rellead_2f6fd08f7f52bfb7808df936,Gawler History SA 1962 ghost expansion lead,SA,Moonta,Moonta,Research lead overlay,overlay_not_public_map
maplead_4b2fee5d09e175a63531174b,release_lead_overlay_items,rellead_3e16c173ddd36d15a83149ac,Kapunda History SA 1962 ghost expansion lead,SA,Port Adelaide,Port Adelaide,Research lead overlay,overlay_not_public_map
maplead_bc4eb7764a3338af97a3fb1d,release_lead_overlay_items,rellead_a3be1e6418c77c9e2f208b18,South Australian History Network SA 1962 ghost expansion lead,SA,Mount Gambier,Mount Gambier,Research lead overlay,overlay_not_public_map
maplead_a1a54acfcae9cb7f6fb47910,release_lead_overlay_items,rellead_1dce9b93323a7bc507021f41,Adelaide Gaol SA 1962 ghost expansion lead,SA,Mount Gambier,Mount Gambier,Research lead overlay,overlay_not_public_map
maplead_d91f8c163074b6ca6c1a975a,release_lead_overlay_items,rellead_7cf28dbc3fa7a92180404e88,Adelaide Gaol SA 1962 ghost expansion lead,SA,Adelaide,Adelaide,Research lead overlay,overlay_not_public_map
maplead_6caa2baa2039f211135842b4,release_lead_overlay_items,rellead_091e01b6959438f802adcd9e,History Trust of South Australia SA 1962 ghost expansion lead,SA,Kapunda,Kapunda,Research lead overlay,overlay_not_public_map
maplead_e6dac224ba8f4a24f99191ee,release_lead_overlay_items,rellead_c5a4b721ca0e5841bdfb3a93,History Trust of South Australia SA 1962 ghost expansion lead,SA,Kapunda,Kapunda,Research lead overlay,overlay_not_public_map
maplead_0f471b2c9026a8eebfa41780,release_lead_overlay_items,rellead_e5088e103c6b800b8e21f562,South Australian Museum SA 1962 ghost expansion lead,SA,Burra,Burra,Research lead overlay,overlay_not_public_map
maplead_0e36d664b3b501bdb1d8719b,release_lead_overlay_items,rellead_e54ba11d28a136a3b7032f68,State Records of South Australia SA 1962 ghost expansion lead,SA,Mount Gambier,Mount Gambier,Research lead overlay,overlay_not_public_map
maplead_e208e1f03a28ce6e071b6a71,release_lead_overlay_items,rellead_5aa8a070699e8707986bb518,State Records of South Australia ArchivesSearch SA 1962 ghost expansion lead,SA,Mount Gambier,Mount Gambier,Research lead overlay,overlay_not_public_map
maplead_cf9451422adbfa2d39a63465,release_lead_overlay_items,rellead_2cd74eda39e1a78364b4b9ef,State Library of South Australia Catalogue SA 1962 ghost expansion lead,SA,Burra,Burra,Research lead overlay,overlay_not_public_map
maplead_5f136a629957d47dea9e977a,release_lead_overlay_items,rellead_f8752a3df2686147176b7464,State Library of South Australia Catalogue SA 1962 ghost expansion lead,SA,Burra,Burra,Research lead overlay,overlay_not_public_map
maplead_9da17dbe932f6144109db7cf,release_lead_overlay_items,rellead_06726385a95cc6d131bdf914,State Library of South Australia Digital Collections SA 1962 ghost expansion lead,SA,Burra,Burra,Research lead overlay,overlay_not_public_map
maplead_375729f81276a76a6d56fde9,release_lead_overlay_items,rellead_449cfb147b195fe59dba663a,State Library of South Australia Digital Collections SA 1962 ghost expansion lead,SA,Moonta,Moonta,Research lead overlay,overlay_not_public_map
maplead_5a934c65629ddf14062860a0,release_lead_overlay_items,rellead_ee79b089684c765316218065,City of Adelaide Archives SA 1963 ghost expansion lead,SA,Mount Gambier,Mount Gambier,Research lead overlay,overlay_not_public_map
maplead_a33678e375a37827c07d1e58,release_lead_overlay_items,rellead_6d1d49936b4fc725648debfe,City of Adelaide Archives SA 1963 ghost expansion lead,SA,Mount Gambier,Mount Gambier,Research lead overlay,overlay_not_public_map
maplead_889a6f56afca053a7c3da2f1,release_lead_overlay_items,rellead_436fa03effc3e6e0a805a81b,Mount Gambier Local History SA 1963 ghost expansion lead,SA,Adelaide,Adelaide,Research lead overlay,overlay_not_public_map
maplead_37bf75a81bcb778ce3a706f7,release_lead_overlay_items,rellead_f5b8f14c56924ad2b3292829,Port Adelaide Local History SA 1963 ghost expansion lead,SA,Kapunda,Kapunda,Research lead overlay,overlay_not_public_map
maplead_c3d0ee907abcf99fc930e5a8,release_lead_overlay_items,rellead_7e85cbcf684ee069d5c675d3,Port Adelaide Local History SA 1963 ghost expansion lead,SA,Kapunda,Kapunda,Research lead overlay,overlay_not_public_map
maplead_7ec4ca5e55e370ffa34681c3,release_lead_overlay_items,rellead_aea876af3015bf33ba2cb39e,Town of Gawler Council History SA 1963 ghost expansion lead,SA,Kapunda,Kapunda,Research lead overlay,overlay_not_public_map
maplead_403aeafbf4ae88eafe992ebb,release_lead_overlay_items,rellead_23fb8005b6f1a8d815d241c4,National Trust South Australia SA 1963 ghost expansion lead,SA,Moonta,Moonta,Research lead overlay,overlay_not_public_map
maplead_1d916a42fa0f3fa60cdfb39e,release_lead_overlay_items,rellead_4d8991eb27aef738c82a30fa,National Trust of South Australia SA 1963 ghost expansion lead,SA,Port Adelaide,Port Adelaide,Research lead overlay,overlay_not_public_map
maplead_d864050e99125591a5bdfa13,release_lead_overlay_items,rellead_b0fb3d3e684c643f1e299539,South Australian Heritage Places Database SA 1963 ghost expansion lead,SA,Port Adelaide,Port Adelaide,Research lead overlay,overlay_not_public_map
maplead_a1fd435175599676ec6953a0,release_lead_overlay_items,rellead_4e0fb1258828f2bc00b8263a,South Australian Heritage Places Database SA 1963 ghost expansion lead,SA,Mount Gambier,Mount Gambier,Research lead overlay,overlay_not_public_map
maplead_83fd3a099f85bb047e5df0d5,release_lead_overlay_items,rellead_f7260964efedc3fe26075973,Gawler History SA 1963 ghost expansion lead,SA,Adelaide,Adelaide,Research lead overlay,overlay_not_public_map
maplead_f737c1e6754dac4cdebaced2,release_lead_overlay_items,rellead_104061a7bda0d13886a57b5b,Kapunda History SA 1963 ghost expansion lead,SA,Kapunda,Kapunda,Research lead overlay,overlay_not_public_map
maplead_f806d2a759c5d299cec80056,release_lead_overlay_items,rellead_7528628317a5d164c8e97a0f,South Australian History Network SA 1963 ghost expansion lead,SA,Burra,Burra,Research lead overlay,overlay_not_public_map
maplead_1c07cdce4c16aa337b189ef4,release_lead_overlay_items,rellead_57e962e30d57b30e24b572d5,Adelaide Gaol SA 1963 ghost expansion lead,SA,Burra,Burra,Research lead overlay,overlay_not_public_map
maplead_8842520710805271b48f05ed,release_lead_overlay_items,rellead_d6bbc650e579dedf3f2daf93,Adelaide Gaol SA 1963 ghost expansion lead,SA,Burra,Burra,Research lead overlay,overlay_not_public_map
maplead_b75fbf755c6addc8cb6e473c,release_lead_overlay_items,rellead_4c0aaff71c6ce43c23a6be83,History Trust of South Australia SA 1963 ghost expansion lead,SA,Port Adelaide,Port Adelaide,Research lead overlay,overlay_not_public_map
maplead_aeb7f7834399754d30a6d523,release_lead_overlay_items,rellead_6975c14ebe1e7cae6652d999,History Trust of South Australia SA 1963 ghost expansion lead,SA,Port Adelaide,Port Adelaide,Research lead overlay,overlay_not_public_map
maplead_cd1ed77d23426ed2b45f1ce7,release_lead_overlay_items,rellead_64cf6fb5920a6afe150b3078,South Australian Museum SA 1963 ghost expansion lead,SA,Mount Gambier,Mount Gambier,Research lead overlay,overlay_not_public_map
maplead_963c6cdba6a5b6b440a05e2a,release_lead_overlay_items,rellead_d9bb0334f8aa2ec1987799fa,State Records of South Australia SA 1963 ghost expansion lead,SA,Burra,Burra,Research lead overlay,overlay_not_public_map
maplead_9cef36961d4af86b9c4acbea,release_lead_overlay_items,rellead_92a62126d1728bff58672716,State Records of South Australia ArchivesSearch SA 1963 ghost expansion lead,SA,Burra,Burra,Research lead overlay,overlay_not_public_map
maplead_6115b4fd4b4811ed4d3f6942,release_lead_overlay_items,rellead_cb9efaedc1255cbfb369e85a,State Library of South Australia Catalogue SA 1963 ghost expansion lead,SA,Mount Gambier,Mount Gambier,Research lead overlay,overlay_not_public_map
maplead_1891fd0268afff0561f0cdff,release_lead_overlay_items,rellead_b597d21d6ee826288cdcad29,State Library of South Australia Catalogue SA 1963 ghost expansion lead,SA,Mount Gambier,Mount Gambier,Research lead overlay,overlay_not_public_map
maplead_8c5b305369f176156a7458d6,release_lead_overlay_items,rellead_becb5edd6f2553024196448e,State Library of South Australia Digital Collections SA 1963 ghost expansion lead,SA,Mount Gambier,Mount Gambier,Research lead overlay,overlay_not_public_map
maplead_a6a7379c4bf8eb7ee863003e,release_lead_overlay_items,rellead_85e845d6b6ef0d19acaa86a0,State Library of South Australia Digital Collections SA 1963 ghost expansion lead,SA,Mount Gambier,Mount Gambier,Research lead overlay,overlay_not_public_map
maplead_0ff7e2ea8c0dc8e977f632b5,release_lead_overlay_items,rellead_22873b84a534a45e96a7725e,City of Adelaide Archives SA 1964 ghost expansion lead,SA,Burra,Burra,Research lead overlay,overlay_not_public_map
maplead_254648ed7b7e33ee66841b2f,release_lead_overlay_items,rellead_9f7de5e4fed9be4bf70b4bca,City of Adelaide Archives SA 1964 ghost expansion lead,SA,Burra,Burra,Research lead overlay,overlay_not_public_map
maplead_7bc46c6d1b0a39829afd7c4f,release_lead_overlay_items,rellead_4a5c18f887a8873e6e5b4c50,Mount Gambier Local History SA 1964 ghost expansion lead,SA,Moonta,Moonta,Research lead overlay,overlay_not_public_map
maplead_c307cd3182cd3cfa327abac1,release_lead_overlay_items,rellead_491d813a514bb3ed19a0c25a,Port Adelaide Local History SA 1964 ghost expansion lead,SA,Moonta,Moonta,Research lead overlay,overlay_not_public_map
maplead_ea0bf47a35e89b07f9d89393,release_lead_overlay_items,rellead_b6323de7f00413b4f373c09a,Port Adelaide Local History SA 1964 ghost expansion lead,SA,Port Adelaide,Port Adelaide,Research lead overlay,overlay_not_public_map
maplead_ccddb8d3f296a9943e882829,release_lead_overlay_items,rellead_feb33c395c03e06227a8ad65,Town of Gawler Council History SA 1964 ghost expansion lead,SA,Port Adelaide,Port Adelaide,Research lead overlay,overlay_not_public_map
maplead_e948b12887b3b9d6180cedcf,release_lead_overlay_items,rellead_4135fc30b015dd0fcd6cefb5,National Trust South Australia SA 1964 ghost expansion lead,SA,Adelaide,Adelaide,Research lead overlay,overlay_not_public_map
maplead_91a75e8cf7dd7312f23cc09b,release_lead_overlay_items,rellead_fb5d235c6250255750cd05e6,National Trust of South Australia SA 1964 ghost expansion lead,SA,Kapunda,Kapunda,Research lead overlay,overlay_not_public_map
maplead_40d397c77f5cf83173547ff2,release_lead_overlay_items,rellead_44879b3ab508ea8b857ccf84,South Australian Heritage Places Database SA 1964 ghost expansion lead,SA,Kapunda,Kapunda,Research lead overlay,overlay_not_public_map
maplead_45889274fbaeb39e8b07e286,release_lead_overlay_items,rellead_74a6b93ca3794d0ef9ffc9ee,South Australian Heritage Places Database SA 1964 ghost expansion lead,SA,Kapunda,Kapunda,Research lead overlay,overlay_not_public_map
maplead_2b71329714ce487d303bcaa0,release_lead_overlay_items,rellead_9bebbd2ab6904922e070d5c1,Gawler History SA 1964 ghost expansion lead,SA,Moonta,Moonta,Research lead overlay,overlay_not_public_map
maplead_a0099cfbaed170dbd5720e37,release_lead_overlay_items,rellead_9efc23f2916fb89e72ad6540,Kapunda History SA 1964 ghost expansion lead,SA,Port Adelaide,Port Adelaide,Research lead overlay,overlay_not_public_map
maplead_e279b3c4655b2d05da472654,release_lead_overlay_items,rellead_f1451b693fa007857ae046f4,South Australian History Network SA 1964 ghost expansion lead,SA,Mount Gambier,Mount Gambier,Research lead overlay,overlay_not_public_map
maplead_1d724f89ffd4e8bf158ffe61,release_lead_overlay_items,rellead_430b7d30df1fa21b132e5494,Adelaide Gaol SA 1964 ghost expansion lead,SA,Mount Gambier,Mount Gambier,Research lead overlay,overlay_not_public_map
maplead_1a315b1db73948be9b4afc5c,release_lead_overlay_items,rellead_15faa31af5799f0ac3c90479,Adelaide Gaol SA 1964 ghost expansion lead,SA,Mount Gambier,Mount Gambier,Research lead overlay,overlay_not_public_map
maplead_3fdb9d38b605a72320a9fb42,release_lead_overlay_items,rellead_7a3bb0a4c38ab6c494430413,History Trust of South Australia SA 1964 ghost expansion lead,SA,Adelaide,Adelaide,Research lead overlay,overlay_not_public_map
maplead_2bf1b7256aa847e7f96a6a53,release_lead_overlay_items,rellead_f6b2eeca79163d0f4db7dd63,History Trust of South Australia SA 1964 ghost expansion lead,SA,Kapunda,Kapunda,Research lead overlay,overlay_not_public_map
maplead_f51179719fb1b2cae1e9601c,release_lead_overlay_items,rellead_5366167c6137bd88a9b6366a,South Australian Museum SA 1964 ghost expansion lead,SA,Burra,Burra,Research lead overlay,overlay_not_public_map
maplead_e8640f775d86940cb8671914,release_lead_overlay_items,rellead_654dd820652a6d568eb986af,State Records of South Australia SA 1964 ghost expansion lead,SA,Mount Gambier,Mount Gambier,Research lead overlay,overlay_not_public_map
maplead_5a4fc293332659be80c023bf,release_lead_overlay_items,rellead_d4a8e6b5c2b29a472ef66def,State Records of South Australia ArchivesSearch SA 1964 ghost expansion lead,SA,Mount Gambier,Mount Gambier,Research lead overlay,overlay_not_public_map
maplead_dd38656ba5ffb02fb804d2e7,release_lead_overlay_items,rellead_985c279bd3da4aa210576377,State Library of South Australia Catalogue SA 1964 ghost expansion lead,SA,Burra,Burra,Research lead overlay,overlay_not_public_map
maplead_62132e392cf81a507757d608,release_lead_overlay_items,rellead_874edfbbd982080fc509e56a,State Library of South Australia Catalogue SA 1964 ghost expansion lead,SA,Burra,Burra,Research lead overlay,overlay_not_public_map
maplead_5c81c4b2b516cd7df8350bfa,release_lead_overlay_items,rellead_6367147441cb97935c98a3d4,State Library of South Australia Digital Collections SA 1964 ghost expansion lead,SA,Burra,Burra,Research lead overlay,overlay_not_public_map
maplead_3e2765e26beca0d87d62b3a2,release_lead_overlay_items,rellead_dc9c2e25a40e16a4a2dad59c,State Library of South Australia Digital Collections SA 1964 ghost expansion lead,SA,Burra,Burra,Research lead overlay,overlay_not_public_map
maplead_e192dec6b638d3f3458eee12,release_lead_overlay_items,rellead_353bea7514f26c74f5232c6c,City of Adelaide Archives SA 1965 ghost expansion lead,SA,Mount Gambier,Mount Gambier,Research lead overlay,overlay_not_public_map
maplead_6fba12c4a181d9779ec727f2,release_lead_overlay_items,rellead_e4d65522cdf5f13e432c0c21,City of Adelaide Archives SA 1965 ghost expansion lead,SA,Mount Gambier,Mount Gambier,Research lead overlay,overlay_not_public_map
maplead_bf0b85b75336a545b9ca3849,release_lead_overlay_items,rellead_ce7bf7c6fa94bd8f82fa86a7,Mount Gambier Local History SA 1965 ghost expansion lead,SA,Adelaide,Adelaide,Research lead overlay,overlay_not_public_map
maplead_41672e6a024593fe530b3ff2,release_lead_overlay_items,rellead_89126215f295111affb7e771,Port Adelaide Local History SA 1965 ghost expansion lead,SA,Adelaide,Adelaide,Research lead overlay,overlay_not_public_map
maplead_dd7f86adf767b1df4e1e4e82,release_lead_overlay_items,rellead_d0ce2c091f555dc8b878c9ad,Port Adelaide Local History SA 1965 ghost expansion lead,SA,Adelaide,Adelaide,Research lead overlay,overlay_not_public_map
maplead_18224482cfefff36736617c7,release_lead_overlay_items,rellead_b0db102662f5e1662fe7b42c,Town of Gawler Council History SA 1965 ghost expansion lead,SA,Kapunda,Kapunda,Research lead overlay,overlay_not_public_map
maplead_defea4dae56c4ff84d86925d,release_lead_overlay_items,rellead_8dfd34d95ecf12a13741e149,National Trust South Australia SA 1965 ghost expansion lead,SA,Moonta,Moonta,Research lead overlay,overlay_not_public_map
maplead_adcfa54d5231d4ba475b3f85,release_lead_overlay_items,rellead_77aaddae194e14692167102c,National Trust of South Australia SA 1965 ghost expansion lead,SA,Port Adelaide,Port Adelaide,Research lead overlay,overlay_not_public_map
maplead_8045eca57884c6c00c4a4be0,release_lead_overlay_items,rellead_5c68f7a3946a1534850af8fd,South Australian Heritage Places Database SA 1965 ghost expansion lead,SA,Port Adelaide,Port Adelaide,Research lead overlay,overlay_not_public_map
maplead_0e240a916f709b96de7a6d77,release_lead_overlay_items,rellead_aecae3f07505b1a52c8d7e5c,South Australian Heritage Places Database SA 1965 ghost expansion lead,SA,Port Adelaide,Port Adelaide,Research lead overlay,overlay_not_public_map
maplead_5f9241d1779fb559a7dc35b8,release_lead_overlay_items,rellead_d5a5487f4d0131629d8c8e3e,Gawler History SA 1965 ghost expansion lead,SA,Adelaide,Adelaide,Research lead overlay,overlay_not_public_map
maplead_bf4519a73f3696c580987e29,release_lead_overlay_items,rellead_e21a2d1a130c73518ba7d281,Kapunda History SA 1965 ghost expansion lead,SA,Adelaide,Adelaide,Research lead overlay,overlay_not_public_map
maplead_0698bd010f19358f0dd175ac,release_lead_overlay_items,rellead_d05c14ad739f73926e26cf79,South Australian History Network SA 1965 ghost expansion lead,SA,Kapunda,Kapunda,Research lead overlay,overlay_not_public_map
maplead_42415e5fa4e15345d2907a1b,release_lead_overlay_items,rellead_0df92658b445ef9a874d003e,Adelaide Gaol SA 1965 ghost expansion lead,SA,Burra,Burra,Research lead overlay,overlay_not_public_map
maplead_a717b10989dd4511b2ded8d8,release_lead_overlay_items,rellead_27800b51bf55a385d7f05d09,Adelaide Gaol SA 1965 ghost expansion lead,SA,Burra,Burra,Research lead overlay,overlay_not_public_map
maplead_b3a52349fa7254910148ff50,release_lead_overlay_items,rellead_0ec15591d0d55af407d6d855,History Trust of South Australia SA 1965 ghost expansion lead,SA,Moonta,Moonta,Research lead overlay,overlay_not_public_map
maplead_bbc063b399ac8cbff9f9bc3a,release_lead_overlay_items,rellead_c79a17c45f1d9caa9df64614,History Trust of South Australia SA 1965 ghost expansion lead,SA,Moonta,Moonta,Research lead overlay,overlay_not_public_map
maplead_e1cf8cb20819dc627c8c5fc8,release_lead_overlay_items,rellead_6e91180e453fcbe00627a54b,South Australian Museum SA 1965 ghost expansion lead,SA,Mount Gambier,Mount Gambier,Research lead overlay,overlay_not_public_map
maplead_d27492262b93605f6a901443,release_lead_overlay_items,rellead_89db26ee165a9facf48c4ec0,State Records of South Australia SA 1965 ghost expansion lead,SA,Burra,Burra,Research lead overlay,overlay_not_public_map
maplead_6ac579360ee9ddf868d9eba1,release_lead_overlay_items,rellead_36a55ac519d389fd3d002bb7,State Records of South Australia ArchivesSearch SA 1965 ghost expansion lead,SA,Burra,Burra,Research lead overlay,overlay_not_public_map
maplead_da5057b714e4e1c88195bcbc,release_lead_overlay_items,rellead_415df0c1c3071608d8f4264e,State Library of South Australia Catalogue SA 1965 ghost expansion lead,SA,Mount Gambier,Mount Gambier,Research lead overlay,overlay_not_public_map
maplead_e3cd250b2eae316160f9844a,release_lead_overlay_items,rellead_e8f0960574d77fc4c81e6f80,State Library of South Australia Catalogue SA 1965 ghost expansion lead,SA,Mount Gambier,Mount Gambier,Research lead overlay,overlay_not_public_map
maplead_156cae0ce0c6b6db870765aa,release_lead_overlay_items,rellead_8ae9a8ec6a440a60097ffae4,State Library of South Australia Digital Collections SA 1965 ghost expansion lead,SA,Mount Gambier,Mount Gambier,Research lead overlay,overlay_not_public_map
maplead_33a69ba61c31b1d3aaa325fe,release_lead_overlay_items,rellead_2934eb56c276821e336b4e1c,State Library of South Australia Digital Collections SA 1965 ghost expansion lead,SA,Mount Gambier,Mount Gambier,Research lead overlay,overlay_not_public_map
maplead_bed04a2a4457b2feb7d756cc,release_lead_overlay_items,rellead_c974dbaac57d8c55280bd498,City of Adelaide Archives SA 1966 ghost expansion lead,SA,Burra,Burra,Research lead overlay,overlay_not_public_map
maplead_d3744186b3e87adbd59f73f5,release_lead_overlay_items,rellead_ef555cb1ef85e3b7b9df79ff,City of Adelaide Archives SA 1966 ghost expansion lead,SA,Burra,Burra,Research lead overlay,overlay_not_public_map
maplead_13eea01e895a10c1b8dc4272,release_lead_overlay_items,rellead_0c186594387da6513f186bfa,Mount Gambier Local History SA 1966 ghost expansion lead,SA,Moonta,Moonta,Research lead overlay,overlay_not_public_map
maplead_1e16e602da3bf2a1ac2f2558,release_lead_overlay_items,rellead_533caa5211325f008fce09c0,Port Adelaide Local History SA 1966 ghost expansion lead,SA,Moonta,Moonta,Research lead overlay,overlay_not_public_map
maplead_7a3b2b3307ec876c1fb995e0,release_lead_overlay_items,rellead_04d71239a723f7776febf87e,Port Adelaide Local History SA 1966 ghost expansion lead,SA,Moonta,Moonta,Research lead overlay,overlay_not_public_map
maplead_55bb54e4d8e4f537b58c9fa4,release_lead_overlay_items,rellead_5ff203f875791f0a2057e30c,Town of Gawler Council History SA 1966 ghost expansion lead,SA,Port Adelaide,Port Adelaide,Research lead overlay,overlay_not_public_map
maplead_0ff35b1b5881bae777e51880,release_lead_overlay_items,rellead_9dba4e3a97701d1af4c646aa,National Trust South Australia SA 1966 ghost expansion lead,SA,Adelaide,Adelaide,Research lead overlay,overlay_not_public_map
maplead_a12263f25161890860f51e61,release_lead_overlay_items,rellead_29b02479c6cf79176023c712,National Trust of South Australia SA 1966 ghost expansion lead,SA,Adelaide,Adelaide,Research lead overlay,overlay_not_public_map
maplead_85931865e9ce5f45612c781b,release_lead_overlay_items,rellead_54e28b90b6f76f4b480811a0,South Australian Heritage Places Database SA 1966 ghost expansion lead,SA,Kapunda,Kapunda,Research lead overlay,overlay_not_public_map
maplead_53fd55a311d436f2104f1adc,release_lead_overlay_items,rellead_f941cd8bb8e1c4a1de9a0c16,South Australian Heritage Places Database SA 1966 ghost expansion lead,SA,Kapunda,Kapunda,Research lead overlay,overlay_not_public_map
maplead_727ea62e540b8674f11098ac,release_lead_overlay_items,rellead_809500f7c91a088ab7992f05,Gawler History SA 1966 ghost expansion lead,SA,Moonta,Moonta,Research lead overlay,overlay_not_public_map
maplead_4e4e61a265ff35acc7caffec,release_lead_overlay_items,rellead_79ae707ee21b9485d855c8cb,Kapunda History SA 1966 ghost expansion lead,SA,Moonta,Moonta,Research lead overlay,overlay_not_public_map
maplead_7ad7e87fb35b5f793b3fe3e4,release_lead_overlay_items,rellead_a7a9121a4df2414c22fe41aa,South Australian History Network SA 1966 ghost expansion lead,SA,Port Adelaide,Port Adelaide,Research lead overlay,overlay_not_public_map
maplead_c089b4a7beace162a7cfb5a4,release_lead_overlay_items,rellead_08d0039b7c490c9c8a5d9079,Adelaide Gaol SA 1966 ghost expansion lead,SA,Mount Gambier,Mount Gambier,Research lead overlay,overlay_not_public_map
maplead_7cfa3ff25448be0a144290fc,release_lead_overlay_items,rellead_bc767d6ec827501b5389df65,Adelaide Gaol SA 1966 ghost expansion lead,SA,Mount Gambier,Mount Gambier,Research lead overlay,overlay_not_public_map
maplead_07d636deead458efba2c4d82,release_lead_overlay_items,rellead_802c9fd9f3c9424884bb2b54,History Trust of South Australia SA 1966 ghost expansion lead,SA,Adelaide,Adelaide,Research lead overlay,overlay_not_public_map
maplead_b0364607e7d121ad373fb556,release_lead_overlay_items,rellead_f4cd1920cdb4462a31418d02,History Trust of South Australia SA 1966 ghost expansion lead,SA,Adelaide,Adelaide,Research lead overlay,overlay_not_public_map
maplead_3cead2befe0501d7092da64c,release_lead_overlay_items,rellead_e02a14e5cb8369a9c0ec4299,South Australian Museum SA 1966 ghost expansion lead,SA,Burra,Burra,Research lead overlay,overlay_not_public_map
maplead_e586c9775db787d7965db5e0,release_lead_overlay_items,rellead_cf37b6f4695fecc1db27aab7,State Records of South Australia SA 1966 ghost expansion lead,SA,Mount Gambier,Mount Gambier,Research lead overlay,overlay_not_public_map
maplead_6adb2d1d0f20081ea228948d,release_lead_overlay_items,rellead_ea9447873f89c40d5eb4528c,State Records of South Australia ArchivesSearch SA 1966 ghost expansion lead,SA,Mount Gambier,Mount Gambier,Research lead overlay,overlay_not_public_map
maplead_97ede0ad6bd24bd894330494,release_lead_overlay_items,rellead_bae3761db343dbf7ffc9cf2b,State Library of South Australia Catalogue SA 1966 ghost expansion lead,SA,Burra,Burra,Research lead overlay,overlay_not_public_map
maplead_a080c3bd2ce1383483531cd3,release_lead_overlay_items,rellead_207d2b80448403e4d4f98a9a,State Library of South Australia Catalogue SA 1966 ghost expansion lead,SA,Burra,Burra,Research lead overlay,overlay_not_public_map
maplead_e54c8ce6a23ff6bd72d2ed94,release_lead_overlay_items,rellead_1fa93529aba904c27077bf97,State Library of South Australia Digital Collections SA 1966 ghost expansion lead,SA,Burra,Burra,Research lead overlay,overlay_not_public_map
maplead_71246e4cbcaf412376ea0c18,release_lead_overlay_items,rellead_0a2f17387b6b7e0aefd3569a,State Library of South Australia Digital Collections SA 1966 ghost expansion lead,SA,Burra,Burra,Research lead overlay,overlay_not_public_map
maplead_ee5fcfac276e4bcd063a5845,release_lead_overlay_items,rellead_98b05fccd00bde02b9b49821,City of Adelaide Archives SA 1967 ghost expansion lead,SA,Port Adelaide,Port Adelaide,Research lead overlay,overlay_not_public_map
maplead_f92d49a515f106d53184ba00,release_lead_overlay_items,rellead_b0e1833de4b8ee9553ce66c3,City of Adelaide Archives SA 1967 ghost expansion lead,SA,Mount Gambier,Mount Gambier,Research lead overlay,overlay_not_public_map
