overlay_id,source_table,source_row_id,title,target_state,target_locality,place_signal,display_label,map_display_status
mapmeta_8f5ce54dfff162b81007ed52,release_metadata_gap_items,relmeta_fab5657888c8f7dd78692e9e,ACT Heritage Register ACT 1955 release patch,ACT,Kingston,Kingston,Metadata-only lead overlay,overlay_not_public_map
mapmeta_178b8400c5656030947e2512,release_metadata_gap_items,relmeta_98b5f4ba31c6cd0379d97c49,ACT Heritage Register ACT 1955 release patch,ACT,Kingston,Kingston,Metadata-only lead overlay,overlay_not_public_map
mapmeta_816f7c1d1a06e30452bebe92,release_metadata_gap_items,relmeta_88f8c2c05af76c05b959d6df,National Capital Authority Heritage ACT 1955 release patch,ACT,Yarralumla,Yarralumla,Metadata-only lead overlay,overlay_not_public_map
mapmeta_203147f6ab30bc0fea4548be,release_metadata_gap_items,relmeta_cac9533fe16495d2d35fb2c2,National Trust ACT ACT 1955 release patch,ACT,Hall,Hall,Metadata-only lead overlay,overlay_not_public_map
mapmeta_d2b8bc702e2b443bcab94e0c,release_metadata_gap_items,relmeta_36122499ab5dc5bb72701bd4,National Trust ACT ACT 1955 release patch,ACT,Hall,Hall,Metadata-only lead overlay,overlay_not_public_map
mapmeta_9d270adb060f739d96b2eb84,release_metadata_gap_items,relmeta_cba40f4ddfb9b7e659c16fb0,ACT Memory ACT 1955 release patch,ACT,Acton,Acton,Metadata-only lead overlay,overlay_not_public_map
mapmeta_d6cbcfa51014e3f3d1bb8c18,release_metadata_gap_items,relmeta_8de4e09b19db481c9642edb6,Canberra & District Historical Society ACT 1955 release patch,ACT,Acton,Acton,Metadata-only lead overlay,overlay_not_public_map
mapmeta_deaade069b2933a536a9e5b3,release_metadata_gap_items,relmeta_ac3ff6b7f69eb374cf1c189a,Canberra & District Historical Society ACT 1955 release patch,ACT,Kingston,Kingston,Metadata-only lead overlay,overlay_not_public_map
mapmeta_e105a695e1d6bdc2d162d2e8,release_metadata_gap_items,relmeta_765fec92323befce3d9446cf,Canberra Museum and Gallery ACT 1955 release patch,ACT,Canberra,Canberra,Metadata-only lead overlay,overlay_not_public_map
mapmeta_d1078fea1cc4a5b7950bbd29,release_metadata_gap_items,relmeta_0d0a646370b6f6d68478d339,Canberra Museum and Gallery ACT 1955 release patch,ACT,Canberra,Canberra,Metadata-only lead overlay,overlay_not_public_map
mapmeta_60f1f750a69abcc29b16bda9,release_metadata_gap_items,relmeta_4c75570a1e45f8d4a9b89a8d,ANU Archives ACT 1955 release patch,ACT,Hall,Hall,Metadata-only lead overlay,overlay_not_public_map
mapmeta_a8d03cefc471c86eaa477484,release_metadata_gap_items,relmeta_2ed14c47bede89952d4dbe6d,ANU Archives ACT 1955 release patch,ACT,Hall,Hall,Metadata-only lead overlay,overlay_not_public_map
mapmeta_967285aa27b17c18b0f346b5,release_metadata_gap_items,relmeta_90d7bbb94b0e6cb52f08a898,ArchivesACT ACT 1955 release patch,ACT,Hall,Hall,Metadata-only lead overlay,overlay_not_public_map
mapmeta_d5110d0450440dd788e7a750,release_metadata_gap_items,relmeta_2c82edc81087b22d65b80ee6,ArchivesACT / ACT Memory ACT 1955 release patch,ACT,Hall,Hall,Metadata-only lead overlay,overlay_not_public_map
mapmeta_c339b1e65808c55931d223d1,release_metadata_gap_items,relmeta_f4e3baf25f81e67b272025b3,ACT Heritage Library ACT 1955 release patch,ACT,Acton,Acton,Metadata-only lead overlay,overlay_not_public_map
mapmeta_7e34d2b7c97865fdc5b6d455,release_metadata_gap_items,relmeta_e1e5df1a2c6807486c733856,ACT Heritage Library ACT 1955 release patch,ACT,Acton,Acton,Metadata-only lead overlay,overlay_not_public_map
mapmeta_10939b31c4e0444966683ad1,release_metadata_gap_items,relmeta_4e3e65fe30be1a295b5f2ead,ACT Heritage Register ACT 1956 release patch,ACT,Yarralumla,Yarralumla,Metadata-only lead overlay,overlay_not_public_map
mapmeta_7c7d75bf49a258ba4925d513,release_metadata_gap_items,relmeta_204cf30429c8ebbcfac8c77c,ACT Heritage Register ACT 1956 release patch,ACT,Yarralumla,Yarralumla,Metadata-only lead overlay,overlay_not_public_map
mapmeta_b70a6ea8c01bbd20c1082ca0,release_metadata_gap_items,relmeta_214f6ffbaa1551d0b8ecc4f6,National Capital Authority Heritage ACT 1956 release patch,ACT,Hall,Hall,Metadata-only lead overlay,overlay_not_public_map
mapmeta_96017f3edd784b0ff8ce46d3,release_metadata_gap_items,relmeta_e3ea8225cb249d116f720c07,National Trust ACT ACT 1956 release patch,ACT,Hall,Hall,Metadata-only lead overlay,overlay_not_public_map
mapmeta_e01dfc3e66b3084b3800a0df,release_metadata_gap_items,relmeta_2a8c840a6bd0565e4cdd66bc,National Trust ACT ACT 1956 release patch,ACT,Canberra,Canberra,Metadata-only lead overlay,overlay_not_public_map
mapmeta_f9142741c9f2e383a5409f9c,release_metadata_gap_items,relmeta_dc411ff2a5c8ce12b20f042c,ACT Memory ACT 1956 release patch,ACT,Kingston,Kingston,Metadata-only lead overlay,overlay_not_public_map
mapmeta_69bf83050bbd4d4f9618d1cd,release_metadata_gap_items,relmeta_2a73ee6a1ef7f86bb64c2c4f,Canberra & District Historical Society ACT 1956 release patch,ACT,Kingston,Kingston,Metadata-only lead overlay,overlay_not_public_map
mapmeta_7a6cb83c4446dc3216c51029,release_metadata_gap_items,relmeta_7873f6a58bef4dcdd02367ba,Canberra & District Historical Society ACT 1956 release patch,ACT,Kingston,Kingston,Metadata-only lead overlay,overlay_not_public_map
mapmeta_4648acae544795ffe94cdd92,release_metadata_gap_items,relmeta_977c49720e24953df467332a,Canberra Museum and Gallery ACT 1956 release patch,ACT,Acton,Acton,Metadata-only lead overlay,overlay_not_public_map
mapmeta_40ece3a172084e1af028066f,release_metadata_gap_items,relmeta_00886b3e11c5c25fad94a56c,Canberra Museum and Gallery ACT 1956 release patch,ACT,Acton,Acton,Metadata-only lead overlay,overlay_not_public_map
mapmeta_24ee2a2d6dbfb40d2ccbb95d,release_metadata_gap_items,relmeta_98722cad48c821e48ddae6c2,ANU Archives ACT 1956 release patch,ACT,Canberra,Canberra,Metadata-only lead overlay,overlay_not_public_map
mapmeta_386f43917e70392f66244f75,release_metadata_gap_items,relmeta_73821cae168d0f686511cc8c,ANU Archives ACT 1956 release patch,ACT,Canberra,Canberra,Metadata-only lead overlay,overlay_not_public_map
mapmeta_f999639273a96c5757a42684,release_metadata_gap_items,relmeta_1179693c452cc580d5de906f,ArchivesACT ACT 1956 release patch,ACT,Canberra,Canberra,Metadata-only lead overlay,overlay_not_public_map
mapmeta_0a529cc3cb050a7cdb9d3d61,release_metadata_gap_items,relmeta_b613ff2f6a4c260140bfe042,ArchivesACT / ACT Memory ACT 1956 release patch,ACT,Canberra,Canberra,Metadata-only lead overlay,overlay_not_public_map
mapmeta_683e2ef2c82cd429a703e911,release_metadata_gap_items,relmeta_2ade968d405a6ae248a22f75,ACT Heritage Library ACT 1956 release patch,ACT,Kingston,Kingston,Metadata-only lead overlay,overlay_not_public_map
mapmeta_4dbfe016d76c2748932a0fd7,release_metadata_gap_items,relmeta_4a71263a9ed1b59f40e7a6a6,ACT Heritage Library ACT 1956 release patch,ACT,Kingston,Kingston,Metadata-only lead overlay,overlay_not_public_map
mapmeta_670248107d3b3accc187d281,release_metadata_gap_items,relmeta_f6be48a3a1e5293fd4abe945,ACT Heritage Register ACT 1957 release patch,ACT,Hall,Hall,Metadata-only lead overlay,overlay_not_public_map
mapmeta_ebd8e5ff495f3362ab61063b,release_metadata_gap_items,relmeta_7724c3cf7b8b07b7a7c9307c,ACT Heritage Register ACT 1957 release patch,ACT,Hall,Hall,Metadata-only lead overlay,overlay_not_public_map
mapmeta_469bef2ab2ce6e3ec6043cf3,release_metadata_gap_items,relmeta_06149926dc6f122e7cc7a392,National Capital Authority Heritage ACT 1957 release patch,ACT,Canberra,Canberra,Metadata-only lead overlay,overlay_not_public_map
mapmeta_6b1727fee31f8822e924cc97,release_metadata_gap_items,relmeta_ae6fcc294de842cf0dd1ed66,National Trust ACT ACT 1957 release patch,ACT,Canberra,Canberra,Metadata-only lead overlay,overlay_not_public_map
mapmeta_464b90056260a5af15804bfe,release_metadata_gap_items,relmeta_c697dc792916abef2347e118,National Trust ACT ACT 1957 release patch,ACT,Canberra,Canberra,Metadata-only lead overlay,overlay_not_public_map
mapmeta_9f1d8c5c122924df5596f959,release_metadata_gap_items,relmeta_aeb86e24dc6aa60c5637bd1d,ACT Memory ACT 1957 release patch,ACT,Yarralumla,Yarralumla,Metadata-only lead overlay,overlay_not_public_map
mapmeta_0ceac37bbd6f03ee5677d6fc,release_metadata_gap_items,relmeta_e1bb6cab170cf9abf906451a,Canberra & District Historical Society ACT 1957 release patch,ACT,Yarralumla,Yarralumla,Metadata-only lead overlay,overlay_not_public_map
mapmeta_5455eedbc77708d72524a6a3,release_metadata_gap_items,relmeta_e059c93136e503478ee672e9,Canberra & District Historical Society ACT 1957 release patch,ACT,Yarralumla,Yarralumla,Metadata-only lead overlay,overlay_not_public_map
mapmeta_cc226fe3497b3237eaca5bd6,release_metadata_gap_items,relmeta_fdda68cdb6df1fc4789206c7,Canberra Museum and Gallery ACT 1957 release patch,ACT,Kingston,Kingston,Metadata-only lead overlay,overlay_not_public_map
mapmeta_a40f2129ee1d1c2b657b4d3c,release_metadata_gap_items,relmeta_bc6f578896a9bf5d3255d1c4,Canberra Museum and Gallery ACT 1957 release patch,ACT,Kingston,Kingston,Metadata-only lead overlay,overlay_not_public_map
mapmeta_d4ffc0c30c3bdf54bbf4d863,release_metadata_gap_items,relmeta_39d2ede7aa772e3c928e10ac,ANU Archives ACT 1957 release patch,ACT,Acton,Acton,Metadata-only lead overlay,overlay_not_public_map
mapmeta_922b1c5f3dec0063a3fdfc4a,release_metadata_gap_items,relmeta_8a9e38c8f3ef6dd5e8caa573,ANU Archives ACT 1957 release patch,ACT,Acton,Acton,Metadata-only lead overlay,overlay_not_public_map
mapmeta_fc7a9da776cd29474774cf84,release_metadata_gap_items,relmeta_a8c75e00857d8fac50e70aa8,ArchivesACT ACT 1957 release patch,ACT,Acton,Acton,Metadata-only lead overlay,overlay_not_public_map
mapmeta_6154c94feec183f1e6f1a144,release_metadata_gap_items,relmeta_5320b34492c5b3a01a45d6e8,ArchivesACT / ACT Memory ACT 1957 release patch,ACT,Acton,Acton,Metadata-only lead overlay,overlay_not_public_map
mapmeta_13da916c7ef01872920b634f,release_metadata_gap_items,relmeta_60bddb568debe986314b04e9,ACT Heritage Library ACT 1957 release patch,ACT,Yarralumla,Yarralumla,Metadata-only lead overlay,overlay_not_public_map
mapmeta_9dade8067367ec3e8118dfcc,release_metadata_gap_items,relmeta_cd0f60b1c78b692c6e35add1,ACT Heritage Library ACT 1957 release patch,ACT,Yarralumla,Yarralumla,Metadata-only lead overlay,overlay_not_public_map
mapmeta_f6377a4cb621d3c2a229d643,release_metadata_gap_items,relmeta_9d521d1b4d486a91049ca629,ACT Heritage Register ACT 1958 release patch,ACT,Canberra,Canberra,Metadata-only lead overlay,overlay_not_public_map
mapmeta_33d2e0870f1fed1ba50c4231,release_metadata_gap_items,relmeta_16a9f9470d9435dcdeea2448,ACT Heritage Register ACT 1958 release patch,ACT,Canberra,Canberra,Metadata-only lead overlay,overlay_not_public_map
mapmeta_41e965261fe8863ae75872ff,release_metadata_gap_items,relmeta_5119b8fcfd5a06ad4f58d380,National Capital Authority Heritage ACT 1958 release patch,ACT,Acton,Acton,Metadata-only lead overlay,overlay_not_public_map
mapmeta_5d9ac751ea4e2c191cb7a391,release_metadata_gap_items,relmeta_09d949c4b809a22acb4420cf,National Trust ACT ACT 1958 release patch,ACT,Acton,Acton,Metadata-only lead overlay,overlay_not_public_map
mapmeta_112c87a1be128cb2c82364fb,release_metadata_gap_items,relmeta_7759862a0d63b1db2115b727,National Trust ACT ACT 1958 release patch,ACT,Acton,Acton,Metadata-only lead overlay,overlay_not_public_map
mapmeta_3f2f45395203280219cbb681,release_metadata_gap_items,relmeta_fe09ffc69741dd6877efe3a0,ACT Memory ACT 1958 release patch,ACT,Hall,Hall,Metadata-only lead overlay,overlay_not_public_map
mapmeta_bcadeef23b38381e921d00d6,release_metadata_gap_items,relmeta_c07ec87567241ba44e0a71b1,Canberra & District Historical Society ACT 1958 release patch,ACT,Hall,Hall,Metadata-only lead overlay,overlay_not_public_map
mapmeta_6d423505ba0b7645719b557d,release_metadata_gap_items,relmeta_4ccc304c9efcaa3570de318e,Canberra & District Historical Society ACT 1958 release patch,ACT,Hall,Hall,Metadata-only lead overlay,overlay_not_public_map
mapmeta_98c1822fb209034a238ac33c,release_metadata_gap_items,relmeta_060395d1eaaa4241dddfb12e,Canberra Museum and Gallery ACT 1958 release patch,ACT,Yarralumla,Yarralumla,Metadata-only lead overlay,overlay_not_public_map
mapmeta_514ba463fc613dbe6230e7d5,release_metadata_gap_items,relmeta_27e40f559cba8f57c431b2c6,Canberra Museum and Gallery ACT 1958 release patch,ACT,Yarralumla,Yarralumla,Metadata-only lead overlay,overlay_not_public_map
mapmeta_83e5d88260e736c1e75a760a,release_metadata_gap_items,relmeta_27048ad5964b345eec257521,ANU Archives ACT 1958 release patch,ACT,Acton,Acton,Metadata-only lead overlay,overlay_not_public_map
mapmeta_439cea35788be54704b606ec,release_metadata_gap_items,relmeta_4e8c6002178a2a89781509b3,ANU Archives ACT 1958 release patch,ACT,Kingston,Kingston,Metadata-only lead overlay,overlay_not_public_map
mapmeta_ecbc30216b0c6b5dc6bce46c,release_metadata_gap_items,relmeta_5ed2454869047c1b7a8474a8,ArchivesACT ACT 1958 release patch,ACT,Kingston,Kingston,Metadata-only lead overlay,overlay_not_public_map
mapmeta_0fafedda2fd7878ecd95b09b,release_metadata_gap_items,relmeta_23dbda3198a76a0ee1cd6f9d,ArchivesACT / ACT Memory ACT 1958 release patch,ACT,Kingston,Kingston,Metadata-only lead overlay,overlay_not_public_map
mapmeta_cd27a3ec3ba878d81d7915b6,release_metadata_gap_items,relmeta_f7da45a90c08668aad67ee37,ACT Heritage Library ACT 1958 release patch,ACT,Hall,Hall,Metadata-only lead overlay,overlay_not_public_map
mapmeta_996ae6f27b2181b50c0d2f9d,release_metadata_gap_items,relmeta_4f50ae680b63f4c5ad6bdc55,ACT Heritage Library ACT 1958 release patch,ACT,Hall,Hall,Metadata-only lead overlay,overlay_not_public_map
mapmeta_9b7bf08a68c9c435356b5428,release_metadata_gap_items,relmeta_4d3baf55be87b0fc9ac10fbb,ACT Heritage Register ACT 1959 release patch,ACT,Acton,Acton,Metadata-only lead overlay,overlay_not_public_map
mapmeta_049b25fa3d7999fa55532c92,release_metadata_gap_items,relmeta_4b83d3b58a3911325c9e1d64,ACT Heritage Register ACT 1959 release patch,ACT,Acton,Acton,Metadata-only lead overlay,overlay_not_public_map
mapmeta_9296e78e420cbe61bebf2b4b,release_metadata_gap_items,relmeta_07c8cdc3f3d46c6dcb4336fa,National Capital Authority Heritage ACT 1959 release patch,ACT,Kingston,Kingston,Metadata-only lead overlay,overlay_not_public_map
mapmeta_ed9816045f8416804c72b04b,release_metadata_gap_items,relmeta_db7bf251ee19800dbfa1356a,National Trust ACT ACT 1959 release patch,ACT,Kingston,Kingston,Metadata-only lead overlay,overlay_not_public_map
mapmeta_427eaa950c9e71443253d5cc,release_metadata_gap_items,relmeta_b3bfa414d139885a8615659e,National Trust ACT ACT 1959 release patch,ACT,Kingston,Kingston,Metadata-only lead overlay,overlay_not_public_map
mapmeta_05a2ef269c39105b35a2bcce,release_metadata_gap_items,relmeta_fe7fe37bd88957d3e45cf25e,ACT Memory ACT 1959 release patch,ACT,Canberra,Canberra,Metadata-only lead overlay,overlay_not_public_map
mapmeta_bf25e785e78d4f452c861c97,release_metadata_gap_items,relmeta_7eceec9595fd7fa5e0e686cf,Canberra & District Historical Society ACT 1959 release patch,ACT,Canberra,Canberra,Metadata-only lead overlay,overlay_not_public_map
mapmeta_dd268c46cf2d93f38859ef89,release_metadata_gap_items,relmeta_0dfb098a5ef3b69f21d6c94c,Canberra & District Historical Society ACT 1959 release patch,ACT,Canberra,Canberra,Metadata-only lead overlay,overlay_not_public_map
mapmeta_0a55c7db846c43834e13f692,release_metadata_gap_items,relmeta_5e5aeedfd59015d88c598335,Canberra Museum and Gallery ACT 1959 release patch,ACT,Hall,Hall,Metadata-only lead overlay,overlay_not_public_map
mapmeta_59293746ba688f57bb2b027c,release_metadata_gap_items,relmeta_ea0f8e51f37c1f2e34720d7c,Canberra Museum and Gallery ACT 1959 release patch,ACT,Hall,Hall,Metadata-only lead overlay,overlay_not_public_map
mapmeta_0a538cf49d9323c57f743ccd,release_metadata_gap_items,relmeta_db94e13fd3c6de3508ea3733,ANU Archives ACT 1959 release patch,ACT,Kingston,Kingston,Metadata-only lead overlay,overlay_not_public_map
mapmeta_5f7cd30979d2f2b92606c8d1,release_metadata_gap_items,relmeta_73d52efb6942c83531a67b88,ANU Archives ACT 1959 release patch,ACT,Kingston,Kingston,Metadata-only lead overlay,overlay_not_public_map
mapmeta_9fd8426ee1e486c86eb1ca20,release_metadata_gap_items,relmeta_17f558e29bfda68c360e3015,ArchivesACT ACT 1959 release patch,ACT,Yarralumla,Yarralumla,Metadata-only lead overlay,overlay_not_public_map
mapmeta_024e72464fa0b0aaf3b67d2d,release_metadata_gap_items,relmeta_a4622b0a7621cd522eb90d62,ArchivesACT / ACT Memory ACT 1959 release patch,ACT,Yarralumla,Yarralumla,Metadata-only lead overlay,overlay_not_public_map
mapmeta_816d0b79c051de50af7bc097,release_metadata_gap_items,relmeta_3fb85f9f26342aa8ace86d2a,ACT Heritage Library ACT 1959 release patch,ACT,Canberra,Canberra,Metadata-only lead overlay,overlay_not_public_map
mapmeta_bace85f69603048a9bad539b,release_metadata_gap_items,relmeta_5bdc5ddb0fb8743b1fe0ea9e,ACT Heritage Library ACT 1959 release patch,ACT,Canberra,Canberra,Metadata-only lead overlay,overlay_not_public_map
mapmeta_624f864d6a422b51fbe0e581,release_metadata_gap_items,relmeta_ad831dee6c315c80812727e5,ACT Heritage Register ACT 1960 release patch,ACT,Kingston,Kingston,Metadata-only lead overlay,overlay_not_public_map
mapmeta_b35f70aa903f1f3cd7909a3d,release_metadata_gap_items,relmeta_6d3f684bd2199681b12e5412,ACT Heritage Register ACT 1960 release patch,ACT,Kingston,Kingston,Metadata-only lead overlay,overlay_not_public_map
mapmeta_372322d05e096d7225d1a307,release_metadata_gap_items,relmeta_7b35180f4bd118208b9270d7,National Capital Authority Heritage ACT 1960 release patch,ACT,Yarralumla,Yarralumla,Metadata-only lead overlay,overlay_not_public_map
mapmeta_3be3f80ece9da011694e2561,release_metadata_gap_items,relmeta_ef9a4ee1b612112d68b1823d,National Trust ACT ACT 1960 release patch,ACT,Yarralumla,Yarralumla,Metadata-only lead overlay,overlay_not_public_map
mapmeta_d3b7cc10de31f29c8b24dbfc,release_metadata_gap_items,relmeta_31bcd465185595f44dc23521,National Trust ACT ACT 1960 release patch,ACT,Yarralumla,Yarralumla,Metadata-only lead overlay,overlay_not_public_map
mapmeta_8595de70353893181043554c,release_metadata_gap_items,relmeta_dc7fd033cafdfb9747b6e449,ACT Memory ACT 1960 release patch,ACT,Acton,Acton,Metadata-only lead overlay,overlay_not_public_map
mapmeta_7a49504219a45d883eb2d0ad,release_metadata_gap_items,relmeta_ae282280b8446a5aab9f3405,Canberra & District Historical Society ACT 1960 release patch,ACT,Acton,Acton,Metadata-only lead overlay,overlay_not_public_map
mapmeta_fe3ce81612865047f1e6a78f,release_metadata_gap_items,relmeta_8a47ee8be0dcaf8cd5102257,Canberra & District Historical Society ACT 1960 release patch,ACT,Acton,Acton,Metadata-only lead overlay,overlay_not_public_map
mapmeta_db9f52649f27ecf52ff8fd83,release_metadata_gap_items,relmeta_7da022673233227e200f8191,ABC Archives Public Pages ACT 1955 metadata expansion lead,ACT,Canberra,Canberra,Metadata-only lead overlay,overlay_not_public_map
mapmeta_f94eba0cd3ce2f9e399b3a44,release_metadata_gap_items,relmeta_87ab9e13c6c84aca9309eae3,Australian Screen Online ACT 1955 metadata expansion lead,ACT,Canberra,Canberra,Metadata-only lead overlay,overlay_not_public_map
mapmeta_353b40300808465dbd8fa857,release_metadata_gap_items,relmeta_021723de4506225785287d34,NFSA Collection ACT 1955 metadata expansion lead,ACT,Canberra,Canberra,Metadata-only lead overlay,overlay_not_public_map
mapmeta_122a3f3fc3ab9aa2c14dc4a0,release_metadata_gap_items,relmeta_9e333de8412c1e71957abcab,ACT Heritage Register ACT 1955 metadata expansion lead,ACT,Yarralumla,Yarralumla,Metadata-only lead overlay,overlay_not_public_map
mapmeta_c8b9849b51c27f9abace9856,release_metadata_gap_items,relmeta_8b899ff1b9cd21bea1ce91ff,ACT Heritage Register ACT 1955 metadata expansion lead,ACT,Hall,Hall,Metadata-only lead overlay,overlay_not_public_map
mapmeta_7752a3dfb9e610d82222671a,release_metadata_gap_items,relmeta_004f17893f6f33eab16e75f6,Australian Heritage Database ACT 1955 metadata expansion lead,ACT,Hall,Hall,Metadata-only lead overlay,overlay_not_public_map
mapmeta_57302297db8339f437eb727a,release_metadata_gap_items,relmeta_74ac38bf77aadf95a90cdcdb,National Capital Authority Heritage ACT 1955 metadata expansion lead,ACT,Canberra,Canberra,Metadata-only lead overlay,overlay_not_public_map
mapmeta_8fc7f6ff074f3edad00585fa,release_metadata_gap_items,relmeta_f3ca30f98a6c4b0b152fe055,National Trust ACT ACT 1955 metadata expansion lead,ACT,Canberra,Canberra,Metadata-only lead overlay,overlay_not_public_map
mapmeta_52e2714efca33fd2800e90fd,release_metadata_gap_items,relmeta_822be73b60ead124b13a5b5e,National Trust ACT ACT 1955 metadata expansion lead,ACT,Canberra,Canberra,Metadata-only lead overlay,overlay_not_public_map
mapmeta_2094358dc704b9cf55c55d39,release_metadata_gap_items,relmeta_48fa992e07ed5e9ec182777d,ACT Memory ACT 1955 metadata expansion lead,ACT,Kingston,Kingston,Metadata-only lead overlay,overlay_not_public_map
mapmeta_846bfc967f37da73d7bfbb7d,release_metadata_gap_items,relmeta_429b53a17664960893608f40,Canberra & District Historical Society ACT 1955 metadata expansion lead,ACT,Yarralumla,Yarralumla,Metadata-only lead overlay,overlay_not_public_map
mapmeta_2c22ab631d3177e7499a9ff8,release_metadata_gap_items,relmeta_cb905e176b52a6a09d96926c,Canberra & District Historical Society ACT 1955 metadata expansion lead,ACT,Yarralumla,Yarralumla,Metadata-only lead overlay,overlay_not_public_map
mapmeta_d3220ebb19d4f750460853e6,release_metadata_gap_items,relmeta_2d603d848b4eb73d3f11eca6,Australian War Memorial ACT 1955 metadata expansion lead,ACT,Acton,Acton,Metadata-only lead overlay,overlay_not_public_map
mapmeta_32573d4b0261fc5109e6057e,release_metadata_gap_items,relmeta_15f44623db1f82d3e68894b4,Australian War Memorial Collection ACT 1955 metadata expansion lead,ACT,Acton,Acton,Metadata-only lead overlay,overlay_not_public_map
mapmeta_398f475c5a01565872f9abec,release_metadata_gap_items,relmeta_3b3bafe3436360308af36edc,Canberra Museum and Gallery ACT 1955 metadata expansion lead,ACT,Acton,Acton,Metadata-only lead overlay,overlay_not_public_map
mapmeta_78be4451745decfc9f955f22,release_metadata_gap_items,relmeta_639d58462bd6dee0934501e9,Canberra Museum and Gallery ACT 1955 metadata expansion lead,ACT,Acton,Acton,Metadata-only lead overlay,overlay_not_public_map
mapmeta_0b96ae1b4909fbe9d0bf33f6,release_metadata_gap_items,relmeta_36d371270eecbb52cc25dd69,ANU Archives ACT 1955 metadata expansion lead,ACT,Canberra,Canberra,Metadata-only lead overlay,overlay_not_public_map
mapmeta_e483a125c47803d992b8391c,release_metadata_gap_items,relmeta_c29230e0fb59e9f8bd5577ea,ANU Archives ACT 1955 metadata expansion lead,ACT,Canberra,Canberra,Metadata-only lead overlay,overlay_not_public_map
mapmeta_40d6e83244eacf418d484785,release_metadata_gap_items,relmeta_e1fa31080784c85de2067ef8,ArchivesACT ACT 1955 metadata expansion lead,ACT,Canberra,Canberra,Metadata-only lead overlay,overlay_not_public_map
mapmeta_ab834e1564fb4d253bc3c0a7,release_metadata_gap_items,relmeta_d1e0d81504d98b6e2c0ebc03,ArchivesACT / ACT Memory ACT 1955 metadata expansion lead,ACT,Canberra,Canberra,Metadata-only lead overlay,overlay_not_public_map
mapmeta_08f515003db0a56c9ac3f986,release_metadata_gap_items,relmeta_4db77cf56a05df45635659c9,ACT Heritage Library ACT 1955 metadata expansion lead,ACT,Kingston,Kingston,Metadata-only lead overlay,overlay_not_public_map
mapmeta_f950f0abb1f1ffc1e9e53a03,release_metadata_gap_items,relmeta_b7018e9dd9943ce07cb37d7f,ACT Heritage Library ACT 1955 metadata expansion lead,ACT,Kingston,Kingston,Metadata-only lead overlay,overlay_not_public_map
mapmeta_30bf739749f8b3db0be9bd5d,release_metadata_gap_items,relmeta_1072154a0a1e516413af7419,ACT Heritage Register ACT 1956 metadata expansion lead,ACT,Hall,Hall,Metadata-only lead overlay,overlay_not_public_map
mapmeta_b3231bc4523455cf9596060a,release_metadata_gap_items,relmeta_7e2c2d07e4b0eb6316fff4f1,ACT Heritage Register ACT 1956 metadata expansion lead,ACT,Hall,Hall,Metadata-only lead overlay,overlay_not_public_map
mapmeta_27414f42baad5383a3138cb0,release_metadata_gap_items,relmeta_b695d6879d1a101df2ee2615,National Capital Authority Heritage ACT 1956 metadata expansion lead,ACT,Canberra,Canberra,Metadata-only lead overlay,overlay_not_public_map
mapmeta_37b0cd99294806c1a81df22d,release_metadata_gap_items,relmeta_2692633b895ccd534f8dd545,National Trust ACT ACT 1956 metadata expansion lead,ACT,Acton,Acton,Metadata-only lead overlay,overlay_not_public_map
mapmeta_abb2f4892c74e902485758e8,release_metadata_gap_items,relmeta_1ab6ffcd8678223a051e72f4,National Trust ACT ACT 1956 metadata expansion lead,ACT,Acton,Acton,Metadata-only lead overlay,overlay_not_public_map
mapmeta_34fd467231d111520a06619e,release_metadata_gap_items,relmeta_a0d6827cbeed22a5ec85c165,ACT Memory ACT 1956 metadata expansion lead,ACT,Yarralumla,Yarralumla,Metadata-only lead overlay,overlay_not_public_map
mapmeta_60aa23db3328ec9b348544df,release_metadata_gap_items,relmeta_5e34d53df1df6d239d1335f9,Canberra & District Historical Society ACT 1956 metadata expansion lead,ACT,Yarralumla,Yarralumla,Metadata-only lead overlay,overlay_not_public_map
mapmeta_e1507f56a6ab01801bb45fc9,release_metadata_gap_items,relmeta_3b9ce1684218095ae1542f6e,Canberra & District Historical Society ACT 1956 metadata expansion lead,ACT,Hall,Hall,Metadata-only lead overlay,overlay_not_public_map
mapmeta_95ff0a92fff2de08b60c3316,release_metadata_gap_items,relmeta_1c1de558292ddeebab446e2d,Canberra Museum and Gallery ACT 1956 metadata expansion lead,ACT,Kingston,Kingston,Metadata-only lead overlay,overlay_not_public_map
mapmeta_941ce04cf6d5825d5e5d20de,release_metadata_gap_items,relmeta_02d29e3294cfe00dd9b0df07,Canberra Museum and Gallery ACT 1956 metadata expansion lead,ACT,Kingston,Kingston,Metadata-only lead overlay,overlay_not_public_map
mapmeta_927e651a1e6e67ce1ee79d2c,release_metadata_gap_items,relmeta_9359f8fe4a643d4d9b8b45d6,ANU Archives ACT 1956 metadata expansion lead,ACT,Acton,Acton,Metadata-only lead overlay,overlay_not_public_map
mapmeta_faab19e05043c276d9b2c8c5,release_metadata_gap_items,relmeta_319675c636a9a64226eadbf2,ANU Archives ACT 1956 metadata expansion lead,ACT,Acton,Acton,Metadata-only lead overlay,overlay_not_public_map
mapmeta_9abac2661cf679f7d9f4a9a8,release_metadata_gap_items,relmeta_99133f5682035571bf01c62d,ArchivesACT ACT 1956 metadata expansion lead,ACT,Acton,Acton,Metadata-only lead overlay,overlay_not_public_map
mapmeta_f3a22ffe2f957d36eff26149,release_metadata_gap_items,relmeta_8f949ea332fe598ff7e83a44,ArchivesACT / ACT Memory ACT 1956 metadata expansion lead,ACT,Acton,Acton,Metadata-only lead overlay,overlay_not_public_map
mapmeta_306ead27fc534bdeb8881088,release_metadata_gap_items,relmeta_33590eafa491672c228d0b67,ACT Heritage Library ACT 1956 metadata expansion lead,ACT,Yarralumla,Yarralumla,Metadata-only lead overlay,overlay_not_public_map
mapmeta_9bfe0ac59012461412b2749a,release_metadata_gap_items,relmeta_327a1ee318367c40ef7d860e,ACT Heritage Library ACT 1956 metadata expansion lead,ACT,Yarralumla,Yarralumla,Metadata-only lead overlay,overlay_not_public_map
mapmeta_5f7bf2fe62f06f26da7efdb2,release_metadata_gap_items,relmeta_209c68b4c0cbcd6e2b322ceb,ACT Heritage Register ACT 1957 metadata expansion lead,ACT,Canberra,Canberra,Metadata-only lead overlay,overlay_not_public_map
mapmeta_8a72ce39028f540060c25b70,release_metadata_gap_items,relmeta_2d327b6d2b67edaef89dbd94,ACT Heritage Register ACT 1957 metadata expansion lead,ACT,Canberra,Canberra,Metadata-only lead overlay,overlay_not_public_map
mapmeta_a21a0b7f8012f5aeeb7359f8,release_metadata_gap_items,relmeta_270f1f1b9c0dd0c68423352c,National Capital Authority Heritage ACT 1957 metadata expansion lead,ACT,Acton,Acton,Metadata-only lead overlay,overlay_not_public_map
mapmeta_eb4728fde42860f140d99e08,release_metadata_gap_items,relmeta_01f629b30c688608043186d3,National Trust ACT ACT 1957 metadata expansion lead,ACT,Acton,Acton,Metadata-only lead overlay,overlay_not_public_map
mapmeta_e7329e8e663aa27d957a31b5,release_metadata_gap_items,relmeta_e9aac9213e024d68d1fc4d39,National Trust ACT ACT 1957 metadata expansion lead,ACT,Kingston,Kingston,Metadata-only lead overlay,overlay_not_public_map
mapmeta_545401816871b897f98bafca,release_metadata_gap_items,relmeta_09afe477ced9bc0fdb55fa01,ACT Memory ACT 1957 metadata expansion lead,ACT,Hall,Hall,Metadata-only lead overlay,overlay_not_public_map
mapmeta_6efec96a94d867c9d7ecb57d,release_metadata_gap_items,relmeta_b3d6933bad7a354df61a4f4a,Canberra & District Historical Society ACT 1957 metadata expansion lead,ACT,Hall,Hall,Metadata-only lead overlay,overlay_not_public_map
mapmeta_7353a8fe97be688e361cd768,release_metadata_gap_items,relmeta_b789b0241f0e239a730c25b0,Canberra & District Historical Society ACT 1957 metadata expansion lead,ACT,Hall,Hall,Metadata-only lead overlay,overlay_not_public_map
mapmeta_5e9240dd929e75c13ed57aeb,release_metadata_gap_items,relmeta_f6b8965fe3a63f1a7f5a4f42,Canberra Museum and Gallery ACT 1957 metadata expansion lead,ACT,Yarralumla,Yarralumla,Metadata-only lead overlay,overlay_not_public_map
mapmeta_cee114c89f9f51da3c00e0d9,release_metadata_gap_items,relmeta_32c691f0163fb9b9e83e713d,Canberra Museum and Gallery ACT 1957 metadata expansion lead,ACT,Yarralumla,Yarralumla,Metadata-only lead overlay,overlay_not_public_map
mapmeta_a1b948da88e11e29c41b3bd2,release_metadata_gap_items,relmeta_ce38d561d5f0af8860cde319,ANU Archives ACT 1957 metadata expansion lead,ACT,Kingston,Kingston,Metadata-only lead overlay,overlay_not_public_map
mapmeta_7c5edb7bdc6c9b7c5a97455f,release_metadata_gap_items,relmeta_253e58dcf3455ef2d24bcdb9,ANU Archives ACT 1957 metadata expansion lead,ACT,Kingston,Kingston,Metadata-only lead overlay,overlay_not_public_map
mapmeta_446ed480f727dc37a80b9523,release_metadata_gap_items,relmeta_490b53ac649ddc5b3eeb8e67,ArchivesACT ACT 1957 metadata expansion lead,ACT,Kingston,Kingston,Metadata-only lead overlay,overlay_not_public_map
mapmeta_9cfb41ea39883da1f163eb2b,release_metadata_gap_items,relmeta_53c52866ff201cb791516901,ArchivesACT / ACT Memory ACT 1957 metadata expansion lead,ACT,Kingston,Kingston,Metadata-only lead overlay,overlay_not_public_map
mapmeta_39d6bf8ab8a6c2e85df37264,release_metadata_gap_items,relmeta_d7a3abf6ad2e7bb65d54d80c,ACT Heritage Library ACT 1957 metadata expansion lead,ACT,Hall,Hall,Metadata-only lead overlay,overlay_not_public_map
mapmeta_bcbff6d16a8c3e4f0c2df4b9,release_metadata_gap_items,relmeta_5e0ec1957498cc33b5a34c3d,ACT Heritage Library ACT 1957 metadata expansion lead,ACT,Hall,Hall,Metadata-only lead overlay,overlay_not_public_map
mapmeta_c68f00c2d9eb7538ce6666f8,release_metadata_gap_items,relmeta_9477ffaa6a21abd9a8cc720d,ACT Heritage Register ACT 1958 metadata expansion lead,ACT,Acton,Acton,Metadata-only lead overlay,overlay_not_public_map
mapmeta_3476129e748bb8b4dbf824bc,release_metadata_gap_items,relmeta_844983e8d4e05f3772aed0f0,ACT Heritage Register ACT 1958 metadata expansion lead,ACT,Acton,Acton,Metadata-only lead overlay,overlay_not_public_map
mapmeta_5c0d87906991b06afbc08d31,release_metadata_gap_items,relmeta_a2fd5c42378ebc4aae87791a,National Capital Authority Heritage ACT 1958 metadata expansion lead,ACT,Kingston,Kingston,Metadata-only lead overlay,overlay_not_public_map
mapmeta_3272e5bea3cb7dbde23493b9,release_metadata_gap_items,relmeta_35c1700ac5ba74602e8b154c,National Trust ACT ACT 1958 metadata expansion lead,ACT,Kingston,Kingston,Metadata-only lead overlay,overlay_not_public_map
mapmeta_2834d52818bdd88c80095c5d,release_metadata_gap_items,relmeta_2aeda8d521796744b80b8722,National Trust ACT ACT 1958 metadata expansion lead,ACT,Kingston,Kingston,Metadata-only lead overlay,overlay_not_public_map
mapmeta_40ed6ef14f2c2d61c5151ef3,release_metadata_gap_items,relmeta_666505f9ec15ad3bc1683d4d,ACT Memory ACT 1958 metadata expansion lead,ACT,Canberra,Canberra,Metadata-only lead overlay,overlay_not_public_map
mapmeta_b5be6e3048a54f7b94fa63e5,release_metadata_gap_items,relmeta_94110c6f80d1168c55dcd29e,Canberra & District Historical Society ACT 1958 metadata expansion lead,ACT,Canberra,Canberra,Metadata-only lead overlay,overlay_not_public_map
mapmeta_fd1986b85720927ab0eda9cf,release_metadata_gap_items,relmeta_3f2e004b7187c7824e2b01b7,Canberra & District Historical Society ACT 1958 metadata expansion lead,ACT,Canberra,Canberra,Metadata-only lead overlay,overlay_not_public_map
mapmeta_15c50fd332d4bdeb20f9fa39,release_metadata_gap_items,relmeta_0090e773518d1274c49d4640,Canberra Museum and Gallery ACT 1958 metadata expansion lead,ACT,Hall,Hall,Metadata-only lead overlay,overlay_not_public_map
mapmeta_1066214c2b91ece14e1f5453,release_metadata_gap_items,relmeta_75a23d5a527e40188eaf65a3,Canberra Museum and Gallery ACT 1958 metadata expansion lead,ACT,Hall,Hall,Metadata-only lead overlay,overlay_not_public_map
mapmeta_284523b30c418ac530b63e45,release_metadata_gap_items,relmeta_929fbaa39bb42c8d38c959bf,ANU Archives ACT 1958 metadata expansion lead,ACT,Yarralumla,Yarralumla,Metadata-only lead overlay,overlay_not_public_map
mapmeta_1e4767aa946b6fdcab67601a,release_metadata_gap_items,relmeta_e94ea08295a7c67ae7cdc8bc,ANU Archives ACT 1958 metadata expansion lead,ACT,Yarralumla,Yarralumla,Metadata-only lead overlay,overlay_not_public_map
mapmeta_13017acd3a57779832151daa,release_metadata_gap_items,relmeta_50884b35a7ab3672f40f2c98,ArchivesACT ACT 1958 metadata expansion lead,ACT,Yarralumla,Yarralumla,Metadata-only lead overlay,overlay_not_public_map
mapmeta_d9a45c92cfce15a195674460,release_metadata_gap_items,relmeta_152a375064456d89389a0b34,ArchivesACT / ACT Memory ACT 1958 metadata expansion lead,ACT,Yarralumla,Yarralumla,Metadata-only lead overlay,overlay_not_public_map
mapmeta_bf61d606a438485578f88f3f,release_metadata_gap_items,relmeta_375528ea2f7883e0877559e6,ACT Heritage Library ACT 1958 metadata expansion lead,ACT,Canberra,Canberra,Metadata-only lead overlay,overlay_not_public_map
mapmeta_8c135a0a027fe91515233215,release_metadata_gap_items,relmeta_4184416a802bfcdf08274090,ACT Heritage Library ACT 1958 metadata expansion lead,ACT,Canberra,Canberra,Metadata-only lead overlay,overlay_not_public_map
mapmeta_d48800b797378ff0c34dc38d,release_metadata_gap_items,relmeta_35bf71e0bc7439a8d563225b,ABC Public Pages ACT 1955 metadata expansion lead,ACT,Yarralumla,Yarralumla,Metadata-only lead overlay,overlay_not_public_map
mapmeta_cc1e33aa94e5968d3e59121f,release_metadata_gap_items,relmeta_a28fcb91c09b9f184f2cfff3,Australian Screen Online ACT 1955 metadata expansion lead,ACT,Yarralumla,Yarralumla,Metadata-only lead overlay,overlay_not_public_map
mapmeta_d64c810700c10594d5923505,release_metadata_gap_items,relmeta_fad638a40f94f0b091e61780,NFSA Collection ACT 1955 metadata expansion lead,ACT,Hall,Hall,Metadata-only lead overlay,overlay_not_public_map
mapmeta_ba143fd0f2eb87390b61f6b5,release_metadata_gap_items,relmeta_669e03a349f14a0d43a082c3,Brisbane Heritage Register ACT 1955 metadata expansion lead,ACT,Hall,Hall,Metadata-only lead overlay,overlay_not_public_map
mapmeta_335b0dbc57a277fc3ca585e5,release_metadata_gap_items,relmeta_a46ffd810b803c6e43914220,City of Sydney Archives ACT 1955 metadata expansion lead,ACT,Canberra,Canberra,Metadata-only lead overlay,overlay_not_public_map
mapmeta_60f2d57aef0a642ac0eb3d50,release_metadata_gap_items,relmeta_2e494a2ba2a643555e5246f8,ACT Heritage Register ACT 1959 metadata expansion lead,ACT,Kingston,Kingston,Metadata-only lead overlay,overlay_not_public_map
mapmeta_eb4a91f1a73192ecf511003b,release_metadata_gap_items,relmeta_5d80acdb4cdec30d7c7cd445,ACT Heritage Register ACT 1959 metadata expansion lead,ACT,Kingston,Kingston,Metadata-only lead overlay,overlay_not_public_map
mapmeta_4152b79a75268e8f9f11b6fa,release_metadata_gap_items,relmeta_f04732303b6f67ebbf0ed9fe,Australian Heritage Database ACT 1955 metadata expansion lead,ACT,Kingston,Kingston,Metadata-only lead overlay,overlay_not_public_map
mapmeta_9a017f7af125efc4c0ebba4e,release_metadata_gap_items,relmeta_c2194ec1c539fef9792e8ed2,NSW State Heritage Inventory ACT 1955 metadata expansion lead,ACT,Yarralumla,Yarralumla,Metadata-only lead overlay,overlay_not_public_map
mapmeta_73b6fb760f9963cf53d4700b,release_metadata_gap_items,relmeta_39fda314307cfdc79671c4d9,National Capital Authority Heritage ACT 1959 metadata expansion lead,ACT,Yarralumla,Yarralumla,Metadata-only lead overlay,overlay_not_public_map
mapmeta_dda82d8ae01ef8d67cf7cae9,release_metadata_gap_items,relmeta_6411ed9898fc0c1a3ad2407c,National Trust ACT ACT 1959 metadata expansion lead,ACT,Yarralumla,Yarralumla,Metadata-only lead overlay,overlay_not_public_map
mapmeta_de101d5072ec1e684280330a,release_metadata_gap_items,relmeta_73f882abe6eb250dd5d3ef1e,National Trust ACT ACT 1959 metadata expansion lead,ACT,Yarralumla,Yarralumla,Metadata-only lead overlay,overlay_not_public_map
mapmeta_c418b113d96dcaff1dce41e3,release_metadata_gap_items,relmeta_ae0c32d224965add7653fa1d,National Trust NSW Register ACT 1955 metadata expansion lead,ACT,Yarralumla,Yarralumla,Metadata-only lead overlay,overlay_not_public_map
mapmeta_3d01a89cc4da6c06c383d805,release_metadata_gap_items,relmeta_bd5c3fb35ba0e98ebdf05660,National Trust Victoria Register ACT 1955 metadata expansion lead,ACT,Hall,Hall,Metadata-only lead overlay,overlay_not_public_map
mapmeta_ec8d6d8844b7f6a45b7b2f4c,release_metadata_gap_items,relmeta_3bcae8bf9c41de85666ddcc7,Queensland Heritage Register ACT 1955 metadata expansion lead,ACT,Canberra,Canberra,Metadata-only lead overlay,overlay_not_public_map
mapmeta_3f4fcf9171a2b85aa3b6db9b,release_metadata_gap_items,relmeta_c0c953986254786aa3901ab9,Victorian Heritage Database ACT 1955 metadata expansion lead,ACT,Canberra,Canberra,Metadata-only lead overlay,overlay_not_public_map
mapmeta_852c1f3c90c44eebebc2fc46,release_metadata_gap_items,relmeta_5f49a3c646fb799b7e16ddd6,ACT Memory ACT 1959 metadata expansion lead,ACT,Acton,Acton,Metadata-only lead overlay,overlay_not_public_map
mapmeta_5f4d7f6fe775ca6967164e37,release_metadata_gap_items,relmeta_d7aab9312e344272d804ee15,Canberra & District Historical Society ACT 1959 metadata expansion lead,ACT,Acton,Acton,Metadata-only lead overlay,overlay_not_public_map
mapmeta_012c723f34ba0c6a1472abf8,release_metadata_gap_items,relmeta_f71b0679764f15c594a85e09,Canberra & District Historical Society ACT 1959 metadata expansion lead,ACT,Acton,Acton,Metadata-only lead overlay,overlay_not_public_map
mapmeta_f04d72e82e03aa9b376c59f7,release_metadata_gap_items,relmeta_dc3fed869276d23327d1dce9,Dictionary of Sydney ACT 1955 metadata expansion lead,ACT,Kingston,Kingston,Metadata-only lead overlay,overlay_not_public_map
mapmeta_49eba6576e46b0e30739b80b,release_metadata_gap_items,relmeta_655bc98cb43ddb400862a3c3,Royal Australian Historical Society ACT 1955 metadata expansion lead,ACT,Yarralumla,Yarralumla,Metadata-only lead overlay,overlay_not_public_map
mapmeta_7b772f65f956ca07aa87b5bf,release_metadata_gap_items,relmeta_e3b15bcc26d5bd6cfcbc00ed,Royal Historical Society of Queensland ACT 1955 metadata expansion lead,ACT,Yarralumla,Yarralumla,Metadata-only lead overlay,overlay_not_public_map
mapmeta_cb349d90d58e8d4ff5ee3d34,release_metadata_gap_items,relmeta_db0379a0e66ec6501834b4d0,Royal Historical Society of Victoria ACT 1955 metadata expansion lead,ACT,Yarralumla,Yarralumla,Metadata-only lead overlay,overlay_not_public_map
mapmeta_f89bed0b403ee8f7c834d726,release_metadata_gap_items,relmeta_c9c8105fb177f77293e40974,ACMI Collections ACT 1955 metadata expansion lead,ACT,Hall,Hall,Metadata-only lead overlay,overlay_not_public_map
mapmeta_c18224f047e8254c54437d04,release_metadata_gap_items,relmeta_6c973fe8f9fe7b257c34cb42,Canberra Museum and Gallery ACT 1959 metadata expansion lead,ACT,Canberra,Canberra,Metadata-only lead overlay,overlay_not_public_map
mapmeta_c2af38a537f8a3da04f5c20c,release_metadata_gap_items,relmeta_92b62d35eb4336bf35ce590f,Canberra Museum and Gallery ACT 1959 metadata expansion lead,ACT,Canberra,Canberra,Metadata-only lead overlay,overlay_not_public_map
mapmeta_24bd907c83c8cdd80daae1f1,release_metadata_gap_items,relmeta_56cc0dab76609b0f35c8b6d2,Museums Victoria Collections ACT 1955 metadata expansion lead,ACT,Acton,Acton,Metadata-only lead overlay,overlay_not_public_map
mapmeta_3b943899eefef6b2120e95fd,release_metadata_gap_items,relmeta_2c1733f69378e76790dd1cd1,Queensland Museum Network ACT 1955 metadata expansion lead,ACT,Kingston,Kingston,Metadata-only lead overlay,overlay_not_public_map
mapmeta_cb82ff99da8447279255fc3b,release_metadata_gap_items,relmeta_1324c803cc78d51e4f2d280a,Victorian Collections ACT 1955 metadata expansion lead,ACT,Kingston,Kingston,Metadata-only lead overlay,overlay_not_public_map
mapmeta_69f854a9f3ce9d85d42079e4,release_metadata_gap_items,relmeta_3cd3d874310d7290f567946a,eHive Museum Collections ACT 1955 metadata expansion lead,ACT,Yarralumla,Yarralumla,Metadata-only lead overlay,overlay_not_public_map
mapmeta_fc5319ce9428436e2435abbb,release_metadata_gap_items,relmeta_69faaa19a042c06fb9effd11,ANU Archives ACT 1959 metadata expansion lead,ACT,Yarralumla,Yarralumla,Metadata-only lead overlay,overlay_not_public_map
mapmeta_455a832729de751614984b3e,release_metadata_gap_items,relmeta_0883f58beab8fb2e4fb23b66,ANU Archives ACT 1959 metadata expansion lead,ACT,Hall,Hall,Metadata-only lead overlay,overlay_not_public_map
mapmeta_8d54fc91678b8fea759da098,release_metadata_gap_items,relmeta_27e94267aa3cce50f1b2f17e,ArchivesACT ACT 1959 metadata expansion lead,ACT,Hall,Hall,Metadata-only lead overlay,overlay_not_public_map
mapmeta_8f25869723aa34744e097736,release_metadata_gap_items,relmeta_1b1676ed816d739afafdffba,ArchivesACT / ACT Memory ACT 1959 metadata expansion lead,ACT,Hall,Hall,Metadata-only lead overlay,overlay_not_public_map
mapmeta_f35ecd4117d66b5cec6c6ad9,release_metadata_gap_items,relmeta_22fafe2807042ff99f372926,Museums of History NSW State Archives Collection ACT 1955 metadata expansion lead,ACT,Hall,Hall,Metadata-only lead overlay,overlay_not_public_map
mapmeta_60e22420758cf4a12db7094a,release_metadata_gap_items,relmeta_e00e865057945ac20f6860a0,Public Record Office Victoria Catalogue ACT 1955 metadata expansion lead,ACT,Hall,Hall,Metadata-only lead overlay,overlay_not_public_map
mapmeta_7ad8b93cd1fb74f42114599f,release_metadata_gap_items,relmeta_6633f3930998e975fa05dfdf,Queensland State Archives ArchivesSearch ACT 1955 metadata expansion lead,ACT,Hall,Hall,Metadata-only lead overlay,overlay_not_public_map
mapmeta_778a0e5fc4056f994b8b4e9f,release_metadata_gap_items,relmeta_bf33902e1309d82d73fcdfa0,ACT Heritage Library ACT 1959 metadata expansion lead,ACT,Acton,Acton,Metadata-only lead overlay,overlay_not_public_map
mapmeta_121b27e5088792ec19f610e5,release_metadata_gap_items,relmeta_e334deda2b2ed54eee9f3d08,ACT Heritage Library ACT 1959 metadata expansion lead,ACT,Acton,Acton,Metadata-only lead overlay,overlay_not_public_map
mapmeta_9da0e0b089519eb1ec770c18,release_metadata_gap_items,relmeta_83ad2578c4c3846e99309d64,John Oxley Library ACT 1955 metadata expansion lead,ACT,Acton,Acton,Metadata-only lead overlay,overlay_not_public_map
mapmeta_985863f807c3666a3296dba0,release_metadata_gap_items,relmeta_9359fee3789a4708ff98eb04,State Library Victoria Catalogue ACT 1955 metadata expansion lead,ACT,Kingston,Kingston,Metadata-only lead overlay,overlay_not_public_map
mapmeta_5a9ec3ee70d8bad261d5fd36,release_metadata_gap_items,relmeta_5b6ae807399d3558490dc4d3,State Library Victoria Digitised Collections ACT 1955 metadata expansion lead,ACT,Kingston,Kingston,Metadata-only lead overlay,overlay_not_public_map
mapmeta_bee4942bbba811171b00b128,release_metadata_gap_items,relmeta_68f35366f5cbbc40a19ce981,State Library of NSW Catalogue ACT 1955 metadata expansion lead,ACT,Kingston,Kingston,Metadata-only lead overlay,overlay_not_public_map
mapmeta_f0ddd5634279f497843a4457,release_metadata_gap_items,relmeta_8cae99d139d84ba6aad1f83d,State Library of NSW Digital Collections ACT 1955 metadata expansion lead,ACT,Kingston,Kingston,Metadata-only lead overlay,overlay_not_public_map
mapmeta_850f50c65f5a1617a9e28e3f,release_metadata_gap_items,relmeta_629f5563fcbd3996174ec337,State Library of Queensland One Search ACT 1955 metadata expansion lead,ACT,Yarralumla,Yarralumla,Metadata-only lead overlay,overlay_not_public_map
mapmeta_6017640d693fa4eaf2eeeeb8,release_metadata_gap_items,relmeta_14c0336dc85464769c2b850f,ABC Archives Public Pages ACT 1956 metadata expansion lead,ACT,Hall,Hall,Metadata-only lead overlay,overlay_not_public_map
mapmeta_9c0dde41e4def5f7aac00c60,release_metadata_gap_items,relmeta_4852c0d1948d1c8c219c9b3e,Australian Screen Online ACT 1956 metadata expansion lead,ACT,Hall,Hall,Metadata-only lead overlay,overlay_not_public_map
mapmeta_3fd50acb0e85ac213300b8dd,release_metadata_gap_items,relmeta_600d1279fdb295fbe1c87dc7,NFSA Collection ACT 1956 metadata expansion lead,ACT,Canberra,Canberra,Metadata-only lead overlay,overlay_not_public_map
mapmeta_5228c6f3be5950f92b2d22cd,release_metadata_gap_items,relmeta_75e578567b8f93b0604b0f80,ACT Heritage Register ACT 1960 metadata expansion lead,ACT,Yarralumla,Yarralumla,Metadata-only lead overlay,overlay_not_public_map
mapmeta_e2d026feb7afe735260737d6,release_metadata_gap_items,relmeta_a2e200ec7e45e80d3ba5b712,ACT Heritage Register ACT 1960 metadata expansion lead,ACT,Yarralumla,Yarralumla,Metadata-only lead overlay,overlay_not_public_map
mapmeta_61352152537bf5fe384c10e8,release_metadata_gap_items,relmeta_f39f85c7d8465add681e15fe,Australian Heritage Database ACT 1956 metadata expansion lead,ACT,Yarralumla,Yarralumla,Metadata-only lead overlay,overlay_not_public_map
mapmeta_9a5d16e47cb3441c33ed0066,release_metadata_gap_items,relmeta_d4b27412788e0bb8fd6dcb9c,National Capital Authority Heritage ACT 1960 metadata expansion lead,ACT,Hall,Hall,Metadata-only lead overlay,overlay_not_public_map
mapmeta_8055f5164a1ab96f375c4368,release_metadata_gap_items,relmeta_d5efb32b395b730ec486d3fc,National Trust ACT ACT 1960 metadata expansion lead,ACT,Hall,Hall,Metadata-only lead overlay,overlay_not_public_map
mapmeta_dc1dd940aafd58ffd9698826,release_metadata_gap_items,relmeta_6e7904da2cdc1a989a2d74c1,National Trust ACT ACT 1960 metadata expansion lead,ACT,Hall,Hall,Metadata-only lead overlay,overlay_not_public_map
mapmeta_94015df366e1abdb59bd43ac,release_metadata_gap_items,relmeta_8d82231ca4d1fb458acf03b6,ACT Memory ACT 1960 metadata expansion lead,ACT,Kingston,Kingston,Metadata-only lead overlay,overlay_not_public_map
mapmeta_f16c3b7e8c5f291f123b16f9,release_metadata_gap_items,relmeta_a0b292f0548e2d228f7e0224,Canberra & District Historical Society ACT 1960 metadata expansion lead,ACT,Kingston,Kingston,Metadata-only lead overlay,overlay_not_public_map
mapmeta_52f28eb0c0d3108ad54ff3a4,release_metadata_gap_items,relmeta_4f7bf80250af63f0554a948c,Canberra & District Historical Society ACT 1960 metadata expansion lead,ACT,Kingston,Kingston,Metadata-only lead overlay,overlay_not_public_map
mapmeta_4971949b69b937232ee46b16,release_metadata_gap_items,relmeta_2ca6743b36a35b9899f7fdbd,Australian War Memorial ACT 1956 metadata expansion lead,ACT,Canberra,Canberra,Metadata-only lead overlay,overlay_not_public_map
mapmeta_43a3cc059058076feeea7112,release_metadata_gap_items,relmeta_64f1570961000c1425b3e468,Australian War Memorial Collection ACT 1956 metadata expansion lead,ACT,Canberra,Canberra,Metadata-only lead overlay,overlay_not_public_map
mapmeta_083b0229369f3178bd1e2b41,release_metadata_gap_items,relmeta_71b6f11a56d8091ccd43cd04,Canberra Museum and Gallery ACT 1960 metadata expansion lead,ACT,Acton,Acton,Metadata-only lead overlay,overlay_not_public_map
mapmeta_5fb1bc35d882b279849fc157,release_metadata_gap_items,relmeta_0c6f1664352a5bf1c42cf638,Canberra Museum and Gallery ACT 1960 metadata expansion lead,ACT,Acton,Acton,Metadata-only lead overlay,overlay_not_public_map
mapmeta_f4cb9cbee175d694827487bc,release_metadata_gap_items,relmeta_6e6cf7a9f3d4103810481349,ANU Archives ACT 1960 metadata expansion lead,ACT,Hall,Hall,Metadata-only lead overlay,overlay_not_public_map
mapmeta_27e8561129dd63cc601f0d5c,release_metadata_gap_items,relmeta_44340265445cd2193dfa4997,ANU Archives ACT 1960 metadata expansion lead,ACT,Hall,Hall,Metadata-only lead overlay,overlay_not_public_map
mapmeta_3284cdd880e12d8a537c2116,release_metadata_gap_items,relmeta_cc8437c9b40ee73b950c9f03,ArchivesACT ACT 1960 metadata expansion lead,ACT,Canberra,Canberra,Metadata-only lead overlay,overlay_not_public_map
mapmeta_2e5bec66eb53d01edb4f5650,release_metadata_gap_items,relmeta_7746b398046c7f8748e6c6ff,ArchivesACT / ACT Memory ACT 1960 metadata expansion lead,ACT,Canberra,Canberra,Metadata-only lead overlay,overlay_not_public_map
mapmeta_aadac7690961957c0d3c267f,release_metadata_gap_items,relmeta_df761ad8170237bd0db0adf1,ACT Heritage Library ACT 1960 metadata expansion lead,ACT,Kingston,Kingston,Metadata-only lead overlay,overlay_not_public_map
mapmeta_443bbef310a8609645c4f18a,release_metadata_gap_items,relmeta_96d1fa0288c3cde84518fe5c,ACT Heritage Library ACT 1960 metadata expansion lead,ACT,Kingston,Kingston,Metadata-only lead overlay,overlay_not_public_map
mapmeta_e6dbebbbd6a19accc67c58b1,release_metadata_gap_items,relmeta_2d5846e4f65e6b528e83f840,ACT Heritage Register ACT 1961 metadata expansion lead,ACT,Hall,Hall,Metadata-only lead overlay,overlay_not_public_map
mapmeta_f187486380ea2eff6ca3df89,release_metadata_gap_items,relmeta_1f8fa9a77d7a51f005294ddb,ACT Heritage Register ACT 1961 metadata expansion lead,ACT,Hall,Hall,Metadata-only lead overlay,overlay_not_public_map
mapmeta_8e58fa7bcb80883f1e255a98,release_metadata_gap_items,relmeta_b6429a9b6259fa65d1b4600d,National Capital Authority Heritage ACT 1961 metadata expansion lead,ACT,Canberra,Canberra,Metadata-only lead overlay,overlay_not_public_map
mapmeta_6dbf415296484b3c63416bcb,release_metadata_gap_items,relmeta_0e2484acd1151efa854bcfce,National Trust ACT ACT 1961 metadata expansion lead,ACT,Canberra,Canberra,Metadata-only lead overlay,overlay_not_public_map
mapmeta_6a07513075ab43c135210fa0,release_metadata_gap_items,relmeta_6de93a515b7b2fbdc0e04749,National Trust ACT ACT 1961 metadata expansion lead,ACT,Canberra,Canberra,Metadata-only lead overlay,overlay_not_public_map
mapmeta_1c4c54781563beaa32270d34,release_metadata_gap_items,relmeta_3d4a359bf46e55cdd4209046,ACT Memory ACT 1961 metadata expansion lead,ACT,Yarralumla,Yarralumla,Metadata-only lead overlay,overlay_not_public_map
mapmeta_5579bb41e9b56a48abfb3e3c,release_metadata_gap_items,relmeta_2ccfe440b28fd4e6b31e37a5,Canberra & District Historical Society ACT 1961 metadata expansion lead,ACT,Yarralumla,Yarralumla,Metadata-only lead overlay,overlay_not_public_map
mapmeta_d256125728ce628c397e982c,release_metadata_gap_items,relmeta_6fd44da081be626bfcc95f6c,Canberra & District Historical Society ACT 1961 metadata expansion lead,ACT,Yarralumla,Yarralumla,Metadata-only lead overlay,overlay_not_public_map
mapmeta_81edca3256cbc6e4ada53777,release_metadata_gap_items,relmeta_06eb5b2ec0196841413e1dd3,Canberra Museum and Gallery ACT 1961 metadata expansion lead,ACT,Acton,Acton,Metadata-only lead overlay,overlay_not_public_map
mapmeta_7f148cf387a27476559ec381,release_metadata_gap_items,relmeta_7c69e13d26e4bcdedd05f69d,Canberra Museum and Gallery ACT 1961 metadata expansion lead,ACT,Kingston,Kingston,Metadata-only lead overlay,overlay_not_public_map
mapmeta_232d3c09e9f78c5dcf7e61cb,release_metadata_gap_items,relmeta_1e905207f6acbb0d6f3808e7,ANU Archives ACT 1961 metadata expansion lead,ACT,Canberra,Canberra,Metadata-only lead overlay,overlay_not_public_map
mapmeta_cc6a6e5f21bdfef867a426e2,release_metadata_gap_items,relmeta_b9da9226b42d0b4d07a16204,ANU Archives ACT 1961 metadata expansion lead,ACT,Canberra,Canberra,Metadata-only lead overlay,overlay_not_public_map
mapmeta_c9226d4824658543a17c28d3,release_metadata_gap_items,relmeta_2219d33fb278d7e032b5e799,ArchivesACT ACT 1961 metadata expansion lead,ACT,Canberra,Canberra,Metadata-only lead overlay,overlay_not_public_map
mapmeta_961921d8d854c7994389b67b,release_metadata_gap_items,relmeta_733942eddbddebaf806a4c06,ArchivesACT / ACT Memory ACT 1961 metadata expansion lead,ACT,Acton,Acton,Metadata-only lead overlay,overlay_not_public_map
mapmeta_6f210e58fd8da7f4263c0119,release_metadata_gap_items,relmeta_927a0b16e8465689877e7c71,ACT Heritage Library ACT 1961 metadata expansion lead,ACT,Kingston,Kingston,Metadata-only lead overlay,overlay_not_public_map
mapmeta_6205957a63a748d887ff2478,release_metadata_gap_items,relmeta_e466ab21ea32205e09bbd780,ACT Heritage Library ACT 1961 metadata expansion lead,ACT,Yarralumla,Yarralumla,Metadata-only lead overlay,overlay_not_public_map
mapmeta_31e63bef09a1428138d43125,release_metadata_gap_items,relmeta_7612ab208ab57bf824111585,ACT Heritage Register ACT 1962 metadata expansion lead,ACT,Hall,Hall,Metadata-only lead overlay,overlay_not_public_map
mapmeta_59a200fc129033d22a7e85f9,release_metadata_gap_items,relmeta_de04aa4efb5c06cdc70c4214,ACT Heritage Register ACT 1962 metadata expansion lead,ACT,Canberra,Canberra,Metadata-only lead overlay,overlay_not_public_map
mapmeta_4897472901683f24bce4b604,release_metadata_gap_items,relmeta_1853a1019a7fbe8ab14392be,National Capital Authority Heritage ACT 1962 metadata expansion lead,ACT,Acton,Acton,Metadata-only lead overlay,overlay_not_public_map
mapmeta_6f4e80a89bbb0d9ed9a88d68,release_metadata_gap_items,relmeta_9ecc69bc2612dfc8525e22fe,National Trust ACT ACT 1962 metadata expansion lead,ACT,Acton,Acton,Metadata-only lead overlay,overlay_not_public_map
mapmeta_89730260b818858a0ce2eb82,release_metadata_gap_items,relmeta_b03be08ebf7ec26ef32bc244,National Trust ACT ACT 1962 metadata expansion lead,ACT,Acton,Acton,Metadata-only lead overlay,overlay_not_public_map
mapmeta_9c86f4549ecb84a6ca4a2b49,release_metadata_gap_items,relmeta_14c7c612466e4c9600a2d809,ACT Memory ACT 1962 metadata expansion lead,ACT,Yarralumla,Yarralumla,Metadata-only lead overlay,overlay_not_public_map
mapmeta_79603ae2a0f815cb35c568ab,release_metadata_gap_items,relmeta_4f1bd3a72e2a5db3e1915f35,Canberra & District Historical Society ACT 1962 metadata expansion lead,ACT,Hall,Hall,Metadata-only lead overlay,overlay_not_public_map
mapmeta_e1970323ac0eae7a31ffc4f1,release_metadata_gap_items,relmeta_1106b4ea5e491625c137c52b,Canberra & District Historical Society ACT 1962 metadata expansion lead,ACT,Hall,Hall,Metadata-only lead overlay,overlay_not_public_map
mapmeta_5ccf7b14cdc129287e0e71db,release_metadata_gap_items,relmeta_83d374546e7bba58c150824c,Canberra Museum and Gallery ACT 1962 metadata expansion lead,ACT,Kingston,Kingston,Metadata-only lead overlay,overlay_not_public_map
mapmeta_d06268f29ae822044a142afe,release_metadata_gap_items,relmeta_0e197a18cbb40605d180d72d,Canberra Museum and Gallery ACT 1962 metadata expansion lead,ACT,Kingston,Kingston,Metadata-only lead overlay,overlay_not_public_map
mapmeta_51a75e1d39fa3a104c8e7303,release_metadata_gap_items,relmeta_3148a8e624bde7a921ee43ce,ANU Archives ACT 1962 metadata expansion lead,ACT,Acton,Acton,Metadata-only lead overlay,overlay_not_public_map
mapmeta_f6e3a3d683dfd76e42abe96b,release_metadata_gap_items,relmeta_13eaf0e10e89cc584464f312,ANU Archives ACT 1962 metadata expansion lead,ACT,Acton,Acton,Metadata-only lead overlay,overlay_not_public_map
mapmeta_daf617b72be45a3cd69a7243,release_metadata_gap_items,relmeta_2ca2858d1b85b8d79544153b,ArchivesACT ACT 1962 metadata expansion lead,ACT,Acton,Acton,Metadata-only lead overlay,overlay_not_public_map
mapmeta_43e0f17e97f4127fd588f2ff,release_metadata_gap_items,relmeta_1e95bc503eeb0eb51b0f90e5,ArchivesACT / ACT Memory ACT 1962 metadata expansion lead,ACT,Acton,Acton,Metadata-only lead overlay,overlay_not_public_map
mapmeta_5e79eac47549496cdaeb59f2,release_metadata_gap_items,relmeta_38a59013e744a7fbdb33bd54,ACT Heritage Library ACT 1962 metadata expansion lead,ACT,Yarralumla,Yarralumla,Metadata-only lead overlay,overlay_not_public_map
mapmeta_4a2c218c98d9caeeea0cebfc,release_metadata_gap_items,relmeta_7a2d92a54d030ab217b5819f,ACT Heritage Library ACT 1962 metadata expansion lead,ACT,Yarralumla,Yarralumla,Metadata-only lead overlay,overlay_not_public_map
mapmeta_8e564a4ab6d7e26b42a9a75c,release_metadata_gap_items,relmeta_0fd9b99907e63e15bf39ca60,ACT Heritage Register ACT 1963 metadata expansion lead,ACT,Canberra,Canberra,Metadata-only lead overlay,overlay_not_public_map
mapmeta_fc306feaa7bc8795899128e7,release_metadata_gap_items,relmeta_7fbbb3bfb2151c02023c07ac,ACT Heritage Register ACT 1963 metadata expansion lead,ACT,Canberra,Canberra,Metadata-only lead overlay,overlay_not_public_map
mapmeta_8c9e2c656aea7ac9ad1f34ec,release_metadata_gap_items,relmeta_b284ad571f5a984b06236ea7,National Capital Authority Heritage ACT 1963 metadata expansion lead,ACT,Acton,Acton,Metadata-only lead overlay,overlay_not_public_map
mapmeta_bdf11419bdd0a2a25ab845e9,release_metadata_gap_items,relmeta_cea433853bd9dded6a1d5241,National Trust ACT ACT 1963 metadata expansion lead,ACT,Kingston,Kingston,Metadata-only lead overlay,overlay_not_public_map
mapmeta_ee7e493af5a3d6b4d3709579,release_metadata_gap_items,relmeta_12dd13a3ae7b193950c8baf8,National Trust ACT ACT 1963 metadata expansion lead,ACT,Kingston,Kingston,Metadata-only lead overlay,overlay_not_public_map
mapmeta_9ee315060a6dd20a06628904,release_metadata_gap_items,relmeta_149784e7ffec0cf103f309f9,ACT Memory ACT 1963 metadata expansion lead,ACT,Hall,Hall,Metadata-only lead overlay,overlay_not_public_map
mapmeta_216b8ed73ab0ae73d04cf149,release_metadata_gap_items,relmeta_06a4ee81bba27bfa94e58228,Canberra & District Historical Society ACT 1963 metadata expansion lead,ACT,Hall,Hall,Metadata-only lead overlay,overlay_not_public_map
mapmeta_7d5c3922135c6a95e37d718f,release_metadata_gap_items,relmeta_936e215477f6ae2f16e1e1be,Canberra & District Historical Society ACT 1963 metadata expansion lead,ACT,Canberra,Canberra,Metadata-only lead overlay,overlay_not_public_map
mapmeta_5ea9cc148f9cd1ef233ee6ef,release_metadata_gap_items,relmeta_67626acea27e8de62d23d45d,Canberra Museum and Gallery ACT 1963 metadata expansion lead,ACT,Yarralumla,Yarralumla,Metadata-only lead overlay,overlay_not_public_map
mapmeta_ce19b2cb7a134b7cf70f1062,release_metadata_gap_items,relmeta_e949e11cbec191a7073b27d8,Canberra Museum and Gallery ACT 1963 metadata expansion lead,ACT,Yarralumla,Yarralumla,Metadata-only lead overlay,overlay_not_public_map
mapmeta_3859f6dcf701db10123fdb3f,release_metadata_gap_items,relmeta_e9b8441f0f5a3fa637a88697,ANU Archives ACT 1963 metadata expansion lead,ACT,Kingston,Kingston,Metadata-only lead overlay,overlay_not_public_map
mapmeta_8e49a199491dd8939fa5acfc,release_metadata_gap_items,relmeta_d61d1d9120bf109d73ebbe51,ANU Archives ACT 1963 metadata expansion lead,ACT,Kingston,Kingston,Metadata-only lead overlay,overlay_not_public_map
mapmeta_f93e73987f5999c59b707d19,release_metadata_gap_items,relmeta_01f2811a302e3622c09660c5,ArchivesACT ACT 1963 metadata expansion lead,ACT,Kingston,Kingston,Metadata-only lead overlay,overlay_not_public_map
mapmeta_29287e5d30c23961ed379d71,release_metadata_gap_items,relmeta_2db171379fb407569f862423,ArchivesACT / ACT Memory ACT 1963 metadata expansion lead,ACT,Kingston,Kingston,Metadata-only lead overlay,overlay_not_public_map
mapmeta_0a505d0115b3cb6563b855f0,release_metadata_gap_items,relmeta_ca151ee14ac9ce4e49bcfcb4,ACT Heritage Library ACT 1963 metadata expansion lead,ACT,Hall,Hall,Metadata-only lead overlay,overlay_not_public_map
mapmeta_92c67883deee3d2f72a19393,release_metadata_gap_items,relmeta_07641e16d5cfeabaeb5dbd6c,ACT Heritage Library ACT 1963 metadata expansion lead,ACT,Hall,Hall,Metadata-only lead overlay,overlay_not_public_map
mapmeta_888f733d2c063a465a0c0f12,release_metadata_gap_items,relmeta_1b5c36368c54e5a8c8c93a13,ABC Public Pages ACT 1956 metadata expansion lead,ACT,Kingston,Kingston,Metadata-only lead overlay,overlay_not_public_map
mapmeta_316436bbf4f78b67c9038da7,release_metadata_gap_items,relmeta_b59ae930ea5f73b2cecd7c65,Australian Screen Online ACT 1956 metadata expansion lead,ACT,Yarralumla,Yarralumla,Metadata-only lead overlay,overlay_not_public_map
mapmeta_4fd2a36bbbb2ce8f0bad9ef5,release_metadata_gap_items,relmeta_458f3187427bd1535751580c,NFSA Collection ACT 1956 metadata expansion lead,ACT,Yarralumla,Yarralumla,Metadata-only lead overlay,overlay_not_public_map
mapmeta_a2141ee22c9c996b5332ef82,release_metadata_gap_items,relmeta_ad5035466c195da62fc5d755,Brisbane Heritage Register ACT 1956 metadata expansion lead,ACT,Hall,Hall,Metadata-only lead overlay,overlay_not_public_map
mapmeta_978413451a6fb47eb95ef13b,release_metadata_gap_items,relmeta_48bf768127982b05381092f7,City of Sydney Archives ACT 1956 metadata expansion lead,ACT,Hall,Hall,Metadata-only lead overlay,overlay_not_public_map
mapmeta_26e2b5e5f0f4a0f0301cfb15,release_metadata_gap_items,relmeta_3b524cd07737bfbe4a3beb75,ACT Heritage Register ACT 1964 metadata expansion lead,ACT,Acton,Acton,Metadata-only lead overlay,overlay_not_public_map
mapmeta_6074cfdceaa541ceb814c099,release_metadata_gap_items,relmeta_cb8a40c55b9d9decabda4355,ACT Heritage Register ACT 1964 metadata expansion lead,ACT,Acton,Acton,Metadata-only lead overlay,overlay_not_public_map
mapmeta_d9ee5eb1cd0258aa534a71aa,release_metadata_gap_items,relmeta_d17ce0c534f8e425fa080681,Australian Heritage Database ACT 1956 metadata expansion lead,ACT,Acton,Acton,Metadata-only lead overlay,overlay_not_public_map
mapmeta_bf32cfb2fc42bffc2323b84f,release_metadata_gap_items,relmeta_e38608de6848df30564bedbd,NSW State Heritage Inventory ACT 1956 metadata expansion lead,ACT,Kingston,Kingston,Metadata-only lead overlay,overlay_not_public_map
mapmeta_6f5d15ee3e91278987190e4f,release_metadata_gap_items,relmeta_06ee5a42a5d7e85531a5d969,National Capital Authority Heritage ACT 1964 metadata expansion lead,ACT,Kingston,Kingston,Metadata-only lead overlay,overlay_not_public_map
mapmeta_f0a397038911a470e56ff2c2,release_metadata_gap_items,relmeta_8a44f0cf05faaff941d92185,National Trust ACT ACT 1964 metadata expansion lead,ACT,Kingston,Kingston,Metadata-only lead overlay,overlay_not_public_map
mapmeta_62c7e626471cb92d197f31ee,release_metadata_gap_items,relmeta_07acf77e94d13a6b0b3f968a,National Trust ACT ACT 1964 metadata expansion lead,ACT,Yarralumla,Yarralumla,Metadata-only lead overlay,overlay_not_public_map
mapmeta_05c8effce6822a33e52fe20e,release_metadata_gap_items,relmeta_64f460ee3705e65ccae9723d,National Trust NSW Register ACT 1956 metadata expansion lead,ACT,Yarralumla,Yarralumla,Metadata-only lead overlay,overlay_not_public_map
mapmeta_7e67852bc5def27cf37aacaa,release_metadata_gap_items,relmeta_61f3f878840056fa37505858,National Trust Victoria Register ACT 1956 metadata expansion lead,ACT,Hall,Hall,Metadata-only lead overlay,overlay_not_public_map
mapmeta_2e62dc6cce3f5a22d7b94bf6,release_metadata_gap_items,relmeta_771543bf0bd4421622106eca,Queensland Heritage Register ACT 1956 metadata expansion lead,ACT,Hall,Hall,Metadata-only lead overlay,overlay_not_public_map
mapmeta_73b1fb8a921d89ad3d07a1eb,release_metadata_gap_items,relmeta_97eba2a9481b43df1aa86bc4,Victorian Heritage Database ACT 1956 metadata expansion lead,ACT,Canberra,Canberra,Metadata-only lead overlay,overlay_not_public_map
mapmeta_877790558ead81c88fc94613,release_metadata_gap_items,relmeta_7b9a2cf8636ad1c8886bc5cf,ACT Memory ACT 1964 metadata expansion lead,ACT,Canberra,Canberra,Metadata-only lead overlay,overlay_not_public_map
mapmeta_cb14b16635fc5b2b23cf6e57,release_metadata_gap_items,relmeta_bc271b7d8e51faecdb2b8b53,Canberra & District Historical Society ACT 1964 metadata expansion lead,ACT,Canberra,Canberra,Metadata-only lead overlay,overlay_not_public_map
mapmeta_ff576ea898d0c91077c3a831,release_metadata_gap_items,relmeta_0621e85bd6d17f4f23165c8b,Canberra & District Historical Society ACT 1964 metadata expansion lead,ACT,Canberra,Canberra,Metadata-only lead overlay,overlay_not_public_map
mapmeta_dcbf90c5788f10417541e6e7,release_metadata_gap_items,relmeta_29206060be08ed8802bd1405,Dictionary of Sydney ACT 1956 metadata expansion lead,ACT,Acton,Acton,Metadata-only lead overlay,overlay_not_public_map
mapmeta_916823950ccde547b52c4b2a,release_metadata_gap_items,relmeta_f4938533efec254ddff03830,Royal Australian Historical Society ACT 1956 metadata expansion lead,ACT,Kingston,Kingston,Metadata-only lead overlay,overlay_not_public_map
mapmeta_6c9f699dc7cd4b90433df1ba,release_metadata_gap_items,relmeta_0d6d880d3fc839efbd5ae675,Royal Historical Society of Queensland ACT 1956 metadata expansion lead,ACT,Kingston,Kingston,Metadata-only lead overlay,overlay_not_public_map
mapmeta_356c19dc4f91cdbe83b9b46c,release_metadata_gap_items,relmeta_a32c48bb86fe86cbc85274cd,Royal Historical Society of Victoria ACT 1956 metadata expansion lead,ACT,Kingston,Kingston,Metadata-only lead overlay,overlay_not_public_map
mapmeta_e62b81e481bb65f40323f0c0,release_metadata_gap_items,relmeta_1d20e1827ea01be54b71251c,ACMI Collections ACT 1956 metadata expansion lead,ACT,Yarralumla,Yarralumla,Metadata-only lead overlay,overlay_not_public_map
mapmeta_83da900bfbd5f65f7d757849,release_metadata_gap_items,relmeta_783ef70aa320c35f3ea3751b,Canberra Museum and Gallery ACT 1964 metadata expansion lead,ACT,Hall,Hall,Metadata-only lead overlay,overlay_not_public_map
mapmeta_a5c825cb53cb95985dd04ca1,release_metadata_gap_items,relmeta_b93085eb67ab44473c843c5d,Canberra Museum and Gallery ACT 1964 metadata expansion lead,ACT,Hall,Hall,Metadata-only lead overlay,overlay_not_public_map
mapmeta_56de38635a36677bbd2917d9,release_metadata_gap_items,relmeta_6c6fe7e7c0e99eb7d562d7fa,Museums Victoria Collections ACT 1956 metadata expansion lead,ACT,Canberra,Canberra,Metadata-only lead overlay,overlay_not_public_map
mapmeta_2747216181de0c9a0ddb8ca9,release_metadata_gap_items,relmeta_559498f9f83549e95a6d8ff6,Queensland Museum Network ACT 1956 metadata expansion lead,ACT,Acton,Acton,Metadata-only lead overlay,overlay_not_public_map
mapmeta_99926d8ae4a1c4803c7a6149,release_metadata_gap_items,relmeta_d13f2694fa547051223babf5,Victorian Collections ACT 1956 metadata expansion lead,ACT,Acton,Acton,Metadata-only lead overlay,overlay_not_public_map
mapmeta_0ce55a7ba200cd5e16f9ac51,release_metadata_gap_items,relmeta_0e9d8ba28846b4fb05b58995,eHive Museum Collections ACT 1956 metadata expansion lead,ACT,Kingston,Kingston,Metadata-only lead overlay,overlay_not_public_map
mapmeta_907f1f290319ca58244c4805,release_metadata_gap_items,relmeta_96235526d6cbac82bb65bcd4,ANU Archives ACT 1964 metadata expansion lead,ACT,Yarralumla,Yarralumla,Metadata-only lead overlay,overlay_not_public_map
mapmeta_6d7aae5f6dc59c89d894b5e3,release_metadata_gap_items,relmeta_8bdadd3665ec9bc5e6167687,ANU Archives ACT 1964 metadata expansion lead,ACT,Yarralumla,Yarralumla,Metadata-only lead overlay,overlay_not_public_map
mapmeta_91b9f4d79df653177ec8078b,release_metadata_gap_items,relmeta_58ba764686c3d8910f3fa7af,ArchivesACT ACT 1964 metadata expansion lead,ACT,Yarralumla,Yarralumla,Metadata-only lead overlay,overlay_not_public_map
mapmeta_81e32e466b897b9229f7e1ed,release_metadata_gap_items,relmeta_d10619ff21f988a958470ddc,ArchivesACT / ACT Memory ACT 1964 metadata expansion lead,ACT,Yarralumla,Yarralumla,Metadata-only lead overlay,overlay_not_public_map
mapmeta_a8c25fc3dbe3a001c486e60b,release_metadata_gap_items,relmeta_d41e7ffee9ce9180514ce15a,Museums of History NSW State Archives Collection ACT 1956 metadata expansion lead,ACT,Yarralumla,Yarralumla,Metadata-only lead overlay,overlay_not_public_map
mapmeta_ad341bb336179e98d777a054,release_metadata_gap_items,relmeta_7e169fbc87700e7e1466f9f3,Public Record Office Victoria Catalogue ACT 1956 metadata expansion lead,ACT,Hall,Hall,Metadata-only lead overlay,overlay_not_public_map
mapmeta_ac39e63b54a0cf198d941bae,release_metadata_gap_items,relmeta_469fee6b7640d21974bdbcdf,Queensland State Archives ArchivesSearch ACT 1956 metadata expansion lead,ACT,Hall,Hall,Metadata-only lead overlay,overlay_not_public_map
mapmeta_df3b37f0c8b0712bb1c60ec2,release_metadata_gap_items,relmeta_51c66b40f693228d90427d45,ACT Heritage Library ACT 1964 metadata expansion lead,ACT,Canberra,Canberra,Metadata-only lead overlay,overlay_not_public_map
mapmeta_d2a2a15b8875b0421af94dec,release_metadata_gap_items,relmeta_f5a40becd3d6d009c572e5c1,ACT Heritage Library ACT 1964 metadata expansion lead,ACT,Canberra,Canberra,Metadata-only lead overlay,overlay_not_public_map
mapmeta_9f30c461da337f0518e9713e,release_metadata_gap_items,relmeta_aba0e7c39a5f03bc448ae62f,John Oxley Library ACT 1956 metadata expansion lead,ACT,Acton,Acton,Metadata-only lead overlay,overlay_not_public_map
mapmeta_a02facabaddb7589f5cee8ad,release_metadata_gap_items,relmeta_d0c6d8c99b8e850b821ca777,State Library Victoria Catalogue ACT 1956 metadata expansion lead,ACT,Acton,Acton,Metadata-only lead overlay,overlay_not_public_map
mapmeta_61c32c98b8d1cbe1e1c79858,release_metadata_gap_items,relmeta_869d7990f18c7e6868285ea8,State Library Victoria Digitised Collections ACT 1956 metadata expansion lead,ACT,Acton,Acton,Metadata-only lead overlay,overlay_not_public_map
mapmeta_8b4cee0329afabc8e2631221,release_metadata_gap_items,relmeta_2d9fe0d4ba3be75eea84d4a5,State Library of NSW Catalogue ACT 1956 metadata expansion lead,ACT,Kingston,Kingston,Metadata-only lead overlay,overlay_not_public_map
mapmeta_3cba3f4fe5d563f7eacae732,release_metadata_gap_items,relmeta_bb683dca43052c3a58ae8600,State Library of NSW Digital Collections ACT 1956 metadata expansion lead,ACT,Kingston,Kingston,Metadata-only lead overlay,overlay_not_public_map
mapmeta_16a9baaafa47b50faa101a28,release_metadata_gap_items,relmeta_aceb8eb978f006433776cddb,State Library of Queensland One Search ACT 1956 metadata expansion lead,ACT,Kingston,Kingston,Metadata-only lead overlay,overlay_not_public_map
mapmeta_105cfe33d64b687a463b42f9,release_metadata_gap_items,relmeta_8b7bdef17dff71011ef03012,ABC Archives Public Pages ACT 1957 metadata expansion lead,ACT,Yarralumla,Yarralumla,Metadata-only lead overlay,overlay_not_public_map
mapmeta_0bce262b4d71bad46f114659,release_metadata_gap_items,relmeta_b02b83287f07f97d04f8b892,Australian Screen Online ACT 1957 metadata expansion lead,ACT,Hall,Hall,Metadata-only lead overlay,overlay_not_public_map
mapmeta_f0d650967517d3f6f84fc5af,release_metadata_gap_items,relmeta_bafae0726046558459dfd43f,NFSA Collection ACT 1957 metadata expansion lead,ACT,Hall,Hall,Metadata-only lead overlay,overlay_not_public_map
mapmeta_75eb2b26014a2bf70cfb6382,release_metadata_gap_items,relmeta_7e32b6f490f85748323b44f1,ACT Heritage Register ACT 1965 metadata expansion lead,ACT,Kingston,Kingston,Metadata-only lead overlay,overlay_not_public_map
mapmeta_0a7f26077a7b01147bdfe046,release_metadata_gap_items,relmeta_8439a8009b1f3e672c57141a,ACT Heritage Register ACT 1965 metadata expansion lead,ACT,Kingston,Kingston,Metadata-only lead overlay,overlay_not_public_map
mapmeta_7ddcbfa4ed8eb4b44e387961,release_metadata_gap_items,relmeta_e60ad19ad96e9288e3cdf515,Australian Heritage Database ACT 1957 metadata expansion lead,ACT,Kingston,Kingston,Metadata-only lead overlay,overlay_not_public_map
mapmeta_9938222a5c23e6e52579299f,release_metadata_gap_items,relmeta_07f8000a725a6951126a4306,National Capital Authority Heritage ACT 1965 metadata expansion lead,ACT,Yarralumla,Yarralumla,Metadata-only lead overlay,overlay_not_public_map
mapmeta_ac2486b0e28a032b8211962b,release_metadata_gap_items,relmeta_db801984370c750bdaf86d3c,National Trust ACT ACT 1965 metadata expansion lead,ACT,Yarralumla,Yarralumla,Metadata-only lead overlay,overlay_not_public_map
mapmeta_1b0c3b922fe152965d8c0bd5,release_metadata_gap_items,relmeta_5c2b1bca24c7ba440a94a284,National Trust ACT ACT 1965 metadata expansion lead,ACT,Yarralumla,Yarralumla,Metadata-only lead overlay,overlay_not_public_map
mapmeta_993fb76548f27aa88986bbdd,release_metadata_gap_items,relmeta_7b5d5d07d65cab9ac55c670a,ACT Memory ACT 1965 metadata expansion lead,ACT,Acton,Acton,Metadata-only lead overlay,overlay_not_public_map
mapmeta_75bd3e62feab0e970a535497,release_metadata_gap_items,relmeta_3f3fa00e9c538e6fb051458b,Canberra & District Historical Society ACT 1965 metadata expansion lead,ACT,Acton,Acton,Metadata-only lead overlay,overlay_not_public_map
mapmeta_af806ffcbd4489c61f64174c,release_metadata_gap_items,relmeta_acb172c09cae8e64ae94a0dd,Canberra & District Historical Society ACT 1965 metadata expansion lead,ACT,Acton,Acton,Metadata-only lead overlay,overlay_not_public_map
mapmeta_30406f13870685f8038c5ce5,release_metadata_gap_items,relmeta_d21d06df16d9046f7cc6b47d,Australian War Memorial ACT 1957 metadata expansion lead,ACT,Hall,Hall,Metadata-only lead overlay,overlay_not_public_map
mapmeta_12c10bb77892dc4b4dc8ffcd,release_metadata_gap_items,relmeta_f65d5e8b315f3872ea173370,Australian War Memorial Collection ACT 1957 metadata expansion lead,ACT,Canberra,Canberra,Metadata-only lead overlay,overlay_not_public_map
mapmeta_64bda18b699fe81bade5deed,release_metadata_gap_items,relmeta_d23dd791cade86cb34b5622c,Canberra Museum and Gallery ACT 1965 metadata expansion lead,ACT,Canberra,Canberra,Metadata-only lead overlay,overlay_not_public_map
mapmeta_05c6e1144116cba547c8031e,release_metadata_gap_items,relmeta_1ceadae87cd0aceef5aacc65,Canberra Museum and Gallery ACT 1965 metadata expansion lead,ACT,Canberra,Canberra,Metadata-only lead overlay,overlay_not_public_map
mapmeta_06bbe377f975639327c2eaf4,release_metadata_gap_items,relmeta_9f8ccea12ecbd23888d892ee,ANU Archives ACT 1965 metadata expansion lead,ACT,Hall,Hall,Metadata-only lead overlay,overlay_not_public_map
mapmeta_a95e8465e4c16ce51d31358c,release_metadata_gap_items,relmeta_f8554def84eb33e39d3c84bb,ANU Archives ACT 1965 metadata expansion lead,ACT,Hall,Hall,Metadata-only lead overlay,overlay_not_public_map
mapmeta_ae8683c23184a9ddb305e7ea,release_metadata_gap_items,relmeta_1a7711901a3350875a54e2b7,ArchivesACT ACT 1965 metadata expansion lead,ACT,Hall,Hall,Metadata-only lead overlay,overlay_not_public_map
mapmeta_085f735592d93f3c05be564f,release_metadata_gap_items,relmeta_754196bb8b1bcd7d61af6977,ArchivesACT / ACT Memory ACT 1965 metadata expansion lead,ACT,Hall,Hall,Metadata-only lead overlay,overlay_not_public_map
mapmeta_6f1b5796324125928119fb77,release_metadata_gap_items,relmeta_da5e2e38d45169650500f5d6,ACT Heritage Library ACT 1965 metadata expansion lead,ACT,Acton,Acton,Metadata-only lead overlay,overlay_not_public_map
mapmeta_3bf184cea7b68fb78968664e,release_metadata_gap_items,relmeta_50dd7d8d486c99739df5248d,ACT Heritage Library ACT 1965 metadata expansion lead,ACT,Acton,Acton,Metadata-only lead overlay,overlay_not_public_map
mapmeta_bf57fd7f08048d13241fed58,release_metadata_gap_items,relmeta_2d44998c2ca1ae518948f075,ACT Heritage Register ACT 1966 metadata expansion lead,ACT,Yarralumla,Yarralumla,Metadata-only lead overlay,overlay_not_public_map
mapmeta_a245352f72429ef1ea93e0e4,release_metadata_gap_items,relmeta_443c731d601d85d9b732dfbc,ACT Heritage Register ACT 1966 metadata expansion lead,ACT,Yarralumla,Yarralumla,Metadata-only lead overlay,overlay_not_public_map
mapmeta_dd68209e247aea30e966cf7e,release_metadata_gap_items,relmeta_abe6576c75b076d29e40bbfd,National Capital Authority Heritage ACT 1966 metadata expansion lead,ACT,Hall,Hall,Metadata-only lead overlay,overlay_not_public_map
mapmeta_aefeb0517f3f78644189a9be,release_metadata_gap_items,relmeta_7ff9f64349eae7bf87261fff,National Trust ACT ACT 1966 metadata expansion lead,ACT,Hall,Hall,Metadata-only lead overlay,overlay_not_public_map
mapmeta_a00c4a2da61680e2ff14b6fc,release_metadata_gap_items,relmeta_ceac9b4bb59651862260adb2,National Trust ACT ACT 1966 metadata expansion lead,ACT,Hall,Hall,Metadata-only lead overlay,overlay_not_public_map
mapmeta_bc2139bd7d072f106c84fd10,release_metadata_gap_items,relmeta_35a666cba01b52c9d6c8cb90,ACT Memory ACT 1966 metadata expansion lead,ACT,Kingston,Kingston,Metadata-only lead overlay,overlay_not_public_map
mapmeta_216ead34017e6b7709e63408,release_metadata_gap_items,relmeta_09b1ffc10c0d43dc17d81f2b,Canberra & District Historical Society ACT 1966 metadata expansion lead,ACT,Kingston,Kingston,Metadata-only lead overlay,overlay_not_public_map
mapmeta_36443c9660274920ad78fdb6,release_metadata_gap_items,relmeta_f51aa9a3093f219907e00823,Canberra & District Historical Society ACT 1966 metadata expansion lead,ACT,Kingston,Kingston,Metadata-only lead overlay,overlay_not_public_map
mapmeta_c83e60937fe8ab034596ace5,release_metadata_gap_items,relmeta_c73d561e0e5c19a10ed5aaf9,Canberra Museum and Gallery ACT 1966 metadata expansion lead,ACT,Acton,Acton,Metadata-only lead overlay,overlay_not_public_map
mapmeta_8b18ddfe44c40ef9bf0f07c6,release_metadata_gap_items,relmeta_76afd990cd6b389fcbf6f955,Canberra Museum and Gallery ACT 1966 metadata expansion lead,ACT,Acton,Acton,Metadata-only lead overlay,overlay_not_public_map
mapmeta_8da61bfbb8df5adc10615fab,release_metadata_gap_items,relmeta_388ad3eb5ea82a970d73a040,ANU Archives ACT 1966 metadata expansion lead,ACT,Hall,Hall,Metadata-only lead overlay,overlay_not_public_map
mapmeta_f344b732dfeba70cdb94cce0,release_metadata_gap_items,relmeta_88fb3124a4083140eba74b9e,ANU Archives ACT 1966 metadata expansion lead,ACT,Canberra,Canberra,Metadata-only lead overlay,overlay_not_public_map
mapmeta_5c5d06cc4598dd82f00e7a7e,release_metadata_gap_items,relmeta_93da4319c45f7d590c14d296,ArchivesACT ACT 1966 metadata expansion lead,ACT,Canberra,Canberra,Metadata-only lead overlay,overlay_not_public_map
mapmeta_9c76cdcafc79ade59197b4b5,release_metadata_gap_items,relmeta_abecd3819f4ea253bec2dcff,ArchivesACT / ACT Memory ACT 1966 metadata expansion lead,ACT,Canberra,Canberra,Metadata-only lead overlay,overlay_not_public_map
mapmeta_0d3c47e575075cfb938f09dc,release_metadata_gap_items,relmeta_9fbd5db127a765f45dfdc418,ACT Heritage Library ACT 1966 metadata expansion lead,ACT,Kingston,Kingston,Metadata-only lead overlay,overlay_not_public_map
mapmeta_cd791c8a86c9ba4da97286fc,release_metadata_gap_items,relmeta_dece528d4fbb9a9f28148293,ACT Heritage Library ACT 1966 metadata expansion lead,ACT,Kingston,Kingston,Metadata-only lead overlay,overlay_not_public_map
mapmeta_249a0217b0db0030755501d4,release_metadata_gap_items,relmeta_376f126950b04211e22aa1a2,ACT Heritage Register ACT 1967 metadata expansion lead,ACT,Hall,Hall,Metadata-only lead overlay,overlay_not_public_map
mapmeta_ff4184e3ca200c9aefcf1a54,release_metadata_gap_items,relmeta_b26a1e3f1d6a69e601670539,ACT Heritage Register ACT 1967 metadata expansion lead,ACT,Hall,Hall,Metadata-only lead overlay,overlay_not_public_map
mapmeta_021d9c9a9a81df0e44c1ff7c,release_metadata_gap_items,relmeta_d62afbce4ff75ab05a88c069,National Capital Authority Heritage ACT 1967 metadata expansion lead,ACT,Canberra,Canberra,Metadata-only lead overlay,overlay_not_public_map
mapmeta_fe68b7e9ac7f72339c175d62,release_metadata_gap_items,relmeta_afb777a9a0d572b610b610ad,National Trust ACT ACT 1967 metadata expansion lead,ACT,Canberra,Canberra,Metadata-only lead overlay,overlay_not_public_map
mapmeta_fdba7f1e83d4448fe3c3f4f3,release_metadata_gap_items,relmeta_bf0a62daf920a08e9171c415,National Trust ACT ACT 1967 metadata expansion lead,ACT,Canberra,Canberra,Metadata-only lead overlay,overlay_not_public_map
mapmeta_9f54ea1ee87ce3e61ee2eaf8,release_metadata_gap_items,relmeta_6e7f87b05115848724928009,ACT Memory ACT 1967 metadata expansion lead,ACT,Yarralumla,Yarralumla,Metadata-only lead overlay,overlay_not_public_map
mapmeta_67fe67a46ba593d9e0678295,release_metadata_gap_items,relmeta_9a74a67c332a1678d9beac5c,Canberra & District Historical Society ACT 1967 metadata expansion lead,ACT,Yarralumla,Yarralumla,Metadata-only lead overlay,overlay_not_public_map
mapmeta_53f7b9b686a1a14b46d84af0,release_metadata_gap_items,relmeta_f11e001c28e8caa7fb579826,Canberra & District Historical Society ACT 1967 metadata expansion lead,ACT,Yarralumla,Yarralumla,Metadata-only lead overlay,overlay_not_public_map
mapmeta_4defbc7c675250a16185f91c,release_metadata_gap_items,relmeta_c4716f24e901c0b6735ca58a,Canberra Museum and Gallery ACT 1967 metadata expansion lead,ACT,Kingston,Kingston,Metadata-only lead overlay,overlay_not_public_map
mapmeta_2c4ade767a29532b701eed94,release_metadata_gap_items,relmeta_51397466f05c68b5f725ea73,Canberra Museum and Gallery ACT 1967 metadata expansion lead,ACT,Kingston,Kingston,Metadata-only lead overlay,overlay_not_public_map
mapmeta_67c83cdd6a51c76aa121d8e6,release_metadata_gap_items,relmeta_97d8d4716c3786a3182b3248,ANU Archives ACT 1967 metadata expansion lead,ACT,Canberra,Canberra,Metadata-only lead overlay,overlay_not_public_map
mapmeta_66f03e6c824fc1af3719f06f,release_metadata_gap_items,relmeta_17996aa28ad646c92b3ad8f0,ANU Archives ACT 1967 metadata expansion lead,ACT,Canberra,Canberra,Metadata-only lead overlay,overlay_not_public_map
mapmeta_b9c9111d18c00427d90367cb,release_metadata_gap_items,relmeta_e1279027d2873da2e64c3978,ArchivesACT ACT 1967 metadata expansion lead,ACT,Acton,Acton,Metadata-only lead overlay,overlay_not_public_map
mapmeta_ba27c6fbc2a7b2db2745dce7,release_metadata_gap_items,relmeta_19599678e0b0e47eb7f9a8a2,ArchivesACT / ACT Memory ACT 1967 metadata expansion lead,ACT,Acton,Acton,Metadata-only lead overlay,overlay_not_public_map
mapmeta_8cf1a76adbb7ea0c48818204,release_metadata_gap_items,relmeta_f4b41ee373bebace8701aa73,ACT Heritage Library ACT 1967 metadata expansion lead,ACT,Yarralumla,Yarralumla,Metadata-only lead overlay,overlay_not_public_map
mapmeta_bb74612685a776015d4ddc4a,release_metadata_gap_items,relmeta_704422976c308839a9b49b99,ACT Heritage Library ACT 1967 metadata expansion lead,ACT,Yarralumla,Yarralumla,Metadata-only lead overlay,overlay_not_public_map
mapmeta_1a51ab83e87d73b131eba24b,release_metadata_gap_items,relmeta_3bf70c898b85f94cff293537,ACT Heritage Register ACT 1968 metadata expansion lead,ACT,Canberra,Canberra,Metadata-only lead overlay,overlay_not_public_map
mapmeta_2af5f3d0dddd4b0ec8b66ab7,release_metadata_gap_items,relmeta_03ddd1cdf1b5e0712139eb9f,ACT Heritage Register ACT 1968 metadata expansion lead,ACT,Canberra,Canberra,Metadata-only lead overlay,overlay_not_public_map
mapmeta_c72218c5955947f68ca2f3e8,release_metadata_gap_items,relmeta_c1eb4cb9da9a671f426a6d83,National Capital Authority Heritage ACT 1968 metadata expansion lead,ACT,Acton,Acton,Metadata-only lead overlay,overlay_not_public_map
mapmeta_628df98305bf7c7b0d92f6ed,release_metadata_gap_items,relmeta_05e4b9f9ac3994b7f506d4e0,National Trust ACT ACT 1968 metadata expansion lead,ACT,Acton,Acton,Metadata-only lead overlay,overlay_not_public_map
mapmeta_05adf810b2e4c9ecff365bfe,release_metadata_gap_items,relmeta_1bd23ee9ea23bc965e9dbde9,National Trust ACT ACT 1968 metadata expansion lead,ACT,Acton,Acton,Metadata-only lead overlay,overlay_not_public_map
mapmeta_bb680c21aa172b924c7d596d,release_metadata_gap_items,relmeta_e7effdcab60518a3fd080107,ACT Memory ACT 1968 metadata expansion lead,ACT,Hall,Hall,Metadata-only lead overlay,overlay_not_public_map
mapmeta_66d95af76af5eb84d10c0648,release_metadata_gap_items,relmeta_27aa6fa308d9e28daea0d2c3,Canberra & District Historical Society ACT 1968 metadata expansion lead,ACT,Hall,Hall,Metadata-only lead overlay,overlay_not_public_map
mapmeta_cf73ce317c11c159d0f1648d,release_metadata_gap_items,relmeta_4a9dc8449285ec7f9775b6d1,Canberra & District Historical Society ACT 1968 metadata expansion lead,ACT,Hall,Hall,Metadata-only lead overlay,overlay_not_public_map
mapmeta_7861cca999d8d7896f3d0265,release_metadata_gap_items,relmeta_4f5e331e0eac8bdae05ff4cd,Canberra Museum and Gallery ACT 1968 metadata expansion lead,ACT,Kingston,Kingston,Metadata-only lead overlay,overlay_not_public_map
mapmeta_6678cb7ee1d349a9f04eee20,release_metadata_gap_items,relmeta_0500cc05a8d164bdec647ce6,Canberra Museum and Gallery ACT 1968 metadata expansion lead,ACT,Yarralumla,Yarralumla,Metadata-only lead overlay,overlay_not_public_map
mapmeta_6d68cbb2eea1b7629cfbad8a,release_metadata_gap_items,relmeta_ea13e7cf7b9838299e5bf6dd,ANU Archives ACT 1968 metadata expansion lead,ACT,Acton,Acton,Metadata-only lead overlay,overlay_not_public_map
mapmeta_a90c6ffd1ad5c2f94685d957,release_metadata_gap_items,relmeta_016564f4b2676bafe4bcb4c4,ANU Archives ACT 1968 metadata expansion lead,ACT,Acton,Acton,Metadata-only lead overlay,overlay_not_public_map
mapmeta_7a46a175097aeed93787e007,release_metadata_gap_items,relmeta_dbbd3c2ba218205bc323f224,ArchivesACT ACT 1968 metadata expansion lead,ACT,Acton,Acton,Metadata-only lead overlay,overlay_not_public_map
mapmeta_6829defcf5e814b45cdb4057,release_metadata_gap_items,relmeta_84afbd33372c2f05bc29cda4,ArchivesACT / ACT Memory ACT 1968 metadata expansion lead,ACT,Kingston,Kingston,Metadata-only lead overlay,overlay_not_public_map
mapmeta_c68e6c15ae78c8c6ec28ceb6,release_metadata_gap_items,relmeta_0dda779a730e399f399b08d0,ACT Heritage Library ACT 1968 metadata expansion lead,ACT,Yarralumla,Yarralumla,Metadata-only lead overlay,overlay_not_public_map
mapmeta_0e5d41d126c03ce6a8f3bf71,release_metadata_gap_items,relmeta_e36e1b0fc706adc7d1453d67,ACT Heritage Library ACT 1968 metadata expansion lead,ACT,Hall,Hall,Metadata-only lead overlay,overlay_not_public_map
mapmeta_3e5eb1f3c06dfdec8193fc53,release_metadata_gap_items,relmeta_33f54cabd633b5b3b1ed684e,ABC Public Pages ACT 1957 metadata expansion lead,ACT,Kingston,Kingston,Metadata-only lead overlay,overlay_not_public_map
mapmeta_200a2ca71d24a3852e304622,release_metadata_gap_items,relmeta_7847a532e317175b9e7642dd,Australian Screen Online ACT 1957 metadata expansion lead,ACT,Kingston,Kingston,Metadata-only lead overlay,overlay_not_public_map
mapmeta_25c47ee0bd0007f97b35fa43,release_metadata_gap_items,relmeta_82a58cb26645d0cec73b566c,NFSA Collection ACT 1957 metadata expansion lead,ACT,Kingston,Kingston,Metadata-only lead overlay,overlay_not_public_map
mapmeta_5c51bad8d5d39f2a8b769beb,release_metadata_gap_items,relmeta_64aa51a19b0f19cff04d4adf,Brisbane Heritage Register ACT 1957 metadata expansion lead,ACT,Yarralumla,Yarralumla,Metadata-only lead overlay,overlay_not_public_map
mapmeta_cf9ae62576a5bff341ac6c57,release_metadata_gap_items,relmeta_3dfa714280ea75ce9b23abe8,City of Sydney Archives ACT 1957 metadata expansion lead,ACT,Hall,Hall,Metadata-only lead overlay,overlay_not_public_map
mapmeta_127ed9e35d318d23d11b35ad,release_metadata_gap_items,relmeta_f8e49205f3126f7c5bf335cf,ACT Heritage Register ACT 1969 metadata expansion lead,ACT,Canberra,Canberra,Metadata-only lead overlay,overlay_not_public_map
mapmeta_5238ba0b3dd7dceffb0074c6,release_metadata_gap_items,relmeta_3098e724e611127dbdafe2d3,ACT Heritage Register ACT 1969 metadata expansion lead,ACT,Acton,Acton,Metadata-only lead overlay,overlay_not_public_map
mapmeta_936338b73ea593683595f356,release_metadata_gap_items,relmeta_76eb20cdca35c9ce4f7aa141,Australian Heritage Database ACT 1957 metadata expansion lead,ACT,Acton,Acton,Metadata-only lead overlay,overlay_not_public_map
mapmeta_00a38f773d161efac05f9372,release_metadata_gap_items,relmeta_9b8408dc6537f67f01c81bfd,NSW State Heritage Inventory ACT 1957 metadata expansion lead,ACT,Acton,Acton,Metadata-only lead overlay,overlay_not_public_map
mapmeta_2ceaf5160fe828cc893ff4e7,release_metadata_gap_items,relmeta_a1d148b95d82bdbaf5698b27,National Capital Authority Heritage ACT 1969 metadata expansion lead,ACT,Kingston,Kingston,Metadata-only lead overlay,overlay_not_public_map
mapmeta_84cdad90b9c5c4c7806b20b2,release_metadata_gap_items,relmeta_19868a8d97b71fb0d0062dbc,National Trust ACT ACT 1969 metadata expansion lead,ACT,Kingston,Kingston,Metadata-only lead overlay,overlay_not_public_map
mapmeta_5f209c9a35eb79278d7e95c5,release_metadata_gap_items,relmeta_04a157ff4a24c3beb5653833,National Trust ACT ACT 1969 metadata expansion lead,ACT,Kingston,Kingston,Metadata-only lead overlay,overlay_not_public_map
mapmeta_608118979a96c1fe548bb9f8,release_metadata_gap_items,relmeta_015df1f04afa2c214268a021,National Trust NSW Register ACT 1957 metadata expansion lead,ACT,Kingston,Kingston,Metadata-only lead overlay,overlay_not_public_map
mapmeta_02685c0654334f7e75ce866f,release_metadata_gap_items,relmeta_168c98b90759c564aa9f6795,National Trust Victoria Register ACT 1957 metadata expansion lead,ACT,Yarralumla,Yarralumla,Metadata-only lead overlay,overlay_not_public_map
mapmeta_f29a899bc4f1ea2f044de42c,release_metadata_gap_items,relmeta_b2723b2cf5d69d4894453ca4,Queensland Heritage Register ACT 1957 metadata expansion lead,ACT,Hall,Hall,Metadata-only lead overlay,overlay_not_public_map
mapmeta_cc40ec62bad8febdffd0ab65,release_metadata_gap_items,relmeta_4aa47927fd772e5acaa7286a,Victorian Heritage Database ACT 1957 metadata expansion lead,ACT,Hall,Hall,Metadata-only lead overlay,overlay_not_public_map
mapmeta_606def54f1bb2e3cf386b945,release_metadata_gap_items,relmeta_7a57ab8bde73d829fbda8929,ACT Memory ACT 1969 metadata expansion lead,ACT,Hall,Hall,Metadata-only lead overlay,overlay_not_public_map
mapmeta_4d6ede90bc60455a57ed5545,release_metadata_gap_items,relmeta_d7c636668db2ceb7cc6d9835,Canberra & District Historical Society ACT 1969 metadata expansion lead,ACT,Canberra,Canberra,Metadata-only lead overlay,overlay_not_public_map
mapmeta_fb85158a33785ea22a0abd11,release_metadata_gap_items,relmeta_d382439c5a171804ceac6dad,Canberra & District Historical Society ACT 1969 metadata expansion lead,ACT,Canberra,Canberra,Metadata-only lead overlay,overlay_not_public_map
mapmeta_3e7e3ca4b5dd6f19e1912986,release_metadata_gap_items,relmeta_c5652c45b7ad7294f1fb32db,Dictionary of Sydney ACT 1957 metadata expansion lead,ACT,Canberra,Canberra,Metadata-only lead overlay,overlay_not_public_map
mapmeta_ce6627eac25c007077c59979,release_metadata_gap_items,relmeta_0ee0fd3ec9416f3372e898bb,Royal Australian Historical Society ACT 1957 metadata expansion lead,ACT,Acton,Acton,Metadata-only lead overlay,overlay_not_public_map
mapmeta_5188a35187367bc1320f4d3b,release_metadata_gap_items,relmeta_7d3732e74417f810e3c2a34b,Royal Historical Society of Queensland ACT 1957 metadata expansion lead,ACT,Kingston,Kingston,Metadata-only lead overlay,overlay_not_public_map
mapmeta_ff93d4a7fb264e4fe51c6265,release_metadata_gap_items,relmeta_2583d3c2dcbbf8a26f178801,Royal Historical Society of Victoria ACT 1957 metadata expansion lead,ACT,Kingston,Kingston,Metadata-only lead overlay,overlay_not_public_map
mapmeta_3cab9a0dbbceff5dc1d5a8bb,release_metadata_gap_items,relmeta_a4ec68e21f61a8718ea714d3,ACMI Collections ACT 1957 metadata expansion lead,ACT,Kingston,Kingston,Metadata-only lead overlay,overlay_not_public_map
mapmeta_bf537d4f0d98fea7c8dd7354,release_metadata_gap_items,relmeta_a31b30d827ffcf9444343a0d,Canberra Museum and Gallery ACT 1969 metadata expansion lead,ACT,Yarralumla,Yarralumla,Metadata-only lead overlay,overlay_not_public_map
mapmeta_ad1ed14ba57f3ed82cfb539d,release_metadata_gap_items,relmeta_1205fc86a2858150f177ce57,Canberra Museum and Gallery ACT 1969 metadata expansion lead,ACT,Yarralumla,Yarralumla,Metadata-only lead overlay,overlay_not_public_map
mapmeta_76796e177f29799f28c48316,release_metadata_gap_items,relmeta_f16e6189059281478630bd7a,Museums Victoria Collections ACT 1957 metadata expansion lead,ACT,Hall,Hall,Metadata-only lead overlay,overlay_not_public_map
mapmeta_a85ecbbd5a2dd275d789f185,release_metadata_gap_items,relmeta_0bf39bea2d3ed3083adb7957,Queensland Museum Network ACT 1957 metadata expansion lead,ACT,Canberra,Canberra,Metadata-only lead overlay,overlay_not_public_map
mapmeta_2bf752164c908d1a5bd1fdc1,release_metadata_gap_items,relmeta_24a61fc8218aee493eaf9f35,Victorian Collections ACT 1957 metadata expansion lead,ACT,Acton,Acton,Metadata-only lead overlay,overlay_not_public_map
mapmeta_9b7153d9f244a200e7aa8191,release_metadata_gap_items,relmeta_32dd6da917da4cc48aee3fd2,eHive Museum Collections ACT 1957 metadata expansion lead,ACT,Acton,Acton,Metadata-only lead overlay,overlay_not_public_map
mapmeta_fbfaa3a6ede5d29e655d1802,release_metadata_gap_items,relmeta_8d9c9c01fa1f2a83f64830cc,ANU Archives ACT 1969 metadata expansion lead,ACT,Kingston,Kingston,Metadata-only lead overlay,overlay_not_public_map
mapmeta_fa0fc0680c87b60c12f5c57f,release_metadata_gap_items,relmeta_905dd314f2edb0821e8d4bb0,ANU Archives ACT 1969 metadata expansion lead,ACT,Kingston,Kingston,Metadata-only lead overlay,overlay_not_public_map
mapmeta_5eceabe5461695657fc3dd9d,release_metadata_gap_items,relmeta_63475bb8f5167a17bd6afb17,ArchivesACT ACT 1969 metadata expansion lead,ACT,Kingston,Kingston,Metadata-only lead overlay,overlay_not_public_map
mapmeta_4639ab290ec037ebd82c633f,release_metadata_gap_items,relmeta_73e66f3803c6435cef803265,ArchivesACT / ACT Memory ACT 1969 metadata expansion lead,ACT,Kingston,Kingston,Metadata-only lead overlay,overlay_not_public_map
mapmeta_a983013d255059322d067097,release_metadata_gap_items,relmeta_e1273cb0638ffc1b8c7b7d6f,Museums of History NSW State Archives Collection ACT 1957 metadata expansion lead,ACT,Yarralumla,Yarralumla,Metadata-only lead overlay,overlay_not_public_map
mapmeta_edb109d9877662e658096f12,release_metadata_gap_items,relmeta_d259e212c6d3f3a4787d0185,Public Record Office Victoria Catalogue ACT 1957 metadata expansion lead,ACT,Yarralumla,Yarralumla,Metadata-only lead overlay,overlay_not_public_map
mapmeta_e2670d27dfe27d5b0ac4938f,release_metadata_gap_items,relmeta_a2b167357cd320a1c44a7355,Queensland State Archives ArchivesSearch ACT 1957 metadata expansion lead,ACT,Yarralumla,Yarralumla,Metadata-only lead overlay,overlay_not_public_map
mapmeta_992145e11a7d680a1fd19855,release_metadata_gap_items,relmeta_d01014ac08cf57422bbf54da,ACT Heritage Library ACT 1969 metadata expansion lead,ACT,Hall,Hall,Metadata-only lead overlay,overlay_not_public_map
mapmeta_2587d7bee059c51f20854acd,release_metadata_gap_items,relmeta_43ba2d08a79a151eeb7fcf5d,ACT Heritage Library ACT 1969 metadata expansion lead,ACT,Hall,Hall,Metadata-only lead overlay,overlay_not_public_map
mapmeta_8b95033b79d326b59df703ba,release_metadata_gap_items,relmeta_f6338d0ee8bbcf794f9c3769,John Oxley Library ACT 1957 metadata expansion lead,ACT,Canberra,Canberra,Metadata-only lead overlay,overlay_not_public_map
mapmeta_ccf1aea4844cfec59ca1d8ca,release_metadata_gap_items,relmeta_c3912f4a82350c5ee76ecb81,State Library Victoria Catalogue ACT 1957 metadata expansion lead,ACT,Acton,Acton,Metadata-only lead overlay,overlay_not_public_map
mapmeta_7a137de9a77c0b02395eeb2d,release_metadata_gap_items,relmeta_acfc68630b36244ff091f8ba,State Library Victoria Digitised Collections ACT 1957 metadata expansion lead,ACT,Acton,Acton,Metadata-only lead overlay,overlay_not_public_map
mapmeta_0e1c1ee6bd791d7483415f87,release_metadata_gap_items,relmeta_6cc8a130ba55c534c3d56ec0,State Library of NSW Catalogue ACT 1957 metadata expansion lead,ACT,Acton,Acton,Metadata-only lead overlay,overlay_not_public_map
mapmeta_afae836234b67b9366585305,release_metadata_gap_items,relmeta_70e2f98f0f6834ca8e7ce831,State Library of NSW Digital Collections ACT 1957 metadata expansion lead,ACT,Acton,Acton,Metadata-only lead overlay,overlay_not_public_map
mapmeta_e13305f83f30e5057afdfc22,release_metadata_gap_items,relmeta_2efbadd1f3e091e6d851b556,State Library of Queensland One Search ACT 1957 metadata expansion lead,ACT,Acton,Acton,Metadata-only lead overlay,overlay_not_public_map
mapmeta_19b5235dc387e271b8adca7a,release_metadata_gap_items,relmeta_8a375833762c38c74b0db28e,ABC Archives Public Pages ACT 1958 metadata expansion lead,ACT,Kingston,Kingston,Metadata-only lead overlay,overlay_not_public_map
mapmeta_4fe3517f2c15346a9651b7d7,release_metadata_gap_items,relmeta_c3741e76336e17b077059809,Australian Screen Online ACT 1958 metadata expansion lead,ACT,Yarralumla,Yarralumla,Metadata-only lead overlay,overlay_not_public_map
mapmeta_ff95021d6c2ef89a1e39afe4,release_metadata_gap_items,relmeta_e2a789ae85813fcbf56559d4,NFSA Collection ACT 1958 metadata expansion lead,ACT,Yarralumla,Yarralumla,Metadata-only lead overlay,overlay_not_public_map
mapmeta_25178995a2acdbfec707aa04,release_metadata_gap_items,relmeta_4f78fc7d5600ca283646f54f,Australian Heritage Database ACT 1958 metadata expansion lead,ACT,Kingston,Kingston,Metadata-only lead overlay,overlay_not_public_map
mapmeta_9ed9538e0c133ca74e75a1b7,release_metadata_gap_items,relmeta_d1ad980a5cf3e49f4d0171ab,Australian War Memorial ACT 1958 metadata expansion lead,ACT,Hall,Hall,Metadata-only lead overlay,overlay_not_public_map
mapmeta_4bfa53f5fdcf9af48f226891,release_metadata_gap_items,relmeta_7964fa2c852f833b6151c17d,Australian War Memorial Collection ACT 1958 metadata expansion lead,ACT,Hall,Hall,Metadata-only lead overlay,overlay_not_public_map
mapmeta_88561d57e30f67a92eb32997,release_metadata_gap_items,relmeta_a401ca1fce5b1ed7def03f25,ABC Public Pages ACT 1958 metadata expansion lead,ACT,Acton,Acton,Metadata-only lead overlay,overlay_not_public_map
mapmeta_97fbddda85e71344f0864bda,release_metadata_gap_items,relmeta_7b9aadfde4d85a5b628ff806,Australian Screen Online ACT 1958 metadata expansion lead,ACT,Acton,Acton,Metadata-only lead overlay,overlay_not_public_map
mapmeta_1d522ad1359eb37136e3eead,release_metadata_gap_items,relmeta_ef5b5f6ba28309a759396246,NFSA Collection ACT 1958 metadata expansion lead,ACT,Acton,Acton,Metadata-only lead overlay,overlay_not_public_map
mapmeta_385f2ec4e62ed6ef7261d9c9,release_metadata_gap_items,relmeta_b989bbf1a50b87e3c3b78193,Brisbane Heritage Register ACT 1958 metadata expansion lead,ACT,Kingston,Kingston,Metadata-only lead overlay,overlay_not_public_map
mapmeta_5376685dc196365c06cf5193,release_metadata_gap_items,relmeta_1e50917843eeb442414c3249,City of Sydney Archives ACT 1958 metadata expansion lead,ACT,Yarralumla,Yarralumla,Metadata-only lead overlay,overlay_not_public_map
mapmeta_db9e082e75a2a5757cc45149,release_metadata_gap_items,relmeta_47d48e7bf82b3fa2340eeb0a,Australian Heritage Database ACT 1958 metadata expansion lead,ACT,Canberra,Canberra,Metadata-only lead overlay,overlay_not_public_map
mapmeta_a22c2d455f96ab4d1365bf5e,release_metadata_gap_items,relmeta_389818bd6fe845ad11d15b2c,NSW State Heritage Inventory ACT 1958 metadata expansion lead,ACT,Acton,Acton,Metadata-only lead overlay,overlay_not_public_map
mapmeta_f2e051a1f9a0c5364e339dc4,release_metadata_gap_items,relmeta_e45d30415c2fc079e06dcd1d,National Trust NSW Register ACT 1958 metadata expansion lead,ACT,Acton,Acton,Metadata-only lead overlay,overlay_not_public_map
mapmeta_786ce14ceaee606b9bf1d353,release_metadata_gap_items,relmeta_f7df7918d7428f5ca5df2f7e,National Trust Victoria Register ACT 1958 metadata expansion lead,ACT,Kingston,Kingston,Metadata-only lead overlay,overlay_not_public_map
mapmeta_94a3ea1ecde3ea4ebbba1ce1,release_metadata_gap_items,relmeta_64e077ec24f692a923133130,Queensland Heritage Register ACT 1958 metadata expansion lead,ACT,Yarralumla,Yarralumla,Metadata-only lead overlay,overlay_not_public_map
mapmeta_0312112356b615c944bed547,release_metadata_gap_items,relmeta_791100cf01382a028ee2af17,Victorian Heritage Database ACT 1958 metadata expansion lead,ACT,Yarralumla,Yarralumla,Metadata-only lead overlay,overlay_not_public_map
mapmeta_9d45b9fad85dc65ac5aed83b,release_metadata_gap_items,relmeta_eebd437564e8c16e3eb7eb37,Dictionary of Sydney ACT 1958 metadata expansion lead,ACT,Canberra,Canberra,Metadata-only lead overlay,overlay_not_public_map
mapmeta_5386dd73b56803d7b30d69f1,release_metadata_gap_items,relmeta_6f6c05f565a9e5df6474c81a,Royal Australian Historical Society ACT 1958 metadata expansion lead,ACT,Acton,Acton,Metadata-only lead overlay,overlay_not_public_map
mapmeta_63523d9abe3511f079a7b455,release_metadata_gap_items,relmeta_e3b5beff5d5adc55eed54063,Royal Historical Society of Queensland ACT 1958 metadata expansion lead,ACT,Acton,Acton,Metadata-only lead overlay,overlay_not_public_map
mapmeta_168445e4ddb4c8c2e6b3e8d8,release_metadata_gap_items,relmeta_39f4347f750545f0704e1a0d,Royal Historical Society of Victoria ACT 1958 metadata expansion lead,ACT,Acton,Acton,Metadata-only lead overlay,overlay_not_public_map
mapmeta_122edca0f3b5c5c7668c44f0,release_metadata_gap_items,relmeta_4cdf622355bb934733975126,ACMI Collections ACT 1958 metadata expansion lead,ACT,Kingston,Kingston,Metadata-only lead overlay,overlay_not_public_map
mapmeta_cbc18f9d22d8f628db2cf430,release_metadata_gap_items,relmeta_d3ccd550dc70e3046434391f,Museums Victoria Collections ACT 1958 metadata expansion lead,ACT,Hall,Hall,Metadata-only lead overlay,overlay_not_public_map
mapmeta_282b298371ebe8ff41caadf4,release_metadata_gap_items,relmeta_dd695514af6eb307129a7925,Queensland Museum Network ACT 1958 metadata expansion lead,ACT,Hall,Hall,Metadata-only lead overlay,overlay_not_public_map
mapmeta_3a2f10deea84568923ac4dd7,release_metadata_gap_items,relmeta_6d637d49cd282f31f01ff761,Victorian Collections ACT 1958 metadata expansion lead,ACT,Canberra,Canberra,Metadata-only lead overlay,overlay_not_public_map
mapmeta_a64a185fc86bdc5473952944,release_metadata_gap_items,relmeta_5be96868d6aeb3cfe6320fe6,eHive Museum Collections ACT 1958 metadata expansion lead,ACT,Acton,Acton,Metadata-only lead overlay,overlay_not_public_map
mapmeta_562bbd8e9b4512fc24565974,release_metadata_gap_items,relmeta_e3569229efddd9fd679691bd,Museums of History NSW State Archives Collection ACT 1958 metadata expansion lead,ACT,Kingston,Kingston,Metadata-only lead overlay,overlay_not_public_map
mapmeta_a00fc65081a2e3aa3b13e4bd,release_metadata_gap_items,relmeta_579dcaf712ef4ea525130f1f,Public Record Office Victoria Catalogue ACT 1958 metadata expansion lead,ACT,Kingston,Kingston,Metadata-only lead overlay,overlay_not_public_map
mapmeta_8b14d75f3586d0accca69920,release_metadata_gap_items,relmeta_e63b707fbcb1753abc497470,Queensland State Archives ArchivesSearch ACT 1958 metadata expansion lead,ACT,Kingston,Kingston,Metadata-only lead overlay,overlay_not_public_map
mapmeta_34e660388a9747f215d27182,release_metadata_gap_items,relmeta_666377d59c6eebfcfa250771,John Oxley Library ACT 1958 metadata expansion lead,ACT,Hall,Hall,Metadata-only lead overlay,overlay_not_public_map
mapmeta_dc494a35fff547741532bb8c,release_metadata_gap_items,relmeta_1ce31193511d7d11f21b6dcc,State Library Victoria Catalogue ACT 1958 metadata expansion lead,ACT,Canberra,Canberra,Metadata-only lead overlay,overlay_not_public_map
mapmeta_7ba4ed68ef1b6100f70ef839,release_metadata_gap_items,relmeta_13f625fffe68157f69d89702,State Library Victoria Digitised Collections ACT 1958 metadata expansion lead,ACT,Canberra,Canberra,Metadata-only lead overlay,overlay_not_public_map
mapmeta_9e82ab53568fbf42199fcc77,release_metadata_gap_items,relmeta_c5c70700c209cbe795eacc92,State Library of NSW Catalogue ACT 1958 metadata expansion lead,ACT,Canberra,Canberra,Metadata-only lead overlay,overlay_not_public_map
mapmeta_061d2f9f4ca2dcab441a35fa,release_metadata_gap_items,relmeta_60bdbd7f34b8f8cda814a8d7,State Library of NSW Digital Collections ACT 1958 metadata expansion lead,ACT,Canberra,Canberra,Metadata-only lead overlay,overlay_not_public_map
mapmeta_a6047627bfd222fbb416c772,release_metadata_gap_items,relmeta_2aa9dca0169e833c4f724c4e,State Library of Queensland One Search ACT 1958 metadata expansion lead,ACT,Canberra,Canberra,Metadata-only lead overlay,overlay_not_public_map
mapmeta_613def6977dcbd6a7fba0330,release_metadata_gap_items,relmeta_60848ca58474891c72bf9ed7,ABC Archives Public Pages ACT 1959 metadata expansion lead,ACT,Kingston,Kingston,Metadata-only lead overlay,overlay_not_public_map
mapmeta_a1a7b4ecf94dd599352b5f31,release_metadata_gap_items,relmeta_e6316be0a79aa1dff4a96eed,Australian Screen Online ACT 1959 metadata expansion lead,ACT,Kingston,Kingston,Metadata-only lead overlay,overlay_not_public_map
mapmeta_4918ff23b4471267a8d004c7,release_metadata_gap_items,relmeta_5a4345b34622fac3a78a303a,NFSA Collection ACT 1959 metadata expansion lead,ACT,Kingston,Kingston,Metadata-only lead overlay,overlay_not_public_map
mapmeta_4d6ae7e5346f3b8a9a75d193,release_metadata_gap_items,relmeta_4e136195efa859e40d3d8fe6,Australian Heritage Database ACT 1959 metadata expansion lead,ACT,Acton,Acton,Metadata-only lead overlay,overlay_not_public_map
mapmeta_f39b5328c011a9abfd37003e,release_metadata_gap_items,relmeta_1c0df86e5e3b0d059ee2d59d,Australian War Memorial ACT 1959 metadata expansion lead,ACT,Yarralumla,Yarralumla,Metadata-only lead overlay,overlay_not_public_map
mapmeta_bbfc6a092436023e9eb440d8,release_metadata_gap_items,relmeta_ec0965ea945fb9bc59b76c95,Australian War Memorial Collection ACT 1959 metadata expansion lead,ACT,Yarralumla,Yarralumla,Metadata-only lead overlay,overlay_not_public_map
mapmeta_aa2e1427760479b19b0ca0a9,release_metadata_gap_items,relmeta_54540a2407819904921fb29c,ACT Heritage Register ACT 1955 ghost expansion lead,ACT,Kingston,Kingston,Metadata-only lead overlay,overlay_not_public_map
mapmeta_6da5f2d214475a353c6f4fd6,release_metadata_gap_items,relmeta_837242b2889fec9abaa42b99,ACT Heritage Register ACT 1955 ghost expansion lead,ACT,Kingston,Kingston,Metadata-only lead overlay,overlay_not_public_map
mapmeta_9a5eaebe9c711564dc25b37e,release_metadata_gap_items,relmeta_6cb789a9b4e7ef734ab9c880,National Capital Authority Heritage ACT 1955 ghost expansion lead,ACT,Yarralumla,Yarralumla,Metadata-only lead overlay,overlay_not_public_map
mapmeta_959e8b0179360f36e6e8e64d,release_metadata_gap_items,relmeta_16e173ccf01007546888e402,National Trust ACT ACT 1955 ghost expansion lead,ACT,Hall,Hall,Metadata-only lead overlay,overlay_not_public_map
mapmeta_de88f7bc0990ceb12dc86a2f,release_metadata_gap_items,relmeta_1d2468a2c27d7b47a52aaeae,National Trust ACT ACT 1955 ghost expansion lead,ACT,Hall,Hall,Metadata-only lead overlay,overlay_not_public_map
mapmeta_3e3f0d95d13faeb1da5e9859,release_metadata_gap_items,relmeta_808abfcd208e048adce0963e,ACT Memory ACT 1955 ghost expansion lead,ACT,Acton,Acton,Metadata-only lead overlay,overlay_not_public_map
mapmeta_b0ecb22c5f155a025241c91e,release_metadata_gap_items,relmeta_ee29725a5010c9a0700a1168,Canberra & District Historical Society ACT 1955 ghost expansion lead,ACT,Acton,Acton,Metadata-only lead overlay,overlay_not_public_map
mapmeta_a61922889b1735434afdeae6,release_metadata_gap_items,relmeta_dfdfde2b6588343360f79098,Canberra & District Historical Society ACT 1955 ghost expansion lead,ACT,Kingston,Kingston,Metadata-only lead overlay,overlay_not_public_map
mapmeta_0b121364ac69c933dcf20b8b,release_metadata_gap_items,relmeta_394592c0bca78b0eb0ab55ee,Canberra Museum and Gallery ACT 1955 ghost expansion lead,ACT,Canberra,Canberra,Metadata-only lead overlay,overlay_not_public_map
mapmeta_b50e2e19fd19fd239ff6a575,release_metadata_gap_items,relmeta_5c70c049d9f30432e96e4728,Canberra Museum and Gallery ACT 1955 ghost expansion lead,ACT,Canberra,Canberra,Metadata-only lead overlay,overlay_not_public_map
mapmeta_9adf52e1e1473aa16446a782,release_metadata_gap_items,relmeta_c30587e9d48998eb9a5b2193,ANU Archives ACT 1955 ghost expansion lead,ACT,Hall,Hall,Metadata-only lead overlay,overlay_not_public_map
mapmeta_b948d77a7ff84819d2f3b210,release_metadata_gap_items,relmeta_da82da9328af2cc887c13d3a,ANU Archives ACT 1955 ghost expansion lead,ACT,Hall,Hall,Metadata-only lead overlay,overlay_not_public_map
mapmeta_c5b3ddeefd8050d8385eaebb,release_metadata_gap_items,relmeta_7991c6f6038764d1f25861f7,ArchivesACT ACT 1955 ghost expansion lead,ACT,Hall,Hall,Metadata-only lead overlay,overlay_not_public_map
mapmeta_bcf5d264be6937b3b1f7ea9f,release_metadata_gap_items,relmeta_efa2050645052df37777dc44,ArchivesACT / ACT Memory ACT 1955 ghost expansion lead,ACT,Hall,Hall,Metadata-only lead overlay,overlay_not_public_map
mapmeta_3c9ee565d25986f055993760,release_metadata_gap_items,relmeta_7a4b36509f570e313bb15a64,ACT Heritage Library ACT 1955 ghost expansion lead,ACT,Acton,Acton,Metadata-only lead overlay,overlay_not_public_map
mapmeta_ec4e3aa34ded3120f81db162,release_metadata_gap_items,relmeta_90d820c67a28ef8d3b788bfe,ACT Heritage Library ACT 1955 ghost expansion lead,ACT,Acton,Acton,Metadata-only lead overlay,overlay_not_public_map
mapmeta_2950871005c84067560d3f45,release_metadata_gap_items,relmeta_f59b9213039d4b5f4b40011e,ACT Heritage Register ACT 1956 ghost expansion lead,ACT,Yarralumla,Yarralumla,Metadata-only lead overlay,overlay_not_public_map
mapmeta_5727a9ff94f2551d65f41d83,release_metadata_gap_items,relmeta_6d26abccf7ab75e27c47b69a,ACT Heritage Register ACT 1956 ghost expansion lead,ACT,Yarralumla,Yarralumla,Metadata-only lead overlay,overlay_not_public_map
mapmeta_315e9106c2f6ddf30f268471,release_metadata_gap_items,relmeta_8ddc5247765aa07bce3d9249,National Capital Authority Heritage ACT 1956 ghost expansion lead,ACT,Hall,Hall,Metadata-only lead overlay,overlay_not_public_map
mapmeta_cf2d65b6ed29a85f556d9ce4,release_metadata_gap_items,relmeta_a739d2490e5398b54ea4d982,National Trust ACT ACT 1956 ghost expansion lead,ACT,Hall,Hall,Metadata-only lead overlay,overlay_not_public_map
mapmeta_a0049debf621faea500ab65b,release_metadata_gap_items,relmeta_84539439101bca83fc8f3eb1,National Trust ACT ACT 1956 ghost expansion lead,ACT,Canberra,Canberra,Metadata-only lead overlay,overlay_not_public_map
mapmeta_03a8fd117d16f55b3f143a95,release_metadata_gap_items,relmeta_57c46988aba4764e2f31dbd5,ACT Memory ACT 1956 ghost expansion lead,ACT,Kingston,Kingston,Metadata-only lead overlay,overlay_not_public_map
mapmeta_68100bd474d35d368229dc83,release_metadata_gap_items,relmeta_709f76282b7441bb9bb1ec34,Canberra & District Historical Society ACT 1956 ghost expansion lead,ACT,Kingston,Kingston,Metadata-only lead overlay,overlay_not_public_map
mapmeta_02af4d73f2c27380fccd03b2,release_metadata_gap_items,relmeta_45e9436d519fbce8b3e1b5cc,Canberra & District Historical Society ACT 1956 ghost expansion lead,ACT,Kingston,Kingston,Metadata-only lead overlay,overlay_not_public_map
mapmeta_f8274ba72f447e87d533812a,release_metadata_gap_items,relmeta_1e18a3ead9307f42cb0342b6,Canberra Museum and Gallery ACT 1956 ghost expansion lead,ACT,Acton,Acton,Metadata-only lead overlay,overlay_not_public_map
mapmeta_2f16cd391ab3d01037988240,release_metadata_gap_items,relmeta_079d3234068c27949ce6c434,Canberra Museum and Gallery ACT 1956 ghost expansion lead,ACT,Acton,Acton,Metadata-only lead overlay,overlay_not_public_map
mapmeta_f68613a04e739a6ddccbe5f5,release_metadata_gap_items,relmeta_b6b0f33f3054a51015a33c26,ANU Archives ACT 1956 ghost expansion lead,ACT,Canberra,Canberra,Metadata-only lead overlay,overlay_not_public_map
mapmeta_13c7da8b65915a48a988c5ea,release_metadata_gap_items,relmeta_1011359269b1154e421d22eb,ANU Archives ACT 1956 ghost expansion lead,ACT,Canberra,Canberra,Metadata-only lead overlay,overlay_not_public_map
mapmeta_cd8fa798b219b8e80cb058dd,release_metadata_gap_items,relmeta_892d49dd6b84ca3497fd099d,ArchivesACT ACT 1956 ghost expansion lead,ACT,Canberra,Canberra,Metadata-only lead overlay,overlay_not_public_map
mapmeta_7563035b8e40dcf6f9366519,release_metadata_gap_items,relmeta_f398382444ca4de247145256,ArchivesACT / ACT Memory ACT 1956 ghost expansion lead,ACT,Canberra,Canberra,Metadata-only lead overlay,overlay_not_public_map
mapmeta_5d4af24662910b60a4db6ce9,release_metadata_gap_items,relmeta_849a9702d3b337a2bd32c4d1,ACT Heritage Library ACT 1956 ghost expansion lead,ACT,Kingston,Kingston,Metadata-only lead overlay,overlay_not_public_map
mapmeta_a880b95c7c1200d699c0c048,release_metadata_gap_items,relmeta_eaad36777cc504c7f4ebe013,ACT Heritage Library ACT 1956 ghost expansion lead,ACT,Kingston,Kingston,Metadata-only lead overlay,overlay_not_public_map
mapmeta_ed8882acd4e2c9dab585c6d1,release_metadata_gap_items,relmeta_27d269797ae1dbda53b97cb0,ABC Public Pages ACT 1959 metadata expansion lead,ACT,Canberra,Canberra,Metadata-only lead overlay,overlay_not_public_map
mapmeta_9f8e2aedf51143b84e7dfbfc,release_metadata_gap_items,relmeta_b4a5e341e8088699e12ab927,Australian Screen Online ACT 1959 metadata expansion lead,ACT,Canberra,Canberra,Metadata-only lead overlay,overlay_not_public_map
mapmeta_877b90f5763472ce6bb05794,release_metadata_gap_items,relmeta_79c70887f9f84f4e2b5c0829,NFSA Collection ACT 1959 metadata expansion lead,ACT,Acton,Acton,Metadata-only lead overlay,overlay_not_public_map
mapmeta_c30198d8fdb556d38ca3f0fd,release_metadata_gap_items,relmeta_b2f3fc991cb3dff89a4e7cd3,Brisbane Heritage Register ACT 1959 metadata expansion lead,ACT,Acton,Acton,Metadata-only lead overlay,overlay_not_public_map
mapmeta_ed24df599ee4de03ab9ee449,release_metadata_gap_items,relmeta_0f7236c0b69adf136d968e90,City of Sydney Archives ACT 1959 metadata expansion lead,ACT,Kingston,Kingston,Metadata-only lead overlay,overlay_not_public_map
mapmeta_d77d5d0d954598837b32af24,release_metadata_gap_items,relmeta_6578c78c96390994e25ebeca,ACT Heritage Register ACT 1957 ghost expansion lead,ACT,Hall,Hall,Metadata-only lead overlay,overlay_not_public_map
mapmeta_fe1a84710a11e83ad1f0d47c,release_metadata_gap_items,relmeta_af4deffb62f40971bd6e7672,ACT Heritage Register ACT 1957 ghost expansion lead,ACT,Hall,Hall,Metadata-only lead overlay,overlay_not_public_map
mapmeta_f551b2bfe3ce2319983bfade,release_metadata_gap_items,relmeta_3d5d3a7c9eeef13976656727,Australian Heritage Database ACT 1959 metadata expansion lead,ACT,Hall,Hall,Metadata-only lead overlay,overlay_not_public_map
mapmeta_8aecbefa57f251b13f40e7f7,release_metadata_gap_items,relmeta_dac1f8012ab831c0876296dc,NSW State Heritage Inventory ACT 1959 metadata expansion lead,ACT,Canberra,Canberra,Metadata-only lead overlay,overlay_not_public_map
mapmeta_9e84d7d2dd1723f753748afa,release_metadata_gap_items,relmeta_0b5183d25772aba947edeba1,National Capital Authority Heritage ACT 1957 ghost expansion lead,ACT,Canberra,Canberra,Metadata-only lead overlay,overlay_not_public_map
mapmeta_465738635bc86f8abc55f958,release_metadata_gap_items,relmeta_ab6cb99767ccaa0e2f73de3f,National Trust ACT ACT 1957 ghost expansion lead,ACT,Canberra,Canberra,Metadata-only lead overlay,overlay_not_public_map
mapmeta_16565988f5c2b02706123ea3,release_metadata_gap_items,relmeta_2f4d246e1a7bf9de0357033f,National Trust ACT ACT 1957 ghost expansion lead,ACT,Canberra,Canberra,Metadata-only lead overlay,overlay_not_public_map
mapmeta_4dbe8f5e0c1254fcc88dd7f9,release_metadata_gap_items,relmeta_651ec5e0155d59c49e301a72,National Trust NSW Register ACT 1959 metadata expansion lead,ACT,Acton,Acton,Metadata-only lead overlay,overlay_not_public_map
mapmeta_c86874fb2a3ec20d87d3ae02,release_metadata_gap_items,relmeta_07f23e8420e0d1b882591225,National Trust Victoria Register ACT 1959 metadata expansion lead,ACT,Acton,Acton,Metadata-only lead overlay,overlay_not_public_map
mapmeta_3fbc5d64340e0d0180553e49,release_metadata_gap_items,relmeta_d3bbdbca55eb129bcaf2d18d,Queensland Heritage Register ACT 1959 metadata expansion lead,ACT,Kingston,Kingston,Metadata-only lead overlay,overlay_not_public_map
mapmeta_e0395b159367ffd7e0bd82fd,release_metadata_gap_items,relmeta_12da0a1a9931fd821a86af58,Victorian Heritage Database ACT 1959 metadata expansion lead,ACT,Yarralumla,Yarralumla,Metadata-only lead overlay,overlay_not_public_map
mapmeta_ce33a0999168982f83f89a35,release_metadata_gap_items,relmeta_462c4ba37e70c9e10f6dc39b,ACT Memory ACT 1957 ghost expansion lead,ACT,Yarralumla,Yarralumla,Metadata-only lead overlay,overlay_not_public_map
mapmeta_b2260c53f44ef72ca86c0b1e,release_metadata_gap_items,relmeta_2d3c9719fbb68141386886e2,Canberra & District Historical Society ACT 1957 ghost expansion lead,ACT,Yarralumla,Yarralumla,Metadata-only lead overlay,overlay_not_public_map
mapmeta_4a6e1d6bb3e723211191a9a8,release_metadata_gap_items,relmeta_a07530c5fb8011f342f39119,Canberra & District Historical Society ACT 1957 ghost expansion lead,ACT,Yarralumla,Yarralumla,Metadata-only lead overlay,overlay_not_public_map
mapmeta_34b3363ce34562710d136d95,release_metadata_gap_items,relmeta_5fb46a8a23e0d584dae56fb5,Dictionary of Sydney ACT 1959 metadata expansion lead,ACT,Hall,Hall,Metadata-only lead overlay,overlay_not_public_map
mapmeta_66de86f3f8a9622bc38bc6b4,release_metadata_gap_items,relmeta_268cb16b707c76fa54a8c53f,Royal Australian Historical Society ACT 1959 metadata expansion lead,ACT,Canberra,Canberra,Metadata-only lead overlay,overlay_not_public_map
mapmeta_50a4fb69273140358f14f04b,release_metadata_gap_items,relmeta_44228a8faa579ac8d5afc5ae,Royal Historical Society of Queensland ACT 1959 metadata expansion lead,ACT,Canberra,Canberra,Metadata-only lead overlay,overlay_not_public_map
mapmeta_f854614dde83f336e42e04f2,release_metadata_gap_items,relmeta_cea39c5b53d2a260db3bfae6,Royal Historical Society of Victoria ACT 1959 metadata expansion lead,ACT,Canberra,Canberra,Metadata-only lead overlay,overlay_not_public_map
mapmeta_8ea3675152b2cd6e3cff382c,release_metadata_gap_items,relmeta_444bec690afc2d236fd0cdb9,ACMI Collections ACT 1959 metadata expansion lead,ACT,Acton,Acton,Metadata-only lead overlay,overlay_not_public_map
mapmeta_9d97c8599d9672d245c65389,release_metadata_gap_items,relmeta_4b0f72dc5713f46a8d32a0ca,Canberra Museum and Gallery ACT 1957 ghost expansion lead,ACT,Kingston,Kingston,Metadata-only lead overlay,overlay_not_public_map
mapmeta_2ba06968341a0e70f3a12a82,release_metadata_gap_items,relmeta_ca17fd169dcb0597af90bba2,Canberra Museum and Gallery ACT 1957 ghost expansion lead,ACT,Kingston,Kingston,Metadata-only lead overlay,overlay_not_public_map
mapmeta_d1bf16290799d3f0d5190847,release_metadata_gap_items,relmeta_e94268f2537bc1e06d74a128,Museums Victoria Collections ACT 1959 metadata expansion lead,ACT,Yarralumla,Yarralumla,Metadata-only lead overlay,overlay_not_public_map
mapmeta_574b5d2d3497ebf10a239263,release_metadata_gap_items,relmeta_dfbc21da77d06dc54241a0d5,Queensland Museum Network ACT 1959 metadata expansion lead,ACT,Hall,Hall,Metadata-only lead overlay,overlay_not_public_map
mapmeta_c87aca13aa40b78fc4f687dc,release_metadata_gap_items,relmeta_4d799251e967a3c72a8ec50f,Victorian Collections ACT 1959 metadata expansion lead,ACT,Hall,Hall,Metadata-only lead overlay,overlay_not_public_map
mapmeta_d1a038c9c9a3c98a329f54cf,release_metadata_gap_items,relmeta_92d490199741b552f416b357,eHive Museum Collections ACT 1959 metadata expansion lead,ACT,Canberra,Canberra,Metadata-only lead overlay,overlay_not_public_map
mapmeta_b7adc7e9c4323392fb1258a9,release_metadata_gap_items,relmeta_3a3235d06498ff7647678eac,ANU Archives ACT 1957 ghost expansion lead,ACT,Acton,Acton,Metadata-only lead overlay,overlay_not_public_map
mapmeta_778289b9c9cbec92060185e8,release_metadata_gap_items,relmeta_d41921fad0442248467bc290,ANU Archives ACT 1957 ghost expansion lead,ACT,Acton,Acton,Metadata-only lead overlay,overlay_not_public_map
mapmeta_a81289a784c0f3865b3086a9,release_metadata_gap_items,relmeta_6aacf908bcac9c7a9c0976f2,ArchivesACT ACT 1957 ghost expansion lead,ACT,Acton,Acton,Metadata-only lead overlay,overlay_not_public_map
mapmeta_02e9839c13087f6c190297ab,release_metadata_gap_items,relmeta_956f6cd4f9744c41110f0497,ArchivesACT / ACT Memory ACT 1957 ghost expansion lead,ACT,Acton,Acton,Metadata-only lead overlay,overlay_not_public_map
mapmeta_184860bf5ee91eacd70495c6,release_metadata_gap_items,relmeta_5bc918a9ca2c2afb7c4c9272,Museums of History NSW State Archives Collection ACT 1959 metadata expansion lead,ACT,Acton,Acton,Metadata-only lead overlay,overlay_not_public_map
mapmeta_9e1e8dab0f1bf438e25a0262,release_metadata_gap_items,relmeta_baad66ccfd0ae28e5a2101fd,Public Record Office Victoria Catalogue ACT 1959 metadata expansion lead,ACT,Acton,Acton,Metadata-only lead overlay,overlay_not_public_map
mapmeta_a466a7a92c7b3ae68096c755,release_metadata_gap_items,relmeta_d284339f586e7aaf44d554fa,Queensland State Archives ArchivesSearch ACT 1959 metadata expansion lead,ACT,Kingston,Kingston,Metadata-only lead overlay,overlay_not_public_map
mapmeta_35926a2dfef89df2916f824d,release_metadata_gap_items,relmeta_08bcf53dacec9e204c471940,ACT Heritage Library ACT 1957 ghost expansion lead,ACT,Yarralumla,Yarralumla,Metadata-only lead overlay,overlay_not_public_map
mapmeta_938dd46422ee0ae22d4561ea,release_metadata_gap_items,relmeta_4de1d4d225898ca347cf1c56,ACT Heritage Library ACT 1957 ghost expansion lead,ACT,Yarralumla,Yarralumla,Metadata-only lead overlay,overlay_not_public_map
mapmeta_3d6acdbc856c582be3f2d8e9,release_metadata_gap_items,relmeta_4dc6038f9219f0be6aeb18f7,John Oxley Library ACT 1959 metadata expansion lead,ACT,Yarralumla,Yarralumla,Metadata-only lead overlay,overlay_not_public_map
mapmeta_9b2cd3f2047d7a90ca484ced,release_metadata_gap_items,relmeta_94731e1fd7d5442d4dd824bd,State Library Victoria Catalogue ACT 1959 metadata expansion lead,ACT,Hall,Hall,Metadata-only lead overlay,overlay_not_public_map
mapmeta_8a1a5087a4f4dc48b082f112,release_metadata_gap_items,relmeta_338bb2a472c343857719f56f,State Library Victoria Digitised Collections ACT 1959 metadata expansion lead,ACT,Hall,Hall,Metadata-only lead overlay,overlay_not_public_map
mapmeta_8d844694293512f5cd9f6d59,release_metadata_gap_items,relmeta_127f0f2a5a0c0f36f0f9fc15,State Library of NSW Catalogue ACT 1959 metadata expansion lead,ACT,Hall,Hall,Metadata-only lead overlay,overlay_not_public_map
mapmeta_1d6f2dda2f9e51cf75e45f7a,release_metadata_gap_items,relmeta_ddcdaa61c8f7b91f527f023f,State Library of NSW Digital Collections ACT 1959 metadata expansion lead,ACT,Canberra,Canberra,Metadata-only lead overlay,overlay_not_public_map
mapmeta_d006a12ab04ed397a4f18dfd,release_metadata_gap_items,relmeta_97d979922abf70eaebdb1fcc,State Library of Queensland One Search ACT 1959 metadata expansion lead,ACT,Canberra,Canberra,Metadata-only lead overlay,overlay_not_public_map
mapmeta_48463ea68f415385b150a02b,release_metadata_gap_items,relmeta_3ee4ce3a730530f83f9db41d,ABC Archives Public Pages ACT 1960 metadata expansion lead,ACT,Acton,Acton,Metadata-only lead overlay,overlay_not_public_map
mapmeta_64096038ac1cea7911af8750,release_metadata_gap_items,relmeta_3083bb30643e0125c430009d,Australian Screen Online ACT 1960 metadata expansion lead,ACT,Acton,Acton,Metadata-only lead overlay,overlay_not_public_map
mapmeta_3494dd153d45bf9c74753a8a,release_metadata_gap_items,relmeta_f9024ec82411ee2ebd3db493,NFSA Collection ACT 1960 metadata expansion lead,ACT,Kingston,Kingston,Metadata-only lead overlay,overlay_not_public_map
mapmeta_a2a95a79ae1257f45a2c2fce,release_metadata_gap_items,relmeta_f08f9d04d66ea8cda1a56aba,ACT Heritage Register ACT 1958 ghost expansion lead,ACT,Canberra,Canberra,Metadata-only lead overlay,overlay_not_public_map
mapmeta_f2b01443dd4f719eb3235ee2,release_metadata_gap_items,relmeta_04464f98e737234d55ef44b6,ACT Heritage Register ACT 1958 ghost expansion lead,ACT,Canberra,Canberra,Metadata-only lead overlay,overlay_not_public_map
mapmeta_39b3cc8d9390ecff5caa2d57,release_metadata_gap_items,relmeta_0c189953799ab782e9caa0df,Australian Heritage Database ACT 1960 metadata expansion lead,ACT,Canberra,Canberra,Metadata-only lead overlay,overlay_not_public_map
mapmeta_0bf61e50e369937235e64c71,release_metadata_gap_items,relmeta_53ecfe5a38cda8da2f5c0850,National Capital Authority Heritage ACT 1958 ghost expansion lead,ACT,Acton,Acton,Metadata-only lead overlay,overlay_not_public_map
mapmeta_70231fed1b32d179f5f2c78c,release_metadata_gap_items,relmeta_9d85247dac03ee4aa6dbfb40,National Trust ACT ACT 1958 ghost expansion lead,ACT,Acton,Acton,Metadata-only lead overlay,overlay_not_public_map
mapmeta_c3cb80da4c81b912eb370aba,release_metadata_gap_items,relmeta_383761359506f091f21b111f,National Trust ACT ACT 1958 ghost expansion lead,ACT,Acton,Acton,Metadata-only lead overlay,overlay_not_public_map
mapmeta_cb4cbd631fb981bb53e3017f,release_metadata_gap_items,relmeta_2aa78dbc9d8b3f23361741e5,ACT Memory ACT 1958 ghost expansion lead,ACT,Hall,Hall,Metadata-only lead overlay,overlay_not_public_map
mapmeta_944ded3f62c49a2b3dc21699,release_metadata_gap_items,relmeta_70bcf5e6b32f5e6221c935ae,Canberra & District Historical Society ACT 1958 ghost expansion lead,ACT,Hall,Hall,Metadata-only lead overlay,overlay_not_public_map
mapmeta_cca983f127aa86ccfade8850,release_metadata_gap_items,relmeta_6962097f59aff66f64786ef5,Canberra & District Historical Society ACT 1958 ghost expansion lead,ACT,Hall,Hall,Metadata-only lead overlay,overlay_not_public_map
mapmeta_db7dd3a38390323c37d893e6,release_metadata_gap_items,relmeta_0bb3d4efd8f4d450d3ddd88f,Australian War Memorial ACT 1960 metadata expansion lead,ACT,Kingston,Kingston,Metadata-only lead overlay,overlay_not_public_map
mapmeta_66b1fb19e3ad02f3d8a499c2,release_metadata_gap_items,relmeta_53f6c35f02a1c3cbcae05404,Australian War Memorial Collection ACT 1960 metadata expansion lead,ACT,Kingston,Kingston,Metadata-only lead overlay,overlay_not_public_map
mapmeta_98db1142a3baa5443013a8c9,release_metadata_gap_items,relmeta_545d109571c9dbef0a260f32,Canberra Museum and Gallery ACT 1958 ghost expansion lead,ACT,Yarralumla,Yarralumla,Metadata-only lead overlay,overlay_not_public_map
mapmeta_67cfbc0cf3e17b9bb29116b2,release_metadata_gap_items,relmeta_cb6f97da690f01ece33a5da2,Canberra Museum and Gallery ACT 1958 ghost expansion lead,ACT,Yarralumla,Yarralumla,Metadata-only lead overlay,overlay_not_public_map
mapmeta_a8c053e01a04298d49de0398,release_metadata_gap_items,relmeta_f19484e0f0059aedc3b0cefc,ANU Archives ACT 1958 ghost expansion lead,ACT,Acton,Acton,Metadata-only lead overlay,overlay_not_public_map
mapmeta_0568fc4f22a6c324dab8bbb0,release_metadata_gap_items,relmeta_9c44a1c8af7f01cb687ccad0,ANU Archives ACT 1958 ghost expansion lead,ACT,Kingston,Kingston,Metadata-only lead overlay,overlay_not_public_map
mapmeta_bf3b3d8564ce7fbd46ad9b73,release_metadata_gap_items,relmeta_d318095e34c9ba9e016fc1fc,ArchivesACT ACT 1958 ghost expansion lead,ACT,Kingston,Kingston,Metadata-only lead overlay,overlay_not_public_map
mapmeta_39df3533d0b0dba31aa3369f,release_metadata_gap_items,relmeta_dbfe1af277ec13a6dcdc99c7,ArchivesACT / ACT Memory ACT 1958 ghost expansion lead,ACT,Kingston,Kingston,Metadata-only lead overlay,overlay_not_public_map
mapmeta_d80d2dfa5296dbf80e5cfb24,release_metadata_gap_items,relmeta_a1ab329cce2ecb0e842ed1f6,ACT Heritage Library ACT 1958 ghost expansion lead,ACT,Hall,Hall,Metadata-only lead overlay,overlay_not_public_map
mapmeta_7155573179bdf0dc23b75991,release_metadata_gap_items,relmeta_3352300d85999fe2761aa791,ACT Heritage Library ACT 1958 ghost expansion lead,ACT,Hall,Hall,Metadata-only lead overlay,overlay_not_public_map
mapmeta_0de25678628e02c147e57fd9,release_metadata_gap_items,relmeta_355ad5cdfa62db44b0ac78a6,ACT Heritage Register ACT 1959 ghost expansion lead,ACT,Acton,Acton,Metadata-only lead overlay,overlay_not_public_map
mapmeta_db759c174e166f11f381be9d,release_metadata_gap_items,relmeta_0c5a7df98dbff9e1105f490a,ACT Heritage Register ACT 1959 ghost expansion lead,ACT,Acton,Acton,Metadata-only lead overlay,overlay_not_public_map
mapmeta_57a76c1ed78f625bf448ff09,release_metadata_gap_items,relmeta_f62f62c17560010247e3fc1a,National Capital Authority Heritage ACT 1959 ghost expansion lead,ACT,Kingston,Kingston,Metadata-only lead overlay,overlay_not_public_map
mapmeta_634c0a3391421c4b73dae2d8,release_metadata_gap_items,relmeta_df3f589a73eebe4aeb1894c3,National Trust ACT ACT 1959 ghost expansion lead,ACT,Kingston,Kingston,Metadata-only lead overlay,overlay_not_public_map
mapmeta_3cac7fcea990dcfd8209a851,release_metadata_gap_items,relmeta_24c9c836d171792f6a75995f,National Trust ACT ACT 1959 ghost expansion lead,ACT,Kingston,Kingston,Metadata-only lead overlay,overlay_not_public_map
mapmeta_b223ccf715b20629ca216163,release_metadata_gap_items,relmeta_7cc36778a3a07a881a880859,ACT Memory ACT 1959 ghost expansion lead,ACT,Canberra,Canberra,Metadata-only lead overlay,overlay_not_public_map
mapmeta_b6b8cb302ee658e13f4796a8,release_metadata_gap_items,relmeta_6b2c543af527d66933861e51,Canberra & District Historical Society ACT 1959 ghost expansion lead,ACT,Canberra,Canberra,Metadata-only lead overlay,overlay_not_public_map
mapmeta_b6d8c2c3d6a74aab94a88b10,release_metadata_gap_items,relmeta_de2e8e9e828c39d9f317fb82,Canberra & District Historical Society ACT 1959 ghost expansion lead,ACT,Canberra,Canberra,Metadata-only lead overlay,overlay_not_public_map
mapmeta_2e40573c5712003f6980d9d7,release_metadata_gap_items,relmeta_8e4f5cdab54aa406f03663cc,Canberra Museum and Gallery ACT 1959 ghost expansion lead,ACT,Hall,Hall,Metadata-only lead overlay,overlay_not_public_map
mapmeta_920972065fc9c5d4516356f5,release_metadata_gap_items,relmeta_2c1566bacd91a06072d79756,Canberra Museum and Gallery ACT 1959 ghost expansion lead,ACT,Hall,Hall,Metadata-only lead overlay,overlay_not_public_map
mapmeta_6ff3c9d96ab92788e91fc644,release_metadata_gap_items,relmeta_1eefdd9d5af91caf2d92be1c,ANU Archives ACT 1959 ghost expansion lead,ACT,Kingston,Kingston,Metadata-only lead overlay,overlay_not_public_map
mapmeta_7f5e8c21534149565b2f3bcc,release_metadata_gap_items,relmeta_1e8338a66397e089738d608a,ANU Archives ACT 1959 ghost expansion lead,ACT,Kingston,Kingston,Metadata-only lead overlay,overlay_not_public_map
mapmeta_0406bb43935262c86481a147,release_metadata_gap_items,relmeta_752a84052822190bd823c2f7,ArchivesACT ACT 1959 ghost expansion lead,ACT,Yarralumla,Yarralumla,Metadata-only lead overlay,overlay_not_public_map
mapmeta_dbd3f46c59de20cd82f91cf4,release_metadata_gap_items,relmeta_22046be2401cac61390b39a0,ArchivesACT / ACT Memory ACT 1959 ghost expansion lead,ACT,Yarralumla,Yarralumla,Metadata-only lead overlay,overlay_not_public_map
mapmeta_ece281253f8fd42c870ed5ed,release_metadata_gap_items,relmeta_903aaa206c62317c35ca12e7,ACT Heritage Library ACT 1959 ghost expansion lead,ACT,Canberra,Canberra,Metadata-only lead overlay,overlay_not_public_map
mapmeta_b0eda28c5b5fc0df92d8f5b8,release_metadata_gap_items,relmeta_d1f8003db26de22d6a3fefe1,ACT Heritage Library ACT 1959 ghost expansion lead,ACT,Canberra,Canberra,Metadata-only lead overlay,overlay_not_public_map
mapmeta_2fd77c224517dd2b327ca031,release_metadata_gap_items,relmeta_79bc48f99ca4c1c2878ed286,ACT Heritage Register ACT 1960 ghost expansion lead,ACT,Kingston,Kingston,Metadata-only lead overlay,overlay_not_public_map
mapmeta_c2dbba38273a18e858a26475,release_metadata_gap_items,relmeta_9267649093e7103f0bdaf4f9,ACT Heritage Register ACT 1960 ghost expansion lead,ACT,Kingston,Kingston,Metadata-only lead overlay,overlay_not_public_map
mapmeta_62a1f0b37d13cb0cb4d7cc21,release_metadata_gap_items,relmeta_84e0dbdc12b2ddd588053bc2,National Capital Authority Heritage ACT 1960 ghost expansion lead,ACT,Yarralumla,Yarralumla,Metadata-only lead overlay,overlay_not_public_map
mapmeta_6a8f36e1c5239c2811e84c74,release_metadata_gap_items,relmeta_ee8927e2fd66b4b5b8f85c9e,National Trust ACT ACT 1960 ghost expansion lead,ACT,Yarralumla,Yarralumla,Metadata-only lead overlay,overlay_not_public_map
mapmeta_4bfed8d219edb8c835f8ff80,release_metadata_gap_items,relmeta_54bbbea27bb2f56850d5bbf5,National Trust ACT ACT 1960 ghost expansion lead,ACT,Yarralumla,Yarralumla,Metadata-only lead overlay,overlay_not_public_map
mapmeta_abc04300a53923f44f7036a3,release_metadata_gap_items,relmeta_7955dd7b7fbbcaad2923f756,ACT Memory ACT 1960 ghost expansion lead,ACT,Acton,Acton,Metadata-only lead overlay,overlay_not_public_map
mapmeta_a3a9f9288467e32f30258362,release_metadata_gap_items,relmeta_6c942b6732da833ef5858583,Canberra & District Historical Society ACT 1960 ghost expansion lead,ACT,Acton,Acton,Metadata-only lead overlay,overlay_not_public_map
mapmeta_c44ded11655c2a3695a8999c,release_metadata_gap_items,relmeta_dbf455b2ecd3361143cc0170,Canberra & District Historical Society ACT 1960 ghost expansion lead,ACT,Acton,Acton,Metadata-only lead overlay,overlay_not_public_map
mapmeta_82336e1708941d22794d9db7,release_metadata_gap_items,relmeta_15ef4d816af2a2e2398e26c2,Alice Springs Public Library Local History NT 1955 release patch,NT,Pine Creek,Pine Creek,Metadata-only lead overlay,overlay_not_public_map
mapmeta_fbf09bbac02c170aa90fd1cd,release_metadata_gap_items,relmeta_eda32f7faa05245dc6cc79da,Alice Springs Public Library Local History NT 1955 release patch,NT,Darwin,Darwin,Metadata-only lead overlay,overlay_not_public_map
mapmeta_13e3e8b7686a925a66561018,release_metadata_gap_items,relmeta_f3959dc20e6ae4a7058903ed,Darwin City Libraries Local History NT 1955 release patch,NT,Katherine,Katherine,Metadata-only lead overlay,overlay_not_public_map
mapmeta_5a597cfde091e3b1bdbf5091,release_metadata_gap_items,relmeta_eae36837afe0394b0c858c0b,Darwin City Libraries Local History NT 1955 release patch,NT,Katherine,Katherine,Metadata-only lead overlay,overlay_not_public_map
mapmeta_3af3b2011456b93efd98e2c2,release_metadata_gap_items,relmeta_6041f0147f96391162cfc5fd,Tennant Creek and Barkly History NT 1955 release patch,NT,Alice Springs,Alice Springs,Metadata-only lead overlay,overlay_not_public_map
mapmeta_0ec90068c407b9784c83d12e,release_metadata_gap_items,relmeta_a2988aff4e627207e833cb01,NT Heritage Register NT 1955 release patch,NT,Tennant Creek,Tennant Creek,Metadata-only lead overlay,overlay_not_public_map
mapmeta_5b54efd57e24a24d5e3df828,release_metadata_gap_items,relmeta_80e951314ef482b4c153de68,National Trust NT NT 1955 release patch,NT,Pine Creek,Pine Creek,Metadata-only lead overlay,overlay_not_public_map
mapmeta_b136245e4e089a96806ff61f,release_metadata_gap_items,relmeta_fdf66522d47ab2b775030fcc,National Trust Northern Territory NT 1955 release patch,NT,Pine Creek,Pine Creek,Metadata-only lead overlay,overlay_not_public_map
mapmeta_b98f1b09c1b1d955bfd895a7,release_metadata_gap_items,relmeta_d6843aabd112487a565c799f,Northern Territory Heritage Register NT 1955 release patch,NT,Darwin,Darwin,Metadata-only lead overlay,overlay_not_public_map
mapmeta_b05df9f6d8e4165b9dbde55e,release_metadata_gap_items,relmeta_9e9a1e93647d81e4a9e17f73,Central Australian Historical Society NT 1955 release patch,NT,Alice Springs,Alice Springs,Metadata-only lead overlay,overlay_not_public_map
mapmeta_06be26aa81d6efba3bdbf8e6,release_metadata_gap_items,relmeta_6f13e64211a7d695718b81bb,Historical Society of the Northern Territory NT 1955 release patch,NT,Alice Springs,Alice Springs,Metadata-only lead overlay,overlay_not_public_map
mapmeta_99d487ab435457a6c9c6a9f2,release_metadata_gap_items,relmeta_e014a88d23cd7843a5b5ce12,Historical Society of the Northern Territory NT 1955 release patch,NT,Tennant Creek,Tennant Creek,Metadata-only lead overlay,overlay_not_public_map
mapmeta_e6fabad2a2d733d722d5f156,release_metadata_gap_items,relmeta_8899dcaad9cf1693a3fcee41,Katherine Museum NT 1955 release patch,NT,Katherine,Katherine,Metadata-only lead overlay,overlay_not_public_map
mapmeta_c132fdf723cb1e71b4d2d29c,release_metadata_gap_items,relmeta_e0b7f9205b2bcc1a4accd382,Museum and Art Gallery of the Northern Territory NT 1955 release patch,NT,Katherine,Katherine,Metadata-only lead overlay,overlay_not_public_map
mapmeta_d46acf127acf4b7d1b56b63a,release_metadata_gap_items,relmeta_a8412dbe51f87bddc490493e,Pine Creek Museum NT 1955 release patch,NT,Katherine,Katherine,Metadata-only lead overlay,overlay_not_public_map
mapmeta_20386d20229f2f4acb4d9e8b,release_metadata_gap_items,relmeta_1f7de8ff538b3ebfd322c87b,LANT Archives Navigator NT 1955 release patch,NT,Pine Creek,Pine Creek,Metadata-only lead overlay,overlay_not_public_map
mapmeta_52776d812c1023f8dd2750e8,release_metadata_gap_items,relmeta_512872ee908c5e9b1732540b,Library & Archives NT NT 1955 release patch,NT,Alice Springs,Alice Springs,Metadata-only lead overlay,overlay_not_public_map
mapmeta_3783a13f3f49511090ac72b6,release_metadata_gap_items,relmeta_9135cd83c8c726edabee5c50,Library & Archives NT Catalogue NT 1955 release patch,NT,Alice Springs,Alice Springs,Metadata-only lead overlay,overlay_not_public_map
mapmeta_02db06f29ad13e22e10b7493,release_metadata_gap_items,relmeta_b237c711729c0b9a40ab7af4,Territory Stories NT 1955 release patch,NT,Pine Creek,Pine Creek,Metadata-only lead overlay,overlay_not_public_map
mapmeta_80be1b3e0130ecd09da4a586,release_metadata_gap_items,relmeta_5de2e73f1d1c1096ab3b8265,Territory Stories NT 1955 release patch,NT,Pine Creek,Pine Creek,Metadata-only lead overlay,overlay_not_public_map
mapmeta_37da19edfe0f03dd9bce1b6c,release_metadata_gap_items,relmeta_55573abe1ff217c09624e2df,Alice Springs Public Library Local History NT 1956 release patch,NT,Darwin,Darwin,Metadata-only lead overlay,overlay_not_public_map
mapmeta_f2a06c49df5e5338668aa23e,release_metadata_gap_items,relmeta_4e0172a1ef648cbc2e059df4,Alice Springs Public Library Local History NT 1956 release patch,NT,Darwin,Darwin,Metadata-only lead overlay,overlay_not_public_map
mapmeta_fed43144ba932116cef0f5f4,release_metadata_gap_items,relmeta_fa3466aa95cce4eafea79c66,Darwin City Libraries Local History NT 1956 release patch,NT,Alice Springs,Alice Springs,Metadata-only lead overlay,overlay_not_public_map
mapmeta_2a9585ea1fc09162aa50ea1b,release_metadata_gap_items,relmeta_91e370a84e531c2803ed7ed7,Darwin City Libraries Local History NT 1956 release patch,NT,Alice Springs,Alice Springs,Metadata-only lead overlay,overlay_not_public_map
mapmeta_eca976f08c107891665a0f51,release_metadata_gap_items,relmeta_0d207d4740f12a28b756c9b2,Tennant Creek and Barkly History NT 1956 release patch,NT,Tennant Creek,Tennant Creek,Metadata-only lead overlay,overlay_not_public_map
mapmeta_8e402ea18ec08ff6fcd5538f,release_metadata_gap_items,relmeta_a9e8513e7beecff644471c0d,NT Heritage Register NT 1956 release patch,NT,Pine Creek,Pine Creek,Metadata-only lead overlay,overlay_not_public_map
mapmeta_5c286ec5231025f2f4bee8a3,release_metadata_gap_items,relmeta_7d88b9c532ea7e35d05d5f7f,National Trust NT NT 1956 release patch,NT,Darwin,Darwin,Metadata-only lead overlay,overlay_not_public_map
mapmeta_187086d68667c23bf2da7206,release_metadata_gap_items,relmeta_486d00b378cbebd9b93d1e09,National Trust Northern Territory NT 1956 release patch,NT,Darwin,Darwin,Metadata-only lead overlay,overlay_not_public_map
mapmeta_0977aa72ca872e8030368b09,release_metadata_gap_items,relmeta_bec3c33e7a8475c45b042336,Northern Territory Heritage Register NT 1956 release patch,NT,Katherine,Katherine,Metadata-only lead overlay,overlay_not_public_map
mapmeta_3f09ba5d923051ff409a2c5a,release_metadata_gap_items,relmeta_a9cd203d09bf600ace044544,Central Australian Historical Society NT 1956 release patch,NT,Tennant Creek,Tennant Creek,Metadata-only lead overlay,overlay_not_public_map
mapmeta_f2a7fae2d71cd064520bcf88,release_metadata_gap_items,relmeta_dff22dcb7efdecc29474a0fe,Historical Society of the Northern Territory NT 1956 release patch,NT,Tennant Creek,Tennant Creek,Metadata-only lead overlay,overlay_not_public_map
mapmeta_9c5d7be77a957eaf146683aa,release_metadata_gap_items,relmeta_d8c326e9bf9f8eec3d0cb78c,Historical Society of the Northern Territory NT 1956 release patch,NT,Tennant Creek,Tennant Creek,Metadata-only lead overlay,overlay_not_public_map
mapmeta_23ce2b29e46592ad2e0aca43,release_metadata_gap_items,relmeta_414815d90cb1f855ff0c513d,Katherine Museum NT 1956 release patch,NT,Alice Springs,Alice Springs,Metadata-only lead overlay,overlay_not_public_map
mapmeta_06a8655653f64196e3240e33,release_metadata_gap_items,relmeta_a1ec364c84b346de127416c1,Museum and Art Gallery of the Northern Territory NT 1956 release patch,NT,Alice Springs,Alice Springs,Metadata-only lead overlay,overlay_not_public_map
mapmeta_889cb0c40bc2d2c2cdcee4ee,release_metadata_gap_items,relmeta_4089e9562c27bb29ebe99f25,Pine Creek Museum NT 1956 release patch,NT,Alice Springs,Alice Springs,Metadata-only lead overlay,overlay_not_public_map
mapmeta_9009db88cfa2a8f061b655f4,release_metadata_gap_items,relmeta_8f86a1d39341192ea8460e4d,LANT Archives Navigator NT 1956 release patch,NT,Darwin,Darwin,Metadata-only lead overlay,overlay_not_public_map
mapmeta_4e9a5709812bf2283092d0b0,release_metadata_gap_items,relmeta_e5b96092cf984b6555e9e44f,Library & Archives NT NT 1956 release patch,NT,Tennant Creek,Tennant Creek,Metadata-only lead overlay,overlay_not_public_map
mapmeta_7c6f552b9685307cdb0d089f,release_metadata_gap_items,relmeta_4657ff087f931870f70db110,Library & Archives NT Catalogue NT 1956 release patch,NT,Tennant Creek,Tennant Creek,Metadata-only lead overlay,overlay_not_public_map
mapmeta_0368226d2ff18d7e4256da55,release_metadata_gap_items,relmeta_fca9627ed9c6a478be739725,Territory Stories NT 1956 release patch,NT,Darwin,Darwin,Metadata-only lead overlay,overlay_not_public_map
mapmeta_c9e11f2906010213a4aea6ef,release_metadata_gap_items,relmeta_e3bae6e473f7b3064e39a8bf,Territory Stories NT 1956 release patch,NT,Darwin,Darwin,Metadata-only lead overlay,overlay_not_public_map
mapmeta_7273d61826386f2dee802bc8,release_metadata_gap_items,relmeta_e80dd7620db2c4cdbbaa4186,Alice Springs Public Library Local History NT 1957 release patch,NT,Katherine,Katherine,Metadata-only lead overlay,overlay_not_public_map
mapmeta_ad66f5a700d8f9d5a0dbacb0,release_metadata_gap_items,relmeta_27dc8d29a0f9bd855c443846,Alice Springs Public Library Local History NT 1957 release patch,NT,Katherine,Katherine,Metadata-only lead overlay,overlay_not_public_map
mapmeta_bd21333cccb6a8b20b74ac7f,release_metadata_gap_items,relmeta_a82c5d1cbe73fa74c5d55ae0,Darwin City Libraries Local History NT 1957 release patch,NT,Alice Springs,Alice Springs,Metadata-only lead overlay,overlay_not_public_map
mapmeta_0a3aff1d017aeb98c0b522f7,release_metadata_gap_items,relmeta_27e227ce75d17eb515ecb864,Darwin City Libraries Local History NT 1957 release patch,NT,Tennant Creek,Tennant Creek,Metadata-only lead overlay,overlay_not_public_map
mapmeta_4278693689bedddbe493cc6a,release_metadata_gap_items,relmeta_078454d6f9214f5538e46139,Tennant Creek and Barkly History NT 1957 release patch,NT,Pine Creek,Pine Creek,Metadata-only lead overlay,overlay_not_public_map
mapmeta_4523cff86c5271e9edd88b91,release_metadata_gap_items,relmeta_456cbbf8c5396ca341e84b0c,NT Heritage Register NT 1957 release patch,NT,Darwin,Darwin,Metadata-only lead overlay,overlay_not_public_map
mapmeta_baee0566c7b2a71933846b1b,release_metadata_gap_items,relmeta_2e0247790e45dc20ec6a454b,National Trust NT NT 1957 release patch,NT,Katherine,Katherine,Metadata-only lead overlay,overlay_not_public_map
mapmeta_bb29cef11bac9ee49c56b843,release_metadata_gap_items,relmeta_843eec8539527562b1c09680,National Trust Northern Territory NT 1957 release patch,NT,Katherine,Katherine,Metadata-only lead overlay,overlay_not_public_map
mapmeta_c00e65fe020808dc3c61e09f,release_metadata_gap_items,relmeta_fb88da80e715bf9f8ad68519,Northern Territory Heritage Register NT 1957 release patch,NT,Alice Springs,Alice Springs,Metadata-only lead overlay,overlay_not_public_map
mapmeta_3f512c73330e4fd0e82b6b17,release_metadata_gap_items,relmeta_3ec4ef95a4b2f1f0c070ceed,Central Australian Historical Society NT 1957 release patch,NT,Pine Creek,Pine Creek,Metadata-only lead overlay,overlay_not_public_map
mapmeta_fec6478745ecd80ddd091b27,release_metadata_gap_items,relmeta_4e38d882e48b90b984bf1fd5,Historical Society of the Northern Territory NT 1957 release patch,NT,Pine Creek,Pine Creek,Metadata-only lead overlay,overlay_not_public_map
mapmeta_b09e9ce0705e0380b984fae6,release_metadata_gap_items,relmeta_15bd3b23230aff51f3f2a87f,Historical Society of the Northern Territory NT 1957 release patch,NT,Pine Creek,Pine Creek,Metadata-only lead overlay,overlay_not_public_map
mapmeta_196622af86743b8c3eab74e8,release_metadata_gap_items,relmeta_b086a5f546a2ad95eebe81e7,Katherine Museum NT 1957 release patch,NT,Tennant Creek,Tennant Creek,Metadata-only lead overlay,overlay_not_public_map
mapmeta_037cd375abd4f88240837060,release_metadata_gap_items,relmeta_239ca02073355f08bd0a7dd2,Museum and Art Gallery of the Northern Territory NT 1957 release patch,NT,Tennant Creek,Tennant Creek,Metadata-only lead overlay,overlay_not_public_map
mapmeta_a81f078122a225da27938276,release_metadata_gap_items,relmeta_f41ca343b34ccfde83e87c02,Pine Creek Museum NT 1957 release patch,NT,Tennant Creek,Tennant Creek,Metadata-only lead overlay,overlay_not_public_map
mapmeta_1a93167ec6946d8cdc20a58a,release_metadata_gap_items,relmeta_fa37a1e371e7172a53cf2bda,LANT Archives Navigator NT 1957 release patch,NT,Katherine,Katherine,Metadata-only lead overlay,overlay_not_public_map
mapmeta_9920afaca264008bd6d9d765,release_metadata_gap_items,relmeta_e708e02b80a4cbb9e3b3acdb,Library & Archives NT NT 1957 release patch,NT,Pine Creek,Pine Creek,Metadata-only lead overlay,overlay_not_public_map
mapmeta_4cdd28b5b34eecfe2edc87e5,release_metadata_gap_items,relmeta_7c0c0db35ce79d9aa78f0b2c,Library & Archives NT Catalogue NT 1957 release patch,NT,Pine Creek,Pine Creek,Metadata-only lead overlay,overlay_not_public_map
mapmeta_6013ae6eb421807c4a3908b5,release_metadata_gap_items,relmeta_c470221c90ed47bd91c35433,Territory Stories NT 1957 release patch,NT,Katherine,Katherine,Metadata-only lead overlay,overlay_not_public_map
mapmeta_29e499d58e04cafd5c8e3698,release_metadata_gap_items,relmeta_ac0e9906a0294fb78efc73a1,Territory Stories NT 1957 release patch,NT,Katherine,Katherine,Metadata-only lead overlay,overlay_not_public_map
mapmeta_360e9ffa82db2e300b8e9f11,release_metadata_gap_items,relmeta_1a15fcba37eb0bab78f4f2a5,Alice Springs Public Library Local History NT 1958 release patch,NT,Alice Springs,Alice Springs,Metadata-only lead overlay,overlay_not_public_map
mapmeta_e626b8de8edbeba5e6027822,release_metadata_gap_items,relmeta_d8c7adf41bcea7ec8cc08b6f,Alice Springs Public Library Local History NT 1958 release patch,NT,Alice Springs,Alice Springs,Metadata-only lead overlay,overlay_not_public_map
mapmeta_9026860d43e75f3239f33fef,release_metadata_gap_items,relmeta_a2e77aae8b00dfd68e68a681,Darwin City Libraries Local History NT 1958 release patch,NT,Tennant Creek,Tennant Creek,Metadata-only lead overlay,overlay_not_public_map
mapmeta_0fc9cb6bfccc08944f21f60e,release_metadata_gap_items,relmeta_e469923af20529eeb956a67d,Darwin City Libraries Local History NT 1958 release patch,NT,Tennant Creek,Tennant Creek,Metadata-only lead overlay,overlay_not_public_map
mapmeta_447ff451d584499453712b62,release_metadata_gap_items,relmeta_4443a8565bfe695b50c000f7,Tennant Creek and Barkly History NT 1958 release patch,NT,Darwin,Darwin,Metadata-only lead overlay,overlay_not_public_map
mapmeta_71de862997704d7912c70b5d,release_metadata_gap_items,relmeta_2294e599844d9a331e0f928d,NT Heritage Register NT 1958 release patch,NT,Katherine,Katherine,Metadata-only lead overlay,overlay_not_public_map
mapmeta_85281c69ff214308ea8fcda5,release_metadata_gap_items,relmeta_0a8c4436dd4679a023138a8b,National Trust NT NT 1958 release patch,NT,Alice Springs,Alice Springs,Metadata-only lead overlay,overlay_not_public_map
mapmeta_c4317fa6920df8bacb00f27a,release_metadata_gap_items,relmeta_d1704b56e523e55de44ad4a6,National Trust Northern Territory NT 1958 release patch,NT,Alice Springs,Alice Springs,Metadata-only lead overlay,overlay_not_public_map
mapmeta_0804f1caadbd1a2ddc58825b,release_metadata_gap_items,relmeta_34b94d0444fc103aea0436e7,Northern Territory Heritage Register NT 1958 release patch,NT,Tennant Creek,Tennant Creek,Metadata-only lead overlay,overlay_not_public_map
mapmeta_817e118780bcd0124484ddb4,release_metadata_gap_items,relmeta_cc72c891b0a999593f630d39,Central Australian Historical Society NT 1958 release patch,NT,Darwin,Darwin,Metadata-only lead overlay,overlay_not_public_map
mapmeta_7fcb2df686f08301d339c531,release_metadata_gap_items,relmeta_7de0e6cdea53c481974a7d1d,Historical Society of the Northern Territory NT 1958 release patch,NT,Darwin,Darwin,Metadata-only lead overlay,overlay_not_public_map
mapmeta_be22c1a2cb07f8f8349acbe2,release_metadata_gap_items,relmeta_0663a41801f4edd3f0191d38,Historical Society of the Northern Territory NT 1958 release patch,NT,Darwin,Darwin,Metadata-only lead overlay,overlay_not_public_map
mapmeta_38cb0d2521cc0942283b315c,release_metadata_gap_items,relmeta_638c641f09d53030c181a8f5,Katherine Museum NT 1958 release patch,NT,Pine Creek,Pine Creek,Metadata-only lead overlay,overlay_not_public_map
mapmeta_3b10ff04f29b8677e16d64eb,release_metadata_gap_items,relmeta_fc7f6de6745101716039369f,Museum and Art Gallery of the Northern Territory NT 1958 release patch,NT,Pine Creek,Pine Creek,Metadata-only lead overlay,overlay_not_public_map
mapmeta_c258177a4b2173d504d33d7c,release_metadata_gap_items,relmeta_6b03e197857e6ab6244914bd,Pine Creek Museum NT 1958 release patch,NT,Pine Creek,Pine Creek,Metadata-only lead overlay,overlay_not_public_map
mapmeta_725575cca42bc7a2600ffab9,release_metadata_gap_items,relmeta_a88c5a8f1f81e6377f6d45fb,LANT Archives Navigator NT 1958 release patch,NT,Alice Springs,Alice Springs,Metadata-only lead overlay,overlay_not_public_map
mapmeta_c4cbe133dd2d661a243f9d19,release_metadata_gap_items,relmeta_fd51da95d80913a60aa1c79a,Library & Archives NT NT 1958 release patch,NT,Darwin,Darwin,Metadata-only lead overlay,overlay_not_public_map
mapmeta_7945701214f761cef6cab6ba,release_metadata_gap_items,relmeta_8594df8469678e637b821c86,Library & Archives NT Catalogue NT 1958 release patch,NT,Darwin,Darwin,Metadata-only lead overlay,overlay_not_public_map
mapmeta_b1ef01daa602d95f1a414a70,release_metadata_gap_items,relmeta_b3d8111a2b7636b32ec85cdb,Territory Stories NT 1958 release patch,NT,Alice Springs,Alice Springs,Metadata-only lead overlay,overlay_not_public_map
mapmeta_c30f46ced596528e675867c3,release_metadata_gap_items,relmeta_8d7fea3e902e41ae30450d18,Territory Stories NT 1958 release patch,NT,Alice Springs,Alice Springs,Metadata-only lead overlay,overlay_not_public_map
mapmeta_4f947a9a705fb2a56ac4fa3d,release_metadata_gap_items,relmeta_1e3a57d9a10870375a042bca,Alice Springs Public Library Local History NT 1959 release patch,NT,Tennant Creek,Tennant Creek,Metadata-only lead overlay,overlay_not_public_map
mapmeta_a54ceacb4330b543ced11ce0,release_metadata_gap_items,relmeta_1f9c8848131219bf571cafd5,Alice Springs Public Library Local History NT 1959 release patch,NT,Tennant Creek,Tennant Creek,Metadata-only lead overlay,overlay_not_public_map
mapmeta_62d111b38d19bde8a7ee8527,release_metadata_gap_items,relmeta_1d258a0e20cba93adf2f54cf,Darwin City Libraries Local History NT 1959 release patch,NT,Pine Creek,Pine Creek,Metadata-only lead overlay,overlay_not_public_map
mapmeta_e4247e08d8828c5ebe28396e,release_metadata_gap_items,relmeta_a145ba29bdfbfacfa7279766,Darwin City Libraries Local History NT 1959 release patch,NT,Pine Creek,Pine Creek,Metadata-only lead overlay,overlay_not_public_map
mapmeta_cae6ccffc83c01fc7a157293,release_metadata_gap_items,relmeta_ca31399cd52552e2a4103817,Tennant Creek and Barkly History NT 1959 release patch,NT,Darwin,Darwin,Metadata-only lead overlay,overlay_not_public_map
mapmeta_84a3f56b8a7bc530b75e6d0e,release_metadata_gap_items,relmeta_9ab104f8dbaafa2c07f22732,NT Heritage Register NT 1959 release patch,NT,Alice Springs,Alice Springs,Metadata-only lead overlay,overlay_not_public_map
mapmeta_20957e3cfec7b0f351497456,release_metadata_gap_items,relmeta_4978d03325dc4072df6182f9,National Trust NT NT 1959 release patch,NT,Alice Springs,Alice Springs,Metadata-only lead overlay,overlay_not_public_map
mapmeta_35cb34a4e206b4dd5e696e0a,release_metadata_gap_items,relmeta_1c158b8f3e172cb115edc244,National Trust Northern Territory NT 1959 release patch,NT,Tennant Creek,Tennant Creek,Metadata-only lead overlay,overlay_not_public_map
mapmeta_c8a1b1cade60f61c0b7407e4,release_metadata_gap_items,relmeta_8f9658ec1b882801cd3149a7,Northern Territory Heritage Register NT 1959 release patch,NT,Pine Creek,Pine Creek,Metadata-only lead overlay,overlay_not_public_map
mapmeta_ce24db7ef4f77da4aab5a8ba,release_metadata_gap_items,relmeta_b9bb087dcbe0faa2bf98c0f5,Central Australian Historical Society NT 1959 release patch,NT,Darwin,Darwin,Metadata-only lead overlay,overlay_not_public_map
mapmeta_4025bc416dd8f6660c6ee32d,release_metadata_gap_items,relmeta_d552d53bb901751ba41f6185,Historical Society of the Northern Territory NT 1959 release patch,NT,Katherine,Katherine,Metadata-only lead overlay,overlay_not_public_map
mapmeta_842c26e0666d8278f09b6e83,release_metadata_gap_items,relmeta_debe23229a69be0ef4bfb023,Historical Society of the Northern Territory NT 1959 release patch,NT,Katherine,Katherine,Metadata-only lead overlay,overlay_not_public_map
mapmeta_c5293cefdadf196e4a06ff14,release_metadata_gap_items,relmeta_05f1c266c824cb85775c55d3,Katherine Museum NT 1959 release patch,NT,Pine Creek,Pine Creek,Metadata-only lead overlay,overlay_not_public_map
mapmeta_ff6f3337f8f28198135244f4,release_metadata_gap_items,relmeta_f9425436c15035f15e40fce3,Museum and Art Gallery of the Northern Territory NT 1959 release patch,NT,Darwin,Darwin,Metadata-only lead overlay,overlay_not_public_map
mapmeta_d7a582ed5565b933dd32f7ea,release_metadata_gap_items,relmeta_a858baeda4f07ca2c659b750,Pine Creek Museum NT 1959 release patch,NT,Darwin,Darwin,Metadata-only lead overlay,overlay_not_public_map
mapmeta_9934f0efe9e64047f34d38e0,release_metadata_gap_items,relmeta_64be399ca93edd28f2e8e77c,LANT Archives Navigator NT 1959 release patch,NT,Tennant Creek,Tennant Creek,Metadata-only lead overlay,overlay_not_public_map
mapmeta_9fce82942f94020f855a1f3a,release_metadata_gap_items,relmeta_6704cdfc2039d6e95b33d570,Library & Archives NT NT 1959 release patch,NT,Katherine,Katherine,Metadata-only lead overlay,overlay_not_public_map
mapmeta_78df96d0e889b06b0103beed,release_metadata_gap_items,relmeta_fe7d8999edccbfe7a01fc679,Library & Archives NT Catalogue NT 1959 release patch,NT,Katherine,Katherine,Metadata-only lead overlay,overlay_not_public_map
mapmeta_891c5e2ce025a4a96475a2fb,release_metadata_gap_items,relmeta_b0e7856bcea78e06bbd1800a,Territory Stories NT 1959 release patch,NT,Alice Springs,Alice Springs,Metadata-only lead overlay,overlay_not_public_map
mapmeta_7c0d7d18ac876a4199255138,release_metadata_gap_items,relmeta_fabff791cfca3bcec2525937,Territory Stories NT 1959 release patch,NT,Tennant Creek,Tennant Creek,Metadata-only lead overlay,overlay_not_public_map
mapmeta_a3b89537e7e49d6c9400b891,release_metadata_gap_items,relmeta_6a1f4bce4089b831d51e1ad4,Alice Springs Public Library Local History NT 1960 release patch,NT,Pine Creek,Pine Creek,Metadata-only lead overlay,overlay_not_public_map
mapmeta_10d4d37dfe74d6ac6ced4b84,release_metadata_gap_items,relmeta_c69fa4e1e3b4ef69a67d92a0,Alice Springs Public Library Local History NT 1960 release patch,NT,Pine Creek,Pine Creek,Metadata-only lead overlay,overlay_not_public_map
mapmeta_e94b27f473c132dc31659480,release_metadata_gap_items,relmeta_7712032097a234081204d4e8,Darwin City Libraries Local History NT 1960 release patch,NT,Darwin,Darwin,Metadata-only lead overlay,overlay_not_public_map
mapmeta_fbd346776c6c86432e4e648a,release_metadata_gap_items,relmeta_1489755a726e1ce6097aa19e,Darwin City Libraries Local History NT 1960 release patch,NT,Darwin,Darwin,Metadata-only lead overlay,overlay_not_public_map
mapmeta_82f1b56160f7bc315d5930b0,release_metadata_gap_items,relmeta_9c58f52fb33c326bbe525e13,Tennant Creek and Barkly History NT 1960 release patch,NT,Katherine,Katherine,Metadata-only lead overlay,overlay_not_public_map
mapmeta_1609dd5e6a2d971266f2a165,release_metadata_gap_items,relmeta_6bc36eaab3f8c552f1f61e74,NT Heritage Register NT 1960 release patch,NT,Tennant Creek,Tennant Creek,Metadata-only lead overlay,overlay_not_public_map
mapmeta_dfe09767aa27f5ccf5bf0c43,release_metadata_gap_items,relmeta_bf71199457f78d19e7f08a6c,National Trust NT NT 1960 release patch,NT,Tennant Creek,Tennant Creek,Metadata-only lead overlay,overlay_not_public_map
mapmeta_a8e110227e8e02cb526e8767,release_metadata_gap_items,relmeta_4942245ba525d774415b3775,National Trust Northern Territory NT 1960 release patch,NT,Tennant Creek,Tennant Creek,Metadata-only lead overlay,overlay_not_public_map
mapmeta_fed54a5c326829907f899d5b,release_metadata_gap_items,relmeta_b1c79da6ef301176c4ba2113,Northern Territory Heritage Register NT 1960 release patch,NT,Darwin,Darwin,Metadata-only lead overlay,overlay_not_public_map
mapmeta_09b06ab6119c55f001014f05,release_metadata_gap_items,relmeta_ac8cb6fa2d40e12607b1466e,Alice Springs Public Library Local History NT 1955 metadata expansion lead,NT,Katherine,Katherine,Metadata-only lead overlay,overlay_not_public_map
mapmeta_f8a565a924ec24e677a9dbd3,release_metadata_gap_items,relmeta_790f7c25098f0874684b1b25,Alice Springs Public Library Local History NT 1955 metadata expansion lead,NT,Katherine,Katherine,Metadata-only lead overlay,overlay_not_public_map
mapmeta_0143387344a32ca61670a033,release_metadata_gap_items,relmeta_bce231142061c533c60499d4,Darwin City Libraries Local History NT 1955 metadata expansion lead,NT,Alice Springs,Alice Springs,Metadata-only lead overlay,overlay_not_public_map
mapmeta_350613b25ff6dcc144cd242d,release_metadata_gap_items,relmeta_1a77c1313b181f7f0e265edd,Darwin City Libraries Local History NT 1955 metadata expansion lead,NT,Alice Springs,Alice Springs,Metadata-only lead overlay,overlay_not_public_map
mapmeta_3629be5ff1984516808be9e3,release_metadata_gap_items,relmeta_1efcb5f8adcfe92c6e857ba6,Tennant Creek and Barkly History NT 1955 metadata expansion lead,NT,Tennant Creek,Tennant Creek,Metadata-only lead overlay,overlay_not_public_map
mapmeta_a6b72866e5462efb51b9d708,release_metadata_gap_items,relmeta_c1d2d63d58910c29c2b17357,NT Heritage Register NT 1955 metadata expansion lead,NT,Pine Creek,Pine Creek,Metadata-only lead overlay,overlay_not_public_map
mapmeta_ef453953035854d9648de559,release_metadata_gap_items,relmeta_040f495eff8d9ac102c59b2b,National Trust NT NT 1955 metadata expansion lead,NT,Darwin,Darwin,Metadata-only lead overlay,overlay_not_public_map
mapmeta_6b56b001320f39954f3fc785,release_metadata_gap_items,relmeta_354ec22b643ee1b71eccb659,National Trust Northern Territory NT 1955 metadata expansion lead,NT,Darwin,Darwin,Metadata-only lead overlay,overlay_not_public_map
mapmeta_ea3deea1f6ade4d2fde03f4d,release_metadata_gap_items,relmeta_3f4a5c11be4182af607cd940,Northern Territory Heritage Register NT 1955 metadata expansion lead,NT,Katherine,Katherine,Metadata-only lead overlay,overlay_not_public_map
mapmeta_479e06e9bba3a00df37df682,release_metadata_gap_items,relmeta_3e33c8a6f215e28ce5544071,Central Australian Historical Society NT 1955 metadata expansion lead,NT,Tennant Creek,Tennant Creek,Metadata-only lead overlay,overlay_not_public_map
mapmeta_75419170ef79bb6561b1402c,release_metadata_gap_items,relmeta_56f6cfd3ed16a6abfdd0a6d7,Historical Society of the Northern Territory NT 1955 metadata expansion lead,NT,Pine Creek,Pine Creek,Metadata-only lead overlay,overlay_not_public_map
mapmeta_156c081674aa96c74e912e20,release_metadata_gap_items,relmeta_b4ae2226ff413f8ad868faa5,Historical Society of the Northern Territory NT 1955 metadata expansion lead,NT,Pine Creek,Pine Creek,Metadata-only lead overlay,overlay_not_public_map
mapmeta_d8b8e2e64ef342e4efceaef3,release_metadata_gap_items,relmeta_d7c3f83bd96ce40670584547,Katherine Museum NT 1955 metadata expansion lead,NT,Alice Springs,Alice Springs,Metadata-only lead overlay,overlay_not_public_map
mapmeta_0bafce327351bc53bda7a49a,release_metadata_gap_items,relmeta_5b77928ae867773379395dc1,Museum and Art Gallery of the Northern Territory NT 1955 metadata expansion lead,NT,Alice Springs,Alice Springs,Metadata-only lead overlay,overlay_not_public_map
mapmeta_f60a7bfee3e66e3f1740eb4e,release_metadata_gap_items,relmeta_bd9bf830657e51c88d523274,Pine Creek Museum NT 1955 metadata expansion lead,NT,Tennant Creek,Tennant Creek,Metadata-only lead overlay,overlay_not_public_map
mapmeta_f4402b673a1eaf57241d4dc4,release_metadata_gap_items,relmeta_7cc9e8166065646402a655c2,LANT Archives Navigator NT 1955 metadata expansion lead,NT,Katherine,Katherine,Metadata-only lead overlay,overlay_not_public_map
mapmeta_0c03bdc243723dca4ec731b0,release_metadata_gap_items,relmeta_2baf9ba14cd575353ec441c4,Library & Archives NT NT 1955 metadata expansion lead,NT,Tennant Creek,Tennant Creek,Metadata-only lead overlay,overlay_not_public_map
mapmeta_bda5fc0dc09f30e1a632d38a,release_metadata_gap_items,relmeta_79335930b7aebaa02bda53eb,Library & Archives NT Catalogue NT 1955 metadata expansion lead,NT,Tennant Creek,Tennant Creek,Metadata-only lead overlay,overlay_not_public_map
mapmeta_e74e6b536e28e4ba72d07f89,release_metadata_gap_items,relmeta_e46b8efcb912846629d28afc,Territory Stories NT 1955 metadata expansion lead,NT,Darwin,Darwin,Metadata-only lead overlay,overlay_not_public_map
mapmeta_c7a0aaa7137df33de12878ca,release_metadata_gap_items,relmeta_4bf06443343796895e994056,Territory Stories NT 1955 metadata expansion lead,NT,Darwin,Darwin,Metadata-only lead overlay,overlay_not_public_map
mapmeta_3525b28de40b01bd299f2b6b,release_metadata_gap_items,relmeta_953d7d9aba82646eb11e955b,Alice Springs Public Library Local History NT 1956 metadata expansion lead,NT,Katherine,Katherine,Metadata-only lead overlay,overlay_not_public_map
mapmeta_0b71af15ede950e699c9b603,release_metadata_gap_items,relmeta_ac1b7f53ccd20f2d8b36de47,Alice Springs Public Library Local History NT 1956 metadata expansion lead,NT,Alice Springs,Alice Springs,Metadata-only lead overlay,overlay_not_public_map
mapmeta_d9dae23601c9436520b8f727,release_metadata_gap_items,relmeta_98173a23f16c5fa85258f8b4,Darwin City Libraries Local History NT 1956 metadata expansion lead,NT,Tennant Creek,Tennant Creek,Metadata-only lead overlay,overlay_not_public_map
mapmeta_72bfdfbcd36111b381f5322d,release_metadata_gap_items,relmeta_7e85b367b97cc572c889bae3,Darwin City Libraries Local History NT 1956 metadata expansion lead,NT,Tennant Creek,Tennant Creek,Metadata-only lead overlay,overlay_not_public_map
mapmeta_203411be48bd837560b539f7,release_metadata_gap_items,relmeta_909543446e836c2a880cd445,Tennant Creek and Barkly History NT 1956 metadata expansion lead,NT,Pine Creek,Pine Creek,Metadata-only lead overlay,overlay_not_public_map
mapmeta_eb5db9f718f0322a9fc28d3d,release_metadata_gap_items,relmeta_c945f281e9c65a788f6c78ef,NT Heritage Register NT 1956 metadata expansion lead,NT,Darwin,Darwin,Metadata-only lead overlay,overlay_not_public_map
mapmeta_3e85695a19f0685eed581e68,release_metadata_gap_items,relmeta_2b4ba0e9106779b8619950f2,National Trust NT NT 1956 metadata expansion lead,NT,Katherine,Katherine,Metadata-only lead overlay,overlay_not_public_map
mapmeta_ec71304205f8f266585dee18,release_metadata_gap_items,relmeta_0035c33b5ce40d68c8d02d62,National Trust Northern Territory NT 1956 metadata expansion lead,NT,Katherine,Katherine,Metadata-only lead overlay,overlay_not_public_map
mapmeta_d66b00c0c9ee7f633a1909ce,release_metadata_gap_items,relmeta_db7ebce555b606d0012094ef,Northern Territory Heritage Register NT 1956 metadata expansion lead,NT,Alice Springs,Alice Springs,Metadata-only lead overlay,overlay_not_public_map
mapmeta_1192974e5cc45fc28444454e,release_metadata_gap_items,relmeta_11c44808bd93bcb0f8abb2a3,Central Australian Historical Society NT 1956 metadata expansion lead,NT,Pine Creek,Pine Creek,Metadata-only lead overlay,overlay_not_public_map
mapmeta_c1408652381b7fe49645194b,release_metadata_gap_items,relmeta_2f468aeeb73fe7867e78a771,Historical Society of the Northern Territory NT 1956 metadata expansion lead,NT,Pine Creek,Pine Creek,Metadata-only lead overlay,overlay_not_public_map
mapmeta_7faa2f9f3d8151006b3b20ad,release_metadata_gap_items,relmeta_dc371399cd9d3fe0c57ed265,Historical Society of the Northern Territory NT 1956 metadata expansion lead,NT,Darwin,Darwin,Metadata-only lead overlay,overlay_not_public_map
mapmeta_2e3025bf86aaec1e7968df57,release_metadata_gap_items,relmeta_fd49c4f61430f005130e712b,Katherine Museum NT 1956 metadata expansion lead,NT,Tennant Creek,Tennant Creek,Metadata-only lead overlay,overlay_not_public_map
mapmeta_e20d565e7ccbb4c525c16628,release_metadata_gap_items,relmeta_cea9fd6d74da3017b8e670fc,Museum and Art Gallery of the Northern Territory NT 1956 metadata expansion lead,NT,Tennant Creek,Tennant Creek,Metadata-only lead overlay,overlay_not_public_map
mapmeta_162431bfc7ad0b849647bdc9,release_metadata_gap_items,relmeta_a8d5806a15e2d4996541ce08,Pine Creek Museum NT 1956 metadata expansion lead,NT,Tennant Creek,Tennant Creek,Metadata-only lead overlay,overlay_not_public_map
mapmeta_f88e97cc512eece7083045f0,release_metadata_gap_items,relmeta_ef44f9d37ccefc9ac37abf8c,LANT Archives Navigator NT 1956 metadata expansion lead,NT,Katherine,Katherine,Metadata-only lead overlay,overlay_not_public_map
mapmeta_72623454103934443d69f189,release_metadata_gap_items,relmeta_c0c1d5cac7827f1c3c50fb82,Library & Archives NT NT 1956 metadata expansion lead,NT,Pine Creek,Pine Creek,Metadata-only lead overlay,overlay_not_public_map
mapmeta_c54bba383cd46598985fd58e,release_metadata_gap_items,relmeta_1f47636ec88a967f866ff9df,Library & Archives NT Catalogue NT 1956 metadata expansion lead,NT,Pine Creek,Pine Creek,Metadata-only lead overlay,overlay_not_public_map
mapmeta_0f6db7bf8cfb99ef0dfcfa7d,release_metadata_gap_items,relmeta_d34479d46d89171b2f1c42e2,Territory Stories NT 1956 metadata expansion lead,NT,Katherine,Katherine,Metadata-only lead overlay,overlay_not_public_map
mapmeta_882696c301ad7b5f421d304a,release_metadata_gap_items,relmeta_553f37b4118dbb1507997c47,Territory Stories NT 1956 metadata expansion lead,NT,Katherine,Katherine,Metadata-only lead overlay,overlay_not_public_map
mapmeta_eb40a26b42e9cf32b721ac51,release_metadata_gap_items,relmeta_1ff50bc695230b9adc6f4a74,ABC Public Pages NT 1955 metadata expansion lead,NT,Katherine,Katherine,Metadata-only lead overlay,overlay_not_public_map
mapmeta_a3e70e1304b3d10459d787f9,release_metadata_gap_items,relmeta_f30d5e0f130dd95df6e598fb,Australian Screen Online NT 1955 metadata expansion lead,NT,Alice Springs,Alice Springs,Metadata-only lead overlay,overlay_not_public_map
mapmeta_c66c965d62c230fd80187597,release_metadata_gap_items,relmeta_512272559061882f6b27f237,NFSA Collection NT 1955 metadata expansion lead,NT,Alice Springs,Alice Springs,Metadata-only lead overlay,overlay_not_public_map
mapmeta_20313cd0d01cacebc93f0147,release_metadata_gap_items,relmeta_4b2b360b58730eabc1c765db,Alice Springs Public Library Local History NT 1957 metadata expansion lead,NT,Alice Springs,Alice Springs,Metadata-only lead overlay,overlay_not_public_map
mapmeta_d2fd478407cd675d25ac718a,release_metadata_gap_items,relmeta_9e25ec00f981b6db48bea82c,Alice Springs Public Library Local History NT 1957 metadata expansion lead,NT,Alice Springs,Alice Springs,Metadata-only lead overlay,overlay_not_public_map
mapmeta_94ffaf792c703a37325fe4cb,release_metadata_gap_items,relmeta_b0f06310a163c7b6b5bdc172,Brisbane Heritage Register NT 1955 metadata expansion lead,NT,Tennant Creek,Tennant Creek,Metadata-only lead overlay,overlay_not_public_map
mapmeta_06ac60bb9fef7754a4ebe80c,release_metadata_gap_items,relmeta_8a366cd71e001dde2819f249,City of Sydney Archives NT 1955 metadata expansion lead,NT,Tennant Creek,Tennant Creek,Metadata-only lead overlay,overlay_not_public_map
mapmeta_1aa06b35d24fe204f73da5b6,release_metadata_gap_items,relmeta_5d41241126203911e122e530,Darwin City Libraries Local History NT 1957 metadata expansion lead,NT,Pine Creek,Pine Creek,Metadata-only lead overlay,overlay_not_public_map
mapmeta_8a6374d43da99c6957e9d617,release_metadata_gap_items,relmeta_aaf7fe77dce5b73f147e1359,Darwin City Libraries Local History NT 1957 metadata expansion lead,NT,Pine Creek,Pine Creek,Metadata-only lead overlay,overlay_not_public_map
mapmeta_21321ca605df3ff89888a2b2,release_metadata_gap_items,relmeta_406164358d27d30c8fdbbd58,Tennant Creek and Barkly History NT 1957 metadata expansion lead,NT,Darwin,Darwin,Metadata-only lead overlay,overlay_not_public_map
mapmeta_b3bc82f1daf3a651888e1443,release_metadata_gap_items,relmeta_52d1fc451e7a30d4d5328de8,Australian Heritage Database NT 1955 metadata expansion lead,NT,Darwin,Darwin,Metadata-only lead overlay,overlay_not_public_map
mapmeta_a485468991bf11c74e2cfffd,release_metadata_gap_items,relmeta_998fc3c36857fcf852c6d7b0,NSW State Heritage Inventory NT 1955 metadata expansion lead,NT,Katherine,Katherine,Metadata-only lead overlay,overlay_not_public_map
mapmeta_9207dc45d011982fcbf4380f,release_metadata_gap_items,relmeta_4f81de67385b8e48477280f0,NT Heritage Register NT 1957 metadata expansion lead,NT,Katherine,Katherine,Metadata-only lead overlay,overlay_not_public_map
mapmeta_fb1783f9ffd85e8defe154ee,release_metadata_gap_items,relmeta_30d7319b2bea1322724a778d,National Trust NSW Register NT 1955 metadata expansion lead,NT,Alice Springs,Alice Springs,Metadata-only lead overlay,overlay_not_public_map
mapmeta_cb85338dcd6db2dafc7414ee,release_metadata_gap_items,relmeta_5b908feefd3b25e33a666960,National Trust NT NT 1957 metadata expansion lead,NT,Alice Springs,Alice Springs,Metadata-only lead overlay,overlay_not_public_map
mapmeta_778351f66caeae8fdf1b8b9e,release_metadata_gap_items,relmeta_437acc1b2b4c90cecce6315f,National Trust Northern Territory NT 1957 metadata expansion lead,NT,Alice Springs,Alice Springs,Metadata-only lead overlay,overlay_not_public_map
mapmeta_a4be4284772f21bf5f54a694,release_metadata_gap_items,relmeta_22536403e57a0a96a4879738,National Trust Victoria Register NT 1955 metadata expansion lead,NT,Tennant Creek,Tennant Creek,Metadata-only lead overlay,overlay_not_public_map
mapmeta_684c36a654101c34e4283e34,release_metadata_gap_items,relmeta_c2307ca3f25ee35fba5f49f8,Northern Territory Heritage Register NT 1957 metadata expansion lead,NT,Tennant Creek,Tennant Creek,Metadata-only lead overlay,overlay_not_public_map
mapmeta_96444b6638b60bad207be8d5,release_metadata_gap_items,relmeta_48a4e6306d4007fda05d9f84,Queensland Heritage Register NT 1955 metadata expansion lead,NT,Tennant Creek,Tennant Creek,Metadata-only lead overlay,overlay_not_public_map
mapmeta_b4c07cacf07d24014f62c54d,release_metadata_gap_items,relmeta_bf38fe52fca9b0fcad76ef5b,Victorian Heritage Database NT 1955 metadata expansion lead,NT,Pine Creek,Pine Creek,Metadata-only lead overlay,overlay_not_public_map
mapmeta_58756bc2d240222a6f70fbd1,release_metadata_gap_items,relmeta_02b5bc76ad112acaa94e2d3b,Central Australian Historical Society NT 1957 metadata expansion lead,NT,Darwin,Darwin,Metadata-only lead overlay,overlay_not_public_map
mapmeta_c3d4b318170b2a51545a4419,release_metadata_gap_items,relmeta_c880ff3be55f655a52d6e3f1,Dictionary of Sydney NT 1955 metadata expansion lead,NT,Darwin,Darwin,Metadata-only lead overlay,overlay_not_public_map
mapmeta_fd43a178d4a374caeb4098c7,release_metadata_gap_items,relmeta_8b055a40886c933e2e9a6d03,Historical Society of the Northern Territory NT 1957 metadata expansion lead,NT,Darwin,Darwin,Metadata-only lead overlay,overlay_not_public_map
mapmeta_85557f6d090a1070d4047bd6,release_metadata_gap_items,relmeta_0aed51efa5bcbb873ebfb974,Historical Society of the Northern Territory NT 1957 metadata expansion lead,NT,Darwin,Darwin,Metadata-only lead overlay,overlay_not_public_map
mapmeta_13e93639ae00352919d492be,release_metadata_gap_items,relmeta_a3f92935183c3953609a927f,Royal Australian Historical Society NT 1955 metadata expansion lead,NT,Katherine,Katherine,Metadata-only lead overlay,overlay_not_public_map
mapmeta_cc785b5df676a7f999caa5d7,release_metadata_gap_items,relmeta_ab67536e1acd5d4ab0cda559,Royal Historical Society of Queensland NT 1955 metadata expansion lead,NT,Katherine,Katherine,Metadata-only lead overlay,overlay_not_public_map
mapmeta_21f221116c5ebdc7e2a1c4a1,release_metadata_gap_items,relmeta_4597d2e2527982e584a905cd,Royal Historical Society of Victoria NT 1955 metadata expansion lead,NT,Katherine,Katherine,Metadata-only lead overlay,overlay_not_public_map
mapmeta_33b34be77b0b7afccd512705,release_metadata_gap_items,relmeta_722fe951f974e0cfbefa62c6,ACMI Collections NT 1955 metadata expansion lead,NT,Alice Springs,Alice Springs,Metadata-only lead overlay,overlay_not_public_map
mapmeta_fa26c48f89219f82ae626c30,release_metadata_gap_items,relmeta_0f8c0aace123a1ac2a1775b0,Katherine Museum NT 1957 metadata expansion lead,NT,Pine Creek,Pine Creek,Metadata-only lead overlay,overlay_not_public_map
mapmeta_201ecbda1c161cd1d42ebbda,release_metadata_gap_items,relmeta_6e257620835274327f61cd62,Museum and Art Gallery of the Northern Territory NT 1957 metadata expansion lead,NT,Pine Creek,Pine Creek,Metadata-only lead overlay,overlay_not_public_map
mapmeta_37310b104c1e8fcdf04f6763,release_metadata_gap_items,relmeta_9bb55124ab1041834237af12,Museums Victoria Collections NT 1955 metadata expansion lead,NT,Pine Creek,Pine Creek,Metadata-only lead overlay,overlay_not_public_map
mapmeta_0ac377c2bb8d45de5020bf3e,release_metadata_gap_items,relmeta_7275f11b29fecc1da40ea76a,Pine Creek Museum NT 1957 metadata expansion lead,NT,Pine Creek,Pine Creek,Metadata-only lead overlay,overlay_not_public_map
mapmeta_4ca4804ac0218f82d0e52a16,release_metadata_gap_items,relmeta_5ba9df0a304ba2ffb9024169,Queensland Museum Network NT 1955 metadata expansion lead,NT,Darwin,Darwin,Metadata-only lead overlay,overlay_not_public_map
mapmeta_0caedd851ed4ccac5196ab42,release_metadata_gap_items,relmeta_56a68c52cfa21da8646b3e93,Victorian Collections NT 1955 metadata expansion lead,NT,Darwin,Darwin,Metadata-only lead overlay,overlay_not_public_map
mapmeta_7454ebf61a82bf9cd963f03a,release_metadata_gap_items,relmeta_31b4fb8cf26cd17ff45bc1c9,eHive Museum Collections NT 1955 metadata expansion lead,NT,Katherine,Katherine,Metadata-only lead overlay,overlay_not_public_map
mapmeta_0bcc8df6ad4e6cff3c3af24b,release_metadata_gap_items,relmeta_f10948fd0f8319f59613e145,LANT Archives Navigator NT 1957 metadata expansion lead,NT,Alice Springs,Alice Springs,Metadata-only lead overlay,overlay_not_public_map
mapmeta_5136afebb1f7691f9c8be583,release_metadata_gap_items,relmeta_f9a82df388e806abb2410db8,Museums of History NSW State Archives Collection NT 1955 metadata expansion lead,NT,Alice Springs,Alice Springs,Metadata-only lead overlay,overlay_not_public_map
mapmeta_7a06ec08e8383f22fa54383a,release_metadata_gap_items,relmeta_612f940477391c1d37c51ad3,Public Record Office Victoria Catalogue NT 1955 metadata expansion lead,NT,Tennant Creek,Tennant Creek,Metadata-only lead overlay,overlay_not_public_map
mapmeta_4253bc867eed50abde82f55d,release_metadata_gap_items,relmeta_a54b1b96eebcbf1a44432f70,Queensland State Archives ArchivesSearch NT 1955 metadata expansion lead,NT,Tennant Creek,Tennant Creek,Metadata-only lead overlay,overlay_not_public_map
mapmeta_71bef35e9f54c1adc4927c7f,release_metadata_gap_items,relmeta_bbee1dee00dbbfbaa2f9175c,John Oxley Library NT 1955 metadata expansion lead,NT,Darwin,Darwin,Metadata-only lead overlay,overlay_not_public_map
mapmeta_1045a724e59c5a116ace2587,release_metadata_gap_items,relmeta_0357109f271ce98f4e42a57b,Library & Archives NT NT 1957 metadata expansion lead,NT,Darwin,Darwin,Metadata-only lead overlay,overlay_not_public_map
mapmeta_1214bdfef322011c707bfe77,release_metadata_gap_items,relmeta_5201272d12c24831957edb5a,Library & Archives NT Catalogue NT 1957 metadata expansion lead,NT,Darwin,Darwin,Metadata-only lead overlay,overlay_not_public_map
mapmeta_4c8fdf86628f37ccb5282d7e,release_metadata_gap_items,relmeta_49f9f038b033c555de79f474,State Library Victoria Catalogue NT 1955 metadata expansion lead,NT,Darwin,Darwin,Metadata-only lead overlay,overlay_not_public_map
mapmeta_cb23908a9b38274f07a19ab1,release_metadata_gap_items,relmeta_e81293076a443fc5c2b3bb75,State Library Victoria Digitised Collections NT 1955 metadata expansion lead,NT,Darwin,Darwin,Metadata-only lead overlay,overlay_not_public_map
mapmeta_13b0e668e9f202e888dd60d3,release_metadata_gap_items,relmeta_59414463b702f0bf792f262c,State Library of NSW Catalogue NT 1955 metadata expansion lead,NT,Katherine,Katherine,Metadata-only lead overlay,overlay_not_public_map
mapmeta_bb3c8a18e981f06ea78d4fb7,release_metadata_gap_items,relmeta_56186b8854cc1e68701cd112,State Library of NSW Digital Collections NT 1955 metadata expansion lead,NT,Katherine,Katherine,Metadata-only lead overlay,overlay_not_public_map
mapmeta_79cb96df422fb89b3811e2a9,release_metadata_gap_items,relmeta_ac71051bc88273194f882dec,State Library of Queensland One Search NT 1955 metadata expansion lead,NT,Katherine,Katherine,Metadata-only lead overlay,overlay_not_public_map
mapmeta_d3faed782b3006cb069b8b5f,release_metadata_gap_items,relmeta_470874985f0b8b72207e1f15,Territory Stories NT 1957 metadata expansion lead,NT,Alice Springs,Alice Springs,Metadata-only lead overlay,overlay_not_public_map
mapmeta_f66c2e340cde932ac8464545,release_metadata_gap_items,relmeta_e0bc85852ee64e93691ed6d7,Territory Stories NT 1957 metadata expansion lead,NT,Alice Springs,Alice Springs,Metadata-only lead overlay,overlay_not_public_map
mapmeta_c5ca497a4ee94a225713fa42,release_metadata_gap_items,relmeta_cf70dc1eba149bbc55d72cdb,Alice Springs Public Library Local History NT 1958 metadata expansion lead,NT,Tennant Creek,Tennant Creek,Metadata-only lead overlay,overlay_not_public_map
mapmeta_bb20e4b70c16d7258257a013,release_metadata_gap_items,relmeta_10ed6ace4f5c886f1df7a86c,Alice Springs Public Library Local History NT 1958 metadata expansion lead,NT,Tennant Creek,Tennant Creek,Metadata-only lead overlay,overlay_not_public_map
mapmeta_7ebeb5dd10a8a5989cf376b8,release_metadata_gap_items,relmeta_a1875094e0149039b73d6e45,Darwin City Libraries Local History NT 1958 metadata expansion lead,NT,Pine Creek,Pine Creek,Metadata-only lead overlay,overlay_not_public_map
mapmeta_bc2e86a8e141471559439a10,release_metadata_gap_items,relmeta_6d582eb39e1f2e0de5049a1c,Darwin City Libraries Local History NT 1958 metadata expansion lead,NT,Darwin,Darwin,Metadata-only lead overlay,overlay_not_public_map
mapmeta_dfebd27153e824088f0baedd,release_metadata_gap_items,relmeta_1c436181602382bd1ff5521e,Tennant Creek and Barkly History NT 1958 metadata expansion lead,NT,Katherine,Katherine,Metadata-only lead overlay,overlay_not_public_map
mapmeta_09d2a84fd550e68eb8e70898,release_metadata_gap_items,relmeta_e251f56714a090bff20599a1,NT Heritage Register NT 1958 metadata expansion lead,NT,Alice Springs,Alice Springs,Metadata-only lead overlay,overlay_not_public_map
mapmeta_ea1a3c0e70f6690c92a746c3,release_metadata_gap_items,relmeta_015edfe4df4ef5ae1900ac47,National Trust NT NT 1958 metadata expansion lead,NT,Tennant Creek,Tennant Creek,Metadata-only lead overlay,overlay_not_public_map
mapmeta_a73350e829c5766e87c5a383,release_metadata_gap_items,relmeta_0ccf554e9fc03361041a5703,National Trust Northern Territory NT 1958 metadata expansion lead,NT,Tennant Creek,Tennant Creek,Metadata-only lead overlay,overlay_not_public_map
mapmeta_be0a508f03c3ba3d2737b6de,release_metadata_gap_items,relmeta_1079ef78c0a58b2a5478c3d0,Northern Territory Heritage Register NT 1958 metadata expansion lead,NT,Pine Creek,Pine Creek,Metadata-only lead overlay,overlay_not_public_map
mapmeta_1d1d298f661d91062c571a97,release_metadata_gap_items,relmeta_967e0b8e316784bdfa40de0e,Central Australian Historical Society NT 1958 metadata expansion lead,NT,Katherine,Katherine,Metadata-only lead overlay,overlay_not_public_map
mapmeta_31260ab591719a0c3b6bb5d6,release_metadata_gap_items,relmeta_2166a0267544cb3e0e2bf931,Historical Society of the Northern Territory NT 1958 metadata expansion lead,NT,Katherine,Katherine,Metadata-only lead overlay,overlay_not_public_map
mapmeta_670a09ac81fc11b3f961b6cc,release_metadata_gap_items,relmeta_6a278b27562c2f6f1bb817b2,Historical Society of the Northern Territory NT 1958 metadata expansion lead,NT,Katherine,Katherine,Metadata-only lead overlay,overlay_not_public_map
mapmeta_f472aba3632560565c00387d,release_metadata_gap_items,relmeta_e17367a8c87d417a18f61274,Australian War Memorial NT 1955 metadata expansion lead,NT,Tennant Creek,Tennant Creek,Metadata-only lead overlay,overlay_not_public_map
mapmeta_cbf88fa2d83513514d67dca6,release_metadata_gap_items,relmeta_5f4ae56ccf1c4ea92857ca00,Katherine Museum NT 1958 metadata expansion lead,NT,Darwin,Darwin,Metadata-only lead overlay,overlay_not_public_map
mapmeta_7760413dcac5bdd58df2e812,release_metadata_gap_items,relmeta_660abe4c7d47209d20945923,Museum and Art Gallery of the Northern Territory NT 1958 metadata expansion lead,NT,Darwin,Darwin,Metadata-only lead overlay,overlay_not_public_map
mapmeta_547f04ede801baaf120ec7e1,release_metadata_gap_items,relmeta_0aaa4bca4bdd9d15e7837165,Pine Creek Museum NT 1958 metadata expansion lead,NT,Darwin,Darwin,Metadata-only lead overlay,overlay_not_public_map
mapmeta_de0fd35c780b2bc6a318b213,release_metadata_gap_items,relmeta_793411489b0a4a22b3f138be,LANT Archives Navigator NT 1958 metadata expansion lead,NT,Tennant Creek,Tennant Creek,Metadata-only lead overlay,overlay_not_public_map
mapmeta_29c233800bbfc8491b0fb9ef,release_metadata_gap_items,relmeta_f5fd047c7927f811073a4f2f,Library & Archives NT NT 1958 metadata expansion lead,NT,Katherine,Katherine,Metadata-only lead overlay,overlay_not_public_map
mapmeta_9d353613859ac67c22a9a19b,release_metadata_gap_items,relmeta_d4d50785c4c2448aaebf0fee,Library & Archives NT Catalogue NT 1958 metadata expansion lead,NT,Katherine,Katherine,Metadata-only lead overlay,overlay_not_public_map
mapmeta_fe0dfaa0708aaabc567f5b4f,release_metadata_gap_items,relmeta_a74066f0b3036ecdff11c944,Territory Stories NT 1958 metadata expansion lead,NT,Tennant Creek,Tennant Creek,Metadata-only lead overlay,overlay_not_public_map
mapmeta_4bf996250d97c5be75c23285,release_metadata_gap_items,relmeta_15a867dc7dc0aa6b206169f4,Territory Stories NT 1958 metadata expansion lead,NT,Tennant Creek,Tennant Creek,Metadata-only lead overlay,overlay_not_public_map
mapmeta_ab0d9af9909f797083f1e635,release_metadata_gap_items,relmeta_816f067c150d28c192a68379,ABC Archives Public Pages NT 1955 metadata expansion lead,NT,Tennant Creek,Tennant Creek,Metadata-only lead overlay,overlay_not_public_map
mapmeta_aeb14f7c2fce06fd3f9c4769,release_metadata_gap_items,relmeta_18f66a7da776a785d5713226,Australian Screen Online NT 1955 metadata expansion lead,NT,Tennant Creek,Tennant Creek,Metadata-only lead overlay,overlay_not_public_map
mapmeta_bf911bdc25a7d11969f1d930,release_metadata_gap_items,relmeta_343be1ef1e13a3d3f4091fe3,NFSA Collection NT 1955 metadata expansion lead,NT,Pine Creek,Pine Creek,Metadata-only lead overlay,overlay_not_public_map
mapmeta_900e7420558ccb4212480b5e,release_metadata_gap_items,relmeta_69edc603a27138856bd8260d,Alice Springs Public Library Local History NT 1959 metadata expansion lead,NT,Pine Creek,Pine Creek,Metadata-only lead overlay,overlay_not_public_map
mapmeta_3c3f78105df63220006d8479,release_metadata_gap_items,relmeta_e143b3394ffa90434d5505ef,Alice Springs Public Library Local History NT 1959 metadata expansion lead,NT,Pine Creek,Pine Creek,Metadata-only lead overlay,overlay_not_public_map
mapmeta_04cf7f7d0a9332010cd1b00a,release_metadata_gap_items,relmeta_8d6ffc12019b895e7b605343,Darwin City Libraries Local History NT 1959 metadata expansion lead,NT,Darwin,Darwin,Metadata-only lead overlay,overlay_not_public_map
mapmeta_8b38a5777d4682d8594a5234,release_metadata_gap_items,relmeta_8b69cf4c8d55267dc03b2480,Darwin City Libraries Local History NT 1959 metadata expansion lead,NT,Darwin,Darwin,Metadata-only lead overlay,overlay_not_public_map
mapmeta_cc5b464cd84a37438eb187a8,release_metadata_gap_items,relmeta_3a148147e8107ac3885fb3f3,Tennant Creek and Barkly History NT 1959 metadata expansion lead,NT,Alice Springs,Alice Springs,Metadata-only lead overlay,overlay_not_public_map
mapmeta_cde67ea80460c716a097cffa,release_metadata_gap_items,relmeta_83d78db160cc484eb7503264,Australian Heritage Database NT 1955 metadata expansion lead,NT,Alice Springs,Alice Springs,Metadata-only lead overlay,overlay_not_public_map
mapmeta_c41bd013b35f82869ef6d0af,release_metadata_gap_items,relmeta_305d17bd1f3960301d36aeb5,NT Heritage Register NT 1959 metadata expansion lead,NT,Tennant Creek,Tennant Creek,Metadata-only lead overlay,overlay_not_public_map
mapmeta_656d5a7816b742fca6cbbe17,release_metadata_gap_items,relmeta_db4b8d3634170e23360df19a,National Trust NT NT 1959 metadata expansion lead,NT,Pine Creek,Pine Creek,Metadata-only lead overlay,overlay_not_public_map
mapmeta_3be6ca1a23b9d4cdc594d6da,release_metadata_gap_items,relmeta_732360115dcaa2a1ef25b7fb,National Trust Northern Territory NT 1959 metadata expansion lead,NT,Pine Creek,Pine Creek,Metadata-only lead overlay,overlay_not_public_map
mapmeta_2b0d2a2a50be0ff96295f5f1,release_metadata_gap_items,relmeta_311122440dc6b8471c0c54e3,Northern Territory Heritage Register NT 1959 metadata expansion lead,NT,Darwin,Darwin,Metadata-only lead overlay,overlay_not_public_map
mapmeta_9a0954fbb2f2cd65df2b23d8,release_metadata_gap_items,relmeta_09f8d031b3a3892358bf46b3,Central Australian Historical Society NT 1959 metadata expansion lead,NT,Alice Springs,Alice Springs,Metadata-only lead overlay,overlay_not_public_map
mapmeta_e8decefe6ea88b7db2b8478b,release_metadata_gap_items,relmeta_f994288df95f23dc198be228,Historical Society of the Northern Territory NT 1959 metadata expansion lead,NT,Alice Springs,Alice Springs,Metadata-only lead overlay,overlay_not_public_map
mapmeta_8ffa694e80087eb184fcfc5f,release_metadata_gap_items,relmeta_603b00ea249388d15c09f2a0,Historical Society of the Northern Territory NT 1959 metadata expansion lead,NT,Alice Springs,Alice Springs,Metadata-only lead overlay,overlay_not_public_map
mapmeta_17ba3b4fb01cef3a2f2d126b,release_metadata_gap_items,relmeta_ac0b46f9f1406ebe21b9d97d,Australian War Memorial Collection NT 1955 metadata expansion lead,NT,Pine Creek,Pine Creek,Metadata-only lead overlay,overlay_not_public_map
mapmeta_bac14a7fccb1d0e1a8959b57,release_metadata_gap_items,relmeta_e839707b8b7f5d3dfb048c43,Katherine Museum NT 1959 metadata expansion lead,NT,Katherine,Katherine,Metadata-only lead overlay,overlay_not_public_map
mapmeta_28cc81b1763c99c1f14bf170,release_metadata_gap_items,relmeta_cf9f6803b942eaf49b50fd1b,Museum and Art Gallery of the Northern Territory NT 1959 metadata expansion lead,NT,Katherine,Katherine,Metadata-only lead overlay,overlay_not_public_map
mapmeta_2b8628431e98eb6705857a66,release_metadata_gap_items,relmeta_84ae0badad3fa22335c59a35,Pine Creek Museum NT 1959 metadata expansion lead,NT,Katherine,Katherine,Metadata-only lead overlay,overlay_not_public_map
mapmeta_6541c747cd55169c3db26368,release_metadata_gap_items,relmeta_165a1bb9ccb8d44b08f28fca,LANT Archives Navigator NT 1959 metadata expansion lead,NT,Pine Creek,Pine Creek,Metadata-only lead overlay,overlay_not_public_map
mapmeta_f8025889aa31418908cbad0f,release_metadata_gap_items,relmeta_f875290a4ed91079a703a890,Library & Archives NT NT 1959 metadata expansion lead,NT,Alice Springs,Alice Springs,Metadata-only lead overlay,overlay_not_public_map
mapmeta_d6181a236f5f79f42682f880,release_metadata_gap_items,relmeta_497f9255d57b6d40bc942c89,Library & Archives NT Catalogue NT 1959 metadata expansion lead,NT,Alice Springs,Alice Springs,Metadata-only lead overlay,overlay_not_public_map
mapmeta_d5a8829c7f88d0dc9ed8a474,release_metadata_gap_items,relmeta_a45117418d9f342d2030918c,Territory Stories NT 1959 metadata expansion lead,NT,Pine Creek,Pine Creek,Metadata-only lead overlay,overlay_not_public_map
mapmeta_8a51ef95234e350c9f0d30f5,release_metadata_gap_items,relmeta_3452d635688dc13b006b526b,Territory Stories NT 1959 metadata expansion lead,NT,Pine Creek,Pine Creek,Metadata-only lead overlay,overlay_not_public_map
mapmeta_19c46ed0270e5710fb0b94cd,release_metadata_gap_items,relmeta_21d569186d2876f88f871391,Alice Springs Public Library Local History NT 1960 metadata expansion lead,NT,Darwin,Darwin,Metadata-only lead overlay,overlay_not_public_map
mapmeta_3ad09c7130ae57f7f5dfbb2c,release_metadata_gap_items,relmeta_e112c1e9ee39cf37d7c2ef3f,Alice Springs Public Library Local History NT 1960 metadata expansion lead,NT,Darwin,Darwin,Metadata-only lead overlay,overlay_not_public_map
mapmeta_45a6075d513679a6c9b3ba03,release_metadata_gap_items,relmeta_ed9025610246a49a72e8b11d,Darwin City Libraries Local History NT 1960 metadata expansion lead,NT,Katherine,Katherine,Metadata-only lead overlay,overlay_not_public_map
mapmeta_34a27771847d2790d69884c3,release_metadata_gap_items,relmeta_030cab34182d3b124819c9e8,Darwin City Libraries Local History NT 1960 metadata expansion lead,NT,Katherine,Katherine,Metadata-only lead overlay,overlay_not_public_map
mapmeta_2f9439f12730713b4852bde8,release_metadata_gap_items,relmeta_2af50a5f1ca3b3112ae0b9c5,Tennant Creek and Barkly History NT 1960 metadata expansion lead,NT,Alice Springs,Alice Springs,Metadata-only lead overlay,overlay_not_public_map
mapmeta_c3b1ec3a2769d58c7b9b0008,release_metadata_gap_items,relmeta_8809edb016805f6c4c3b0843,NT Heritage Register NT 1960 metadata expansion lead,NT,Pine Creek,Pine Creek,Metadata-only lead overlay,overlay_not_public_map
mapmeta_bd5e666ef6f23cf3aa7a84f4,release_metadata_gap_items,relmeta_99cb6574beb7f6109f6efaf2,National Trust NT NT 1960 metadata expansion lead,NT,Pine Creek,Pine Creek,Metadata-only lead overlay,overlay_not_public_map
mapmeta_70981919d987fd0feaabe835,release_metadata_gap_items,relmeta_719e5c02dc6865ec3bbb8792,National Trust Northern Territory NT 1960 metadata expansion lead,NT,Darwin,Darwin,Metadata-only lead overlay,overlay_not_public_map
mapmeta_568aeff5e093ad58ca0e746c,release_metadata_gap_items,relmeta_b338d3faedb9d434af00cd37,Northern Territory Heritage Register NT 1960 metadata expansion lead,NT,Katherine,Katherine,Metadata-only lead overlay,overlay_not_public_map
mapmeta_f2e4fec515817652b52eb95d,release_metadata_gap_items,relmeta_b2f86d6f57bf16bec9a6fbf0,Central Australian Historical Society NT 1960 metadata expansion lead,NT,Alice Springs,Alice Springs,Metadata-only lead overlay,overlay_not_public_map
mapmeta_156cda6aa2ffc7265ddb57fc,release_metadata_gap_items,relmeta_9e5a7f46f86fac8d4bb44387,Historical Society of the Northern Territory NT 1960 metadata expansion lead,NT,Tennant Creek,Tennant Creek,Metadata-only lead overlay,overlay_not_public_map
mapmeta_237eddceeb90999f2ef8b8c0,release_metadata_gap_items,relmeta_c2c49a2e9c5c13271c41c213,Historical Society of the Northern Territory NT 1960 metadata expansion lead,NT,Tennant Creek,Tennant Creek,Metadata-only lead overlay,overlay_not_public_map
mapmeta_7a6403263a5555eaeb5ca279,release_metadata_gap_items,relmeta_11c123329921671d009d5086,Katherine Museum NT 1960 metadata expansion lead,NT,Katherine,Katherine,Metadata-only lead overlay,overlay_not_public_map
mapmeta_9eba0d9fcca49c69851143d4,release_metadata_gap_items,relmeta_880b6439f93ca1fa67480231,Museum and Art Gallery of the Northern Territory NT 1960 metadata expansion lead,NT,Alice Springs,Alice Springs,Metadata-only lead overlay,overlay_not_public_map
mapmeta_59e3d52f6216b8d2b066340d,release_metadata_gap_items,relmeta_9725c6dcc3843a0dadd6c849,Pine Creek Museum NT 1960 metadata expansion lead,NT,Alice Springs,Alice Springs,Metadata-only lead overlay,overlay_not_public_map
mapmeta_7bbffb52bf5d7e7781c330da,release_metadata_gap_items,relmeta_b078da9516bd846fcf48465d,LANT Archives Navigator NT 1960 metadata expansion lead,NT,Darwin,Darwin,Metadata-only lead overlay,overlay_not_public_map
mapmeta_a985fe7ddd749e946b436d43,release_metadata_gap_items,relmeta_32fdbd66e756a093bbef047e,Library & Archives NT NT 1960 metadata expansion lead,NT,Tennant Creek,Tennant Creek,Metadata-only lead overlay,overlay_not_public_map
mapmeta_3c111219e408068df2e6b0c7,release_metadata_gap_items,relmeta_57928fe716c661867852b922,Library & Archives NT Catalogue NT 1960 metadata expansion lead,NT,Tennant Creek,Tennant Creek,Metadata-only lead overlay,overlay_not_public_map
mapmeta_176c5f5ea080530ff00a55ea,release_metadata_gap_items,relmeta_57aacd1ea8032db2ab60390d,Territory Stories NT 1960 metadata expansion lead,NT,Pine Creek,Pine Creek,Metadata-only lead overlay,overlay_not_public_map
mapmeta_2ebe5902bdf9d1e16f5e4cd2,release_metadata_gap_items,relmeta_94b085427f463ba6e7d5347f,Territory Stories NT 1960 metadata expansion lead,NT,Darwin,Darwin,Metadata-only lead overlay,overlay_not_public_map
mapmeta_fbd31e4901d1c227bcad15d6,release_metadata_gap_items,relmeta_fc5a9ecb6931daad4a8887eb,Alice Springs Public Library Local History NT 1961 metadata expansion lead,NT,Katherine,Katherine,Metadata-only lead overlay,overlay_not_public_map
mapmeta_40da089643d324042c2d0dcd,release_metadata_gap_items,relmeta_dd39b2b59c991212527163fd,Alice Springs Public Library Local History NT 1961 metadata expansion lead,NT,Katherine,Katherine,Metadata-only lead overlay,overlay_not_public_map
mapmeta_4598b6c821991da6f8fa6396,release_metadata_gap_items,relmeta_0dbb2922a82fd35438d1099b,Darwin City Libraries Local History NT 1961 metadata expansion lead,NT,Alice Springs,Alice Springs,Metadata-only lead overlay,overlay_not_public_map
mapmeta_1f9cd7d6ef7fb0e3f688a122,release_metadata_gap_items,relmeta_d24f84c51bd24761a6895442,Darwin City Libraries Local History NT 1961 metadata expansion lead,NT,Alice Springs,Alice Springs,Metadata-only lead overlay,overlay_not_public_map
mapmeta_4e84f6f5c7aa3ca5136bb4c3,release_metadata_gap_items,relmeta_3caa8fed3cc1d030cd85117f,Tennant Creek and Barkly History NT 1961 metadata expansion lead,NT,Tennant Creek,Tennant Creek,Metadata-only lead overlay,overlay_not_public_map
mapmeta_7da8f218ac02ad1c0ad44d6c,release_metadata_gap_items,relmeta_1e781bb44f4cc6efac0d9666,NT Heritage Register NT 1961 metadata expansion lead,NT,Darwin,Darwin,Metadata-only lead overlay,overlay_not_public_map
mapmeta_8e2de8461c96f4f6ed159f3c,release_metadata_gap_items,relmeta_68399647b9ec0c71b154b97e,National Trust NT NT 1961 metadata expansion lead,NT,Darwin,Darwin,Metadata-only lead overlay,overlay_not_public_map
mapmeta_13fbbed7a41bb7199a3c7183,release_metadata_gap_items,relmeta_fffecf4ebeb3f9547f223c4b,National Trust Northern Territory NT 1961 metadata expansion lead,NT,Darwin,Darwin,Metadata-only lead overlay,overlay_not_public_map
mapmeta_49fdc97f3484e39c775808c3,release_metadata_gap_items,relmeta_4cddafc9d5d0cd4ec8163a58,Northern Territory Heritage Register NT 1961 metadata expansion lead,NT,Alice Springs,Alice Springs,Metadata-only lead overlay,overlay_not_public_map
mapmeta_d41fa96adb99bdd19b7f61dd,release_metadata_gap_items,relmeta_75e585146e2991dbe0d1bfd0,Central Australian Historical Society NT 1961 metadata expansion lead,NT,Tennant Creek,Tennant Creek,Metadata-only lead overlay,overlay_not_public_map
mapmeta_b3e1df92ffc719d05b445137,release_metadata_gap_items,relmeta_1f10d365ed120843d49b5be7,Historical Society of the Northern Territory NT 1961 metadata expansion lead,NT,Pine Creek,Pine Creek,Metadata-only lead overlay,overlay_not_public_map
mapmeta_900727fd79d5003c1d790541,release_metadata_gap_items,relmeta_8c483e34ad2cf31ec3a08d9a,Historical Society of the Northern Territory NT 1961 metadata expansion lead,NT,Pine Creek,Pine Creek,Metadata-only lead overlay,overlay_not_public_map
mapmeta_a1f7fa85be254269a80111ab,release_metadata_gap_items,relmeta_a386cd7de3a92c6388f2e7f4,Katherine Museum NT 1961 metadata expansion lead,NT,Alice Springs,Alice Springs,Metadata-only lead overlay,overlay_not_public_map
mapmeta_90fdc1f37de2eb5aa4fac57e,release_metadata_gap_items,relmeta_14b1db75b865045bfee4c541,Museum and Art Gallery of the Northern Territory NT 1961 metadata expansion lead,NT,Alice Springs,Alice Springs,Metadata-only lead overlay,overlay_not_public_map
mapmeta_0e9aef1e98a9cc5528b72491,release_metadata_gap_items,relmeta_438ce503059e4b0cc9505d7c,Pine Creek Museum NT 1961 metadata expansion lead,NT,Tennant Creek,Tennant Creek,Metadata-only lead overlay,overlay_not_public_map
mapmeta_a5b2af6864a5f9d4e94c718c,release_metadata_gap_items,relmeta_ce6a6f79004859b7a8e80ddd,LANT Archives Navigator NT 1961 metadata expansion lead,NT,Katherine,Katherine,Metadata-only lead overlay,overlay_not_public_map
mapmeta_8fd8ae7002c9c08cc21c40e6,release_metadata_gap_items,relmeta_2947b20975ca3772c5c9ed18,Library & Archives NT NT 1961 metadata expansion lead,NT,Tennant Creek,Tennant Creek,Metadata-only lead overlay,overlay_not_public_map
mapmeta_924ec193b0b503b263a2b3c3,release_metadata_gap_items,relmeta_02be81e5b7551005d6002a65,Library & Archives NT Catalogue NT 1961 metadata expansion lead,NT,Pine Creek,Pine Creek,Metadata-only lead overlay,overlay_not_public_map
mapmeta_802e3145c8528c2bc7896a81,release_metadata_gap_items,relmeta_01ef51de33b8d1ef0d67ad78,Territory Stories NT 1961 metadata expansion lead,NT,Darwin,Darwin,Metadata-only lead overlay,overlay_not_public_map
mapmeta_ea5397ebb5828013de0efc5b,release_metadata_gap_items,relmeta_758cb2973c21ac7dcf898d80,Territory Stories NT 1961 metadata expansion lead,NT,Darwin,Darwin,Metadata-only lead overlay,overlay_not_public_map
mapmeta_4180b9b3d665b694f4f068f9,release_metadata_gap_items,relmeta_b6dc3b7e546c7ab575873d65,ABC Public Pages NT 1956 metadata expansion lead,NT,Katherine,Katherine,Metadata-only lead overlay,overlay_not_public_map
mapmeta_200b69c0abfdda91f3b63b16,release_metadata_gap_items,relmeta_760b58fce40e1028d643934a,Australian Screen Online NT 1956 metadata expansion lead,NT,Katherine,Katherine,Metadata-only lead overlay,overlay_not_public_map
mapmeta_de9cd40cd743e5a0419b10f6,release_metadata_gap_items,relmeta_7f40f8e140a7deb5e5c0faf5,NFSA Collection NT 1956 metadata expansion lead,NT,Katherine,Katherine,Metadata-only lead overlay,overlay_not_public_map
mapmeta_1a968ee3a1bb7d5ae5f0127c,release_metadata_gap_items,relmeta_e838fb3a3b27bd395b781fa3,Alice Springs Public Library Local History NT 1962 metadata expansion lead,NT,Alice Springs,Alice Springs,Metadata-only lead overlay,overlay_not_public_map
mapmeta_b0d64da979636acf9ae5eefc,release_metadata_gap_items,relmeta_23f9129bcced666aa2cddeab,Alice Springs Public Library Local History NT 1962 metadata expansion lead,NT,Alice Springs,Alice Springs,Metadata-only lead overlay,overlay_not_public_map
mapmeta_547c1cae40cbaa23e4db3fcf,release_metadata_gap_items,relmeta_228b44c862e0e6443413276f,Brisbane Heritage Register NT 1956 metadata expansion lead,NT,Alice Springs,Alice Springs,Metadata-only lead overlay,overlay_not_public_map
mapmeta_22bec9c3199c6d8d0a8d15d1,release_metadata_gap_items,relmeta_30adf049858f5810f34b9a36,City of Sydney Archives NT 1956 metadata expansion lead,NT,Tennant Creek,Tennant Creek,Metadata-only lead overlay,overlay_not_public_map
mapmeta_c44e9545c38d3efe3678599e,release_metadata_gap_items,relmeta_1740a8974fe84a9938a8ec0f,Darwin City Libraries Local History NT 1962 metadata expansion lead,NT,Tennant Creek,Tennant Creek,Metadata-only lead overlay,overlay_not_public_map
mapmeta_83c1f1183a971fd9d7b3ae1c,release_metadata_gap_items,relmeta_b4c16ad54e71c54149fa5464,Darwin City Libraries Local History NT 1962 metadata expansion lead,NT,Tennant Creek,Tennant Creek,Metadata-only lead overlay,overlay_not_public_map
mapmeta_90bd3904e5af4f62b9d94948,release_metadata_gap_items,relmeta_7d9f6dd186451e5fb4362312,Tennant Creek and Barkly History NT 1962 metadata expansion lead,NT,Pine Creek,Pine Creek,Metadata-only lead overlay,overlay_not_public_map
mapmeta_445a065446c370383aa5a580,release_metadata_gap_items,relmeta_3877cb1d69d6f7c08a59765e,Australian Heritage Database NT 1956 metadata expansion lead,NT,Darwin,Darwin,Metadata-only lead overlay,overlay_not_public_map
mapmeta_3a275fa8e01b97c9a4b0294c,release_metadata_gap_items,relmeta_9a1050be4a24df6286552aba,NSW State Heritage Inventory NT 1956 metadata expansion lead,NT,Darwin,Darwin,Metadata-only lead overlay,overlay_not_public_map
mapmeta_7408dbb15ce4dfb85014d8ab,release_metadata_gap_items,relmeta_9c0f97f7cc572317f27d16a1,NT Heritage Register NT 1962 metadata expansion lead,NT,Darwin,Darwin,Metadata-only lead overlay,overlay_not_public_map
mapmeta_9d2c18f6fa6837243f0b0272,release_metadata_gap_items,relmeta_5dd11e162c9ca5aa52b98d3d,National Trust NSW Register NT 1956 metadata expansion lead,NT,Katherine,Katherine,Metadata-only lead overlay,overlay_not_public_map
mapmeta_37801852f2b7fb8c82850914,release_metadata_gap_items,relmeta_316b68ab24413ec1c7d0c4ad,National Trust NT NT 1962 metadata expansion lead,NT,Katherine,Katherine,Metadata-only lead overlay,overlay_not_public_map
mapmeta_0ad2bb1b546840c35f646481,release_metadata_gap_items,relmeta_c5c2e5f8aeaef98ea74267e0,National Trust Northern Territory NT 1962 metadata expansion lead,NT,Katherine,Katherine,Metadata-only lead overlay,overlay_not_public_map
mapmeta_748c4b34acb7d7435e4ff5ae,release_metadata_gap_items,relmeta_fc59d8639a8cfb056fee8b8d,National Trust Victoria Register NT 1956 metadata expansion lead,NT,Alice Springs,Alice Springs,Metadata-only lead overlay,overlay_not_public_map
mapmeta_64028d56872ee1e756630bc0,release_metadata_gap_items,relmeta_e54ba111d5fa27365cd63620,Northern Territory Heritage Register NT 1962 metadata expansion lead,NT,Alice Springs,Alice Springs,Metadata-only lead overlay,overlay_not_public_map
mapmeta_41cb397d7c14e682f7d691e0,release_metadata_gap_items,relmeta_1b176fcc97ee3a1a522d3d65,Queensland Heritage Register NT 1956 metadata expansion lead,NT,Tennant Creek,Tennant Creek,Metadata-only lead overlay,overlay_not_public_map
mapmeta_30c3100c3941e6b044b13ed3,release_metadata_gap_items,relmeta_3502d3374896883e9cb5d7cc,Victorian Heritage Database NT 1956 metadata expansion lead,NT,Tennant Creek,Tennant Creek,Metadata-only lead overlay,overlay_not_public_map
mapmeta_e0ee5b8ad0238a34717afa31,release_metadata_gap_items,relmeta_62f094e0857bdac178cefd48,Central Australian Historical Society NT 1962 metadata expansion lead,NT,Pine Creek,Pine Creek,Metadata-only lead overlay,overlay_not_public_map
mapmeta_a7aac496b983ba50c0d6efc6,release_metadata_gap_items,relmeta_0d049ea14c8f44a219838520,Dictionary of Sydney NT 1956 metadata expansion lead,NT,Pine Creek,Pine Creek,Metadata-only lead overlay,overlay_not_public_map
mapmeta_0fa05bcaaafeca53b42b8931,release_metadata_gap_items,relmeta_36b1a2849e8c250c01af61f5,Historical Society of the Northern Territory NT 1962 metadata expansion lead,NT,Darwin,Darwin,Metadata-only lead overlay,overlay_not_public_map
mapmeta_142a9b43d333ce05af1fc890,release_metadata_gap_items,relmeta_48a4958df2b569fbbbeb2ac3,Historical Society of the Northern Territory NT 1962 metadata expansion lead,NT,Darwin,Darwin,Metadata-only lead overlay,overlay_not_public_map
mapmeta_785a1a68bd4f628453b55616,release_metadata_gap_items,relmeta_e8dc40c4d836b26fea89d6d9,Royal Australian Historical Society NT 1956 metadata expansion lead,NT,Darwin,Darwin,Metadata-only lead overlay,overlay_not_public_map
mapmeta_7f51ce67b81f1cd41b92020c,release_metadata_gap_items,relmeta_fa0dc4b79fb4e2fd2e62aa18,Royal Historical Society of Queensland NT 1956 metadata expansion lead,NT,Katherine,Katherine,Metadata-only lead overlay,overlay_not_public_map
mapmeta_135ee502b9dc89cd21fc3389,release_metadata_gap_items,relmeta_7a8b973259175b7d0edcb2a6,Royal Historical Society of Victoria NT 1956 metadata expansion lead,NT,Katherine,Katherine,Metadata-only lead overlay,overlay_not_public_map
mapmeta_9811a9a0ab8f0d61d09d850e,release_metadata_gap_items,relmeta_0ab52f1fadfa1dbd210cd018,ACMI Collections NT 1956 metadata expansion lead,NT,Katherine,Katherine,Metadata-only lead overlay,overlay_not_public_map
mapmeta_de131ce15efeac5dc78488d8,release_metadata_gap_items,relmeta_9855eeeed2d4c2320456bb91,Katherine Museum NT 1962 metadata expansion lead,NT,Tennant Creek,Tennant Creek,Metadata-only lead overlay,overlay_not_public_map
mapmeta_2f9fdb6559f5bdce0da89009,release_metadata_gap_items,relmeta_4a9f6967df0a7d361217b868,Museum and Art Gallery of the Northern Territory NT 1962 metadata expansion lead,NT,Tennant Creek,Tennant Creek,Metadata-only lead overlay,overlay_not_public_map
mapmeta_26b744177040c47b7cb78e96,release_metadata_gap_items,relmeta_6f9139abb2d41f59b5f99fad,Museums Victoria Collections NT 1956 metadata expansion lead,NT,Tennant Creek,Tennant Creek,Metadata-only lead overlay,overlay_not_public_map
mapmeta_82ab12ff1f7d5c005f68abcb,release_metadata_gap_items,relmeta_3928f0a613cba8393c53836e,Pine Creek Museum NT 1962 metadata expansion lead,NT,Pine Creek,Pine Creek,Metadata-only lead overlay,overlay_not_public_map
mapmeta_d734bcdccae279058719862b,release_metadata_gap_items,relmeta_2fa4d478c1af7fbbf2889469,Queensland Museum Network NT 1956 metadata expansion lead,NT,Pine Creek,Pine Creek,Metadata-only lead overlay,overlay_not_public_map
mapmeta_2b18375d1ee7df57dc42d465,release_metadata_gap_items,relmeta_d7204f22e5ecb9aab77f7621,Victorian Collections NT 1956 metadata expansion lead,NT,Darwin,Darwin,Metadata-only lead overlay,overlay_not_public_map
mapmeta_0406647f736e553bc86f6a47,release_metadata_gap_items,relmeta_b61aee61c5dc2464b4b2750b,eHive Museum Collections NT 1956 metadata expansion lead,NT,Darwin,Darwin,Metadata-only lead overlay,overlay_not_public_map
mapmeta_428ec9dd6fc357b39c1a9263,release_metadata_gap_items,relmeta_2e7aad4ca856d2e317262f91,LANT Archives Navigator NT 1962 metadata expansion lead,NT,Alice Springs,Alice Springs,Metadata-only lead overlay,overlay_not_public_map
mapmeta_5bbc094ff6dee43da991066b,release_metadata_gap_items,relmeta_9cc3d933e84d203ec0ab6d68,Museums of History NSW State Archives Collection NT 1956 metadata expansion lead,NT,Alice Springs,Alice Springs,Metadata-only lead overlay,overlay_not_public_map
mapmeta_beb88deadd8375def4af364a,release_metadata_gap_items,relmeta_54745b43dbed0cca5621940c,Public Record Office Victoria Catalogue NT 1956 metadata expansion lead,NT,Alice Springs,Alice Springs,Metadata-only lead overlay,overlay_not_public_map
mapmeta_07081a6190140c2b35bf26cd,release_metadata_gap_items,relmeta_9be82834866502f4eeba7643,Queensland State Archives ArchivesSearch NT 1956 metadata expansion lead,NT,Alice Springs,Alice Springs,Metadata-only lead overlay,overlay_not_public_map
mapmeta_d3757627a41a7b79aff1ee55,release_metadata_gap_items,relmeta_c0390cbbedf7f5949c62b0fb,John Oxley Library NT 1956 metadata expansion lead,NT,Pine Creek,Pine Creek,Metadata-only lead overlay,overlay_not_public_map
mapmeta_a294e51608858e86b45c94d5,release_metadata_gap_items,relmeta_bd7df686c9d14d4e0d88f0f6,Library & Archives NT NT 1962 metadata expansion lead,NT,Pine Creek,Pine Creek,Metadata-only lead overlay,overlay_not_public_map
mapmeta_1b04ee830aae0b21538dc643,release_metadata_gap_items,relmeta_56f8bfb4fb4d2296fbb0f15b,Library & Archives NT Catalogue NT 1962 metadata expansion lead,NT,Pine Creek,Pine Creek,Metadata-only lead overlay,overlay_not_public_map
mapmeta_aac3fa62395be5fcdf3199ba,release_metadata_gap_items,relmeta_38ba9cbd9c0cf782033afcce,State Library Victoria Catalogue NT 1956 metadata expansion lead,NT,Darwin,Darwin,Metadata-only lead overlay,overlay_not_public_map
mapmeta_45774f31efe1d649ac32c5b7,release_metadata_gap_items,relmeta_4503001fbde6ffa682e6fcea,State Library Victoria Digitised Collections NT 1956 metadata expansion lead,NT,Darwin,Darwin,Metadata-only lead overlay,overlay_not_public_map
mapmeta_cc7e1389e31d6df521eeaf0c,release_metadata_gap_items,relmeta_5d57e2505391ed504d522cd9,State Library of NSW Catalogue NT 1956 metadata expansion lead,NT,Darwin,Darwin,Metadata-only lead overlay,overlay_not_public_map
mapmeta_52ff9a63d66e8cd157ce8222,release_metadata_gap_items,relmeta_538a80e96498ecbf73468a68,State Library of NSW Digital Collections NT 1956 metadata expansion lead,NT,Darwin,Darwin,Metadata-only lead overlay,overlay_not_public_map
mapmeta_502cb60f298e37cc3d1bca79,release_metadata_gap_items,relmeta_59d3c202d20b8cf438188971,State Library of Queensland One Search NT 1956 metadata expansion lead,NT,Darwin,Darwin,Metadata-only lead overlay,overlay_not_public_map
mapmeta_44033a40ee1bd7a77fa67eef,release_metadata_gap_items,relmeta_33c848c581b703b216159030,Territory Stories NT 1962 metadata expansion lead,NT,Katherine,Katherine,Metadata-only lead overlay,overlay_not_public_map
mapmeta_c56bc55a0d9a451c38a3c581,release_metadata_gap_items,relmeta_178009b41ed394b45a5c5996,Territory Stories NT 1962 metadata expansion lead,NT,Katherine,Katherine,Metadata-only lead overlay,overlay_not_public_map
mapmeta_632f939e2907050af659609c,release_metadata_gap_items,relmeta_387b8583dc13ee4db540b4d3,Alice Springs Public Library Local History NT 1963 metadata expansion lead,NT,Alice Springs,Alice Springs,Metadata-only lead overlay,overlay_not_public_map
mapmeta_ff78c425e90f59ffda8cfe42,release_metadata_gap_items,relmeta_e9c944f61d0524aa6b939dfb,Alice Springs Public Library Local History NT 1963 metadata expansion lead,NT,Tennant Creek,Tennant Creek,Metadata-only lead overlay,overlay_not_public_map
mapmeta_01f41ac20f4bf2d0715f9abe,release_metadata_gap_items,relmeta_7b05649865a247741cef41c3,Darwin City Libraries Local History NT 1963 metadata expansion lead,NT,Pine Creek,Pine Creek,Metadata-only lead overlay,overlay_not_public_map
mapmeta_30a88286aa909f6a9d4963d9,release_metadata_gap_items,relmeta_7a73ba149db43834384844b7,Darwin City Libraries Local History NT 1963 metadata expansion lead,NT,Pine Creek,Pine Creek,Metadata-only lead overlay,overlay_not_public_map
mapmeta_14b5e81c88db06218a4ff1d1,release_metadata_gap_items,relmeta_fb1b83a94c67535a7b147fdd,Tennant Creek and Barkly History NT 1963 metadata expansion lead,NT,Darwin,Darwin,Metadata-only lead overlay,overlay_not_public_map
mapmeta_5f2f37a6777e432e9ad2392a,release_metadata_gap_items,relmeta_5f571f68ba56370860ad84e7,NT Heritage Register NT 1963 metadata expansion lead,NT,Katherine,Katherine,Metadata-only lead overlay,overlay_not_public_map
mapmeta_7ca807f30d978c2b6cfca617,release_metadata_gap_items,relmeta_3d97ba5011c521302731e981,National Trust NT NT 1963 metadata expansion lead,NT,Alice Springs,Alice Springs,Metadata-only lead overlay,overlay_not_public_map
mapmeta_4c0fc307218dd7a67b35a1c1,release_metadata_gap_items,relmeta_b9cfdab21997a7452e663e5e,National Trust Northern Territory NT 1963 metadata expansion lead,NT,Alice Springs,Alice Springs,Metadata-only lead overlay,overlay_not_public_map
mapmeta_c4f64dad11fb2ab11260153e,release_metadata_gap_items,relmeta_a63496d90511acfc3df8948d,Northern Territory Heritage Register NT 1963 metadata expansion lead,NT,Tennant Creek,Tennant Creek,Metadata-only lead overlay,overlay_not_public_map
mapmeta_9771293a93a2209f8c5d584e,release_metadata_gap_items,relmeta_0f37488b8520e35c35754bcd,Central Australian Historical Society NT 1963 metadata expansion lead,NT,Darwin,Darwin,Metadata-only lead overlay,overlay_not_public_map
mapmeta_b6983b7d911b23f605f57d66,release_metadata_gap_items,relmeta_19ca26a69a2c34a7f1288fc6,Historical Society of the Northern Territory NT 1963 metadata expansion lead,NT,Darwin,Darwin,Metadata-only lead overlay,overlay_not_public_map
mapmeta_1a51655ec3880474359049e8,release_metadata_gap_items,relmeta_994b52fa1996c4ce93069eae,Historical Society of the Northern Territory NT 1963 metadata expansion lead,NT,Katherine,Katherine,Metadata-only lead overlay,overlay_not_public_map
mapmeta_fab72b476ce68350d83a524e,release_metadata_gap_items,relmeta_54edb6fd557fd1b16db94362,Australian War Memorial NT 1956 metadata expansion lead,NT,Tennant Creek,Tennant Creek,Metadata-only lead overlay,overlay_not_public_map
mapmeta_9367269fc5154e8e9b68e254,release_metadata_gap_items,relmeta_820a4ac7201d2f46d603b5cd,Katherine Museum NT 1963 metadata expansion lead,NT,Pine Creek,Pine Creek,Metadata-only lead overlay,overlay_not_public_map
mapmeta_a4a62d6bea75e66ff976e4d0,release_metadata_gap_items,relmeta_68d05131c5b638a63e4c4b0e,Museum and Art Gallery of the Northern Territory NT 1963 metadata expansion lead,NT,Pine Creek,Pine Creek,Metadata-only lead overlay,overlay_not_public_map
mapmeta_e249d3c0ab721484d35486ad,release_metadata_gap_items,relmeta_e958ff70f253727860ab2006,Pine Creek Museum NT 1963 metadata expansion lead,NT,Pine Creek,Pine Creek,Metadata-only lead overlay,overlay_not_public_map
mapmeta_dc7d1e3646a1a655009e69e2,release_metadata_gap_items,relmeta_dee428799f26a6b51063ab89,LANT Archives Navigator NT 1963 metadata expansion lead,NT,Alice Springs,Alice Springs,Metadata-only lead overlay,overlay_not_public_map
mapmeta_da67689e1e0925cfdbb01530,release_metadata_gap_items,relmeta_36611d316c4f249b4955a907,Library & Archives NT NT 1963 metadata expansion lead,NT,Darwin,Darwin,Metadata-only lead overlay,overlay_not_public_map
mapmeta_1e230055db981c1e33997ed1,release_metadata_gap_items,relmeta_6bbc3c175ddafb133d6eb25a,Library & Archives NT Catalogue NT 1963 metadata expansion lead,NT,Darwin,Darwin,Metadata-only lead overlay,overlay_not_public_map
mapmeta_b7cd636a7572315f4656b5a0,release_metadata_gap_items,relmeta_3a05e0e44fa0f65edee1e2f0,Territory Stories NT 1963 metadata expansion lead,NT,Alice Springs,Alice Springs,Metadata-only lead overlay,overlay_not_public_map
mapmeta_6a589d296e8442cea7f9c1bc,release_metadata_gap_items,relmeta_4d404c68d77ea8376974b9c6,Territory Stories NT 1963 metadata expansion lead,NT,Alice Springs,Alice Springs,Metadata-only lead overlay,overlay_not_public_map
mapmeta_138301f3ba4ab9fa476c21f5,release_metadata_gap_items,relmeta_2ddd1ad7dd298a48cb7e1122,ABC Archives Public Pages NT 1956 metadata expansion lead,NT,Alice Springs,Alice Springs,Metadata-only lead overlay,overlay_not_public_map
mapmeta_b8a6739d6e2658b5ba739f62,release_metadata_gap_items,relmeta_2119189ffdceb19347155ac6,Australian Screen Online NT 1956 metadata expansion lead,NT,Tennant Creek,Tennant Creek,Metadata-only lead overlay,overlay_not_public_map
mapmeta_d2ceed614113787a87648bd4,release_metadata_gap_items,relmeta_de915f6b030f47935593edad,NFSA Collection NT 1956 metadata expansion lead,NT,Tennant Creek,Tennant Creek,Metadata-only lead overlay,overlay_not_public_map
mapmeta_786d5adba8f49e77caa13d48,release_metadata_gap_items,relmeta_4f61269f6ffe8d096a9425d9,Alice Springs Public Library Local History NT 1964 metadata expansion lead,NT,Tennant Creek,Tennant Creek,Metadata-only lead overlay,overlay_not_public_map
mapmeta_3b3fb20f4523795da80f40bc,release_metadata_gap_items,relmeta_7083ed48715b3cc8a553c85c,Alice Springs Public Library Local History NT 1964 metadata expansion lead,NT,Tennant Creek,Tennant Creek,Metadata-only lead overlay,overlay_not_public_map
mapmeta_3f06302f695ee194541f0341,release_metadata_gap_items,relmeta_b19d138b49891d36b587611f,Darwin City Libraries Local History NT 1964 metadata expansion lead,NT,Darwin,Darwin,Metadata-only lead overlay,overlay_not_public_map
mapmeta_8b82c9a08b401a617d85b289,release_metadata_gap_items,relmeta_085a9171120ec7bfb5989182,Darwin City Libraries Local History NT 1964 metadata expansion lead,NT,Darwin,Darwin,Metadata-only lead overlay,overlay_not_public_map
mapmeta_e389d1f07db6e0781302d377,release_metadata_gap_items,relmeta_208377ffec7d43780cddf9b7,Tennant Creek and Barkly History NT 1964 metadata expansion lead,NT,Katherine,Katherine,Metadata-only lead overlay,overlay_not_public_map
mapmeta_3ae6205c46a2312af71950f5,release_metadata_gap_items,relmeta_a84e7e30243cb6cd30c21e4c,Australian Heritage Database NT 1956 metadata expansion lead,NT,Alice Springs,Alice Springs,Metadata-only lead overlay,overlay_not_public_map
mapmeta_b40267bdc81390858ef89317,release_metadata_gap_items,relmeta_602cac67c20bfe6bd2e5d147,NT Heritage Register NT 1964 metadata expansion lead,NT,Alice Springs,Alice Springs,Metadata-only lead overlay,overlay_not_public_map
mapmeta_772ae737fc99772af8df31e1,release_metadata_gap_items,relmeta_0614edee90e6f23d02da84bd,National Trust NT NT 1964 metadata expansion lead,NT,Tennant Creek,Tennant Creek,Metadata-only lead overlay,overlay_not_public_map
mapmeta_b0ec2ae3af03df0cb0fc13fc,release_metadata_gap_items,relmeta_bf66a3b3dbb03c1bc690288b,National Trust Northern Territory NT 1964 metadata expansion lead,NT,Tennant Creek,Tennant Creek,Metadata-only lead overlay,overlay_not_public_map
mapmeta_2be04ed527eb26fbe2d7d71d,release_metadata_gap_items,relmeta_545d84ceac2efa6ad84fcc21,Northern Territory Heritage Register NT 1964 metadata expansion lead,NT,Pine Creek,Pine Creek,Metadata-only lead overlay,overlay_not_public_map
mapmeta_8dd8a1b3aa1b541c733a6360,release_metadata_gap_items,relmeta_b6861996f8cd55f7b3555c43,Central Australian Historical Society NT 1964 metadata expansion lead,NT,Katherine,Katherine,Metadata-only lead overlay,overlay_not_public_map
mapmeta_c2d3304c12dbcd644bb70aef,release_metadata_gap_items,relmeta_4ee349d40f558bb31cc5a13a,Historical Society of the Northern Territory NT 1964 metadata expansion lead,NT,Katherine,Katherine,Metadata-only lead overlay,overlay_not_public_map
mapmeta_cf9c7ed80e9ff007baaecffb,release_metadata_gap_items,relmeta_e53d4b11c5406c93dc6ab5c0,Historical Society of the Northern Territory NT 1964 metadata expansion lead,NT,Katherine,Katherine,Metadata-only lead overlay,overlay_not_public_map
mapmeta_c0f6e4aae6e016f205725101,release_metadata_gap_items,relmeta_c28caa2a6c487fbb5f916857,Australian War Memorial Collection NT 1956 metadata expansion lead,NT,Pine Creek,Pine Creek,Metadata-only lead overlay,overlay_not_public_map
mapmeta_a5d87cc4eb6397d79095c78d,release_metadata_gap_items,relmeta_b390a6704cfa9ce1ad8b1928,Katherine Museum NT 1964 metadata expansion lead,NT,Darwin,Darwin,Metadata-only lead overlay,overlay_not_public_map
mapmeta_d5279de069b7c21c666028cb,release_metadata_gap_items,relmeta_ddbcb342080d7508133e52cf,Museum and Art Gallery of the Northern Territory NT 1964 metadata expansion lead,NT,Darwin,Darwin,Metadata-only lead overlay,overlay_not_public_map
mapmeta_c1b5029852f3e720138e53f0,release_metadata_gap_items,relmeta_3442c9d072b1b2fe40fd0f94,Pine Creek Museum NT 1964 metadata expansion lead,NT,Darwin,Darwin,Metadata-only lead overlay,overlay_not_public_map
mapmeta_16fb5fe1e050c7ebbd5bee31,release_metadata_gap_items,relmeta_ad9dccc945c239f07961fc30,LANT Archives Navigator NT 1964 metadata expansion lead,NT,Tennant Creek,Tennant Creek,Metadata-only lead overlay,overlay_not_public_map
mapmeta_7c62bcc1128cea95674368b8,release_metadata_gap_items,relmeta_f0badda3fe71097cdd221000,Library & Archives NT NT 1964 metadata expansion lead,NT,Katherine,Katherine,Metadata-only lead overlay,overlay_not_public_map
mapmeta_560ce21c2e169f6e2fd5acac,release_metadata_gap_items,relmeta_fe7693790bda83474bd55a06,Library & Archives NT Catalogue NT 1964 metadata expansion lead,NT,Katherine,Katherine,Metadata-only lead overlay,overlay_not_public_map
mapmeta_602daa7b70f7dfaeb974cf32,release_metadata_gap_items,relmeta_0f6f33b6a29e37a6e99a2292,Territory Stories NT 1964 metadata expansion lead,NT,Tennant Creek,Tennant Creek,Metadata-only lead overlay,overlay_not_public_map
mapmeta_818d06a30f0506413aeb9b16,release_metadata_gap_items,relmeta_0433f3be9145793d6f3cdfef,Territory Stories NT 1964 metadata expansion lead,NT,Tennant Creek,Tennant Creek,Metadata-only lead overlay,overlay_not_public_map
mapmeta_eb850f17d0032063deb740da,release_metadata_gap_items,relmeta_fb7c405423fc02c0c1f57266,Alice Springs Public Library Local History NT 1965 metadata expansion lead,NT,Pine Creek,Pine Creek,Metadata-only lead overlay,overlay_not_public_map
mapmeta_293c095f0839373255ab1ddc,release_metadata_gap_items,relmeta_aaa5f2dd27150815441c73e8,Alice Springs Public Library Local History NT 1965 metadata expansion lead,NT,Pine Creek,Pine Creek,Metadata-only lead overlay,overlay_not_public_map
mapmeta_473d9a4897a3979dcf8c67ed,release_metadata_gap_items,relmeta_51a57c70dc1cab2c1b7539f7,Darwin City Libraries Local History NT 1965 metadata expansion lead,NT,Darwin,Darwin,Metadata-only lead overlay,overlay_not_public_map
mapmeta_c6b585b8f55cf02f196c261b,release_metadata_gap_items,relmeta_40e6ff1e7b57e535472d7814,Darwin City Libraries Local History NT 1965 metadata expansion lead,NT,Katherine,Katherine,Metadata-only lead overlay,overlay_not_public_map
mapmeta_c4c6575377ec6b46d361e14b,release_metadata_gap_items,relmeta_b85b3021a941002b60752828,Tennant Creek and Barkly History NT 1965 metadata expansion lead,NT,Alice Springs,Alice Springs,Metadata-only lead overlay,overlay_not_public_map
mapmeta_d8e291238fff02d3874f8b33,release_metadata_gap_items,relmeta_bebcd25dfafdb6ce0e8b1e6b,NT Heritage Register NT 1965 metadata expansion lead,NT,Tennant Creek,Tennant Creek,Metadata-only lead overlay,overlay_not_public_map
mapmeta_9971fbf6ea84e50a6d3a7132,release_metadata_gap_items,relmeta_566dc58f10fd64d13ab4e45b,National Trust NT NT 1965 metadata expansion lead,NT,Pine Creek,Pine Creek,Metadata-only lead overlay,overlay_not_public_map
mapmeta_7d4ce42ae8f3d33e383c1d7d,release_metadata_gap_items,relmeta_c8bf6315ee41bb62f4bac608,National Trust Northern Territory NT 1965 metadata expansion lead,NT,Pine Creek,Pine Creek,Metadata-only lead overlay,overlay_not_public_map
mapmeta_6ff9b5d59eb5690f4b313551,release_metadata_gap_items,relmeta_171a7d69e1dc9a5fee03dd0a,Northern Territory Heritage Register NT 1965 metadata expansion lead,NT,Darwin,Darwin,Metadata-only lead overlay,overlay_not_public_map
mapmeta_ce952bd4f0e1e1c2c001e435,release_metadata_gap_items,relmeta_bf6d7c59199e6b110b917b18,Central Australian Historical Society NT 1965 metadata expansion lead,NT,Alice Springs,Alice Springs,Metadata-only lead overlay,overlay_not_public_map
mapmeta_408eba6cc9734674204ff44c,release_metadata_gap_items,relmeta_f63b158877abb5dd4161886f,Historical Society of the Northern Territory NT 1965 metadata expansion lead,NT,Alice Springs,Alice Springs,Metadata-only lead overlay,overlay_not_public_map
mapmeta_782420d56226415eaf76e65b,release_metadata_gap_items,relmeta_fbf4d0f59b1a4c220696250d,Historical Society of the Northern Territory NT 1965 metadata expansion lead,NT,Alice Springs,Alice Springs,Metadata-only lead overlay,overlay_not_public_map
mapmeta_cb0546086a80f4930bb38e3e,release_metadata_gap_items,relmeta_28c53f3faf92d7d8f85f4515,Katherine Museum NT 1965 metadata expansion lead,NT,Katherine,Katherine,Metadata-only lead overlay,overlay_not_public_map
mapmeta_8e106cbec6bdb0021311bfc2,release_metadata_gap_items,relmeta_155ca1eebfc9d28b771b2c8a,Museum and Art Gallery of the Northern Territory NT 1965 metadata expansion lead,NT,Katherine,Katherine,Metadata-only lead overlay,overlay_not_public_map
mapmeta_2c14db9fb0a2ede6fcd208a9,release_metadata_gap_items,relmeta_bda75c97023c6532a077e98e,Pine Creek Museum NT 1965 metadata expansion lead,NT,Katherine,Katherine,Metadata-only lead overlay,overlay_not_public_map
mapmeta_3b272016175530fe63e4c3e1,release_metadata_gap_items,relmeta_c0b69f978af61471c05270b9,LANT Archives Navigator NT 1965 metadata expansion lead,NT,Pine Creek,Pine Creek,Metadata-only lead overlay,overlay_not_public_map
mapmeta_b2ec86908208df5f77f2aee9,release_metadata_gap_items,relmeta_4fdff1dcd7d087153f4f689c,Library & Archives NT NT 1965 metadata expansion lead,NT,Alice Springs,Alice Springs,Metadata-only lead overlay,overlay_not_public_map
mapmeta_bd4f705588221ca39900d1e3,release_metadata_gap_items,relmeta_497b7ba712d5848f6e5af767,Library & Archives NT Catalogue NT 1965 metadata expansion lead,NT,Alice Springs,Alice Springs,Metadata-only lead overlay,overlay_not_public_map
mapmeta_4858bdca2b5d51eac88f6df5,release_metadata_gap_items,relmeta_e3b52cebaef8f68d22b4ca75,Territory Stories NT 1965 metadata expansion lead,NT,Pine Creek,Pine Creek,Metadata-only lead overlay,overlay_not_public_map
mapmeta_f5232884244bcbec9c1f842e,release_metadata_gap_items,relmeta_4c9a1caf21874e69f0b2d205,Territory Stories NT 1965 metadata expansion lead,NT,Pine Creek,Pine Creek,Metadata-only lead overlay,overlay_not_public_map
mapmeta_7a364fe6d199212561c610f7,release_metadata_gap_items,relmeta_ac21116487ca9e8aa52a98f7,Alice Springs Public Library Local History NT 1966 metadata expansion lead,NT,Darwin,Darwin,Metadata-only lead overlay,overlay_not_public_map
mapmeta_e2ce7b0fb965a934e9e87139,release_metadata_gap_items,relmeta_b352928d8ef2bf8f5605c72a,Alice Springs Public Library Local History NT 1966 metadata expansion lead,NT,Darwin,Darwin,Metadata-only lead overlay,overlay_not_public_map
mapmeta_be2e78c7664abed756331be7,release_metadata_gap_items,relmeta_0fcc0085d6df56179ce05df0,Darwin City Libraries Local History NT 1966 metadata expansion lead,NT,Katherine,Katherine,Metadata-only lead overlay,overlay_not_public_map
mapmeta_9267b71ec4807b184110358d,release_metadata_gap_items,relmeta_ef8976cf8226420b94a383c5,Darwin City Libraries Local History NT 1966 metadata expansion lead,NT,Katherine,Katherine,Metadata-only lead overlay,overlay_not_public_map
mapmeta_db714616231a6725d1109f32,release_metadata_gap_items,relmeta_a8e2b714862ef46be427cdcf,Tennant Creek and Barkly History NT 1966 metadata expansion lead,NT,Tennant Creek,Tennant Creek,Metadata-only lead overlay,overlay_not_public_map
mapmeta_f1e8506b927d1d786b889662,release_metadata_gap_items,relmeta_e0b016adeeda44009984cf0a,NT Heritage Register NT 1966 metadata expansion lead,NT,Pine Creek,Pine Creek,Metadata-only lead overlay,overlay_not_public_map
mapmeta_211747b3d23bd72bb22743ed,release_metadata_gap_items,relmeta_a5e027d1f2b06cb1788697ca,National Trust NT NT 1966 metadata expansion lead,NT,Darwin,Darwin,Metadata-only lead overlay,overlay_not_public_map
mapmeta_c1a017a59b72bd6e6a8fa2ab,release_metadata_gap_items,relmeta_a474336032c300ced224d42a,National Trust Northern Territory NT 1966 metadata expansion lead,NT,Darwin,Darwin,Metadata-only lead overlay,overlay_not_public_map
mapmeta_b1db2c4dc7a60babb693395e,release_metadata_gap_items,relmeta_2e7706675859a77c6389dbb8,Northern Territory Heritage Register NT 1966 metadata expansion lead,NT,Katherine,Katherine,Metadata-only lead overlay,overlay_not_public_map
mapmeta_e3aef527ba74994f6116abe5,release_metadata_gap_items,relmeta_051a0b1f9923ed3d99ab5cd1,Central Australian Historical Society NT 1966 metadata expansion lead,NT,Tennant Creek,Tennant Creek,Metadata-only lead overlay,overlay_not_public_map
mapmeta_acad622598cad1ef2ff883a3,release_metadata_gap_items,relmeta_4a9b256eee13748852893a36,Historical Society of the Northern Territory NT 1966 metadata expansion lead,NT,Tennant Creek,Tennant Creek,Metadata-only lead overlay,overlay_not_public_map
mapmeta_3c7476bc98a7b5cc7d663717,release_metadata_gap_items,relmeta_df8140ec2f99e3b8b1e2dab3,Historical Society of the Northern Territory NT 1966 metadata expansion lead,NT,Tennant Creek,Tennant Creek,Metadata-only lead overlay,overlay_not_public_map
mapmeta_ab76f049ba32eba7f70b501f,release_metadata_gap_items,relmeta_4bde11b51c69b5fa5279f346,Katherine Museum NT 1966 metadata expansion lead,NT,Alice Springs,Alice Springs,Metadata-only lead overlay,overlay_not_public_map
mapmeta_1ffcdf77815341e43fc479e7,release_metadata_gap_items,relmeta_a505474f92a97baa44776071,Museum and Art Gallery of the Northern Territory NT 1966 metadata expansion lead,NT,Alice Springs,Alice Springs,Metadata-only lead overlay,overlay_not_public_map
mapmeta_bd4b5edff2ea32c4095bf91f,release_metadata_gap_items,relmeta_e7c171d3e768461a6d969886,Pine Creek Museum NT 1966 metadata expansion lead,NT,Alice Springs,Alice Springs,Metadata-only lead overlay,overlay_not_public_map
mapmeta_c41e0fd07ad93a88801ff463,release_metadata_gap_items,relmeta_4664a425eb47d76767219b64,LANT Archives Navigator NT 1966 metadata expansion lead,NT,Darwin,Darwin,Metadata-only lead overlay,overlay_not_public_map
mapmeta_514e7bda9fab765824579617,release_metadata_gap_items,relmeta_77a168031dcaddfe9d1e2bb8,Library & Archives NT NT 1966 metadata expansion lead,NT,Tennant Creek,Tennant Creek,Metadata-only lead overlay,overlay_not_public_map
mapmeta_ae55896b2b67e9039bf9b369,release_metadata_gap_items,relmeta_8eb78e7dba26fbd3ddda93b7,Library & Archives NT Catalogue NT 1966 metadata expansion lead,NT,Tennant Creek,Tennant Creek,Metadata-only lead overlay,overlay_not_public_map
mapmeta_a6c8525564e2fc1f311efdf2,release_metadata_gap_items,relmeta_2b1b2ce86a01b7e599e5ea8b,Territory Stories NT 1966 metadata expansion lead,NT,Darwin,Darwin,Metadata-only lead overlay,overlay_not_public_map
mapmeta_4120308257bd5ad2c2cba14d,release_metadata_gap_items,relmeta_5d4b5b388f9b47d17adfcd73,Territory Stories NT 1966 metadata expansion lead,NT,Darwin,Darwin,Metadata-only lead overlay,overlay_not_public_map
mapmeta_9b86d96a85145d0d1876a9b9,release_metadata_gap_items,relmeta_73d8511d448992050d85bbe7,ABC Public Pages NT 1957 metadata expansion lead,NT,Darwin,Darwin,Metadata-only lead overlay,overlay_not_public_map
mapmeta_e3598899be6ec9cad25dfb9d,release_metadata_gap_items,relmeta_9ec07bdce176dbfe39575d62,Australian Screen Online NT 1957 metadata expansion lead,NT,Darwin,Darwin,Metadata-only lead overlay,overlay_not_public_map
mapmeta_ca42138da11d9fc6a63ad9e1,release_metadata_gap_items,relmeta_896ca9e769d1fa82207a911e,NFSA Collection NT 1957 metadata expansion lead,NT,Darwin,Darwin,Metadata-only lead overlay,overlay_not_public_map
mapmeta_e0285087d931efbf11186f3e,release_metadata_gap_items,relmeta_43817c4f3d49efdaa71197a1,Alice Springs Public Library Local History NT 1967 metadata expansion lead,NT,Katherine,Katherine,Metadata-only lead overlay,overlay_not_public_map
mapmeta_43acf2999c289e47aa28745a,release_metadata_gap_items,relmeta_40ef1f4e0374be2672d1fc58,Alice Springs Public Library Local History NT 1967 metadata expansion lead,NT,Katherine,Katherine,Metadata-only lead overlay,overlay_not_public_map
mapmeta_40125b8107d8d10ffb1d8c14,release_metadata_gap_items,relmeta_9cc6e062ffaab733b6cb1ec1,Brisbane Heritage Register NT 1957 metadata expansion lead,NT,Katherine,Katherine,Metadata-only lead overlay,overlay_not_public_map
mapmeta_fe8b0026b7482878878dff7b,release_metadata_gap_items,relmeta_68fa19fdcfd204ec4b34e81c,City of Sydney Archives NT 1957 metadata expansion lead,NT,Alice Springs,Alice Springs,Metadata-only lead overlay,overlay_not_public_map
mapmeta_255cdf2b4868e388bfda0aea,release_metadata_gap_items,relmeta_6752040b402f26f1ef094a42,Darwin City Libraries Local History NT 1967 metadata expansion lead,NT,Alice Springs,Alice Springs,Metadata-only lead overlay,overlay_not_public_map
mapmeta_0c5ffba62e317fcf940b16a9,release_metadata_gap_items,relmeta_1d02c78328f1eda02583d177,Darwin City Libraries Local History NT 1967 metadata expansion lead,NT,Alice Springs,Alice Springs,Metadata-only lead overlay,overlay_not_public_map
mapmeta_149b7ed777055c2345d9dbf9,release_metadata_gap_items,relmeta_19007775be226844dea7cef6,Tennant Creek and Barkly History NT 1967 metadata expansion lead,NT,Tennant Creek,Tennant Creek,Metadata-only lead overlay,overlay_not_public_map
mapmeta_f4b9137fdf71b09ca5b86ec2,release_metadata_gap_items,relmeta_3fe1bb4ef5070129e4cae158,Australian Heritage Database NT 1957 metadata expansion lead,NT,Pine Creek,Pine Creek,Metadata-only lead overlay,overlay_not_public_map
mapmeta_d4d0d5da928eba59e6cf6cc2,release_metadata_gap_items,relmeta_ffc94c101f48daec0967ce56,NSW State Heritage Inventory NT 1957 metadata expansion lead,NT,Darwin,Darwin,Metadata-only lead overlay,overlay_not_public_map
mapmeta_356670f2f764965d86302757,release_metadata_gap_items,relmeta_7c7f2fb73abbe748c125bb33,NT Heritage Register NT 1967 metadata expansion lead,NT,Darwin,Darwin,Metadata-only lead overlay,overlay_not_public_map
mapmeta_e69e057fb33d9bf57d72c105,release_metadata_gap_items,relmeta_67e95b0645ca792ef3361e4e,National Trust NSW Register NT 1957 metadata expansion lead,NT,Darwin,Darwin,Metadata-only lead overlay,overlay_not_public_map
mapmeta_2d4994bd95db5bfa9e335124,release_metadata_gap_items,relmeta_ae83ee7317354871ffc5ed0f,National Trust NT NT 1967 metadata expansion lead,NT,Darwin,Darwin,Metadata-only lead overlay,overlay_not_public_map
mapmeta_0a11864bf3752b7406765f59,release_metadata_gap_items,relmeta_398752306ec29b6f6754618b,National Trust Northern Territory NT 1967 metadata expansion lead,NT,Katherine,Katherine,Metadata-only lead overlay,overlay_not_public_map
mapmeta_cf0a4d51c46ba8cfdec48b9b,release_metadata_gap_items,relmeta_ec8f7614c21cafa63122cca6,National Trust Victoria Register NT 1957 metadata expansion lead,NT,Katherine,Katherine,Metadata-only lead overlay,overlay_not_public_map
mapmeta_1f3cfee8613422764ade7189,release_metadata_gap_items,relmeta_487a41708e5a22d3ace7760a,Northern Territory Heritage Register NT 1967 metadata expansion lead,NT,Alice Springs,Alice Springs,Metadata-only lead overlay,overlay_not_public_map
mapmeta_dd7594f864e59a928e17d1ba,release_metadata_gap_items,relmeta_e1dae829f320fbc6c5b2d6ad,Queensland Heritage Register NT 1957 metadata expansion lead,NT,Alice Springs,Alice Springs,Metadata-only lead overlay,overlay_not_public_map
mapmeta_acb7d0dca8f01cbb2769f5c1,release_metadata_gap_items,relmeta_eddb3675f5cb73b0a3cb7b2a,Victorian Heritage Database NT 1957 metadata expansion lead,NT,Alice Springs,Alice Springs,Metadata-only lead overlay,overlay_not_public_map
mapmeta_0bf597612b7871e53bf31b93,release_metadata_gap_items,relmeta_bf4bd8a2de9838a0d8ad0539,Central Australian Historical Society NT 1967 metadata expansion lead,NT,Tennant Creek,Tennant Creek,Metadata-only lead overlay,overlay_not_public_map
mapmeta_891c4ad59329a38cb5df80eb,release_metadata_gap_items,relmeta_6742c681fb1de9bc185da955,Dictionary of Sydney NT 1957 metadata expansion lead,NT,Pine Creek,Pine Creek,Metadata-only lead overlay,overlay_not_public_map
mapmeta_1f5d3233f406b133bf68e148,release_metadata_gap_items,relmeta_ee975e3f0e85bac4ef73bf3d,Historical Society of the Northern Territory NT 1967 metadata expansion lead,NT,Pine Creek,Pine Creek,Metadata-only lead overlay,overlay_not_public_map
mapmeta_59e3c580760f28f42aa78ac3,release_metadata_gap_items,relmeta_aee63993819da4e9e66581e8,Historical Society of the Northern Territory NT 1967 metadata expansion lead,NT,Pine Creek,Pine Creek,Metadata-only lead overlay,overlay_not_public_map
mapmeta_9864d6e1edc948e66ce230a9,release_metadata_gap_items,relmeta_a96ce9d01bf651c0ddc85652,Royal Australian Historical Society NT 1957 metadata expansion lead,NT,Darwin,Darwin,Metadata-only lead overlay,overlay_not_public_map
mapmeta_12e1144a4d9e2362ff572ec6,release_metadata_gap_items,relmeta_c29fd5a11edf415490fb97ee,Royal Historical Society of Queensland NT 1957 metadata expansion lead,NT,Darwin,Darwin,Metadata-only lead overlay,overlay_not_public_map
mapmeta_35fa7a68f60fe9e22a8f19ae,release_metadata_gap_items,relmeta_4d10367061896b2285fc4abc,Royal Historical Society of Victoria NT 1957 metadata expansion lead,NT,Darwin,Darwin,Metadata-only lead overlay,overlay_not_public_map
mapmeta_4063625abb1a94f993fa2f03,release_metadata_gap_items,relmeta_82108bf4b0f984381b5009f0,ACMI Collections NT 1957 metadata expansion lead,NT,Katherine,Katherine,Metadata-only lead overlay,overlay_not_public_map
mapmeta_bd71bfc800396a473cc05325,release_metadata_gap_items,relmeta_599b6f43a3ea8ad9cc1a8b33,Katherine Museum NT 1967 metadata expansion lead,NT,Alice Springs,Alice Springs,Metadata-only lead overlay,overlay_not_public_map
mapmeta_fd909a577df9d3ca4ca4792f,release_metadata_gap_items,relmeta_aeec743753de9a3f36f661eb,Museum and Art Gallery of the Northern Territory NT 1967 metadata expansion lead,NT,Tennant Creek,Tennant Creek,Metadata-only lead overlay,overlay_not_public_map
mapmeta_92e2b5ba732e052bea3eebe2,release_metadata_gap_items,relmeta_e2e1f5e938b2b237dc6f4b4c,Museums Victoria Collections NT 1957 metadata expansion lead,NT,Tennant Creek,Tennant Creek,Metadata-only lead overlay,overlay_not_public_map
mapmeta_13bf837e75aeaf95eb67c419,release_metadata_gap_items,relmeta_f03133b246cc592f2d295afa,Pine Creek Museum NT 1967 metadata expansion lead,NT,Tennant Creek,Tennant Creek,Metadata-only lead overlay,overlay_not_public_map
mapmeta_fc7411f46567190bed937af3,release_metadata_gap_items,relmeta_89801ec07f8fa53c03076612,Queensland Museum Network NT 1957 metadata expansion lead,NT,Tennant Creek,Tennant Creek,Metadata-only lead overlay,overlay_not_public_map
mapmeta_a53879ea83450e95dd2faad6,release_metadata_gap_items,relmeta_d4b4b8cf08a64ff568549041,Victorian Collections NT 1957 metadata expansion lead,NT,Pine Creek,Pine Creek,Metadata-only lead overlay,overlay_not_public_map
mapmeta_c9e3b1cb82adf3225e9db56a,release_metadata_gap_items,relmeta_3f3366025e4d5edbac146d9c,eHive Museum Collections NT 1957 metadata expansion lead,NT,Darwin,Darwin,Metadata-only lead overlay,overlay_not_public_map
mapmeta_4432c9dcb1ed9aa9238b182f,release_metadata_gap_items,relmeta_cee78bc53a7fde89b8b3c80d,LANT Archives Navigator NT 1967 metadata expansion lead,NT,Katherine,Katherine,Metadata-only lead overlay,overlay_not_public_map
mapmeta_0a6e48c19c28b8b9d0be9cae,release_metadata_gap_items,relmeta_a033916a675c4599f329b749,Museums of History NSW State Archives Collection NT 1957 metadata expansion lead,NT,Katherine,Katherine,Metadata-only lead overlay,overlay_not_public_map
mapmeta_04d776a9e5b81f04e80275ed,release_metadata_gap_items,relmeta_dbb0855309641d6e7ea5bf72,Public Record Office Victoria Catalogue NT 1957 metadata expansion lead,NT,Katherine,Katherine,Metadata-only lead overlay,overlay_not_public_map
mapmeta_4b10d4e15b66d3e52fe9ed95,release_metadata_gap_items,relmeta_f36f63ed6a691ecb8fb7655b,Queensland State Archives ArchivesSearch NT 1957 metadata expansion lead,NT,Katherine,Katherine,Metadata-only lead overlay,overlay_not_public_map
mapmeta_cfd94b6bb70af0d292d640c6,release_metadata_gap_items,relmeta_1b7ffb1be082ea5a194de5a8,John Oxley Library NT 1957 metadata expansion lead,NT,Tennant Creek,Tennant Creek,Metadata-only lead overlay,overlay_not_public_map
mapmeta_c676d9f09574b5846b5e1125,release_metadata_gap_items,relmeta_b37ad96a30156290912f1c8f,Library & Archives NT NT 1967 metadata expansion lead,NT,Pine Creek,Pine Creek,Metadata-only lead overlay,overlay_not_public_map
mapmeta_4c68784da1c9eee5bd410642,release_metadata_gap_items,relmeta_ec3ea573283e3368f467cb6b,Library & Archives NT Catalogue NT 1967 metadata expansion lead,NT,Pine Creek,Pine Creek,Metadata-only lead overlay,overlay_not_public_map
mapmeta_0237ae1b233f1feaa459661c,release_metadata_gap_items,relmeta_75cf2e7b59ae3711092b13f0,State Library Victoria Catalogue NT 1957 metadata expansion lead,NT,Pine Creek,Pine Creek,Metadata-only lead overlay,overlay_not_public_map
mapmeta_73b933bf723cfee45b3d7a5d,release_metadata_gap_items,relmeta_9e0552210e6045e5813f290d,State Library Victoria Digitised Collections NT 1957 metadata expansion lead,NT,Pine Creek,Pine Creek,Metadata-only lead overlay,overlay_not_public_map
mapmeta_a5dfcb451259ef8aecc84933,release_metadata_gap_items,relmeta_5872dc78dcada2c0e3e358db,State Library of NSW Catalogue NT 1957 metadata expansion lead,NT,Pine Creek,Pine Creek,Metadata-only lead overlay,overlay_not_public_map
mapmeta_a80850bd0a8fefc5fc7bc9e5,release_metadata_gap_items,relmeta_4a58595dfe67555943f05f73,State Library of NSW Digital Collections NT 1957 metadata expansion lead,NT,Pine Creek,Pine Creek,Metadata-only lead overlay,overlay_not_public_map
mapmeta_0d3df89d489f9d0e6742644a,release_metadata_gap_items,relmeta_8d615308f2c4350b27637705,State Library of Queensland One Search NT 1957 metadata expansion lead,NT,Pine Creek,Pine Creek,Metadata-only lead overlay,overlay_not_public_map
mapmeta_305a07300329d3c470730e4d,release_metadata_gap_items,relmeta_5ea3b41a4ddefb067a1ba316,Territory Stories NT 1967 metadata expansion lead,NT,Darwin,Darwin,Metadata-only lead overlay,overlay_not_public_map
mapmeta_4feeeb020ce2aef60dc5ebcd,release_metadata_gap_items,relmeta_0d2f9882b8986641c82ca678,Territory Stories NT 1967 metadata expansion lead,NT,Katherine,Katherine,Metadata-only lead overlay,overlay_not_public_map
mapmeta_d3c9f0c82b5eb2fe4b3f473b,release_metadata_gap_items,relmeta_2cd66bbe705d8952ddbaca2d,Alice Springs Public Library Local History NT 1968 metadata expansion lead,NT,Alice Springs,Alice Springs,Metadata-only lead overlay,overlay_not_public_map
mapmeta_3332dbae6367201c2649697c,release_metadata_gap_items,relmeta_c953f7bbe35e891518a84eaf,Alice Springs Public Library Local History NT 1968 metadata expansion lead,NT,Alice Springs,Alice Springs,Metadata-only lead overlay,overlay_not_public_map
mapmeta_063c8ce6796c7934d969cc31,release_metadata_gap_items,relmeta_89134d64219c57c057689602,Darwin City Libraries Local History NT 1968 metadata expansion lead,NT,Tennant Creek,Tennant Creek,Metadata-only lead overlay,overlay_not_public_map
mapmeta_60813b81ab66c5787d0de56f,release_metadata_gap_items,relmeta_2af24dae98ab76f93cf8eae2,Darwin City Libraries Local History NT 1968 metadata expansion lead,NT,Tennant Creek,Tennant Creek,Metadata-only lead overlay,overlay_not_public_map
mapmeta_3b44c0a33205d9f44db25fd8,release_metadata_gap_items,relmeta_974de7620de0df2e46d82ccb,Tennant Creek and Barkly History NT 1968 metadata expansion lead,NT,Pine Creek,Pine Creek,Metadata-only lead overlay,overlay_not_public_map
mapmeta_8d1468c583f5abd31fc26d9b,release_metadata_gap_items,relmeta_39b7ecea8fb0d61c94a61713,NT Heritage Register NT 1968 metadata expansion lead,NT,Katherine,Katherine,Metadata-only lead overlay,overlay_not_public_map
mapmeta_ace77733c10fc6171e007505,release_metadata_gap_items,relmeta_1f86410dfe2d054aa3479daf,National Trust NT NT 1968 metadata expansion lead,NT,Katherine,Katherine,Metadata-only lead overlay,overlay_not_public_map
mapmeta_0154b991a0bc0c0a2f1d20f9,release_metadata_gap_items,relmeta_e17ade4e5bcf2cc46e393f85,National Trust Northern Territory NT 1968 metadata expansion lead,NT,Katherine,Katherine,Metadata-only lead overlay,overlay_not_public_map
mapmeta_59549a35964521fa886b8da8,release_metadata_gap_items,relmeta_7ecdcdd1ab84cd95d5411b7b,Northern Territory Heritage Register NT 1968 metadata expansion lead,NT,Tennant Creek,Tennant Creek,Metadata-only lead overlay,overlay_not_public_map
mapmeta_32394a12dc950b2499727840,release_metadata_gap_items,relmeta_f046bb3b8d95987f0160e9b9,Central Australian Historical Society NT 1968 metadata expansion lead,NT,Pine Creek,Pine Creek,Metadata-only lead overlay,overlay_not_public_map
mapmeta_18db1131d75f2a20038032b3,release_metadata_gap_items,relmeta_0bc5cc05c3e2941aa4b3a6d3,Historical Society of the Northern Territory NT 1968 metadata expansion lead,NT,Darwin,Darwin,Metadata-only lead overlay,overlay_not_public_map
mapmeta_f8dad20619ec00f3bd243e33,release_metadata_gap_items,relmeta_0287f4c01533d8d1a47928b4,Historical Society of the Northern Territory NT 1968 metadata expansion lead,NT,Darwin,Darwin,Metadata-only lead overlay,overlay_not_public_map
mapmeta_e7f5ce1872e904639f43117f,release_metadata_gap_items,relmeta_91b5b04c1df90a0f0cc4435b,Australian War Memorial NT 1957 metadata expansion lead,NT,Alice Springs,Alice Springs,Metadata-only lead overlay,overlay_not_public_map
mapmeta_5032f740e39d23126e853e0e,release_metadata_gap_items,relmeta_375f9664c95219665327b24e,Katherine Museum NT 1968 metadata expansion lead,NT,Tennant Creek,Tennant Creek,Metadata-only lead overlay,overlay_not_public_map
mapmeta_700977b653f5d100461b95e8,release_metadata_gap_items,relmeta_9c9fbf8cac7b6ec922e6c45f,Museum and Art Gallery of the Northern Territory NT 1968 metadata expansion lead,NT,Tennant Creek,Tennant Creek,Metadata-only lead overlay,overlay_not_public_map
mapmeta_d4ae013af68d9f2d735f3e91,release_metadata_gap_items,relmeta_df94bd22d0a4b3404e1c9b42,Pine Creek Museum NT 1968 metadata expansion lead,NT,Pine Creek,Pine Creek,Metadata-only lead overlay,overlay_not_public_map
mapmeta_13052832f6c9db19016d28ae,release_metadata_gap_items,relmeta_f67bf888ed8614fc34b24ad4,LANT Archives Navigator NT 1968 metadata expansion lead,NT,Alice Springs,Alice Springs,Metadata-only lead overlay,overlay_not_public_map
mapmeta_2de272e300d4653ed20eb41c,release_metadata_gap_items,relmeta_7c253fc39a2a72789409adbd,Library & Archives NT NT 1968 metadata expansion lead,NT,Pine Creek,Pine Creek,Metadata-only lead overlay,overlay_not_public_map
mapmeta_3ca07179dca3565a06cdd894,release_metadata_gap_items,relmeta_60c7fb5fd86b2762b3dfe87d,Library & Archives NT Catalogue NT 1968 metadata expansion lead,NT,Darwin,Darwin,Metadata-only lead overlay,overlay_not_public_map
mapmeta_21d258e3c1d8738d141a95e1,release_metadata_gap_items,relmeta_209285571bf1847cc91a4ea4,Territory Stories NT 1968 metadata expansion lead,NT,Katherine,Katherine,Metadata-only lead overlay,overlay_not_public_map
mapmeta_779e1130a26b6b3109234f8e,release_metadata_gap_items,relmeta_d7b12fc7bb4a224c99fbd6bf,Territory Stories NT 1968 metadata expansion lead,NT,Katherine,Katherine,Metadata-only lead overlay,overlay_not_public_map
mapmeta_c36e692aca3da9d7d9ea14e1,release_metadata_gap_items,relmeta_99a2aceff9bef5815939ada2,ABC Archives Public Pages NT 1957 metadata expansion lead,NT,Alice Springs,Alice Springs,Metadata-only lead overlay,overlay_not_public_map
mapmeta_a4d2158ae20d23111bc069bf,release_metadata_gap_items,relmeta_5d9f9dadbe6be0458f87251f,Australian Screen Online NT 1957 metadata expansion lead,NT,Alice Springs,Alice Springs,Metadata-only lead overlay,overlay_not_public_map
mapmeta_7317061ba083270d62964987,release_metadata_gap_items,relmeta_a6b91139964d31c79a652fdf,NFSA Collection NT 1957 metadata expansion lead,NT,Alice Springs,Alice Springs,Metadata-only lead overlay,overlay_not_public_map
mapmeta_d4847a84fba1efdf7a8b2b14,release_metadata_gap_items,relmeta_4ed57fa705a9c4cd7f9044ce,Alice Springs Public Library Local History NT 1969 metadata expansion lead,NT,Tennant Creek,Tennant Creek,Metadata-only lead overlay,overlay_not_public_map
mapmeta_086fc6bc7aebd67466f1664d,release_metadata_gap_items,relmeta_2549cc4d2d70f7a2dbb99c06,Alice Springs Public Library Local History NT 1969 metadata expansion lead,NT,Tennant Creek,Tennant Creek,Metadata-only lead overlay,overlay_not_public_map
mapmeta_65a1c355ea828049ab3fd5bf,release_metadata_gap_items,relmeta_c1f0fce94277494f95569afa,Darwin City Libraries Local History NT 1969 metadata expansion lead,NT,Pine Creek,Pine Creek,Metadata-only lead overlay,overlay_not_public_map
mapmeta_0ce58135d10386ea083f76ed,release_metadata_gap_items,relmeta_e116bdeac18bb31f5442781b,Darwin City Libraries Local History NT 1969 metadata expansion lead,NT,Pine Creek,Pine Creek,Metadata-only lead overlay,overlay_not_public_map
mapmeta_8de5bd63986c5185324e4f66,release_metadata_gap_items,relmeta_bfb7597a576c72a5c8406689,Tennant Creek and Barkly History NT 1969 metadata expansion lead,NT,Darwin,Darwin,Metadata-only lead overlay,overlay_not_public_map
mapmeta_b82e20d1cf9184d340cde82a,release_metadata_gap_items,relmeta_03c290fbd2688c5baa9166ee,Australian Heritage Database NT 1957 metadata expansion lead,NT,Katherine,Katherine,Metadata-only lead overlay,overlay_not_public_map
mapmeta_e620a21c8212dbe3efff793f,release_metadata_gap_items,relmeta_7da1d4277aef5678166b4f63,NT Heritage Register NT 1969 metadata expansion lead,NT,Katherine,Katherine,Metadata-only lead overlay,overlay_not_public_map
mapmeta_acd415a005be9eb68662d51d,release_metadata_gap_items,relmeta_2cb30fc6d39f2cca0ac934a2,National Trust NT NT 1969 metadata expansion lead,NT,Alice Springs,Alice Springs,Metadata-only lead overlay,overlay_not_public_map
mapmeta_147577c59b8b8d4eb8f28eb2,release_metadata_gap_items,relmeta_a776636419e3dec3b529dc14,National Trust Northern Territory NT 1969 metadata expansion lead,NT,Alice Springs,Alice Springs,Metadata-only lead overlay,overlay_not_public_map
mapmeta_9321ee308acbde699dd0c8b4,release_metadata_gap_items,relmeta_f7a1dda4cd2ac9182fdcfee9,Northern Territory Heritage Register NT 1969 metadata expansion lead,NT,Tennant Creek,Tennant Creek,Metadata-only lead overlay,overlay_not_public_map
mapmeta_e725f94e8a473d7f2ddf34b8,release_metadata_gap_items,relmeta_5d1b5fcfd330bb528ba0cefc,Central Australian Historical Society NT 1969 metadata expansion lead,NT,Darwin,Darwin,Metadata-only lead overlay,overlay_not_public_map
mapmeta_69531622c2bdbc085aecee58,release_metadata_gap_items,relmeta_82f59a0f3c15519b1e000c8f,Historical Society of the Northern Territory NT 1969 metadata expansion lead,NT,Katherine,Katherine,Metadata-only lead overlay,overlay_not_public_map
mapmeta_c1e40f256a550c14a00ceec0,release_metadata_gap_items,relmeta_b8dab204afefa97bbf8a17f2,Historical Society of the Northern Territory NT 1969 metadata expansion lead,NT,Katherine,Katherine,Metadata-only lead overlay,overlay_not_public_map
mapmeta_955dc5682b1b38c24fe4ee0b,release_metadata_gap_items,relmeta_d1193791e8cb2b9a796a7c19,Australian War Memorial Collection NT 1957 metadata expansion lead,NT,Tennant Creek,Tennant Creek,Metadata-only lead overlay,overlay_not_public_map
mapmeta_ff7dc361d1d45a8fb77a1577,release_metadata_gap_items,relmeta_aaf5322d44e14ae91cd482c8,Katherine Museum NT 1969 metadata expansion lead,NT,Pine Creek,Pine Creek,Metadata-only lead overlay,overlay_not_public_map
mapmeta_96a28197196fe407502b5e2a,release_metadata_gap_items,relmeta_5dc78afe5ab762a178914d08,Museum and Art Gallery of the Northern Territory NT 1969 metadata expansion lead,NT,Pine Creek,Pine Creek,Metadata-only lead overlay,overlay_not_public_map
mapmeta_f66b58ebfad0ab50cc96ef16,release_metadata_gap_items,relmeta_b6068a1d3ddb37a88517975f,Pine Creek Museum NT 1969 metadata expansion lead,NT,Darwin,Darwin,Metadata-only lead overlay,overlay_not_public_map
mapmeta_12628a61ecd067dcdad26ae9,release_metadata_gap_items,relmeta_5b394a05ab43b6d9e3988b55,LANT Archives Navigator NT 1969 metadata expansion lead,NT,Tennant Creek,Tennant Creek,Metadata-only lead overlay,overlay_not_public_map
mapmeta_cb3b83361a6a38ef38f55d43,release_metadata_gap_items,relmeta_3f60b4e55cf411d562b26909,Library & Archives NT NT 1969 metadata expansion lead,NT,Darwin,Darwin,Metadata-only lead overlay,overlay_not_public_map
mapmeta_64e529a927ad7c954259507b,release_metadata_gap_items,relmeta_03051b899819602deeeb496c,Library & Archives NT Catalogue NT 1969 metadata expansion lead,NT,Darwin,Darwin,Metadata-only lead overlay,overlay_not_public_map
mapmeta_0fd08ba35f7bc78efc87da17,release_metadata_gap_items,relmeta_1ba5c6697a3f0168ee96b16b,Territory Stories NT 1969 metadata expansion lead,NT,Alice Springs,Alice Springs,Metadata-only lead overlay,overlay_not_public_map
mapmeta_c8d1deb5e09af008e95e4103,release_metadata_gap_items,relmeta_35a18ebcc16d4e954cbbd929,Territory Stories NT 1969 metadata expansion lead,NT,Alice Springs,Alice Springs,Metadata-only lead overlay,overlay_not_public_map
mapmeta_a60376c3a9921c0015430720,release_metadata_gap_items,relmeta_69c79c1fe6121be25b6a44ac,ABC Public Pages NT 1958 metadata expansion lead,NT,Pine Creek,Pine Creek,Metadata-only lead overlay,overlay_not_public_map
mapmeta_bdd4c2de20c9de2b40f769a2,release_metadata_gap_items,relmeta_40d89958b5a0234a52cacd4c,Australian Screen Online NT 1958 metadata expansion lead,NT,Pine Creek,Pine Creek,Metadata-only lead overlay,overlay_not_public_map
mapmeta_01fdd5aa7f019b23cb2a6bb7,release_metadata_gap_items,relmeta_b4c32764c21594321b186a37,NFSA Collection NT 1958 metadata expansion lead,NT,Darwin,Darwin,Metadata-only lead overlay,overlay_not_public_map
mapmeta_c55d8d28a4c26b85c03e0a8f,release_metadata_gap_items,relmeta_8da111f4a3d28c32f8cb62ae,Brisbane Heritage Register NT 1958 metadata expansion lead,NT,Darwin,Darwin,Metadata-only lead overlay,overlay_not_public_map
mapmeta_8a09ad62d91329950fd22e76,release_metadata_gap_items,relmeta_dc82e07ff1f873da01ae7efb,City of Sydney Archives NT 1958 metadata expansion lead,NT,Katherine,Katherine,Metadata-only lead overlay,overlay_not_public_map
mapmeta_b17697eb38145414fdb19ecf,release_metadata_gap_items,relmeta_c55ca7d42582fea87589bf9b,Australian Heritage Database NT 1958 metadata expansion lead,NT,Tennant Creek,Tennant Creek,Metadata-only lead overlay,overlay_not_public_map
mapmeta_a1aeb60fa1fbe725bf2ef295,release_metadata_gap_items,relmeta_bfa0a508b3583d628a501d0d,NSW State Heritage Inventory NT 1958 metadata expansion lead,NT,Pine Creek,Pine Creek,Metadata-only lead overlay,overlay_not_public_map
mapmeta_439744c56174bec736fc1a4d,release_metadata_gap_items,relmeta_ae8ecb0af252861cc4a67160,National Trust NSW Register NT 1958 metadata expansion lead,NT,Darwin,Darwin,Metadata-only lead overlay,overlay_not_public_map
mapmeta_c16327b03a3c49c8241a3049,release_metadata_gap_items,relmeta_78568c3b754e687fcedfa66c,National Trust Victoria Register NT 1958 metadata expansion lead,NT,Darwin,Darwin,Metadata-only lead overlay,overlay_not_public_map
mapmeta_362ece4be23355058fe31481,release_metadata_gap_items,relmeta_64826ba02f3457bff6fb63ca,Queensland Heritage Register NT 1958 metadata expansion lead,NT,Katherine,Katherine,Metadata-only lead overlay,overlay_not_public_map
mapmeta_892da7774983e467767a183a,release_metadata_gap_items,relmeta_2cf4f7430f3d2d67d483d2d7,Victorian Heritage Database NT 1958 metadata expansion lead,NT,Alice Springs,Alice Springs,Metadata-only lead overlay,overlay_not_public_map
mapmeta_24282c6d8faa827c70692846,release_metadata_gap_items,relmeta_131a37660b7a196ae638c60b,Dictionary of Sydney NT 1958 metadata expansion lead,NT,Tennant Creek,Tennant Creek,Metadata-only lead overlay,overlay_not_public_map
mapmeta_2870bada7d5956345f13e06b,release_metadata_gap_items,relmeta_969a9a0afeb334b78e03a4f1,Royal Australian Historical Society NT 1958 metadata expansion lead,NT,Pine Creek,Pine Creek,Metadata-only lead overlay,overlay_not_public_map
mapmeta_ef3b4786c3c29cdcae59d1c3,release_metadata_gap_items,relmeta_375baee7c31be233ed1c80cc,Royal Historical Society of Queensland NT 1958 metadata expansion lead,NT,Pine Creek,Pine Creek,Metadata-only lead overlay,overlay_not_public_map
mapmeta_e18e6218669b5cc9115f51b4,release_metadata_gap_items,relmeta_9648ee35dff1f89d181d6e8c,Royal Historical Society of Victoria NT 1958 metadata expansion lead,NT,Pine Creek,Pine Creek,Metadata-only lead overlay,overlay_not_public_map
mapmeta_b932a17351d134a69342f9e1,release_metadata_gap_items,relmeta_47e53775c26e94e86ec42098,ACMI Collections NT 1958 metadata expansion lead,NT,Darwin,Darwin,Metadata-only lead overlay,overlay_not_public_map
mapmeta_d93a04c48298f7c945f904b4,release_metadata_gap_items,relmeta_4e189bc70d34bb858700d54b,Museums Victoria Collections NT 1958 metadata expansion lead,NT,Alice Springs,Alice Springs,Metadata-only lead overlay,overlay_not_public_map
mapmeta_184d7f7a977ba69375db4b96,release_metadata_gap_items,relmeta_93dad9eb7311f479822c26f9,Queensland Museum Network NT 1958 metadata expansion lead,NT,Tennant Creek,Tennant Creek,Metadata-only lead overlay,overlay_not_public_map
mapmeta_61362d413124fc8f0d9e1fb7,release_metadata_gap_items,relmeta_a7c4affd54d98276516513ea,Victorian Collections NT 1958 metadata expansion lead,NT,Tennant Creek,Tennant Creek,Metadata-only lead overlay,overlay_not_public_map
mapmeta_f700a4c56f5dfcd5e5b09c3d,release_metadata_gap_items,relmeta_be84dd7353801fc6636c8790,eHive Museum Collections NT 1958 metadata expansion lead,NT,Pine Creek,Pine Creek,Metadata-only lead overlay,overlay_not_public_map
mapmeta_56e28108d8d4b11403992715,release_metadata_gap_items,relmeta_cb1a082a3fd0d104bb073b60,Museums of History NSW State Archives Collection NT 1958 metadata expansion lead,NT,Darwin,Darwin,Metadata-only lead overlay,overlay_not_public_map
mapmeta_a2d7949907f8b2264aeff689,release_metadata_gap_items,relmeta_711a6b64fdb86829366e0e7c,Public Record Office Victoria Catalogue NT 1958 metadata expansion lead,NT,Darwin,Darwin,Metadata-only lead overlay,overlay_not_public_map
mapmeta_1d1e00b795f436d9790efc49,release_metadata_gap_items,relmeta_97123bfac6a66fa7dc29a965,Queensland State Archives ArchivesSearch NT 1958 metadata expansion lead,NT,Katherine,Katherine,Metadata-only lead overlay,overlay_not_public_map
mapmeta_1cf5b5889263cb92434ca385,release_metadata_gap_items,relmeta_0bd1ce3e1a3797b6ecc99106,John Oxley Library NT 1958 metadata expansion lead,NT,Alice Springs,Alice Springs,Metadata-only lead overlay,overlay_not_public_map
mapmeta_0156e2da8882fcebde82bd5a,release_metadata_gap_items,relmeta_c4a2cdfdc7e4a339b2f81ef7,State Library Victoria Catalogue NT 1958 metadata expansion lead,NT,Tennant Creek,Tennant Creek,Metadata-only lead overlay,overlay_not_public_map
mapmeta_bc31408cf660b83912579f4a,release_metadata_gap_items,relmeta_c79ba3baf6a27dbda04e7806,State Library Victoria Digitised Collections NT 1958 metadata expansion lead,NT,Tennant Creek,Tennant Creek,Metadata-only lead overlay,overlay_not_public_map
mapmeta_82e0ec1b53a3f865b302ad3a,release_metadata_gap_items,relmeta_9a77bee4774620884a753a2b,State Library of NSW Catalogue NT 1958 metadata expansion lead,NT,Tennant Creek,Tennant Creek,Metadata-only lead overlay,overlay_not_public_map
mapmeta_2bfc595013ff618b68b97c35,release_metadata_gap_items,relmeta_3e3fe88c0488df4f45e3eede,State Library of NSW Digital Collections NT 1958 metadata expansion lead,NT,Pine Creek,Pine Creek,Metadata-only lead overlay,overlay_not_public_map
mapmeta_cccb1916b0484bc319a57010,release_metadata_gap_items,relmeta_1825719193ecfaa49a3d6ade,State Library of Queensland One Search NT 1958 metadata expansion lead,NT,Pine Creek,Pine Creek,Metadata-only lead overlay,overlay_not_public_map
mapmeta_c0a0c2e17e2378cd1275cd03,release_metadata_gap_items,relmeta_2706061b80a559400925eb0e,Australian War Memorial NT 1958 metadata expansion lead,NT,Katherine,Katherine,Metadata-only lead overlay,overlay_not_public_map
mapmeta_f45b4534e3acdda440fde4f2,release_metadata_gap_items,relmeta_14e2a8310f5a4fb52668e631,ABC Archives Public Pages NT 1958 metadata expansion lead,NT,Katherine,Katherine,Metadata-only lead overlay,overlay_not_public_map
mapmeta_5a8f932d27f9760b1398c8f9,release_metadata_gap_items,relmeta_03803e1966802dd5fc2d48f8,Australian Screen Online NT 1958 metadata expansion lead,NT,Katherine,Katherine,Metadata-only lead overlay,overlay_not_public_map
mapmeta_dad0dedcf37ad754b6111188,release_metadata_gap_items,relmeta_344e01138c2ea77e9a27938b,NFSA Collection NT 1958 metadata expansion lead,NT,Alice Springs,Alice Springs,Metadata-only lead overlay,overlay_not_public_map
mapmeta_bb9dfdaea8cc591efd5b3846,release_metadata_gap_items,relmeta_9034cf3b12b8bd40581512c9,Australian Heritage Database NT 1958 metadata expansion lead,NT,Darwin,Darwin,Metadata-only lead overlay,overlay_not_public_map
mapmeta_1ad9a0ba63ce1e29621056b5,release_metadata_gap_items,relmeta_d7fc08fceb3c22d874ca2836,Australian War Memorial Collection NT 1958 metadata expansion lead,NT,Alice Springs,Alice Springs,Metadata-only lead overlay,overlay_not_public_map
mapmeta_e05c8eb2d4bebcfd921a2544,release_metadata_gap_items,relmeta_8dcacf87cdb27f33f59008f2,ABC Public Pages NT 1959 metadata expansion lead,NT,Pine Creek,Pine Creek,Metadata-only lead overlay,overlay_not_public_map
mapmeta_04688a044b3a640dfa2ccd35,release_metadata_gap_items,relmeta_222b6b2bffe866180562c429,Australian Screen Online NT 1959 metadata expansion lead,NT,Pine Creek,Pine Creek,Metadata-only lead overlay,overlay_not_public_map
mapmeta_e0687b30936c86c59a7fbddb,release_metadata_gap_items,relmeta_2855380813335fd847004c34,NFSA Collection NT 1959 metadata expansion lead,NT,Pine Creek,Pine Creek,Metadata-only lead overlay,overlay_not_public_map
mapmeta_adee78e000c685cd915b7742,release_metadata_gap_items,relmeta_7577d090d7fda4831d27830b,Alice Springs Public Library Local History NT 1955 ghost expansion lead,NT,Pine Creek,Pine Creek,Metadata-only lead overlay,overlay_not_public_map
mapmeta_770aee9baae8f167f7066003,release_metadata_gap_items,relmeta_dab42ebf0d6913b1b25a905d,Alice Springs Public Library Local History NT 1955 ghost expansion lead,NT,Darwin,Darwin,Metadata-only lead overlay,overlay_not_public_map
mapmeta_a88b79846b610dd00782974a,release_metadata_gap_items,relmeta_b01427971778e689ff178937,Brisbane Heritage Register NT 1959 metadata expansion lead,NT,Darwin,Darwin,Metadata-only lead overlay,overlay_not_public_map
mapmeta_ea638fe885d5ba22c29b2524,release_metadata_gap_items,relmeta_2964df62f192ba50623776cf,City of Sydney Archives NT 1959 metadata expansion lead,NT,Katherine,Katherine,Metadata-only lead overlay,overlay_not_public_map
mapmeta_a47117a12a9623858a9a9898,release_metadata_gap_items,relmeta_dc505863ccfc3058c84d0f5e,Darwin City Libraries Local History NT 1955 ghost expansion lead,NT,Katherine,Katherine,Metadata-only lead overlay,overlay_not_public_map
mapmeta_eef8fa098acfe276fab0c655,release_metadata_gap_items,relmeta_ba821b5140a7a0e306157719,Darwin City Libraries Local History NT 1955 ghost expansion lead,NT,Katherine,Katherine,Metadata-only lead overlay,overlay_not_public_map
mapmeta_c8589a50baf4031990feec15,release_metadata_gap_items,relmeta_9e90e6320199f4c40898ada0,Tennant Creek and Barkly History NT 1955 ghost expansion lead,NT,Alice Springs,Alice Springs,Metadata-only lead overlay,overlay_not_public_map
mapmeta_dd51c6fd85e65b3f16fb4852,release_metadata_gap_items,relmeta_7f9e82c00f9619f0e5a7f6c2,Australian Heritage Database NT 1959 metadata expansion lead,NT,Tennant Creek,Tennant Creek,Metadata-only lead overlay,overlay_not_public_map
mapmeta_22a1ddfe7bf82b6271d6f7ff,release_metadata_gap_items,relmeta_c3da7c7ab1c86b8a5634a55d,NSW State Heritage Inventory NT 1959 metadata expansion lead,NT,Tennant Creek,Tennant Creek,Metadata-only lead overlay,overlay_not_public_map
mapmeta_f80509eb18bf4330dff3f348,release_metadata_gap_items,relmeta_a395431bc25a3ea5e5d266b0,NT Heritage Register NT 1955 ghost expansion lead,NT,Tennant Creek,Tennant Creek,Metadata-only lead overlay,overlay_not_public_map
mapmeta_8f7b840290e169065449cfe4,release_metadata_gap_items,relmeta_5f104284f126a9a3f5ad3ab6,National Trust NSW Register NT 1959 metadata expansion lead,NT,Pine Creek,Pine Creek,Metadata-only lead overlay,overlay_not_public_map
mapmeta_7b92b6e6371f46db6c48bae9,release_metadata_gap_items,relmeta_944f537c6f92462712da96d3,National Trust NT NT 1955 ghost expansion lead,NT,Pine Creek,Pine Creek,Metadata-only lead overlay,overlay_not_public_map
mapmeta_1c7f032980f73d1f44ced4ab,release_metadata_gap_items,relmeta_c31b44f05d43e5316a9ad5e4,National Trust Northern Territory NT 1955 ghost expansion lead,NT,Pine Creek,Pine Creek,Metadata-only lead overlay,overlay_not_public_map
mapmeta_10bc08749ca93ffd4dd6b6f1,release_metadata_gap_items,relmeta_37b228c16aeb39af7a25758b,National Trust Victoria Register NT 1959 metadata expansion lead,NT,Darwin,Darwin,Metadata-only lead overlay,overlay_not_public_map
mapmeta_5070807ff22ce19e7b1b1f5f,release_metadata_gap_items,relmeta_a2d225d9b7fa330721283990,Northern Territory Heritage Register NT 1955 ghost expansion lead,NT,Darwin,Darwin,Metadata-only lead overlay,overlay_not_public_map
mapmeta_5e219b49da10d5ad8f1426af,release_metadata_gap_items,relmeta_a8f5171aee1369f8cce5dc65,Queensland Heritage Register NT 1959 metadata expansion lead,NT,Darwin,Darwin,Metadata-only lead overlay,overlay_not_public_map
mapmeta_913358f1dc0fb5ceea13f4af,release_metadata_gap_items,relmeta_0fd35375b93d573a790644d2,Victorian Heritage Database NT 1959 metadata expansion lead,NT,Katherine,Katherine,Metadata-only lead overlay,overlay_not_public_map
mapmeta_d818899fa0f4c1a7ea9700f8,release_metadata_gap_items,relmeta_16c1670e5113c1aa0ef5b655,Central Australian Historical Society NT 1955 ghost expansion lead,NT,Alice Springs,Alice Springs,Metadata-only lead overlay,overlay_not_public_map
mapmeta_1112abead37531b8165f7148,release_metadata_gap_items,relmeta_9a1c036816f183f7d31904b5,Dictionary of Sydney NT 1959 metadata expansion lead,NT,Alice Springs,Alice Springs,Metadata-only lead overlay,overlay_not_public_map
mapmeta_a8bcb2cefbda7b367131271c,release_metadata_gap_items,relmeta_b54dd1e3cdcd08f69cd181bc,Historical Society of the Northern Territory NT 1955 ghost expansion lead,NT,Alice Springs,Alice Springs,Metadata-only lead overlay,overlay_not_public_map
mapmeta_b285f4b076fe5f607d1e8f31,release_metadata_gap_items,relmeta_848dce381a3388f1de3ce0d4,Historical Society of the Northern Territory NT 1955 ghost expansion lead,NT,Tennant Creek,Tennant Creek,Metadata-only lead overlay,overlay_not_public_map
mapmeta_5059a1978ae87ffe9a91691d,release_metadata_gap_items,relmeta_4263b174af57b61dcf546bd5,Royal Australian Historical Society NT 1959 metadata expansion lead,NT,Tennant Creek,Tennant Creek,Metadata-only lead overlay,overlay_not_public_map
mapmeta_d6fbd645fdb2018b809885df,release_metadata_gap_items,relmeta_b74f517a47f3290175e37043,Royal Historical Society of Queensland NT 1959 metadata expansion lead,NT,Tennant Creek,Tennant Creek,Metadata-only lead overlay,overlay_not_public_map
mapmeta_42e2a601ab907cbc09d64fc0,release_metadata_gap_items,relmeta_b6adf7fd9ff074b5ebf48dfc,Royal Historical Society of Victoria NT 1959 metadata expansion lead,NT,Pine Creek,Pine Creek,Metadata-only lead overlay,overlay_not_public_map
mapmeta_f308184332c7e9a822ace70f,release_metadata_gap_items,relmeta_94efd41ad3a6d254b4ce8300,ACMI Collections NT 1959 metadata expansion lead,NT,Pine Creek,Pine Creek,Metadata-only lead overlay,overlay_not_public_map
mapmeta_92224a70a35aac543be7a1fc,release_metadata_gap_items,relmeta_644e39a1589c45ed619691a1,Katherine Museum NT 1955 ghost expansion lead,NT,Katherine,Katherine,Metadata-only lead overlay,overlay_not_public_map
mapmeta_cd9c079376b35e811126dbb0,release_metadata_gap_items,relmeta_b5d50b87d23f1ebd40d1693b,Museum and Art Gallery of the Northern Territory NT 1955 ghost expansion lead,NT,Katherine,Katherine,Metadata-only lead overlay,overlay_not_public_map
mapmeta_0d355246533efc667d0dfd5d,release_metadata_gap_items,relmeta_bf5ba74f5381d40e3316399a,Museums Victoria Collections NT 1959 metadata expansion lead,NT,Katherine,Katherine,Metadata-only lead overlay,overlay_not_public_map
mapmeta_4fc6aa5d18c3d89c8edb0519,release_metadata_gap_items,relmeta_fa15f140e98132b4aeecd730,Pine Creek Museum NT 1955 ghost expansion lead,NT,Katherine,Katherine,Metadata-only lead overlay,overlay_not_public_map
mapmeta_b4e9de6485b8094a729f228a,release_metadata_gap_items,relmeta_4208504e7a092508678e697d,Queensland Museum Network NT 1959 metadata expansion lead,NT,Alice Springs,Alice Springs,Metadata-only lead overlay,overlay_not_public_map
mapmeta_29c1f9ccdc51c94656b67f80,release_metadata_gap_items,relmeta_c5a39c4ad911531bf6517c67,Victorian Collections NT 1959 metadata expansion lead,NT,Tennant Creek,Tennant Creek,Metadata-only lead overlay,overlay_not_public_map
mapmeta_9330f92ac0e97067ca038047,release_metadata_gap_items,relmeta_7eb06848494c19e964830933,eHive Museum Collections NT 1959 metadata expansion lead,NT,Tennant Creek,Tennant Creek,Metadata-only lead overlay,overlay_not_public_map
mapmeta_593bb59a76de7d20ed6ae0ab,release_metadata_gap_items,relmeta_b800d4bdb641783308e27091,LANT Archives Navigator NT 1955 ghost expansion lead,NT,Pine Creek,Pine Creek,Metadata-only lead overlay,overlay_not_public_map
mapmeta_43f841e2f4b23b305a9cd487,release_metadata_gap_items,relmeta_dd964109f8de06911645618b,Museums of History NSW State Archives Collection NT 1959 metadata expansion lead,NT,Darwin,Darwin,Metadata-only lead overlay,overlay_not_public_map
mapmeta_de050d32400eb91069002b39,release_metadata_gap_items,relmeta_3cf8acb242bf04044e010675,Public Record Office Victoria Catalogue NT 1959 metadata expansion lead,NT,Darwin,Darwin,Metadata-only lead overlay,overlay_not_public_map
mapmeta_756c6fdf4eb06628e2636f6a,release_metadata_gap_items,relmeta_ccee560ba511a92744f6c4d5,Queensland State Archives ArchivesSearch NT 1959 metadata expansion lead,NT,Darwin,Darwin,Metadata-only lead overlay,overlay_not_public_map
mapmeta_082e6ce24e8bf43028669ab3,release_metadata_gap_items,relmeta_044cce5e98d41613a38fb093,John Oxley Library NT 1959 metadata expansion lead,NT,Alice Springs,Alice Springs,Metadata-only lead overlay,overlay_not_public_map
mapmeta_1c088755f1211f0f37bb76e9,release_metadata_gap_items,relmeta_7650a17455f02d9a12546adf,Library & Archives NT NT 1955 ghost expansion lead,NT,Alice Springs,Alice Springs,Metadata-only lead overlay,overlay_not_public_map
mapmeta_4380e77952d834e9c0d1fa5e,release_metadata_gap_items,relmeta_bc8c4004d3560691919beaa4,Library & Archives NT Catalogue NT 1955 ghost expansion lead,NT,Alice Springs,Alice Springs,Metadata-only lead overlay,overlay_not_public_map
mapmeta_4ca7bdffad63b362d8c55806,release_metadata_gap_items,relmeta_1d4d2b627f1b7da9421c1b57,State Library Victoria Catalogue NT 1959 metadata expansion lead,NT,Alice Springs,Alice Springs,Metadata-only lead overlay,overlay_not_public_map
mapmeta_84e1fe960072f82b5339058c,release_metadata_gap_items,relmeta_648f71dc9e96f252bb30dfbd,State Library Victoria Digitised Collections NT 1959 metadata expansion lead,NT,Tennant Creek,Tennant Creek,Metadata-only lead overlay,overlay_not_public_map
mapmeta_18e133b9438dda5f042b938b,release_metadata_gap_items,relmeta_12f3db5a1225bf8bf00067a6,State Library of NSW Catalogue NT 1959 metadata expansion lead,NT,Tennant Creek,Tennant Creek,Metadata-only lead overlay,overlay_not_public_map
mapmeta_59168af1c8f13eb217b2e169,release_metadata_gap_items,relmeta_1ec61e7667f97136b8cd05d0,State Library of NSW Digital Collections NT 1959 metadata expansion lead,NT,Tennant Creek,Tennant Creek,Metadata-only lead overlay,overlay_not_public_map
mapmeta_e19f05cf2f7376e4d56d797a,release_metadata_gap_items,relmeta_a10ab5ea006e8cc1593a4ea2,State Library of Queensland One Search NT 1959 metadata expansion lead,NT,Tennant Creek,Tennant Creek,Metadata-only lead overlay,overlay_not_public_map
mapmeta_3991d8b61d376b5d5bf84cdc,release_metadata_gap_items,relmeta_ec3d94689d4b247fd5a073bd,Territory Stories NT 1955 ghost expansion lead,NT,Pine Creek,Pine Creek,Metadata-only lead overlay,overlay_not_public_map
mapmeta_fe33084b8ec4719f3aa4e18e,release_metadata_gap_items,relmeta_35c8f4673e366a3877cea6fa,Territory Stories NT 1955 ghost expansion lead,NT,Pine Creek,Pine Creek,Metadata-only lead overlay,overlay_not_public_map
mapmeta_df2148cff1b77ae2e46dfed3,release_metadata_gap_items,relmeta_f0ec30b851ad8c44d9aff0e2,Alice Springs Public Library Local History NT 1956 ghost expansion lead,NT,Darwin,Darwin,Metadata-only lead overlay,overlay_not_public_map
mapmeta_428616c7eb7dcb1ebca43fff,release_metadata_gap_items,relmeta_eb8037a6e1ef9b8de8faf282,Alice Springs Public Library Local History NT 1956 ghost expansion lead,NT,Darwin,Darwin,Metadata-only lead overlay,overlay_not_public_map
mapmeta_e322854f318be99fae547d90,release_metadata_gap_items,relmeta_88db2a4073d12467e8530a73,Darwin City Libraries Local History NT 1956 ghost expansion lead,NT,Alice Springs,Alice Springs,Metadata-only lead overlay,overlay_not_public_map
mapmeta_12a18a0900088254287ed4b3,release_metadata_gap_items,relmeta_34b703016b1bcd530c6c126f,Darwin City Libraries Local History NT 1956 ghost expansion lead,NT,Alice Springs,Alice Springs,Metadata-only lead overlay,overlay_not_public_map
mapmeta_e83006dce064e0d44625812a,release_metadata_gap_items,relmeta_aa873f2734df79e8896baa90,Tennant Creek and Barkly History NT 1956 ghost expansion lead,NT,Tennant Creek,Tennant Creek,Metadata-only lead overlay,overlay_not_public_map
mapmeta_de93a13e26bdd7ee81511b03,release_metadata_gap_items,relmeta_6bdd80e90b0f5e3da1dc76ee,NT Heritage Register NT 1956 ghost expansion lead,NT,Pine Creek,Pine Creek,Metadata-only lead overlay,overlay_not_public_map
mapmeta_9a9c5827788fb7b4e2d806c0,release_metadata_gap_items,relmeta_d7abacdf49ab40515c5ccb20,National Trust NT NT 1956 ghost expansion lead,NT,Darwin,Darwin,Metadata-only lead overlay,overlay_not_public_map
mapmeta_5ca7b5279ae30badc9d7955b,release_metadata_gap_items,relmeta_d53cad112c69c42135f595f5,National Trust Northern Territory NT 1956 ghost expansion lead,NT,Darwin,Darwin,Metadata-only lead overlay,overlay_not_public_map
mapmeta_9515d6fe26635436a597f321,release_metadata_gap_items,relmeta_ffc82ea2491af85b74d8f9ff,Northern Territory Heritage Register NT 1956 ghost expansion lead,NT,Katherine,Katherine,Metadata-only lead overlay,overlay_not_public_map
mapmeta_18282c90bfdd3e3b7932c7f7,release_metadata_gap_items,relmeta_dfc743c9eff6138f31dfd5d5,Central Australian Historical Society NT 1956 ghost expansion lead,NT,Tennant Creek,Tennant Creek,Metadata-only lead overlay,overlay_not_public_map
mapmeta_cc804b3501b1be816538d9bd,release_metadata_gap_items,relmeta_69c8093f5f1364bc5169af0b,Historical Society of the Northern Territory NT 1956 ghost expansion lead,NT,Tennant Creek,Tennant Creek,Metadata-only lead overlay,overlay_not_public_map
mapmeta_3abcc5317ff2f29db8590da5,release_metadata_gap_items,relmeta_259731c91af058ecc09cc42e,Historical Society of the Northern Territory NT 1956 ghost expansion lead,NT,Tennant Creek,Tennant Creek,Metadata-only lead overlay,overlay_not_public_map
mapmeta_6d096588c827eb552637f71e,release_metadata_gap_items,relmeta_7cc640bcef6ac1aa5636c6f5,Australian War Memorial NT 1959 metadata expansion lead,NT,Katherine,Katherine,Metadata-only lead overlay,overlay_not_public_map
mapmeta_bcc8ac2a777b2da737be1cd5,release_metadata_gap_items,relmeta_81fb8327320190d0e79bcf9d,Katherine Museum NT 1956 ghost expansion lead,NT,Alice Springs,Alice Springs,Metadata-only lead overlay,overlay_not_public_map
mapmeta_29e2178589d71fd41e0a4b5d,release_metadata_gap_items,relmeta_01e0a286f0c1762614ba2772,Museum and Art Gallery of the Northern Territory NT 1956 ghost expansion lead,NT,Alice Springs,Alice Springs,Metadata-only lead overlay,overlay_not_public_map
mapmeta_fe8460cad7d1cede99a753d9,release_metadata_gap_items,relmeta_a407dbfe5e1a45ff19a37ff6,Pine Creek Museum NT 1956 ghost expansion lead,NT,Alice Springs,Alice Springs,Metadata-only lead overlay,overlay_not_public_map
mapmeta_3dc9dd33de695ee2e9b843e8,release_metadata_gap_items,relmeta_8041a8ae56dee31cf74d075e,LANT Archives Navigator NT 1956 ghost expansion lead,NT,Darwin,Darwin,Metadata-only lead overlay,overlay_not_public_map
mapmeta_64eacc66bf9063719883e146,release_metadata_gap_items,relmeta_b78ae9acc35c487321b40641,Library & Archives NT NT 1956 ghost expansion lead,NT,Tennant Creek,Tennant Creek,Metadata-only lead overlay,overlay_not_public_map
mapmeta_8e45021bfec6699cdf9255ca,release_metadata_gap_items,relmeta_aa38e5529895de4dbb871167,Library & Archives NT Catalogue NT 1956 ghost expansion lead,NT,Tennant Creek,Tennant Creek,Metadata-only lead overlay,overlay_not_public_map
mapmeta_77fe577ed2b0880fe163baae,release_metadata_gap_items,relmeta_4aa21d8595f96356113ae76a,Territory Stories NT 1956 ghost expansion lead,NT,Darwin,Darwin,Metadata-only lead overlay,overlay_not_public_map
mapmeta_40c33c9624e81234f8a9a922,release_metadata_gap_items,relmeta_5acf9d56f7fbe32b57721f49,Territory Stories NT 1956 ghost expansion lead,NT,Darwin,Darwin,Metadata-only lead overlay,overlay_not_public_map
mapmeta_8b0e1a78eca30501a9ef5b64,release_metadata_gap_items,relmeta_0636e98cff3cba5f98053649,ABC Archives Public Pages NT 1959 metadata expansion lead,NT,Darwin,Darwin,Metadata-only lead overlay,overlay_not_public_map
mapmeta_2a134ee7713fc2a9d2d43959,release_metadata_gap_items,relmeta_1d0bf7d63621c1db2408108e,Australian Screen Online NT 1959 metadata expansion lead,NT,Katherine,Katherine,Metadata-only lead overlay,overlay_not_public_map
mapmeta_03718d1fe74b702703379874,release_metadata_gap_items,relmeta_acf01bad7bc73d6e7858fcea,NFSA Collection NT 1959 metadata expansion lead,NT,Katherine,Katherine,Metadata-only lead overlay,overlay_not_public_map
mapmeta_4af0cd015e2dbc742e3208c3,release_metadata_gap_items,relmeta_eda51e630899d77c231a18b4,Alice Springs Public Library Local History NT 1957 ghost expansion lead,NT,Katherine,Katherine,Metadata-only lead overlay,overlay_not_public_map
mapmeta_dfcf05745f860bed16b50f07,release_metadata_gap_items,relmeta_7d435eee0b917d323583b4da,Alice Springs Public Library Local History NT 1957 ghost expansion lead,NT,Katherine,Katherine,Metadata-only lead overlay,overlay_not_public_map
mapmeta_b3aa33275172e99424611957,release_metadata_gap_items,relmeta_3b0f4121e6dc5c9e25d6c333,Darwin City Libraries Local History NT 1957 ghost expansion lead,NT,Alice Springs,Alice Springs,Metadata-only lead overlay,overlay_not_public_map
mapmeta_06f6812548c691cf2e0d4dbd,release_metadata_gap_items,relmeta_2ef48bab35ab3b90cee58b69,Darwin City Libraries Local History NT 1957 ghost expansion lead,NT,Tennant Creek,Tennant Creek,Metadata-only lead overlay,overlay_not_public_map
mapmeta_e88de67e0a52d1e644cd0d9d,release_metadata_gap_items,relmeta_5b2fae79ae62683d4b59e0be,Tennant Creek and Barkly History NT 1957 ghost expansion lead,NT,Pine Creek,Pine Creek,Metadata-only lead overlay,overlay_not_public_map
mapmeta_1e9e9e931e436a760d44340f,release_metadata_gap_items,relmeta_6e11ee716afffb65ddb9fe5e,Australian Heritage Database NT 1959 metadata expansion lead,NT,Pine Creek,Pine Creek,Metadata-only lead overlay,overlay_not_public_map
mapmeta_32e2bd71b86d3a847dede73b,release_metadata_gap_items,relmeta_e82eda6f63a499ab8f91493a,NT Heritage Register NT 1957 ghost expansion lead,NT,Darwin,Darwin,Metadata-only lead overlay,overlay_not_public_map
mapmeta_a87ac59def38d0b43113b2b9,release_metadata_gap_items,relmeta_73fc7691d114c67b8539ca09,National Trust NT NT 1957 ghost expansion lead,NT,Katherine,Katherine,Metadata-only lead overlay,overlay_not_public_map
mapmeta_ce3dc2ecafcb985e66fa8f0d,release_metadata_gap_items,relmeta_f04345c9440c2078753cf9c3,National Trust Northern Territory NT 1957 ghost expansion lead,NT,Katherine,Katherine,Metadata-only lead overlay,overlay_not_public_map
mapmeta_b83dd0213e60de88a9880b9a,release_metadata_gap_items,relmeta_c1c5641aefe9e1b485db854b,Northern Territory Heritage Register NT 1957 ghost expansion lead,NT,Alice Springs,Alice Springs,Metadata-only lead overlay,overlay_not_public_map
mapmeta_1e1195f1fd7ba7099e0758e9,release_metadata_gap_items,relmeta_281bb2606c0f15281fa878d6,Central Australian Historical Society NT 1957 ghost expansion lead,NT,Pine Creek,Pine Creek,Metadata-only lead overlay,overlay_not_public_map
mapmeta_709f3ca7b8ce665ee82874ab,release_metadata_gap_items,relmeta_68383fff454ba969e1523a60,Historical Society of the Northern Territory NT 1957 ghost expansion lead,NT,Pine Creek,Pine Creek,Metadata-only lead overlay,overlay_not_public_map
mapmeta_fe77bcfaf6910ef38b15b10d,release_metadata_gap_items,relmeta_01883f4342d43fffdfe8df78,Historical Society of the Northern Territory NT 1957 ghost expansion lead,NT,Pine Creek,Pine Creek,Metadata-only lead overlay,overlay_not_public_map
mapmeta_7e8956c9d144a69fc4ee0bff,release_metadata_gap_items,relmeta_613e623f8139a5bdb3cce4be,Australian War Memorial Collection NT 1959 metadata expansion lead,NT,Alice Springs,Alice Springs,Metadata-only lead overlay,overlay_not_public_map
mapmeta_6517ecec446eeb51d1ce1bb7,release_metadata_gap_items,relmeta_00656d96ebe7454c74c13f1f,Katherine Museum NT 1957 ghost expansion lead,NT,Tennant Creek,Tennant Creek,Metadata-only lead overlay,overlay_not_public_map
mapmeta_49bb57213370cce40e2f90be,release_metadata_gap_items,relmeta_7931c090583a36fe048eae52,Museum and Art Gallery of the Northern Territory NT 1957 ghost expansion lead,NT,Tennant Creek,Tennant Creek,Metadata-only lead overlay,overlay_not_public_map
mapmeta_dd1fc7413fcc2e334d56dace,release_metadata_gap_items,relmeta_b1bc6266452eb06ea94c2cd1,Pine Creek Museum NT 1957 ghost expansion lead,NT,Tennant Creek,Tennant Creek,Metadata-only lead overlay,overlay_not_public_map
mapmeta_bc8ce48f372e1d8b314a3cbd,release_metadata_gap_items,relmeta_f17989dd2f57f948a8de9edc,LANT Archives Navigator NT 1957 ghost expansion lead,NT,Katherine,Katherine,Metadata-only lead overlay,overlay_not_public_map
mapmeta_0257457e8fe5002eadc18d01,release_metadata_gap_items,relmeta_54d2f460b37af4d6f10d2f4d,Library & Archives NT NT 1957 ghost expansion lead,NT,Pine Creek,Pine Creek,Metadata-only lead overlay,overlay_not_public_map
mapmeta_2fbb54bc0f41e897f5fa2fd7,release_metadata_gap_items,relmeta_ef428228040328a3d3383b5b,Library & Archives NT Catalogue NT 1957 ghost expansion lead,NT,Pine Creek,Pine Creek,Metadata-only lead overlay,overlay_not_public_map
mapmeta_2f6b2f9638cec492a7dccbee,release_metadata_gap_items,relmeta_9b78ba0aeaf906b414b8ee42,Territory Stories NT 1957 ghost expansion lead,NT,Katherine,Katherine,Metadata-only lead overlay,overlay_not_public_map
mapmeta_bbd38538069efc112bc17495,release_metadata_gap_items,relmeta_9fd62aa150c6bb1d7d2b6f15,Territory Stories NT 1957 ghost expansion lead,NT,Katherine,Katherine,Metadata-only lead overlay,overlay_not_public_map
mapmeta_85d52c68cc8cde37a5b9cb19,release_metadata_gap_items,relmeta_cdf7d09ca6afd972bbd55f82,Alice Springs Public Library Local History NT 1958 ghost expansion lead,NT,Alice Springs,Alice Springs,Metadata-only lead overlay,overlay_not_public_map
mapmeta_068efb2a59e4029511ca0ea5,release_metadata_gap_items,relmeta_0a8b34dcd5fd1c5251efbdcb,Alice Springs Public Library Local History NT 1958 ghost expansion lead,NT,Alice Springs,Alice Springs,Metadata-only lead overlay,overlay_not_public_map
mapmeta_82e4a0484633217226778e51,release_metadata_gap_items,relmeta_59c597ccc1a9e5c168099c01,Darwin City Libraries Local History NT 1958 ghost expansion lead,NT,Tennant Creek,Tennant Creek,Metadata-only lead overlay,overlay_not_public_map
mapmeta_b322b28e993bd214b1c38143,release_metadata_gap_items,relmeta_3f3704e04780d4a17aa79701,Darwin City Libraries Local History NT 1958 ghost expansion lead,NT,Tennant Creek,Tennant Creek,Metadata-only lead overlay,overlay_not_public_map
mapmeta_2ddfc80a184a1c334876da69,release_metadata_gap_items,relmeta_6985c0fa869659537cee4d7c,Tennant Creek and Barkly History NT 1958 ghost expansion lead,NT,Darwin,Darwin,Metadata-only lead overlay,overlay_not_public_map
mapmeta_b8431dc3a85a677fe4252032,release_metadata_gap_items,relmeta_1f627125e15c30dcaeef9246,NT Heritage Register NT 1958 ghost expansion lead,NT,Katherine,Katherine,Metadata-only lead overlay,overlay_not_public_map
mapmeta_77f42c6587cddba827a3b966,release_metadata_gap_items,relmeta_874d3593f0122024386955cc,National Trust NT NT 1958 ghost expansion lead,NT,Alice Springs,Alice Springs,Metadata-only lead overlay,overlay_not_public_map
mapmeta_3c95644a24d7b0c39bb5fe2b,release_metadata_gap_items,relmeta_d8191a0c9749648530f0d9d0,National Trust Northern Territory NT 1958 ghost expansion lead,NT,Alice Springs,Alice Springs,Metadata-only lead overlay,overlay_not_public_map
mapmeta_a9b66a1e7df883df1da61062,release_metadata_gap_items,relmeta_61d6a38d4e157d3e380b2f1f,Northern Territory Heritage Register NT 1958 ghost expansion lead,NT,Tennant Creek,Tennant Creek,Metadata-only lead overlay,overlay_not_public_map
mapmeta_0ef7b4a72862a96d4d0c951b,release_metadata_gap_items,relmeta_0947b07bb3076accf9d5cafb,Central Australian Historical Society NT 1958 ghost expansion lead,NT,Darwin,Darwin,Metadata-only lead overlay,overlay_not_public_map
mapmeta_44fa4f91d077c5eaf05f32e6,release_metadata_gap_items,relmeta_30b8e915be71596deade1038,Historical Society of the Northern Territory NT 1958 ghost expansion lead,NT,Darwin,Darwin,Metadata-only lead overlay,overlay_not_public_map
mapmeta_f81ed5a853d9f37e5287b53c,release_metadata_gap_items,relmeta_bc9a40e9efbd0e2b5837ab89,Historical Society of the Northern Territory NT 1958 ghost expansion lead,NT,Darwin,Darwin,Metadata-only lead overlay,overlay_not_public_map
mapmeta_3d218b056ebad9bfe08b5116,release_metadata_gap_items,relmeta_48889b7c658f541dabbe378d,Katherine Museum NT 1958 ghost expansion lead,NT,Pine Creek,Pine Creek,Metadata-only lead overlay,overlay_not_public_map
mapmeta_e35dd655a94ebb74f29bfb44,release_metadata_gap_items,relmeta_7b1bb57a0783a7502dd513f9,Museum and Art Gallery of the Northern Territory NT 1958 ghost expansion lead,NT,Pine Creek,Pine Creek,Metadata-only lead overlay,overlay_not_public_map
mapmeta_8b42f1e91ab2a0d852d7a69b,release_metadata_gap_items,relmeta_9c74a429dd5ab3386e001d73,Pine Creek Museum NT 1958 ghost expansion lead,NT,Pine Creek,Pine Creek,Metadata-only lead overlay,overlay_not_public_map
mapmeta_6de1197d29ebc766314d1f9b,release_metadata_gap_items,relmeta_c9a5a7c88e1efa9835f260ff,LANT Archives Navigator NT 1958 ghost expansion lead,NT,Alice Springs,Alice Springs,Metadata-only lead overlay,overlay_not_public_map
mapmeta_bae628e627613e0438f5f575,release_metadata_gap_items,relmeta_54faddde3b0ccb46378e5de3,Library & Archives NT NT 1958 ghost expansion lead,NT,Darwin,Darwin,Metadata-only lead overlay,overlay_not_public_map
mapmeta_93f0d8ecd3ca762ef76d9beb,release_metadata_gap_items,relmeta_c44bc498a6885e283c25bd11,Library & Archives NT Catalogue NT 1958 ghost expansion lead,NT,Darwin,Darwin,Metadata-only lead overlay,overlay_not_public_map
mapmeta_74848ba16b1edb78d8e20c33,release_metadata_gap_items,relmeta_3ce54d4abcc9b8fe817eb22a,Territory Stories NT 1958 ghost expansion lead,NT,Alice Springs,Alice Springs,Metadata-only lead overlay,overlay_not_public_map
mapmeta_0e0d763d6539e48b94753c42,release_metadata_gap_items,relmeta_bbf390607be10c0ad0c6d43d,Territory Stories NT 1958 ghost expansion lead,NT,Alice Springs,Alice Springs,Metadata-only lead overlay,overlay_not_public_map
mapmeta_fece2cd4484da694fb66ae8f,release_metadata_gap_items,relmeta_d6b92f51f118c7febf0ae660,Alice Springs Public Library Local History NT 1959 ghost expansion lead,NT,Tennant Creek,Tennant Creek,Metadata-only lead overlay,overlay_not_public_map
mapmeta_76e26840b07f977f8f9771f7,release_metadata_gap_items,relmeta_e4dd3b9e48583ebf86a826c2,Alice Springs Public Library Local History NT 1959 ghost expansion lead,NT,Tennant Creek,Tennant Creek,Metadata-only lead overlay,overlay_not_public_map
mapmeta_8fe6e419359d0d374375d460,release_metadata_gap_items,relmeta_a8de542a80ec74c26b267fdc,Darwin City Libraries Local History NT 1959 ghost expansion lead,NT,Pine Creek,Pine Creek,Metadata-only lead overlay,overlay_not_public_map
mapmeta_27decba91471049b368e2905,release_metadata_gap_items,relmeta_a0ccb979fbc52d2c633bd099,Darwin City Libraries Local History NT 1959 ghost expansion lead,NT,Pine Creek,Pine Creek,Metadata-only lead overlay,overlay_not_public_map
mapmeta_ed18b3145eb28ab4eb2b040b,release_metadata_gap_items,relmeta_aa1b86d18d5cb9839990f205,Tennant Creek and Barkly History NT 1959 ghost expansion lead,NT,Darwin,Darwin,Metadata-only lead overlay,overlay_not_public_map
mapmeta_c84492135524366444f82067,release_metadata_gap_items,relmeta_31e6021f42f4b9145035d4b8,NT Heritage Register NT 1959 ghost expansion lead,NT,Alice Springs,Alice Springs,Metadata-only lead overlay,overlay_not_public_map
mapmeta_fc2152824f0cb2052b1f2cc0,release_metadata_gap_items,relmeta_32967b214b031fa49d4668d6,National Trust NT NT 1959 ghost expansion lead,NT,Alice Springs,Alice Springs,Metadata-only lead overlay,overlay_not_public_map
mapmeta_16f6308bff602b9af40a662c,release_metadata_gap_items,relmeta_d15945d16ec1a5199e02c3c3,National Trust Northern Territory NT 1959 ghost expansion lead,NT,Tennant Creek,Tennant Creek,Metadata-only lead overlay,overlay_not_public_map
mapmeta_df3a119cd88e6c175d6d11f4,release_metadata_gap_items,relmeta_cad04a9eb84199472299c62e,Northern Territory Heritage Register NT 1959 ghost expansion lead,NT,Pine Creek,Pine Creek,Metadata-only lead overlay,overlay_not_public_map
mapmeta_0aec88e222fba0bedc82015c,release_metadata_gap_items,relmeta_14a1f3bf3e13adbacaa56dad,Central Australian Historical Society NT 1959 ghost expansion lead,NT,Darwin,Darwin,Metadata-only lead overlay,overlay_not_public_map
mapmeta_06f9ca27fff3828cbf3dac38,release_metadata_gap_items,relmeta_5026164acfe1d04fc795e7c9,Historical Society of the Northern Territory NT 1959 ghost expansion lead,NT,Katherine,Katherine,Metadata-only lead overlay,overlay_not_public_map
mapmeta_49afd5e1e40e274a45e76286,release_metadata_gap_items,relmeta_71cfe18c64d142b6913e4485,Historical Society of the Northern Territory NT 1959 ghost expansion lead,NT,Katherine,Katherine,Metadata-only lead overlay,overlay_not_public_map
mapmeta_71cca062baeab6234e0c7622,release_metadata_gap_items,relmeta_6c7c8c17efcfab4056477503,Katherine Museum NT 1959 ghost expansion lead,NT,Pine Creek,Pine Creek,Metadata-only lead overlay,overlay_not_public_map
mapmeta_770554a9d3ea6e43994011d2,release_metadata_gap_items,relmeta_7e3b360e2cc247c7958a5985,Museum and Art Gallery of the Northern Territory NT 1959 ghost expansion lead,NT,Darwin,Darwin,Metadata-only lead overlay,overlay_not_public_map
mapmeta_f854f07697f3d7f0692ad195,release_metadata_gap_items,relmeta_dd2a1d882ec689de5c5f1ca3,Pine Creek Museum NT 1959 ghost expansion lead,NT,Darwin,Darwin,Metadata-only lead overlay,overlay_not_public_map
mapmeta_9fac31cee2e53baac0afc0ad,release_metadata_gap_items,relmeta_ca582dbe3429cdfae8f12d95,LANT Archives Navigator NT 1959 ghost expansion lead,NT,Tennant Creek,Tennant Creek,Metadata-only lead overlay,overlay_not_public_map
mapmeta_2c10cef2cfb6b9fe787eeb94,release_metadata_gap_items,relmeta_744565fda1f32929e3a1e834,Library & Archives NT NT 1959 ghost expansion lead,NT,Katherine,Katherine,Metadata-only lead overlay,overlay_not_public_map
mapmeta_49b8ad94b5738a7b3735a551,release_metadata_gap_items,relmeta_9e06c9f0c4e566478c43ad2d,Library & Archives NT Catalogue NT 1959 ghost expansion lead,NT,Katherine,Katherine,Metadata-only lead overlay,overlay_not_public_map
mapmeta_f068d512184242315e45b945,release_metadata_gap_items,relmeta_a0646fffbe7d17440454f3ba,Territory Stories NT 1959 ghost expansion lead,NT,Alice Springs,Alice Springs,Metadata-only lead overlay,overlay_not_public_map
mapmeta_aa1b7b27b2724a485da41c85,release_metadata_gap_items,relmeta_602e4597cc9f1841dca97de5,Territory Stories NT 1959 ghost expansion lead,NT,Tennant Creek,Tennant Creek,Metadata-only lead overlay,overlay_not_public_map
mapmeta_153fb3bd9387253a649abc6b,release_metadata_gap_items,relmeta_2509baf031a8dd236de9e26f,ABC Public Pages NT 1960 metadata expansion lead,NT,Tennant Creek,Tennant Creek,Metadata-only lead overlay,overlay_not_public_map
mapmeta_aae6d600204a37f8d458ce46,release_metadata_gap_items,relmeta_66ce53ac6593642c148329d5,Australian Screen Online NT 1960 metadata expansion lead,NT,Tennant Creek,Tennant Creek,Metadata-only lead overlay,overlay_not_public_map
mapmeta_5f709c9ccaeb3b88c31c494a,release_metadata_gap_items,relmeta_5049e8c092f901c408d18146,NFSA Collection NT 1960 metadata expansion lead,NT,Tennant Creek,Tennant Creek,Metadata-only lead overlay,overlay_not_public_map
mapmeta_cd3edd0439d6f49c239bb95b,release_metadata_gap_items,relmeta_28c003fa74d2dcad6dd39c22,Alice Springs Public Library Local History NT 1960 ghost expansion lead,NT,Pine Creek,Pine Creek,Metadata-only lead overlay,overlay_not_public_map
mapmeta_6e79a6897322fd7f5988c8f1,release_metadata_gap_items,relmeta_2a9c56f1f8a6ba1a96ef84d5,Alice Springs Public Library Local History NT 1960 ghost expansion lead,NT,Pine Creek,Pine Creek,Metadata-only lead overlay,overlay_not_public_map
mapmeta_a12b2c627b6fea6da9c45ab3,release_metadata_gap_items,relmeta_4ea90beb8a46485da819ccde,Brisbane Heritage Register NT 1960 metadata expansion lead,NT,Pine Creek,Pine Creek,Metadata-only lead overlay,overlay_not_public_map
mapmeta_a706ee581f4384bce617b180,release_metadata_gap_items,relmeta_787b6e8442c8d4d211845593,City of Sydney Archives NT 1960 metadata expansion lead,NT,Darwin,Darwin,Metadata-only lead overlay,overlay_not_public_map
mapmeta_7f3d80250af6dd1429f47d3c,release_metadata_gap_items,relmeta_33d4a7e9fb511b81cef4f6d5,Darwin City Libraries Local History NT 1960 ghost expansion lead,NT,Darwin,Darwin,Metadata-only lead overlay,overlay_not_public_map
mapmeta_e8a72e2ab534f43d712e95a6,release_metadata_gap_items,relmeta_e08eb13a521448f66193f98c,Darwin City Libraries Local History NT 1960 ghost expansion lead,NT,Darwin,Darwin,Metadata-only lead overlay,overlay_not_public_map
mapmeta_76941929990fcb19c03538c7,release_metadata_gap_items,relmeta_b30029be34c77bcba7bd89d1,Tennant Creek and Barkly History NT 1960 ghost expansion lead,NT,Katherine,Katherine,Metadata-only lead overlay,overlay_not_public_map
mapmeta_4548aecb6fc6faf796be361f,release_metadata_gap_items,relmeta_e72c1dfa2f6a11794c5d6816,Australian Heritage Database NT 1960 metadata expansion lead,NT,Alice Springs,Alice Springs,Metadata-only lead overlay,overlay_not_public_map
mapmeta_a46626a9de94ca22c6095d74,release_metadata_gap_items,relmeta_605142c8567943a6f07b4a17,NSW State Heritage Inventory NT 1960 metadata expansion lead,NT,Alice Springs,Alice Springs,Metadata-only lead overlay,overlay_not_public_map
mapmeta_e6a88dc86f982c17f4c0712d,release_metadata_gap_items,relmeta_a14749dc9b1dfc1de4bba001,NT Heritage Register NT 1960 ghost expansion lead,NT,Tennant Creek,Tennant Creek,Metadata-only lead overlay,overlay_not_public_map
mapmeta_92d0e08afd6f320419b447b4,release_metadata_gap_items,relmeta_5228bd2546cc8bea5b8c2fed,National Trust NSW Register NT 1960 metadata expansion lead,NT,Tennant Creek,Tennant Creek,Metadata-only lead overlay,overlay_not_public_map
mapmeta_e543daec9110cae02da374d0,release_metadata_gap_items,relmeta_75531acc626249a8560672d4,National Trust NT NT 1960 ghost expansion lead,NT,Tennant Creek,Tennant Creek,Metadata-only lead overlay,overlay_not_public_map
mapmeta_0942effb4c29d72cf32bb961,release_metadata_gap_items,relmeta_e638a7b5d3263378964e6479,National Trust Northern Territory NT 1960 ghost expansion lead,NT,Tennant Creek,Tennant Creek,Metadata-only lead overlay,overlay_not_public_map
mapmeta_da74448eb2b2b8e4679f5fa2,release_metadata_gap_items,relmeta_37f4d4b2edcccab89661e433,National Trust Victoria Register NT 1960 metadata expansion lead,NT,Pine Creek,Pine Creek,Metadata-only lead overlay,overlay_not_public_map
mapmeta_6549db75c7e8cca2df7d32e3,release_metadata_gap_items,relmeta_ba7e3b2f964fc59934dbe3c1,Northern Territory Heritage Register NT 1960 ghost expansion lead,NT,Darwin,Darwin,Metadata-only lead overlay,overlay_not_public_map
mapmeta_8d0377b258dd9250e069fe36,release_metadata_gap_items,relmeta_90a6d7614cd96b554b72a58b,Queensland Heritage Register NT 1960 metadata expansion lead,NT,Darwin,Darwin,Metadata-only lead overlay,overlay_not_public_map
mapmeta_1a62255637ffa9334e462313,release_metadata_gap_items,relmeta_676fafbcc22f7450e2b3662c,Victorian Heritage Database NT 1960 metadata expansion lead,NT,Darwin,Darwin,Metadata-only lead overlay,overlay_not_public_map
mapmeta_0b7c66039356f35cd271eb48,release_metadata_gap_items,relmeta_f5784876253ecbaa8ed4c555,City of Adelaide Archives SA 1955 release patch,SA,Port Adelaide,Port Adelaide,Metadata-only lead overlay,overlay_not_public_map
mapmeta_689b1145b5f93eed768c1b46,release_metadata_gap_items,relmeta_2f6d8b7f4fc4f65b122566f1,City of Adelaide Archives SA 1955 release patch,SA,Port Adelaide,Port Adelaide,Metadata-only lead overlay,overlay_not_public_map
mapmeta_abae8766f79acab22a070d8a,release_metadata_gap_items,relmeta_cc15adbfe4eb693b626d11f3,Mount Gambier Local History SA 1955 release patch,SA,Adelaide,Adelaide,Metadata-only lead overlay,overlay_not_public_map
mapmeta_4686d017764c082b6e8b7af7,release_metadata_gap_items,relmeta_806a786096bafb4e7d7a4a87,Port Adelaide Local History SA 1955 release patch,SA,Adelaide,Adelaide,Metadata-only lead overlay,overlay_not_public_map
mapmeta_9d6351d3a4caa06df3f1ccf8,release_metadata_gap_items,relmeta_da581fa238adc8a7ec571ba5,Port Adelaide Local History SA 1955 release patch,SA,Adelaide,Adelaide,Metadata-only lead overlay,overlay_not_public_map
mapmeta_6187e10540ae388e74b7748a,release_metadata_gap_items,relmeta_62072aa59a0fe32215d1f690,Town of Gawler Council History SA 1955 release patch,SA,Adelaide,Adelaide,Metadata-only lead overlay,overlay_not_public_map
mapmeta_4040ed621e2d10f2aa914acf,release_metadata_gap_items,relmeta_2ff68acf940435024cfbe133,National Trust South Australia SA 1955 release patch,SA,Burra,Burra,Metadata-only lead overlay,overlay_not_public_map
mapmeta_52940922db481219955dfdaa,release_metadata_gap_items,relmeta_36f0e08968d53955b5285738,National Trust of South Australia SA 1955 release patch,SA,Moonta,Moonta,Metadata-only lead overlay,overlay_not_public_map
mapmeta_843febdfbf50a6797dbf647e,release_metadata_gap_items,relmeta_2ad379df94ab809a737db0b2,South Australian Heritage Places Database SA 1955 release patch,SA,Port Adelaide,Port Adelaide,Metadata-only lead overlay,overlay_not_public_map
mapmeta_dc0fcba3c5c7de3fff47f3af,release_metadata_gap_items,relmeta_f8038351809fb8058dc61c8a,South Australian Heritage Places Database SA 1955 release patch,SA,Port Adelaide,Port Adelaide,Metadata-only lead overlay,overlay_not_public_map
mapmeta_109069cb319bbb922a02be53,release_metadata_gap_items,relmeta_4102bf85f5d4a71b324de5a5,Gawler History SA 1955 release patch,SA,Mount Gambier,Mount Gambier,Metadata-only lead overlay,overlay_not_public_map
mapmeta_6b335c908757da69fc85ae2e,release_metadata_gap_items,relmeta_21a463590041b5898052268d,Kapunda History SA 1955 release patch,SA,Adelaide,Adelaide,Metadata-only lead overlay,overlay_not_public_map
mapmeta_5b45951891bf298e25eb7fde,release_metadata_gap_items,relmeta_ea198e73f598cb9d88a0ad4d,South Australian History Network SA 1955 release patch,SA,Kapunda,Kapunda,Metadata-only lead overlay,overlay_not_public_map
mapmeta_ccbe90e33cdd479a359973bd,release_metadata_gap_items,relmeta_42fbdd5adbe62adb91058c6f,Adelaide Gaol SA 1955 release patch,SA,Kapunda,Kapunda,Metadata-only lead overlay,overlay_not_public_map
mapmeta_507bb999004d161397f38c28,release_metadata_gap_items,relmeta_f58d91b050855cb2a1c3c917,Adelaide Gaol SA 1955 release patch,SA,Burra,Burra,Metadata-only lead overlay,overlay_not_public_map
mapmeta_38a3e448bb632de8aaa666e4,release_metadata_gap_items,relmeta_99a2482f90c8627af944a8fb,History Trust of South Australia SA 1955 release patch,SA,Moonta,Moonta,Metadata-only lead overlay,overlay_not_public_map
mapmeta_bdede9028053a3320de9970b,release_metadata_gap_items,relmeta_163e967e5504d8c462917f2c,History Trust of South Australia SA 1955 release patch,SA,Moonta,Moonta,Metadata-only lead overlay,overlay_not_public_map
mapmeta_a36880ca41e227190da64fbb,release_metadata_gap_items,relmeta_7df0be332ef04132b22129fe,South Australian Museum SA 1955 release patch,SA,Port Adelaide,Port Adelaide,Metadata-only lead overlay,overlay_not_public_map
mapmeta_5e9dcec4a61ad555f4dd452f,release_metadata_gap_items,relmeta_68ec7af76ee0e5321fde1ef5,State Records of South Australia SA 1955 release patch,SA,Kapunda,Kapunda,Metadata-only lead overlay,overlay_not_public_map
mapmeta_5ff5cdbb4988fc9a24787995,release_metadata_gap_items,relmeta_9f38fc7721fcf3ca60f5b109,State Records of South Australia ArchivesSearch SA 1955 release patch,SA,Kapunda,Kapunda,Metadata-only lead overlay,overlay_not_public_map
mapmeta_dde320e2e481b7c2982a88a5,release_metadata_gap_items,relmeta_fccda546561ac4aa55dccfa2,State Library of South Australia Catalogue SA 1955 release patch,SA,Port Adelaide,Port Adelaide,Metadata-only lead overlay,overlay_not_public_map
mapmeta_354d03faaab1a7bcbd4e52c1,release_metadata_gap_items,relmeta_0c08c444b5299f838cf0e4d9,State Library of South Australia Catalogue SA 1955 release patch,SA,Port Adelaide,Port Adelaide,Metadata-only lead overlay,overlay_not_public_map
mapmeta_616ccc750a3d77925afff181,release_metadata_gap_items,relmeta_bcb4764ce626b8cc73dee40b,State Library of South Australia Digital Collections SA 1955 release patch,SA,Port Adelaide,Port Adelaide,Metadata-only lead overlay,overlay_not_public_map
mapmeta_5e4797f3ce09eb9f0da99e1c,release_metadata_gap_items,relmeta_61c90a38b8783f23b7a92048,State Library of South Australia Digital Collections SA 1955 release patch,SA,Mount Gambier,Mount Gambier,Metadata-only lead overlay,overlay_not_public_map
mapmeta_0305f35df9b42af412768995,release_metadata_gap_items,relmeta_013512dcf521c0e71304d658,City of Adelaide Archives SA 1956 release patch,SA,Kapunda,Kapunda,Metadata-only lead overlay,overlay_not_public_map
mapmeta_6258696a20b50553a048eeaa,release_metadata_gap_items,relmeta_add891bc3d7e8f36f3eae669,City of Adelaide Archives SA 1956 release patch,SA,Kapunda,Kapunda,Metadata-only lead overlay,overlay_not_public_map
mapmeta_864dfaa25034b72f5a725c53,release_metadata_gap_items,relmeta_7e491905a90f3c02be5ef51a,Mount Gambier Local History SA 1956 release patch,SA,Burra,Burra,Metadata-only lead overlay,overlay_not_public_map
mapmeta_8c009072125a33f1ca8f8314,release_metadata_gap_items,relmeta_4d2f3c9a4222148f74783940,Port Adelaide Local History SA 1956 release patch,SA,Moonta,Moonta,Metadata-only lead overlay,overlay_not_public_map
mapmeta_704e8ee61d206c393c21a02b,release_metadata_gap_items,relmeta_653d2c3365cd9ef6694b2303,Port Adelaide Local History SA 1956 release patch,SA,Moonta,Moonta,Metadata-only lead overlay,overlay_not_public_map
mapmeta_8526338bb431d6206c98a4be,release_metadata_gap_items,relmeta_ddb07d80e12f67bb59c8a3fd,Town of Gawler Council History SA 1956 release patch,SA,Moonta,Moonta,Metadata-only lead overlay,overlay_not_public_map
mapmeta_5ad6d4aa0ae0de5a2bf3da65,release_metadata_gap_items,relmeta_2b37deb212fecc41347dfdad,National Trust South Australia SA 1956 release patch,SA,Mount Gambier,Mount Gambier,Metadata-only lead overlay,overlay_not_public_map
mapmeta_921bd49548f32bcf69025031,release_metadata_gap_items,relmeta_de10a57301fa8617bf0c4a18,National Trust of South Australia SA 1956 release patch,SA,Adelaide,Adelaide,Metadata-only lead overlay,overlay_not_public_map
mapmeta_81bc3ae114b91bf3ceeed48c,release_metadata_gap_items,relmeta_483f020302813669745baea7,South Australian Heritage Places Database SA 1956 release patch,SA,Adelaide,Adelaide,Metadata-only lead overlay,overlay_not_public_map
mapmeta_1e04a2a04d8860e5cff46802,release_metadata_gap_items,relmeta_b3f33af59805cbc98f7ef038,South Australian Heritage Places Database SA 1956 release patch,SA,Kapunda,Kapunda,Metadata-only lead overlay,overlay_not_public_map
mapmeta_0c84574a8b67bcfa818ce7c6,release_metadata_gap_items,relmeta_da1599636628b79066006d04,Gawler History SA 1956 release patch,SA,Burra,Burra,Metadata-only lead overlay,overlay_not_public_map
mapmeta_b478032c08169b81bd114651,release_metadata_gap_items,relmeta_032c764739854a08481b4ed7,Kapunda History SA 1956 release patch,SA,Moonta,Moonta,Metadata-only lead overlay,overlay_not_public_map
mapmeta_67c001b6939045eb4db32319,release_metadata_gap_items,relmeta_5e36c048211384c388e7b4f5,South Australian History Network SA 1956 release patch,SA,Port Adelaide,Port Adelaide,Metadata-only lead overlay,overlay_not_public_map
mapmeta_11e3acfe925e837565919875,release_metadata_gap_items,relmeta_270eb24d938a360934c27a1a,Adelaide Gaol SA 1956 release patch,SA,Port Adelaide,Port Adelaide,Metadata-only lead overlay,overlay_not_public_map
mapmeta_15b14c3de161073e16a187e3,release_metadata_gap_items,relmeta_fc0e20c80990527789903a1c,Adelaide Gaol SA 1956 release patch,SA,Port Adelaide,Port Adelaide,Metadata-only lead overlay,overlay_not_public_map
mapmeta_7615bebb214d2213f8b441b8,release_metadata_gap_items,relmeta_8fbfac8c686d8f8ecacbf1ab,History Trust of South Australia SA 1956 release patch,SA,Adelaide,Adelaide,Metadata-only lead overlay,overlay_not_public_map
mapmeta_84a65e916b3332578b3b3e2e,release_metadata_gap_items,relmeta_239fb530aab15d87d0632a05,History Trust of South Australia SA 1956 release patch,SA,Adelaide,Adelaide,Metadata-only lead overlay,overlay_not_public_map
mapmeta_d57804b0e122a9c8f7341125,release_metadata_gap_items,relmeta_be51b1e5d7714cff041ebbde,South Australian Museum SA 1956 release patch,SA,Kapunda,Kapunda,Metadata-only lead overlay,overlay_not_public_map
mapmeta_c2c84b222e0ade55074a0804,release_metadata_gap_items,relmeta_34e7bc7050116354c3bcfa3a,State Records of South Australia SA 1956 release patch,SA,Port Adelaide,Port Adelaide,Metadata-only lead overlay,overlay_not_public_map
mapmeta_f5af9b62f0df14d7d3a8b8e0,release_metadata_gap_items,relmeta_87aa53d2170e58fcf0177061,State Records of South Australia ArchivesSearch SA 1956 release patch,SA,Port Adelaide,Port Adelaide,Metadata-only lead overlay,overlay_not_public_map
mapmeta_450dd0c637526491ef9af510,release_metadata_gap_items,relmeta_170ca2bc5490af1eaffcb05c,State Library of South Australia Catalogue SA 1956 release patch,SA,Kapunda,Kapunda,Metadata-only lead overlay,overlay_not_public_map
mapmeta_0be0a2b1edfd49087a77ba28,release_metadata_gap_items,relmeta_41863a805633b7bab6a8d01a,State Library of South Australia Catalogue SA 1956 release patch,SA,Kapunda,Kapunda,Metadata-only lead overlay,overlay_not_public_map
mapmeta_ec3f13677807fe77d1d7f445,release_metadata_gap_items,relmeta_04788fd52d2c3348e97d0ccf,State Library of South Australia Digital Collections SA 1956 release patch,SA,Kapunda,Kapunda,Metadata-only lead overlay,overlay_not_public_map
mapmeta_eafed88d1a0ecaa8da2eefeb,release_metadata_gap_items,relmeta_b9d06c75180d926b4befe355,State Library of South Australia Digital Collections SA 1956 release patch,SA,Kapunda,Kapunda,Metadata-only lead overlay,overlay_not_public_map
mapmeta_1ceeb5b639155b695ab395ff,release_metadata_gap_items,relmeta_fa35913e08ac97bdaebaa1b2,City of Adelaide Archives SA 1957 release patch,SA,Port Adelaide,Port Adelaide,Metadata-only lead overlay,overlay_not_public_map
mapmeta_8f0ee914e16c6b042cf2437b,release_metadata_gap_items,relmeta_6f6a203638887c004296f181,City of Adelaide Archives SA 1957 release patch,SA,Port Adelaide,Port Adelaide,Metadata-only lead overlay,overlay_not_public_map
mapmeta_d03f5389bd7f0e85d2409151,release_metadata_gap_items,relmeta_f324784da15fef8a221ad4f5,Mount Gambier Local History SA 1957 release patch,SA,Mount Gambier,Mount Gambier,Metadata-only lead overlay,overlay_not_public_map
mapmeta_345f396bb2b938f10c010322,release_metadata_gap_items,relmeta_0a06b5d348cfdf442285dda3,Port Adelaide Local History SA 1957 release patch,SA,Mount Gambier,Mount Gambier,Metadata-only lead overlay,overlay_not_public_map
mapmeta_e4b66398f158d7ec7f705934,release_metadata_gap_items,relmeta_311df090ae6749c307e50fd2,Port Adelaide Local History SA 1957 release patch,SA,Adelaide,Adelaide,Metadata-only lead overlay,overlay_not_public_map
mapmeta_1db4e9fb45a61f1c268b7c5b,release_metadata_gap_items,relmeta_66429413a4180b70a4040b16,Town of Gawler Council History SA 1957 release patch,SA,Adelaide,Adelaide,Metadata-only lead overlay,overlay_not_public_map
mapmeta_ae842101ba8271afaa7b6f48,release_metadata_gap_items,relmeta_9e1bf41717f40c6f958a0d23,National Trust South Australia SA 1957 release patch,SA,Burra,Burra,Metadata-only lead overlay,overlay_not_public_map
mapmeta_333476272627d2a392634b61,release_metadata_gap_items,relmeta_471c18f34f5c507218abd747,National Trust of South Australia SA 1957 release patch,SA,Moonta,Moonta,Metadata-only lead overlay,overlay_not_public_map
mapmeta_b0da3580e6a31e2b00e0f671,release_metadata_gap_items,relmeta_35c150c6a6a3d06b96f28331,South Australian Heritage Places Database SA 1957 release patch,SA,Moonta,Moonta,Metadata-only lead overlay,overlay_not_public_map
mapmeta_0dbb4442b3578720a9e401a4,release_metadata_gap_items,relmeta_83928cea7ae84261d53919d5,South Australian Heritage Places Database SA 1957 release patch,SA,Moonta,Moonta,Metadata-only lead overlay,overlay_not_public_map
mapmeta_26e67fdf2a8812485ac28232,release_metadata_gap_items,relmeta_043dc461f31281b87aaaa388,Gawler History SA 1957 release patch,SA,Mount Gambier,Mount Gambier,Metadata-only lead overlay,overlay_not_public_map
mapmeta_c799985b02ddf89d7e47419a,release_metadata_gap_items,relmeta_ae8078bb2c8cb5a405812ef5,Kapunda History SA 1957 release patch,SA,Adelaide,Adelaide,Metadata-only lead overlay,overlay_not_public_map
mapmeta_98368bb597ea78e7d8134396,release_metadata_gap_items,relmeta_be73a2382fe2185692e6eaef,South Australian History Network SA 1957 release patch,SA,Kapunda,Kapunda,Metadata-only lead overlay,overlay_not_public_map
mapmeta_56bdac4adf35db13bbcde512,release_metadata_gap_items,relmeta_c151423efddfb620147fc20f,Adelaide Gaol SA 1957 release patch,SA,Kapunda,Kapunda,Metadata-only lead overlay,overlay_not_public_map
mapmeta_5b38c85415edd202907dc945,release_metadata_gap_items,relmeta_4e69630fed67d1b566105f79,Adelaide Gaol SA 1957 release patch,SA,Kapunda,Kapunda,Metadata-only lead overlay,overlay_not_public_map
mapmeta_9064dc5426dfa1660086395c,release_metadata_gap_items,relmeta_67383a9861a13d1db2032826,History Trust of South Australia SA 1957 release patch,SA,Burra,Burra,Metadata-only lead overlay,overlay_not_public_map
mapmeta_b6cf4d02712b9d0d0f096474,release_metadata_gap_items,relmeta_f67717168daeacdb31dd5881,History Trust of South Australia SA 1957 release patch,SA,Moonta,Moonta,Metadata-only lead overlay,overlay_not_public_map
mapmeta_b687cc44f67a809bf39a50a3,release_metadata_gap_items,relmeta_9f5d48e533177e111abedcc8,South Australian Museum SA 1957 release patch,SA,Port Adelaide,Port Adelaide,Metadata-only lead overlay,overlay_not_public_map
mapmeta_ebee1ec140f7e773c371768d,release_metadata_gap_items,relmeta_11d9a483f5c5f6934749aed4,State Records of South Australia SA 1957 release patch,SA,Kapunda,Kapunda,Metadata-only lead overlay,overlay_not_public_map
mapmeta_62e82fb01016da750a4c2929,release_metadata_gap_items,relmeta_0894ecdd42537ba59bb6db34,State Records of South Australia ArchivesSearch SA 1957 release patch,SA,Kapunda,Kapunda,Metadata-only lead overlay,overlay_not_public_map
mapmeta_3d7d295c0fd60c6f1f8c1642,release_metadata_gap_items,relmeta_c439fce617f5a246eb3e5039,State Library of South Australia Catalogue SA 1957 release patch,SA,Port Adelaide,Port Adelaide,Metadata-only lead overlay,overlay_not_public_map
mapmeta_9cad19f5ac36bac3a20a5573,release_metadata_gap_items,relmeta_3dfbb8c63623688113e57460,State Library of South Australia Catalogue SA 1957 release patch,SA,Port Adelaide,Port Adelaide,Metadata-only lead overlay,overlay_not_public_map
mapmeta_ac19858fcc55830648e06d0e,release_metadata_gap_items,relmeta_665a286202e30b253db4ac8c,State Library of South Australia Digital Collections SA 1957 release patch,SA,Port Adelaide,Port Adelaide,Metadata-only lead overlay,overlay_not_public_map
mapmeta_b4e94eeafe1bf83bb2424f99,release_metadata_gap_items,relmeta_18857857fe747bf811e4c062,State Library of South Australia Digital Collections SA 1957 release patch,SA,Port Adelaide,Port Adelaide,Metadata-only lead overlay,overlay_not_public_map
mapmeta_67ba8b3232cc2852c28521c0,release_metadata_gap_items,relmeta_23ca83ac8c726c55d71df4aa,City of Adelaide Archives SA 1958 release patch,SA,Kapunda,Kapunda,Metadata-only lead overlay,overlay_not_public_map
mapmeta_b366825db98147f258e1049b,release_metadata_gap_items,relmeta_b3775eb900a6d8d35f970e01,City of Adelaide Archives SA 1958 release patch,SA,Kapunda,Kapunda,Metadata-only lead overlay,overlay_not_public_map
mapmeta_2d7064acf56de102eee54007,release_metadata_gap_items,relmeta_e3b378630f31b2042dcf37a4,Mount Gambier Local History SA 1958 release patch,SA,Burra,Burra,Metadata-only lead overlay,overlay_not_public_map
mapmeta_19478441feabca2999d79ae2,release_metadata_gap_items,relmeta_f7c36106d627978abe8bea8e,Port Adelaide Local History SA 1958 release patch,SA,Burra,Burra,Metadata-only lead overlay,overlay_not_public_map
mapmeta_32dafb3e026a26744c734b54,release_metadata_gap_items,relmeta_6b019fbdbc6bef52c40baa80,Port Adelaide Local History SA 1958 release patch,SA,Burra,Burra,Metadata-only lead overlay,overlay_not_public_map
mapmeta_73c375fa0dbb9df07f7623e6,release_metadata_gap_items,relmeta_99b04c51bc183309c63f473f,Town of Gawler Council History SA 1958 release patch,SA,Moonta,Moonta,Metadata-only lead overlay,overlay_not_public_map
mapmeta_11f5168970570cb793b4a605,release_metadata_gap_items,relmeta_6ec8c79def33b29591af6934,National Trust South Australia SA 1958 release patch,SA,Mount Gambier,Mount Gambier,Metadata-only lead overlay,overlay_not_public_map
mapmeta_5cab1fbad86439f780e689db,release_metadata_gap_items,relmeta_f80152a9fcacca73b6ec28f1,National Trust of South Australia SA 1958 release patch,SA,Adelaide,Adelaide,Metadata-only lead overlay,overlay_not_public_map
mapmeta_f82a8a388260bbd9faa8d935,release_metadata_gap_items,relmeta_7c7cb4e6f28dbdc2e97316b7,South Australian Heritage Places Database SA 1958 release patch,SA,Adelaide,Adelaide,Metadata-only lead overlay,overlay_not_public_map
mapmeta_5296d430f9eaf111a66b9b55,release_metadata_gap_items,relmeta_6d5b6f284d54fa477355a51d,South Australian Heritage Places Database SA 1958 release patch,SA,Adelaide,Adelaide,Metadata-only lead overlay,overlay_not_public_map
mapmeta_fe4da1df6776067ebcbf8ebb,release_metadata_gap_items,relmeta_6fc4cbd2683865cd2e817ed1,Gawler History SA 1958 release patch,SA,Burra,Burra,Metadata-only lead overlay,overlay_not_public_map
mapmeta_cdfbbf3780d9da32fac2a205,release_metadata_gap_items,relmeta_249f569b0708c8a77b0d8f5a,Kapunda History SA 1958 release patch,SA,Burra,Burra,Metadata-only lead overlay,overlay_not_public_map
mapmeta_4bc18aee48470076c5cd02c7,release_metadata_gap_items,relmeta_1a5524eeaad68a64c9dadf76,South Australian History Network SA 1958 release patch,SA,Moonta,Moonta,Metadata-only lead overlay,overlay_not_public_map
mapmeta_25ce68a76389503141fccb71,release_metadata_gap_items,relmeta_189be59be51d65c8d8e89a93,Adelaide Gaol SA 1958 release patch,SA,Port Adelaide,Port Adelaide,Metadata-only lead overlay,overlay_not_public_map
mapmeta_d1415669633200d71d283a9c,release_metadata_gap_items,relmeta_928a6da481f3901f920b5092,Adelaide Gaol SA 1958 release patch,SA,Port Adelaide,Port Adelaide,Metadata-only lead overlay,overlay_not_public_map
mapmeta_d0760aa2d1bfa76069dcc6fc,release_metadata_gap_items,relmeta_cb7a20f307d697061eefe04c,History Trust of South Australia SA 1958 release patch,SA,Mount Gambier,Mount Gambier,Metadata-only lead overlay,overlay_not_public_map
mapmeta_793c735a8aac73fe8555cfb3,release_metadata_gap_items,relmeta_4c417f0d8b9e376fa049ec9c,History Trust of South Australia SA 1958 release patch,SA,Mount Gambier,Mount Gambier,Metadata-only lead overlay,overlay_not_public_map
mapmeta_56e3d42ae0c590b1c11b3ab7,release_metadata_gap_items,relmeta_3aac202ebbf331b5c9519658,South Australian Museum SA 1958 release patch,SA,Kapunda,Kapunda,Metadata-only lead overlay,overlay_not_public_map
mapmeta_7dcf029f5d0d95f22de42998,release_metadata_gap_items,relmeta_015a91c574752281ee50c88b,State Records of South Australia SA 1958 release patch,SA,Port Adelaide,Port Adelaide,Metadata-only lead overlay,overlay_not_public_map
mapmeta_3a702e4d0f58ec60c67fd5c6,release_metadata_gap_items,relmeta_a42aa4112889ab3e5313cd16,State Records of South Australia ArchivesSearch SA 1958 release patch,SA,Port Adelaide,Port Adelaide,Metadata-only lead overlay,overlay_not_public_map
mapmeta_dba6085242e4f253d2c2dfba,release_metadata_gap_items,relmeta_13935149f22aa8f90ba419ec,State Library of South Australia Catalogue SA 1958 release patch,SA,Kapunda,Kapunda,Metadata-only lead overlay,overlay_not_public_map
mapmeta_7fcbdccab40df0d3e55bf39d,release_metadata_gap_items,relmeta_ae4a051139e9d99cd3def0b0,State Library of South Australia Catalogue SA 1958 release patch,SA,Kapunda,Kapunda,Metadata-only lead overlay,overlay_not_public_map
mapmeta_9287f691035205e46432cafd,release_metadata_gap_items,relmeta_6822cc3c39a6f5d91ab009f6,State Library of South Australia Digital Collections SA 1958 release patch,SA,Kapunda,Kapunda,Metadata-only lead overlay,overlay_not_public_map
mapmeta_34785e09d578003bd5feb26c,release_metadata_gap_items,relmeta_5cad22e40703983fd200a32b,State Library of South Australia Digital Collections SA 1958 release patch,SA,Kapunda,Kapunda,Metadata-only lead overlay,overlay_not_public_map
mapmeta_f7247f6625fc20fa68199e92,release_metadata_gap_items,relmeta_fe3aac52fc241a844966c833,City of Adelaide Archives SA 1959 release patch,SA,Port Adelaide,Port Adelaide,Metadata-only lead overlay,overlay_not_public_map
mapmeta_d27c59752f76c5478b88c949,release_metadata_gap_items,relmeta_abaa1796bf0e811974494b0e,City of Adelaide Archives SA 1959 release patch,SA,Port Adelaide,Port Adelaide,Metadata-only lead overlay,overlay_not_public_map
mapmeta_941aff98fd1a7e7e88837cda,release_metadata_gap_items,relmeta_59606ada09b0bd30b6aa6abc,Mount Gambier Local History SA 1959 release patch,SA,Mount Gambier,Mount Gambier,Metadata-only lead overlay,overlay_not_public_map
mapmeta_2046be23fcdbef1b43872d3f,release_metadata_gap_items,relmeta_d7ab5952d349e47841476cda,Port Adelaide Local History SA 1959 release patch,SA,Mount Gambier,Mount Gambier,Metadata-only lead overlay,overlay_not_public_map
mapmeta_b40842e5f002bdc3dab3662d,release_metadata_gap_items,relmeta_82a47572d995ce8c63350fc0,Port Adelaide Local History SA 1959 release patch,SA,Mount Gambier,Mount Gambier,Metadata-only lead overlay,overlay_not_public_map
mapmeta_aaa46437b9a07ae2b2ab92d1,release_metadata_gap_items,relmeta_85da0866bfe81176d14c0a03,Town of Gawler Council History SA 1959 release patch,SA,Adelaide,Adelaide,Metadata-only lead overlay,overlay_not_public_map
mapmeta_c56488554ba678289c44b05d,release_metadata_gap_items,relmeta_f8c0e249b6b0a9d1d9a2dc73,National Trust South Australia SA 1959 release patch,SA,Burra,Burra,Metadata-only lead overlay,overlay_not_public_map
mapmeta_5767cc78c616af8cf2c19da3,release_metadata_gap_items,relmeta_0335f9875e2c6616c2abe7c9,National Trust of South Australia SA 1959 release patch,SA,Burra,Burra,Metadata-only lead overlay,overlay_not_public_map
mapmeta_e6a7cb0db4b2734902fb00aa,release_metadata_gap_items,relmeta_125179e99b5aed08b377d293,South Australian Heritage Places Database SA 1959 release patch,SA,Moonta,Moonta,Metadata-only lead overlay,overlay_not_public_map
mapmeta_72a58113761f754742dc8880,release_metadata_gap_items,relmeta_750258398ba0fc35b7f40c18,South Australian Heritage Places Database SA 1959 release patch,SA,Moonta,Moonta,Metadata-only lead overlay,overlay_not_public_map
mapmeta_b3b512f527d6d3276362103f,release_metadata_gap_items,relmeta_144665d06e488b2dd5834923,Gawler History SA 1959 release patch,SA,Mount Gambier,Mount Gambier,Metadata-only lead overlay,overlay_not_public_map
mapmeta_aaac66ccb909c61262b11583,release_metadata_gap_items,relmeta_5b6e5d15ef68e638f9a6d000,Kapunda History SA 1959 release patch,SA,Mount Gambier,Mount Gambier,Metadata-only lead overlay,overlay_not_public_map
mapmeta_3d1bce6bd5453b06e1515e79,release_metadata_gap_items,relmeta_83379a20223f57e8f04c642a,South Australian History Network SA 1959 release patch,SA,Adelaide,Adelaide,Metadata-only lead overlay,overlay_not_public_map
mapmeta_182cc09a49b810ac6e7c4a61,release_metadata_gap_items,relmeta_bfeb31e5ef71b6d8a54dd35d,Adelaide Gaol SA 1959 release patch,SA,Kapunda,Kapunda,Metadata-only lead overlay,overlay_not_public_map
mapmeta_2bf6cc5075dcf2e6add8a197,release_metadata_gap_items,relmeta_b089484339e7e82c27acf5c3,Adelaide Gaol SA 1959 release patch,SA,Kapunda,Kapunda,Metadata-only lead overlay,overlay_not_public_map
mapmeta_c7c1bb6248dcf63a97229df2,release_metadata_gap_items,relmeta_6eaf3eb0634e3f2c2b876b1f,History Trust of South Australia SA 1959 release patch,SA,Burra,Burra,Metadata-only lead overlay,overlay_not_public_map
mapmeta_3997c29acb70eced6b3ec4b6,release_metadata_gap_items,relmeta_7ff6b876c20bc1f11a19dda2,History Trust of South Australia SA 1959 release patch,SA,Burra,Burra,Metadata-only lead overlay,overlay_not_public_map
mapmeta_9ff470fbf6897b9a88598671,release_metadata_gap_items,relmeta_d4f28451b08b67417e2f79e4,South Australian Museum SA 1959 release patch,SA,Port Adelaide,Port Adelaide,Metadata-only lead overlay,overlay_not_public_map
mapmeta_da4c248c0f4a9e905f8a5d49,release_metadata_gap_items,relmeta_dfe72118bc33b27116e7d458,State Records of South Australia SA 1959 release patch,SA,Kapunda,Kapunda,Metadata-only lead overlay,overlay_not_public_map
mapmeta_0a810f7fb6bbd0ea98184d70,release_metadata_gap_items,relmeta_8289144f3e9a53727da6651a,State Records of South Australia ArchivesSearch SA 1959 release patch,SA,Kapunda,Kapunda,Metadata-only lead overlay,overlay_not_public_map
mapmeta_4b8ef2a336a089bec28fb08f,release_metadata_gap_items,relmeta_0399654b924bb068d73de8fa,State Library of South Australia Catalogue SA 1959 release patch,SA,Port Adelaide,Port Adelaide,Metadata-only lead overlay,overlay_not_public_map
mapmeta_c34c410b169e0f7b4c788c13,release_metadata_gap_items,relmeta_8b67fd3f8e6d01be685eced3,State Library of South Australia Catalogue SA 1959 release patch,SA,Port Adelaide,Port Adelaide,Metadata-only lead overlay,overlay_not_public_map
mapmeta_95d981b0277c0acae1bbeddd,release_metadata_gap_items,relmeta_f4fb615acc45f8a311fe9ed6,State Library of South Australia Digital Collections SA 1959 release patch,SA,Port Adelaide,Port Adelaide,Metadata-only lead overlay,overlay_not_public_map
mapmeta_917ed8c5506e2678f7069f75,release_metadata_gap_items,relmeta_f8ad93e0b7c450a063a77d4a,State Library of South Australia Digital Collections SA 1959 release patch,SA,Port Adelaide,Port Adelaide,Metadata-only lead overlay,overlay_not_public_map
mapmeta_55e096d824f9c9d462bea4dc,release_metadata_gap_items,relmeta_3dc4e03488b74a19018b290d,City of Adelaide Archives SA 1960 release patch,SA,Adelaide,Adelaide,Metadata-only lead overlay,overlay_not_public_map
mapmeta_965b798ac960af6053200fea,release_metadata_gap_items,relmeta_0dad21a86fae62623485ea60,City of Adelaide Archives SA 1960 release patch,SA,Kapunda,Kapunda,Metadata-only lead overlay,overlay_not_public_map
mapmeta_ebad5eb199050cc3a273d96a,release_metadata_gap_items,relmeta_0a8b3be1b199130b6d4aa350,Mount Gambier Local History SA 1960 release patch,SA,Burra,Burra,Metadata-only lead overlay,overlay_not_public_map
mapmeta_29aa20cb2739b7c3126ce086,release_metadata_gap_items,relmeta_37500a01ffbd47b8dbc88203,Port Adelaide Local History SA 1960 release patch,SA,Burra,Burra,Metadata-only lead overlay,overlay_not_public_map
mapmeta_4391308bf5b50ae397935d6d,release_metadata_gap_items,relmeta_a9c53baee18506945e1dbdbd,Port Adelaide Local History SA 1960 release patch,SA,Burra,Burra,Metadata-only lead overlay,overlay_not_public_map
mapmeta_3645119815d4a1443a331c85,release_metadata_gap_items,relmeta_680fdaba49758d19304ba67c,Town of Gawler Council History SA 1960 release patch,SA,Burra,Burra,Metadata-only lead overlay,overlay_not_public_map
mapmeta_59f8aa9946590e6904210b89,release_metadata_gap_items,relmeta_3a0778d4b8e8cdaa82430a87,National Trust South Australia SA 1960 release patch,SA,Mount Gambier,Mount Gambier,Metadata-only lead overlay,overlay_not_public_map
mapmeta_3ccc21490390d833fe6909d0,release_metadata_gap_items,relmeta_610ea96f3aca4d48167f1d3d,National Trust of South Australia SA 1960 release patch,SA,Mount Gambier,Mount Gambier,Metadata-only lead overlay,overlay_not_public_map
mapmeta_82868e4da541d4dda66fbe20,release_metadata_gap_items,relmeta_5d38934de786fb6668cbea0d,South Australian Heritage Places Database SA 1960 release patch,SA,Adelaide,Adelaide,Metadata-only lead overlay,overlay_not_public_map
mapmeta_25b24991c565960636e7fb6b,release_metadata_gap_items,relmeta_7cc1e95211ad9864cbc62d89,South Australian Heritage Places Database SA 1960 release patch,SA,Adelaide,Adelaide,Metadata-only lead overlay,overlay_not_public_map
mapmeta_6bb3489efdecfef6d4b66cf3,release_metadata_gap_items,relmeta_1bc0b11e57d27fa1a09cd750,City of Adelaide Archives SA 1955 metadata expansion lead,SA,Kapunda,Kapunda,Metadata-only lead overlay,overlay_not_public_map
mapmeta_c744bc444327737c6f60b9b6,release_metadata_gap_items,relmeta_406bb45da856ea3af560b47d,City of Adelaide Archives SA 1955 metadata expansion lead,SA,Kapunda,Kapunda,Metadata-only lead overlay,overlay_not_public_map
mapmeta_d578f6ea978eb21af266e19c,release_metadata_gap_items,relmeta_05128d07e85831ac9c72638a,Mount Gambier Local History SA 1955 metadata expansion lead,SA,Moonta,Moonta,Metadata-only lead overlay,overlay_not_public_map
mapmeta_5818754f9b88e6b53e99d046,release_metadata_gap_items,relmeta_fc5085c94871e21cab751409,Port Adelaide Local History SA 1955 metadata expansion lead,SA,Moonta,Moonta,Metadata-only lead overlay,overlay_not_public_map
mapmeta_abb34b24855862af2ea73363,release_metadata_gap_items,relmeta_a71c7a5ef1d1339f95be44ad,Port Adelaide Local History SA 1955 metadata expansion lead,SA,Moonta,Moonta,Metadata-only lead overlay,overlay_not_public_map
mapmeta_4bcbe61b36534e4e05e76687,release_metadata_gap_items,relmeta_da25a525f4a244aadd85c8b8,Town of Gawler Council History SA 1955 metadata expansion lead,SA,Moonta,Moonta,Metadata-only lead overlay,overlay_not_public_map
mapmeta_183e0d8593a5600733d27833,release_metadata_gap_items,relmeta_ee3bf59d66b302d60f8d2a1a,National Trust South Australia SA 1955 metadata expansion lead,SA,Mount Gambier,Mount Gambier,Metadata-only lead overlay,overlay_not_public_map
mapmeta_6a9223ec480a9925be3ff072,release_metadata_gap_items,relmeta_e859ce4c4bf4e5e2a95cf6ca,National Trust of South Australia SA 1955 metadata expansion lead,SA,Adelaide,Adelaide,Metadata-only lead overlay,overlay_not_public_map
mapmeta_65c1c1da7c55b993972310f7,release_metadata_gap_items,relmeta_eed7ddcf084684eff608c680,South Australian Heritage Places Database SA 1955 metadata expansion lead,SA,Kapunda,Kapunda,Metadata-only lead overlay,overlay_not_public_map
mapmeta_dd4b8110a0d696b2a3675541,release_metadata_gap_items,relmeta_bb405de4ec57bab2cb7c2a66,South Australian Heritage Places Database SA 1955 metadata expansion lead,SA,Kapunda,Kapunda,Metadata-only lead overlay,overlay_not_public_map
mapmeta_6e433f0c12f024247811ab2f,release_metadata_gap_items,relmeta_f2cc8909ea23dcfcc4be2539,Gawler History SA 1955 metadata expansion lead,SA,Burra,Burra,Metadata-only lead overlay,overlay_not_public_map
mapmeta_f60c6ed2ca4f0e135051709c,release_metadata_gap_items,relmeta_dc24ed5b919ab7395e15ad2e,Kapunda History SA 1955 metadata expansion lead,SA,Moonta,Moonta,Metadata-only lead overlay,overlay_not_public_map
mapmeta_ecd4bc4346e6934c93857553,release_metadata_gap_items,relmeta_b77dde66607af39b31aa570f,South Australian History Network SA 1955 metadata expansion lead,SA,Port Adelaide,Port Adelaide,Metadata-only lead overlay,overlay_not_public_map
mapmeta_a20d42275a9668289949cd06,release_metadata_gap_items,relmeta_e2002671c39351f5cb53dc58,Adelaide Gaol SA 1955 metadata expansion lead,SA,Mount Gambier,Mount Gambier,Metadata-only lead overlay,overlay_not_public_map
mapmeta_49fb314b98acb3300aeb530b,release_metadata_gap_items,relmeta_80a99ecfe1d71efca2b767ba,Adelaide Gaol SA 1955 metadata expansion lead,SA,Mount Gambier,Mount Gambier,Metadata-only lead overlay,overlay_not_public_map
mapmeta_2b2966bae57c35d203b49ac9,release_metadata_gap_items,relmeta_a132d24e41be7d7fea9c479a,History Trust of South Australia SA 1955 metadata expansion lead,SA,Adelaide,Adelaide,Metadata-only lead overlay,overlay_not_public_map
mapmeta_769627035b64fefba42bb847,release_metadata_gap_items,relmeta_7d75fc6b053cc7d5bf647c68,History Trust of South Australia SA 1955 metadata expansion lead,SA,Adelaide,Adelaide,Metadata-only lead overlay,overlay_not_public_map
mapmeta_4ecd5d2f548c57f8fd93669e,release_metadata_gap_items,relmeta_d8b13312ec0d326ef8a4c71d,South Australian Museum SA 1955 metadata expansion lead,SA,Kapunda,Kapunda,Metadata-only lead overlay,overlay_not_public_map
mapmeta_901a6116d1ad827cd90e8a20,release_metadata_gap_items,relmeta_b6d2b27c2fa3760283c65b2d,State Records of South Australia SA 1955 metadata expansion lead,SA,Port Adelaide,Port Adelaide,Metadata-only lead overlay,overlay_not_public_map
mapmeta_50814974d7c680aab85db328,release_metadata_gap_items,relmeta_6ba77d6702d1db16e5a1bb02,State Records of South Australia ArchivesSearch SA 1955 metadata expansion lead,SA,Mount Gambier,Mount Gambier,Metadata-only lead overlay,overlay_not_public_map
mapmeta_8420e9d539d94e14496fffba,release_metadata_gap_items,relmeta_3ee6482385d7c3e343882ce5,State Library of South Australia Catalogue SA 1955 metadata expansion lead,SA,Kapunda,Kapunda,Metadata-only lead overlay,overlay_not_public_map
mapmeta_7019e4bf9b7b991ab5c9d5ee,release_metadata_gap_items,relmeta_ea22cd934517d4b8787c0de7,State Library of South Australia Catalogue SA 1955 metadata expansion lead,SA,Kapunda,Kapunda,Metadata-only lead overlay,overlay_not_public_map
mapmeta_89110e1a818699926331ee1b,release_metadata_gap_items,relmeta_481f4955f197479881e1fb92,State Library of South Australia Digital Collections SA 1955 metadata expansion lead,SA,Burra,Burra,Metadata-only lead overlay,overlay_not_public_map
mapmeta_5893a59ac2a449997e43473b,release_metadata_gap_items,relmeta_4e7e17f64f8bd36137e9600e,State Library of South Australia Digital Collections SA 1955 metadata expansion lead,SA,Burra,Burra,Metadata-only lead overlay,overlay_not_public_map
mapmeta_78aa30b089d8811929c96a29,release_metadata_gap_items,relmeta_a77d023fed42449fad8b88f2,ABC Public Pages SA 1955 metadata expansion lead,SA,Moonta,Moonta,Metadata-only lead overlay,overlay_not_public_map
mapmeta_9e497b589661ca7fd7f668a9,release_metadata_gap_items,relmeta_afa18875ff16fcea34590dc6,Australian Screen Online SA 1955 metadata expansion lead,SA,Moonta,Moonta,Metadata-only lead overlay,overlay_not_public_map
mapmeta_e5fe047c7f3d53da3dad87a6,release_metadata_gap_items,relmeta_a0dc6cfc0006d9e179849123,NFSA Collection SA 1955 metadata expansion lead,SA,Moonta,Moonta,Metadata-only lead overlay,overlay_not_public_map
mapmeta_57d493a3df593d809cadc77a,release_metadata_gap_items,relmeta_5f3e8fc6bcbcc61a5ef216bb,Brisbane Heritage Register SA 1955 metadata expansion lead,SA,Port Adelaide,Port Adelaide,Metadata-only lead overlay,overlay_not_public_map
mapmeta_6b8c2581eb76355314406f54,release_metadata_gap_items,relmeta_a9bda52402cd9e9a57d22868,City of Adelaide Archives SA 1956 metadata expansion lead,SA,Port Adelaide,Port Adelaide,Metadata-only lead overlay,overlay_not_public_map
mapmeta_f3d55845afa3aa580bc34464,release_metadata_gap_items,relmeta_64fc1b4a06753ad199b1b5b8,City of Adelaide Archives SA 1956 metadata expansion lead,SA,Port Adelaide,Port Adelaide,Metadata-only lead overlay,overlay_not_public_map
mapmeta_8c435783b3d383ef1bd8737f,release_metadata_gap_items,relmeta_745a683ac1c50f6a3384ba0f,City of Sydney Archives SA 1955 metadata expansion lead,SA,Mount Gambier,Mount Gambier,Metadata-only lead overlay,overlay_not_public_map
mapmeta_f43c12fc3d1534564a151981,release_metadata_gap_items,relmeta_51c22277fafc7850d29e0a5d,Mount Gambier Local History SA 1956 metadata expansion lead,SA,Adelaide,Adelaide,Metadata-only lead overlay,overlay_not_public_map
mapmeta_93d882c1f2de473aafd1c9cc,release_metadata_gap_items,relmeta_9ff75362892efbc7ec4873ae,Port Adelaide Local History SA 1956 metadata expansion lead,SA,Adelaide,Adelaide,Metadata-only lead overlay,overlay_not_public_map
mapmeta_7508e6d00cf4b47b418159b7,release_metadata_gap_items,relmeta_3eacc9c93b9967db83bad65a,Port Adelaide Local History SA 1956 metadata expansion lead,SA,Adelaide,Adelaide,Metadata-only lead overlay,overlay_not_public_map
mapmeta_ce4c4b31d93a9939d56676fe,release_metadata_gap_items,relmeta_e0f76eccbabd05c7783abb0a,Town of Gawler Council History SA 1956 metadata expansion lead,SA,Adelaide,Adelaide,Metadata-only lead overlay,overlay_not_public_map
mapmeta_d1b9317460ec9fe061b2338a,release_metadata_gap_items,relmeta_36b183bc9fe89a7132183e22,Australian Heritage Database SA 1955 metadata expansion lead,SA,Kapunda,Kapunda,Metadata-only lead overlay,overlay_not_public_map
mapmeta_4823806787b4be06b7506a1d,release_metadata_gap_items,relmeta_7c5e00cd52a3a63acce48ed8,NSW State Heritage Inventory SA 1955 metadata expansion lead,SA,Kapunda,Kapunda,Metadata-only lead overlay,overlay_not_public_map
mapmeta_6e1dfb7ef45463fe53974028,release_metadata_gap_items,relmeta_87784b9fc562b6283c4f5da8,National Trust NSW Register SA 1955 metadata expansion lead,SA,Burra,Burra,Metadata-only lead overlay,overlay_not_public_map
mapmeta_d3ea4d0e18762e99c33fdd9f,release_metadata_gap_items,relmeta_e5d7441c173a8cb4b5e9a2e5,National Trust South Australia SA 1956 metadata expansion lead,SA,Burra,Burra,Metadata-only lead overlay,overlay_not_public_map
mapmeta_251a21459b3a195069cd3ec7,release_metadata_gap_items,relmeta_626590d17c724ad12e94ef88,National Trust Victoria Register SA 1955 metadata expansion lead,SA,Moonta,Moonta,Metadata-only lead overlay,overlay_not_public_map
mapmeta_bc09d6662ffef3102a1ee787,release_metadata_gap_items,relmeta_b3946924dfe734b20f6279bc,National Trust of South Australia SA 1956 metadata expansion lead,SA,Moonta,Moonta,Metadata-only lead overlay,overlay_not_public_map
mapmeta_84fecc4c4833e20767910405,release_metadata_gap_items,relmeta_bb99405a6ece9efa35dd458f,Queensland Heritage Register SA 1955 metadata expansion lead,SA,Moonta,Moonta,Metadata-only lead overlay,overlay_not_public_map
mapmeta_555a02c42c7f84ae351060c2,release_metadata_gap_items,relmeta_cd2baf43849448884ea3a2c0,South Australian Heritage Places Database SA 1956 metadata expansion lead,SA,Port Adelaide,Port Adelaide,Metadata-only lead overlay,overlay_not_public_map
mapmeta_9a9372be89d11270e5c07e65,release_metadata_gap_items,relmeta_dad958877a4645ffdcd787d5,South Australian Heritage Places Database SA 1956 metadata expansion lead,SA,Port Adelaide,Port Adelaide,Metadata-only lead overlay,overlay_not_public_map
mapmeta_f349515c515bc39a6ee93d79,release_metadata_gap_items,relmeta_4034ca932a5d8b94f5626430,Victorian Heritage Database SA 1955 metadata expansion lead,SA,Port Adelaide,Port Adelaide,Metadata-only lead overlay,overlay_not_public_map
mapmeta_5d05eed377a308c26907b1c1,release_metadata_gap_items,relmeta_39be1f6f53bff438c7d59408,Dictionary of Sydney SA 1955 metadata expansion lead,SA,Mount Gambier,Mount Gambier,Metadata-only lead overlay,overlay_not_public_map
mapmeta_181c3ef4acfba1d6259ccade,release_metadata_gap_items,relmeta_4c6f81b5057c4a05b95120bc,Gawler History SA 1956 metadata expansion lead,SA,Mount Gambier,Mount Gambier,Metadata-only lead overlay,overlay_not_public_map
mapmeta_f86fac7fdffcebd89fee50f6,release_metadata_gap_items,relmeta_a6d042a93be00e7790aacc33,Kapunda History SA 1956 metadata expansion lead,SA,Adelaide,Adelaide,Metadata-only lead overlay,overlay_not_public_map
mapmeta_3276401a79b6f461c91f7410,release_metadata_gap_items,relmeta_cce05abb2656cae57f6e6eab,Royal Australian Historical Society SA 1955 metadata expansion lead,SA,Adelaide,Adelaide,Metadata-only lead overlay,overlay_not_public_map
mapmeta_fce8dc172498117da5a81750,release_metadata_gap_items,relmeta_349021ca76bead3e762f419b,Royal Historical Society of Queensland SA 1955 metadata expansion lead,SA,Adelaide,Adelaide,Metadata-only lead overlay,overlay_not_public_map
mapmeta_86aebc6142924011c61d3cd9,release_metadata_gap_items,relmeta_a90b647a438cd558817d0171,Royal Historical Society of Victoria SA 1955 metadata expansion lead,SA,Kapunda,Kapunda,Metadata-only lead overlay,overlay_not_public_map
mapmeta_9751f2b0e4532e537ba11384,release_metadata_gap_items,relmeta_27b12bde22f551d10840dad2,South Australian History Network SA 1956 metadata expansion lead,SA,Kapunda,Kapunda,Metadata-only lead overlay,overlay_not_public_map
mapmeta_c866addfa79af22e5f7de9d0,release_metadata_gap_items,relmeta_9144315d8e868ca8595c9ec8,ACMI Collections SA 1955 metadata expansion lead,SA,Kapunda,Kapunda,Metadata-only lead overlay,overlay_not_public_map
mapmeta_d7dba9d7ca73f3a4b50bc119,release_metadata_gap_items,relmeta_5bdf9d44250bf6505e789ac7,Adelaide Gaol SA 1956 metadata expansion lead,SA,Kapunda,Kapunda,Metadata-only lead overlay,overlay_not_public_map
mapmeta_fe96695c5ed938e8d84147d3,release_metadata_gap_items,relmeta_16f96f82a355a1faf1e0fdc7,Adelaide Gaol SA 1956 metadata expansion lead,SA,Burra,Burra,Metadata-only lead overlay,overlay_not_public_map
mapmeta_4b04e918a0f6248c71ea488a,release_metadata_gap_items,relmeta_5ec309aae38bf63ab0eaaaca,History Trust of South Australia SA 1956 metadata expansion lead,SA,Moonta,Moonta,Metadata-only lead overlay,overlay_not_public_map
mapmeta_922a2abe8c6cd43561047d3d,release_metadata_gap_items,relmeta_76625196b3921e1fdc959dfb,History Trust of South Australia SA 1956 metadata expansion lead,SA,Moonta,Moonta,Metadata-only lead overlay,overlay_not_public_map
mapmeta_3afd71f03aa65fa033faf159,release_metadata_gap_items,relmeta_356d948736e54c909fced358,Museums Victoria Collections SA 1955 metadata expansion lead,SA,Moonta,Moonta,Metadata-only lead overlay,overlay_not_public_map
mapmeta_f31e0ec1dc396aa38875bca5,release_metadata_gap_items,relmeta_9823998ec98996cd8943f4c9,Queensland Museum Network SA 1955 metadata expansion lead,SA,Port Adelaide,Port Adelaide,Metadata-only lead overlay,overlay_not_public_map
mapmeta_c32ffa09bd991c6bb76737b9,release_metadata_gap_items,relmeta_1362d1442ec00f90e33aea15,South Australian Museum SA 1956 metadata expansion lead,SA,Port Adelaide,Port Adelaide,Metadata-only lead overlay,overlay_not_public_map
mapmeta_dc1602689a78caac7d80e041,release_metadata_gap_items,relmeta_6d801bc40ae01782e66ed25d,Victorian Collections SA 1955 metadata expansion lead,SA,Mount Gambier,Mount Gambier,Metadata-only lead overlay,overlay_not_public_map
mapmeta_c0073f07a71fd2661f5c4692,release_metadata_gap_items,relmeta_34bb6c911c3405a7abbfcb46,eHive Museum Collections SA 1955 metadata expansion lead,SA,Mount Gambier,Mount Gambier,Metadata-only lead overlay,overlay_not_public_map
mapmeta_4297a06ba5b6e828e7eea638,release_metadata_gap_items,relmeta_633936de9722d2aa9268af97,Museums of History NSW State Archives Collection SA 1955 metadata expansion lead,SA,Kapunda,Kapunda,Metadata-only lead overlay,overlay_not_public_map
mapmeta_b84a170da434ba3f22ef29aa,release_metadata_gap_items,relmeta_ad708e47c12b99a4826dff79,Public Record Office Victoria Catalogue SA 1955 metadata expansion lead,SA,Kapunda,Kapunda,Metadata-only lead overlay,overlay_not_public_map
mapmeta_76a641c050bcc332f40bfe42,release_metadata_gap_items,relmeta_3478ccd887532e516596ca15,Queensland State Archives ArchivesSearch SA 1955 metadata expansion lead,SA,Kapunda,Kapunda,Metadata-only lead overlay,overlay_not_public_map
mapmeta_818f3874b8a03fc3a8b7aee7,release_metadata_gap_items,relmeta_bf66af68785b29c026b7cfb2,State Records of South Australia SA 1956 metadata expansion lead,SA,Kapunda,Kapunda,Metadata-only lead overlay,overlay_not_public_map
mapmeta_0d1f6ba0806a585006b9dfa0,release_metadata_gap_items,relmeta_88776af3400a3c0149b6c75d,State Records of South Australia ArchivesSearch SA 1956 metadata expansion lead,SA,Kapunda,Kapunda,Metadata-only lead overlay,overlay_not_public_map
mapmeta_c06c604fedf891199de114ff,release_metadata_gap_items,relmeta_605d0a94df283c598cd37701,John Oxley Library SA 1955 metadata expansion lead,SA,Moonta,Moonta,Metadata-only lead overlay,overlay_not_public_map
mapmeta_add8a5ea1710aada2e5d36ef,release_metadata_gap_items,relmeta_6896508744780eb284596717,State Library Victoria Catalogue SA 1955 metadata expansion lead,SA,Moonta,Moonta,Metadata-only lead overlay,overlay_not_public_map
mapmeta_df5566487d42a011b0550e17,release_metadata_gap_items,relmeta_8d16e51330c65f44891148e5,State Library Victoria Digitised Collections SA 1955 metadata expansion lead,SA,Port Adelaide,Port Adelaide,Metadata-only lead overlay,overlay_not_public_map
mapmeta_96fa60422c75cded798f7729,release_metadata_gap_items,relmeta_6fcfd4d378c2f3aca3d91a45,State Library of NSW Catalogue SA 1955 metadata expansion lead,SA,Port Adelaide,Port Adelaide,Metadata-only lead overlay,overlay_not_public_map
mapmeta_f523fb03f01d09d3a2a2eb5f,release_metadata_gap_items,relmeta_c5d84c8bbb68992a0585d65d,State Library of NSW Digital Collections SA 1955 metadata expansion lead,SA,Port Adelaide,Port Adelaide,Metadata-only lead overlay,overlay_not_public_map
mapmeta_2120b2b88c818328f38a61d4,release_metadata_gap_items,relmeta_be7028ac13c6fce090d64bcc,State Library of Queensland One Search SA 1955 metadata expansion lead,SA,Port Adelaide,Port Adelaide,Metadata-only lead overlay,overlay_not_public_map
mapmeta_78dea6fc51338e9a10abf592,release_metadata_gap_items,relmeta_ef1dfe6dc90fbea3f281bfad,State Library of South Australia Catalogue SA 1956 metadata expansion lead,SA,Port Adelaide,Port Adelaide,Metadata-only lead overlay,overlay_not_public_map
mapmeta_98530e0101dab42d16350bd6,release_metadata_gap_items,relmeta_4b86c24259c374c48a7c2006,State Library of South Australia Catalogue SA 1956 metadata expansion lead,SA,Port Adelaide,Port Adelaide,Metadata-only lead overlay,overlay_not_public_map
mapmeta_9af2cb2627f57358cb192b8c,release_metadata_gap_items,relmeta_54673e07632134cac05e61ce,State Library of South Australia Digital Collections SA 1956 metadata expansion lead,SA,Port Adelaide,Port Adelaide,Metadata-only lead overlay,overlay_not_public_map
mapmeta_a0548effcf06f695a8412114,release_metadata_gap_items,relmeta_3f0af4e338993912e31b1bf3,State Library of South Australia Digital Collections SA 1956 metadata expansion lead,SA,Mount Gambier,Mount Gambier,Metadata-only lead overlay,overlay_not_public_map
mapmeta_69dcfe952d42c1af478f380d,release_metadata_gap_items,relmeta_a38780944e475296f69725fa,ABC Archives Public Pages SA 1955 metadata expansion lead,SA,Mount Gambier,Mount Gambier,Metadata-only lead overlay,overlay_not_public_map
mapmeta_67c9a28b84d46edcd3c5ed44,release_metadata_gap_items,relmeta_fbe60733b68917667d75473e,Australian Screen Online SA 1955 metadata expansion lead,SA,Adelaide,Adelaide,Metadata-only lead overlay,overlay_not_public_map
mapmeta_f06ad24b5bd829dcae123034,release_metadata_gap_items,relmeta_459f8294b50a1e3ddb8ee972,NFSA Collection SA 1955 metadata expansion lead,SA,Adelaide,Adelaide,Metadata-only lead overlay,overlay_not_public_map
mapmeta_1b6daaa8d17598e6a07c194d,release_metadata_gap_items,relmeta_48c73b73e93d681900ac8d0b,City of Adelaide Archives SA 1957 metadata expansion lead,SA,Kapunda,Kapunda,Metadata-only lead overlay,overlay_not_public_map
mapmeta_030d2af6acc34163f180542c,release_metadata_gap_items,relmeta_490039b69c048b6f4815afe1,City of Adelaide Archives SA 1957 metadata expansion lead,SA,Kapunda,Kapunda,Metadata-only lead overlay,overlay_not_public_map
mapmeta_6d7a03d99db0163b83b2345b,release_metadata_gap_items,relmeta_91231aa9bb82f0bf95bbfeaa,Mount Gambier Local History SA 1957 metadata expansion lead,SA,Burra,Burra,Metadata-only lead overlay,overlay_not_public_map
mapmeta_b565063aa27621c3614b5f58,release_metadata_gap_items,relmeta_075e3db21f7e730e2242762d,Port Adelaide Local History SA 1957 metadata expansion lead,SA,Moonta,Moonta,Metadata-only lead overlay,overlay_not_public_map
mapmeta_da2cd2ecff55d87e6ef1633e,release_metadata_gap_items,relmeta_8a23a5ed4cdbe3d7a71ccc5e,Port Adelaide Local History SA 1957 metadata expansion lead,SA,Moonta,Moonta,Metadata-only lead overlay,overlay_not_public_map
mapmeta_f19466ba4cfae4900ddbf8e0,release_metadata_gap_items,relmeta_3f60aa2015020a8c302d77d6,Town of Gawler Council History SA 1957 metadata expansion lead,SA,Moonta,Moonta,Metadata-only lead overlay,overlay_not_public_map
mapmeta_3b8433e05f1250442acc0a7e,release_metadata_gap_items,relmeta_2326ab574a3c514c4d92ea1d,Australian Heritage Database SA 1955 metadata expansion lead,SA,Port Adelaide,Port Adelaide,Metadata-only lead overlay,overlay_not_public_map
mapmeta_a535cd0af921c582e20499ff,release_metadata_gap_items,relmeta_76257288b9aaf77e7c788a9d,National Trust South Australia SA 1957 metadata expansion lead,SA,Mount Gambier,Mount Gambier,Metadata-only lead overlay,overlay_not_public_map
mapmeta_7dea49f09635b7b14168ad37,release_metadata_gap_items,relmeta_c3e93da5e396fe08845a0711,National Trust of South Australia SA 1957 metadata expansion lead,SA,Adelaide,Adelaide,Metadata-only lead overlay,overlay_not_public_map
mapmeta_86cf16476d4459ef8b6c1e74,release_metadata_gap_items,relmeta_dfbe45583be2ef12bdf43157,South Australian Heritage Places Database SA 1957 metadata expansion lead,SA,Adelaide,Adelaide,Metadata-only lead overlay,overlay_not_public_map
mapmeta_2366498796d36f1e53fe1beb,release_metadata_gap_items,relmeta_2be69cdfbc64ccdaccce0d5b,South Australian Heritage Places Database SA 1957 metadata expansion lead,SA,Kapunda,Kapunda,Metadata-only lead overlay,overlay_not_public_map
mapmeta_4b362ee03c04c61b1ce88792,release_metadata_gap_items,relmeta_c910e15709216b183877ff3f,Gawler History SA 1957 metadata expansion lead,SA,Burra,Burra,Metadata-only lead overlay,overlay_not_public_map
mapmeta_6fa7e1c06b305e433f96b5df,release_metadata_gap_items,relmeta_0152f660fda60c9d2b907af9,Kapunda History SA 1957 metadata expansion lead,SA,Moonta,Moonta,Metadata-only lead overlay,overlay_not_public_map
mapmeta_a563f97ec1a95a3c4e44f738,release_metadata_gap_items,relmeta_1d350cd5a5776b9c04c7733e,South Australian History Network SA 1957 metadata expansion lead,SA,Port Adelaide,Port Adelaide,Metadata-only lead overlay,overlay_not_public_map
mapmeta_52828a0c039ebe37814f55a3,release_metadata_gap_items,relmeta_821cc5fd1b023a596f6cb2dd,Adelaide Gaol SA 1957 metadata expansion lead,SA,Port Adelaide,Port Adelaide,Metadata-only lead overlay,overlay_not_public_map
mapmeta_a29bfe5619ec187ae0c617c1,release_metadata_gap_items,relmeta_eb8f942c76c41dd318f96429,Adelaide Gaol SA 1957 metadata expansion lead,SA,Port Adelaide,Port Adelaide,Metadata-only lead overlay,overlay_not_public_map
mapmeta_5a8405e2fdbf40e753092a21,release_metadata_gap_items,relmeta_de14a23cae4e8e05056ccf75,Australian War Memorial SA 1955 metadata expansion lead,SA,Mount Gambier,Mount Gambier,Metadata-only lead overlay,overlay_not_public_map
mapmeta_f56639d683d733d5e71a355c,release_metadata_gap_items,relmeta_52366f8434a32b577f58d489,Australian War Memorial Collection SA 1955 metadata expansion lead,SA,Mount Gambier,Mount Gambier,Metadata-only lead overlay,overlay_not_public_map
mapmeta_3020524cf5371b4b69fab85e,release_metadata_gap_items,relmeta_58cb18e6a5ca6654640ae993,History Trust of South Australia SA 1957 metadata expansion lead,SA,Adelaide,Adelaide,Metadata-only lead overlay,overlay_not_public_map
mapmeta_08fa230cdfa87bacf50844d2,release_metadata_gap_items,relmeta_80cffcc7ff9b225c3f02487b,History Trust of South Australia SA 1957 metadata expansion lead,SA,Adelaide,Adelaide,Metadata-only lead overlay,overlay_not_public_map
mapmeta_28739870a1fe70dd9c3aa346,release_metadata_gap_items,relmeta_bd0143f922017996c86bd5f1,South Australian Museum SA 1957 metadata expansion lead,SA,Kapunda,Kapunda,Metadata-only lead overlay,overlay_not_public_map
mapmeta_88540acd712b7968c212c2e6,release_metadata_gap_items,relmeta_98ce29f28fc394edd2742923,State Records of South Australia SA 1957 metadata expansion lead,SA,Port Adelaide,Port Adelaide,Metadata-only lead overlay,overlay_not_public_map
mapmeta_b7f0952fb8a27c0ea7938008,release_metadata_gap_items,relmeta_af5625cfdc5e131b12098aad,State Records of South Australia ArchivesSearch SA 1957 metadata expansion lead,SA,Port Adelaide,Port Adelaide,Metadata-only lead overlay,overlay_not_public_map
mapmeta_b57110e5f3e4071c46bbf247,release_metadata_gap_items,relmeta_da25677ca81bc3f927c5fde4,State Library of South Australia Catalogue SA 1957 metadata expansion lead,SA,Kapunda,Kapunda,Metadata-only lead overlay,overlay_not_public_map
mapmeta_91863643a5756b71d16bbeca,release_metadata_gap_items,relmeta_006447eb722a7788b1ad076d,State Library of South Australia Catalogue SA 1957 metadata expansion lead,SA,Kapunda,Kapunda,Metadata-only lead overlay,overlay_not_public_map
mapmeta_ebe706d83dd9e215856fb89c,release_metadata_gap_items,relmeta_337fee44c6bf38aaa3c278a2,State Library of South Australia Digital Collections SA 1957 metadata expansion lead,SA,Kapunda,Kapunda,Metadata-only lead overlay,overlay_not_public_map
mapmeta_46a302487e50cc168a1628e8,release_metadata_gap_items,relmeta_69c38149a1507ad06435e001,State Library of South Australia Digital Collections SA 1957 metadata expansion lead,SA,Kapunda,Kapunda,Metadata-only lead overlay,overlay_not_public_map
mapmeta_a79832ca3cc7b6e07dbd1181,release_metadata_gap_items,relmeta_f063dcfc96ebf0bc08dc7a16,City of Adelaide Archives SA 1958 metadata expansion lead,SA,Port Adelaide,Port Adelaide,Metadata-only lead overlay,overlay_not_public_map
mapmeta_95e8022b0a9f8cab89848137,release_metadata_gap_items,relmeta_2dd045f3707d3326bb4db120,City of Adelaide Archives SA 1958 metadata expansion lead,SA,Port Adelaide,Port Adelaide,Metadata-only lead overlay,overlay_not_public_map
mapmeta_d1fc85ea360e0841a27f8ac2,release_metadata_gap_items,relmeta_942f3aa65efc4d28b34e55c4,Mount Gambier Local History SA 1958 metadata expansion lead,SA,Mount Gambier,Mount Gambier,Metadata-only lead overlay,overlay_not_public_map
mapmeta_dd821e9753ac15ea15e8d74d,release_metadata_gap_items,relmeta_f4bc39db8a7a33b1c62f03ee,Port Adelaide Local History SA 1958 metadata expansion lead,SA,Mount Gambier,Mount Gambier,Metadata-only lead overlay,overlay_not_public_map
mapmeta_af8df9c86f68303abf8be308,release_metadata_gap_items,relmeta_dab10c442ebba81be8f3e33b,Port Adelaide Local History SA 1958 metadata expansion lead,SA,Adelaide,Adelaide,Metadata-only lead overlay,overlay_not_public_map
mapmeta_49846e5aae9a17b60ec87a5a,release_metadata_gap_items,relmeta_468e81e4528f04ff70d3666f,Town of Gawler Council History SA 1958 metadata expansion lead,SA,Adelaide,Adelaide,Metadata-only lead overlay,overlay_not_public_map
mapmeta_05ee1cd211b0b4c42c1b1067,release_metadata_gap_items,relmeta_b77fc7c1a1a27de5e3fc268d,National Trust South Australia SA 1958 metadata expansion lead,SA,Burra,Burra,Metadata-only lead overlay,overlay_not_public_map
mapmeta_d015ef5db291836bd969ec3c,release_metadata_gap_items,relmeta_0f228fdeb93c11c9ec1dcff9,National Trust of South Australia SA 1958 metadata expansion lead,SA,Moonta,Moonta,Metadata-only lead overlay,overlay_not_public_map
mapmeta_adf527909c6b113a27d358e9,release_metadata_gap_items,relmeta_0a95864d4c3e87bf3e1e2366,South Australian Heritage Places Database SA 1958 metadata expansion lead,SA,Moonta,Moonta,Metadata-only lead overlay,overlay_not_public_map
mapmeta_34e8c298f0bed2b7f48f4be4,release_metadata_gap_items,relmeta_8824a45bd621408687d6a127,South Australian Heritage Places Database SA 1958 metadata expansion lead,SA,Moonta,Moonta,Metadata-only lead overlay,overlay_not_public_map
mapmeta_d1f8dd67e842b432dd42075f,release_metadata_gap_items,relmeta_106e87a994cf063a3a44e985,Gawler History SA 1958 metadata expansion lead,SA,Mount Gambier,Mount Gambier,Metadata-only lead overlay,overlay_not_public_map
mapmeta_37d095acb49b571f8186e339,release_metadata_gap_items,relmeta_53a9a71dd5493f1013a6d677,Kapunda History SA 1958 metadata expansion lead,SA,Adelaide,Adelaide,Metadata-only lead overlay,overlay_not_public_map
mapmeta_6e03bce5047c1d132fa157b9,release_metadata_gap_items,relmeta_a3a5d9b59c5ae6c5549c88ba,South Australian History Network SA 1958 metadata expansion lead,SA,Kapunda,Kapunda,Metadata-only lead overlay,overlay_not_public_map
mapmeta_a70bcf4e03db2a20e4173094,release_metadata_gap_items,relmeta_e781d1111d68654b59c483ce,Adelaide Gaol SA 1958 metadata expansion lead,SA,Kapunda,Kapunda,Metadata-only lead overlay,overlay_not_public_map
